"CRASH_UNIT_ID","CRASH_RECORD_ID","RD_NO","CRASH_DATE","UNIT_NO","UNIT_TYPE","NUM_PASSENGERS","VEHICLE_ID","CMRC_VEH_I","MAKE","MODEL","LIC_PLATE_STATE","VEHICLE_YEAR","VEHICLE_DEFECT","VEHICLE_TYPE","VEHICLE_USE","TRAVEL_DIRECTION","MANEUVER","TOWED_I","FIRE_I","OCCUPANT_CNT","EXCEED_SPEED_LIMIT_I","TOWED_BY","TOWED_TO","AREA_00_I","AREA_01_I","AREA_02_I","AREA_03_I","AREA_04_I","AREA_05_I","AREA_06_I","AREA_07_I","AREA_08_I","AREA_09_I","AREA_10_I","AREA_11_I","AREA_12_I","AREA_99_I","FIRST_CONTACT_POINT","CMV_ID","USDOT_NO","CCMC_NO","ILCC_NO","COMMERCIAL_SRC","GVWR","CARRIER_NAME","CARRIER_STATE","CARRIER_CITY","HAZMAT_PLACARDS_I","HAZMAT_NAME","UN_NO","HAZMAT_PRESENT_I","HAZMAT_REPORT_I","HAZMAT_REPORT_NO","MCS_REPORT_I","MCS_REPORT_NO","HAZMAT_VIO_CAUSE_CRASH_I","MCS_VIO_CAUSE_CRASH_I","IDOT_PERMIT_NO","WIDE_LOAD_I","TRAILER1_WIDTH","TRAILER2_WIDTH","TRAILER1_LENGTH","TRAILER2_LENGTH","TOTAL_VEHICLE_LENGTH","AXLE_CNT","VEHICLE_CONFIG","CARGO_BODY_TYPE","LOAD_TYPE","HAZMAT_OUT_OF_SERVICE_I","MCS_OUT_OF_SERVICE_I","HAZMAT_CLASS"
"25956","b539bead2152ab656943d0e14fdde4aca34bbc908eeec056bc41481f9f37e11ca56bb4b76920c139827621d4f78f32c98e3d18a1ad895956605a2df5ee42086c","HZ133724","01/29/2016 11:10:00 PM","1","DRIVER",NULL,"25054.0",NULL,"TOYOTA MOTOR COMPANY, LTD.","CAMRY","IL","2013.0","NONE","PASSENGER","TAXI/FOR HIRE","W","ENTERING TRAFFIC LANE FROM PARKING",NULL,NULL,"1.0",NULL,NULL,NULL,NULL,NULL,"Y",NULL,NULL,NULL,NULL,NULL,NULL,NULL,NULL,NULL,NULL,NULL,"FRONT-RIGHT",NULL,NULL,NULL,NULL,NULL,NULL,NULL,NULL,NULL,NULL,NULL,NULL,NULL,NULL,NULL,NULL,NULL,NULL,NULL,NULL,NULL,NULL,NULL,NULL,NULL,NULL,NULL,NULL,NULL,NULL,NULL,NULL,NULL
"26100","d42535cbf20ea31ba6a42d19f2cc1bb3c9ef5149c441539b06be0fdf773f4803eb697cf5ca74c6aa183e8646ab9709b4ae8afb4ee970224ddcc7207e3af7c42a","HZ137603","01/30/2016 02:50:00 PM","2","DRIVER",NULL,"25196.0",NULL,"HONDA","CIVIC","IL","2012.0","NONE","PASSENGER","PERSONAL","N","STRAIGHT AHEAD",NULL,NULL,"1.0",NULL,NULL,NULL,NULL,NULL,NULL,NULL,NULL,NULL,NULL,NULL,"Y",NULL,NULL,NULL,NULL,NULL,"FRONT-LEFT",NULL,NULL,NULL,NULL,NULL,NULL,NULL,NULL,NULL,NULL,NULL,NULL,NULL,NULL,NULL,NULL,NULL,NULL,NULL,NULL,NULL,NULL,NULL,NULL,NULL,NULL,NULL,NULL,NULL,NULL,NULL,NULL,NULL
"26438","51e1f4554a2df5b01122d52de9bde17886b779294472c61ec44b2d46bfb91b102653fd0d30d2c8119b157204ac8255872b78adfd98a7d7cbfc3c071037cd0432","HZ137159","02/01/2016 06:30:00 PM","1","DRIVER",NULL,"25520.0",NULL,"TOYOTA MOTOR COMPANY, LTD.","CAMRY","IL","2009.0","UNKNOWN","PASSENGER","PERSONAL","E","STRAIGHT AHEAD",NULL,NULL,"1.0",NULL,NULL,NULL,NULL,"Y",NULL,NULL,NULL,"N",NULL,NULL,NULL,NULL,NULL,NULL,NULL,NULL,"FRONT",NULL,NULL,NULL,NULL,NULL,NULL,NULL,NULL,NULL,NULL,NULL,NULL,NULL,NULL,NULL,NULL,NULL,NULL,NULL,NULL,NULL,NULL,NULL,NULL,NULL,NULL,NULL,NULL,NULL,NULL,NULL,NULL,NULL
"27557","3f4698a2bb04d4ded3cea86a7dac71006b39f8e56b33c53906d9db8bd5031c71d5a0be84a8d120b7c9958d1a955e7ac189ddd32df453608c51491edc679fc50e","HZ145333","02/09/2016 07:30:00 AM","1","DRIVER",NULL,"26601.0",NULL,"CHEVROLET","TRAVERSE","IL","2014.0","NONE","PASSENGER","PERSONAL","N","CHANGING LANES",NULL,NULL,"1.0",NULL,NULL,NULL,NULL,NULL,NULL,NULL,NULL,NULL,NULL,NULL,"Y",NULL,NULL,NULL,NULL,NULL,"FRONT-LEFT",NULL,NULL,NULL,NULL,NULL,NULL,NULL,NULL,NULL,NULL,NULL,NULL,NULL,NULL,NULL,NULL,NULL,NULL,NULL,NULL,NULL,NULL,NULL,NULL,NULL,NULL,NULL,NULL,NULL,NULL,NULL,NULL,NULL
"27602","09d8ed2ba34c20743d499b58c41a1a57593416214961255c369b944302761d22fbb8abef443dba10618104e0ebf5f3390560a6ec70b0a7b087f5c39e5f6a9a89","HZ145578","02/09/2016 11:30:00 AM","2","DRIVER",NULL,"26647.0",NULL,"FORD","Focus","IL","2014.0","NONE","PASSENGER","PERSONAL","W","STRAIGHT AHEAD",NULL,NULL,"1.0",NULL,NULL,NULL,NULL,NULL,"Y","Y",NULL,NULL,NULL,NULL,NULL,NULL,NULL,NULL,NULL,NULL,"FRONT-RIGHT",NULL,NULL,NULL,NULL,NULL,NULL,NULL,NULL,NULL,NULL,NULL,NULL,NULL,NULL,NULL,NULL,NULL,NULL,NULL,NULL,NULL,NULL,NULL,NULL,NULL,NULL,NULL,NULL,NULL,NULL,NULL,NULL,NULL
"28524","7493d18c18c89322c04abaa0321866acf443df2a917da20e93a06812e09e287d1547d7d190b825586a5186400d4dbe93d1ffbbea1b508f13bc7e4956fb642a10","HZ150465","02/13/2016 02:40:00 PM","1","DRIVER",NULL,"27549.0",NULL,"CHEVROLET","UNKNOWN","IL","2014.0","UNKNOWN","PASSENGER","PERSONAL","W","TURNING LEFT",NULL,NULL,"1.0",NULL,NULL,NULL,NULL,NULL,NULL,NULL,NULL,NULL,NULL,NULL,NULL,NULL,NULL,NULL,NULL,NULL,"REAR-RIGHT",NULL,NULL,NULL,NULL,NULL,NULL,NULL,NULL,NULL,NULL,NULL,NULL,NULL,NULL,NULL,NULL,NULL,NULL,NULL,NULL,NULL,NULL,NULL,NULL,NULL,NULL,NULL,NULL,NULL,NULL,NULL,NULL,NULL
"28996","7851277aa6a0bdc5ee7229a390430a4c8dc1da97e675dad276a4cedf23c88a19deb799d8d8a9f737bae524260ae3a02bc321752a5b56bad1ab0ce8100bc9dfc0","HZ153225","02/16/2016 09:40:00 AM","2","DRIVER","1.0","28006.0",NULL,"TOYOTA MOTOR COMPANY, LTD.","CAMRY","IL","2013.0","NONE","PASSENGER","TAXI/FOR HIRE","W","STARTING IN TRAFFIC",NULL,NULL,"2.0",NULL,NULL,NULL,NULL,NULL,NULL,"Y",NULL,NULL,NULL,NULL,NULL,NULL,NULL,NULL,NULL,NULL,"SIDE-RIGHT",NULL,NULL,NULL,NULL,NULL,NULL,NULL,NULL,NULL,NULL,NULL,NULL,NULL,NULL,NULL,NULL,NULL,NULL,NULL,NULL,NULL,NULL,NULL,NULL,NULL,NULL,NULL,NULL,NULL,NULL,NULL,NULL,NULL
"29269","a468173538e5bf34313a4d6e53cc668b6468a863e970f71fae3c6b83807f193a7afa76f8c1e3387836551291eb2f0b213e27fc5af198d6a5d98e301aaa15d31f","HZ155044","02/17/2016 12:00:00 PM","2","PARKED",NULL,"28267.0",NULL,"NISSAN","NISSAN ALTIMA","IL","2013.0","NONE","PASSENGER","PERSONAL","W","PARKED",NULL,NULL,"0.0",NULL,NULL,NULL,NULL,"Y",NULL,NULL,NULL,NULL,NULL,NULL,NULL,NULL,NULL,NULL,NULL,NULL,"FRONT",NULL,NULL,NULL,NULL,NULL,NULL,NULL,NULL,NULL,NULL,NULL,NULL,NULL,NULL,NULL,NULL,NULL,NULL,NULL,NULL,NULL,NULL,NULL,NULL,NULL,NULL,NULL,NULL,NULL,NULL,NULL,NULL,NULL
"29666","748150837b850663215f8002b6d04a4161d912cb3fd71fbfccedff8f28223cea92ba3657a106e70ffbf6f18009b04bc7bf20505ebc5c191b95858d6ae110d096","HZ157770","02/19/2016 06:30:00 PM","2","DRIVER",NULL,"28660.0",NULL,"TOYOTA MOTOR COMPANY, LTD.","CAMRY","IL","2010.0","NONE","PASSENGER","PERSONAL","N","STRAIGHT AHEAD",NULL,NULL,"1.0",NULL,NULL,NULL,NULL,NULL,NULL,"Y",NULL,NULL,NULL,NULL,NULL,NULL,NULL,NULL,NULL,NULL,"SIDE-RIGHT",NULL,NULL,NULL,NULL,NULL,NULL,NULL,NULL,NULL,NULL,NULL,NULL,NULL,NULL,NULL,NULL,NULL,NULL,NULL,NULL,NULL,NULL,NULL,NULL,NULL,NULL,NULL,NULL,NULL,NULL,NULL,NULL,NULL
"30116","61bbbab39b3f1687e900cf49c1fd0fb5989dae8807260d50f343006d84252640361dc34a380713fc8c3c8a1513227f39bf42e5d1ee22ace248d84de9854cce52","HZ160728","02/21/2016 01:00:00 AM","2","PARKED",NULL,"29081.0",NULL,"HONDA","CIVIC","IL","2009.0","NONE","PASSENGER","NOT IN USE","N","PARKED",NULL,NULL,"0.0",NULL,NULL,NULL,NULL,"Y",NULL,NULL,NULL,NULL,NULL,NULL,NULL,NULL,NULL,NULL,NULL,NULL,"FRONT",NULL,NULL,NULL,NULL,NULL,NULL,NULL,NULL,NULL,NULL,NULL,NULL,NULL,NULL,NULL,NULL,NULL,NULL,NULL,NULL,NULL,NULL,NULL,NULL,NULL,NULL,NULL,NULL,NULL,NULL,NULL,NULL,NULL
"30175","c61a68349463c80d5b819fba1b4dc0a2ed4b27b1ce9729d19872f9d18b5c0efab8e0a65a6e4b04370ced90b4f320d771bda94f34245809e2c1535eee6efe3832","HZ161165","02/22/2016 02:15:00 PM","1","DRIVER","1.0","29142.0",NULL,"DODGE","UNKNOWN","IL","2013.0","UNKNOWN","PASSENGER","PERSONAL","N","ENTERING TRAFFIC LANE FROM PARKING","N",NULL,"2.0",NULL,NULL,NULL,NULL,"Y","Y",NULL,NULL,NULL,NULL,NULL,"Y",NULL,NULL,NULL,NULL,NULL,"FRONT-LEFT",NULL,NULL,NULL,NULL,NULL,NULL,NULL,NULL,NULL,NULL,NULL,NULL,NULL,NULL,NULL,NULL,NULL,NULL,NULL,NULL,NULL,NULL,NULL,NULL,NULL,NULL,NULL,NULL,NULL,NULL,NULL,NULL,NULL
"30533","196efd36600ad0bf911c500516c9dc4f431b722e2f03c4d4a2a0a27199d9ef84566dd51a43cfe8741e162ef62bd46febd1e271e4180d094d586e973e58842a59","HZ163484","02/24/2016 12:55:00 PM","1","DRIVER",NULL,"29483.0",NULL,"DODGE","UNKNOWN","IL","2008.0","NONE","PASSENGER","PERSONAL","N","STRAIGHT AHEAD",NULL,NULL,"1.0",NULL,NULL,NULL,NULL,NULL,"Y",NULL,NULL,NULL,NULL,NULL,"N",NULL,NULL,NULL,NULL,NULL,"FRONT-RIGHT",NULL,NULL,NULL,NULL,NULL,NULL,NULL,NULL,NULL,NULL,NULL,NULL,NULL,NULL,NULL,NULL,NULL,NULL,NULL,NULL,NULL,NULL,NULL,NULL,NULL,NULL,NULL,NULL,NULL,NULL,NULL,NULL,NULL
"30680","8ee379d987959fef619774d845ed4673c4256bdd9aae45ffc312ec853bc2062156ae3886263fc0aa7d475bc28205571a69232a93cbaaf4c9355386a1389ffea3","HZ164260","02/25/2016 08:40:00 AM","1","DRIVER",NULL,"29630.0",NULL,"KIA MOTORS CORP","FORTE","IL","2013.0","NONE","PASSENGER","PERSONAL","W","CHANGING LANES",NULL,NULL,"1.0",NULL,NULL,NULL,NULL,NULL,NULL,"Y",NULL,NULL,NULL,NULL,NULL,NULL,NULL,NULL,NULL,NULL,"SIDE-RIGHT",NULL,NULL,NULL,NULL,NULL,NULL,NULL,NULL,NULL,NULL,NULL,NULL,NULL,NULL,NULL,NULL,NULL,NULL,NULL,NULL,NULL,NULL,NULL,NULL,NULL,NULL,NULL,NULL,NULL,NULL,NULL,NULL,NULL
"31071","2a97118466d568b99adabb51de29e08bcb708e1071094b845a288553ef342defadd009f4ebb262c190180cd0ed612f8f09cd1aa758b33a3a76221270796ef464","HZ166855","02/26/2016 01:40:00 AM","2","DRIVER",NULL,"30003.0",NULL,"DODGE","CHARGER","IL","2015.0","NONE","PASSENGER","PERSONAL","E","STRAIGHT AHEAD",NULL,NULL,"1.0",NULL,NULL,NULL,NULL,NULL,NULL,NULL,NULL,NULL,NULL,"Y",NULL,NULL,NULL,NULL,NULL,NULL,"SIDE-LEFT",NULL,NULL,NULL,NULL,NULL,NULL,NULL,NULL,NULL,NULL,NULL,NULL,NULL,NULL,NULL,NULL,NULL,NULL,NULL,NULL,NULL,NULL,NULL,NULL,NULL,NULL,NULL,NULL,NULL,NULL,NULL,NULL,NULL
"31546","fc77a09dbf0c72f0c3c976c3467e3b28a2ec00338af7c782d1901e90355cf4bb69338e811b5e861c85acac2e2f98e6518b6e0fc5b551c78685d52205b3b477e6","HZ169812","02/29/2016 06:30:00 PM","2","DRIVER",NULL,"30459.0",NULL,"HYUNDAI","ELANTRA","IL","2015.0","NONE","PASSENGER","PERSONAL","N","TURNING LEFT",NULL,NULL,"1.0",NULL,NULL,NULL,NULL,NULL,NULL,NULL,NULL,NULL,"Y",NULL,NULL,NULL,NULL,NULL,NULL,NULL,"REAR-LEFT",NULL,NULL,NULL,NULL,NULL,NULL,NULL,NULL,NULL,NULL,NULL,NULL,NULL,NULL,NULL,NULL,NULL,NULL,NULL,NULL,NULL,NULL,NULL,NULL,NULL,NULL,NULL,NULL,NULL,NULL,NULL,NULL,NULL
"31562","e084ba7d1e47d689508e43ad6155f0c2916b52808e5adf95c663e2bc881e55849d7df4c72aeb82b6a6d79c645016b3c99b595334bb1ccc95a27cddbfb8cd5722","HZ169923","02/29/2016 09:20:00 PM","2","DRIVER",NULL,"30476.0",NULL,"NISSAN","NISSAN ALTIMA","IL","2015.0","NONE","PASSENGER","PERSONAL","W","STRAIGHT AHEAD",NULL,NULL,"1.0",NULL,NULL,NULL,NULL,NULL,NULL,NULL,"Y",NULL,NULL,NULL,NULL,NULL,NULL,NULL,NULL,NULL,"REAR-RIGHT",NULL,NULL,NULL,NULL,NULL,NULL,NULL,NULL,NULL,NULL,NULL,NULL,NULL,NULL,NULL,NULL,NULL,NULL,NULL,NULL,NULL,NULL,NULL,NULL,NULL,NULL,NULL,NULL,NULL,NULL,NULL,NULL,NULL
"31884","70d71107acbb741ea7dfcf8505939a54e05cb7a4a0c5d6d668e9658d63ff7277161060a815c9396e635dce49469698ddeb17dd49272afb06e9de4643eb6cef8e","HZ172078","03/02/2016 03:07:00 PM","1","DRIVER",NULL,"30790.0",NULL,"TOYOTA MOTOR COMPANY, LTD.","CAMRY","IL","2014.0","NONE","PASSENGER","TAXI/FOR HIRE","W","STRAIGHT AHEAD",NULL,NULL,"1.0",NULL,NULL,NULL,NULL,NULL,NULL,NULL,NULL,NULL,NULL,NULL,NULL,NULL,NULL,NULL,NULL,NULL,"FRONT-RIGHT",NULL,NULL,NULL,NULL,NULL,NULL,NULL,NULL,NULL,NULL,NULL,NULL,NULL,NULL,NULL,NULL,NULL,NULL,NULL,NULL,NULL,NULL,NULL,NULL,NULL,NULL,NULL,NULL,NULL,NULL,NULL,NULL,NULL
"32437","3fffc05185e7f8787c8bd757a4bd83f2ef57c8436112d7b5a6429868861190c8157bf439d1f955f9e0bbdf4fe688708fee6f7bb30e1d6e53d0d0f762cce2eae2","HZ175372","03/04/2016 03:30:00 PM","2","DRIVER",NULL,"31329.0",NULL,"BMW","528I","IL","2010.0","NONE","PASSENGER","PERSONAL","N","STRAIGHT AHEAD",NULL,NULL,"1.0",NULL,NULL,NULL,NULL,NULL,NULL,"Y",NULL,NULL,NULL,NULL,NULL,NULL,NULL,NULL,NULL,NULL,"SIDE-RIGHT",NULL,NULL,NULL,NULL,NULL,NULL,NULL,NULL,NULL,NULL,NULL,NULL,NULL,NULL,NULL,NULL,NULL,NULL,NULL,NULL,NULL,NULL,NULL,NULL,NULL,NULL,NULL,NULL,NULL,NULL,NULL,NULL,NULL
"32539","dba1cca8d71d60589a773e0c22c79d26c6fa8597daf9667fc43ec2400f541844a027dc1b10d20626864f899d2b81e5a4571e9af34baa8e41c330f23cefd90be9","HZ175973","03/05/2016 05:30:00 PM","2","PARKED",NULL,"31427.0",NULL,"BMW","BMW",NULL,"2008.0","NONE","PASSENGER","PERSONAL","W","PARKED",NULL,NULL,"0.0",NULL,NULL,NULL,NULL,NULL,NULL,NULL,NULL,NULL,NULL,NULL,"Y",NULL,NULL,NULL,NULL,NULL,"FRONT-LEFT",NULL,NULL,NULL,NULL,NULL,NULL,NULL,NULL,NULL,NULL,NULL,NULL,NULL,NULL,NULL,NULL,NULL,NULL,NULL,NULL,NULL,NULL,NULL,NULL,NULL,NULL,NULL,NULL,NULL,NULL,NULL,NULL,NULL
"33124","2aa1303b976fdb6e52c144d674d9ffdb88df381e8784d914baadb71380b5422f452f51e5d1f8a221b3523831bb4ed1cc4c67e2a3278135a9514b69b3f78dd887","HZ179932","03/08/2016 07:45:00 PM","2","DRIVER","1.0","32007.0",NULL,"INFINITI","UNKNOWN","IL","2016.0","UNKNOWN","SPORT UTILITY VEHICLE (SUV)","UNKNOWN/NA","N","SLOW/STOP IN TRAFFIC",NULL,NULL,"2.0",NULL,NULL,NULL,NULL,NULL,NULL,NULL,NULL,"Y",NULL,NULL,NULL,NULL,NULL,NULL,NULL,NULL,"REAR",NULL,NULL,NULL,NULL,NULL,NULL,NULL,NULL,NULL,NULL,NULL,NULL,NULL,NULL,NULL,NULL,NULL,NULL,NULL,NULL,NULL,NULL,NULL,NULL,NULL,NULL,NULL,NULL,NULL,NULL,NULL,NULL,NULL
"33712","c4c06bdbefeec274359526b8d4310275243b0075dc22bdb6c406eafdbc989017620832bd9210c4aa2c472f28804cd70b657df707a7db59725302874be9690f8b","HZ184309","03/11/2016 04:30:00 PM","1","DRIVER",NULL,"32575.0",NULL,"JEEP","CHEROKEE","IL","2014.0","UNKNOWN","PASSENGER","PERSONAL","W","STRAIGHT AHEAD",NULL,NULL,"1.0",NULL,NULL,NULL,NULL,"Y",NULL,NULL,NULL,NULL,NULL,NULL,NULL,NULL,NULL,NULL,NULL,NULL,"FRONT",NULL,NULL,NULL,NULL,NULL,NULL,NULL,NULL,NULL,NULL,NULL,NULL,NULL,NULL,NULL,NULL,NULL,NULL,NULL,NULL,NULL,NULL,NULL,NULL,NULL,NULL,NULL,NULL,NULL,NULL,NULL,NULL,NULL
"34308","2fe1db9844c7a09517d3d45ceedfa596368a59aca326d778881ed142f207d61efe6b8489b147124fa3c5789271d4134741704173fe3173cde5226f234d70da6f","HZ187618","03/15/2016 02:30:00 AM","2","DRIVER",NULL,"33159.0",NULL,"TOYOTA MOTOR COMPANY, LTD.","CAMRY","IL","2015.0","NONE","PASSENGER","PERSONAL","N","STRAIGHT AHEAD","Y",NULL,"1.0",NULL,"CPD","701 N. SACRAMENTO",NULL,"Y","Y",NULL,NULL,NULL,NULL,NULL,"Y",NULL,NULL,NULL,NULL,NULL,"FRONT",NULL,NULL,NULL,NULL,NULL,NULL,NULL,NULL,NULL,NULL,NULL,NULL,NULL,NULL,NULL,NULL,NULL,NULL,NULL,NULL,NULL,NULL,NULL,NULL,NULL,NULL,NULL,NULL,NULL,NULL,NULL,NULL,NULL
"34618","fb790c4a57f3d6df28e4e6ff1f4c807f7931fbcecd026a5ed3cec8ec986afe3f5fd51bf906bf3bc639f243783dca5e9b159ff0323beeff542a8e8a5d0e7d5814","HZ189474","03/15/2016 05:30:00 PM","1","DRIVER","7.0","33462.0",NULL,"UNKNOWN","UNKNOWN","OH","2010.0","NONE","VAN/MINI-VAN","OTHER TRANSIT","N","BACKING",NULL,NULL,"8.0",NULL,NULL,NULL,"Y",NULL,NULL,NULL,NULL,NULL,NULL,NULL,NULL,NULL,NULL,NULL,NULL,NULL,"REAR",NULL,NULL,NULL,NULL,NULL,NULL,NULL,NULL,NULL,NULL,NULL,NULL,NULL,NULL,NULL,NULL,NULL,NULL,NULL,NULL,NULL,NULL,NULL,NULL,NULL,NULL,NULL,NULL,NULL,NULL,NULL,NULL,NULL
"34628","ebdcc6e8215731c5f04748aef0f0d276c4083cfb3bd6ea6d1241a4ba2b6f5f7c733083a2d663ddc757cddb3c0b4d4a843a86fb47f3df4ad0941a4d59226c454a","HZ189550","03/15/2016 03:15:00 PM","1","DRIVER",NULL,"33470.0",NULL,"LEXUS","IS350","IL","2013.0","UNKNOWN","PASSENGER","UNKNOWN/NA","W","UNKNOWN/NA",NULL,NULL,"1.0",NULL,NULL,NULL,NULL,"Y",NULL,NULL,NULL,NULL,NULL,NULL,NULL,NULL,NULL,NULL,NULL,NULL,"FRONT",NULL,NULL,NULL,NULL,NULL,NULL,NULL,NULL,NULL,NULL,NULL,NULL,NULL,NULL,NULL,NULL,NULL,NULL,NULL,NULL,NULL,NULL,NULL,NULL,NULL,NULL,NULL,NULL,NULL,NULL,NULL,NULL,NULL
"34662","e2faa9ccb1e4da562d0ea3c8ed95cf632022ec46242cfd63309dfbf0c33d628f636d29de7cde263bf6713b72697f1974498fdaddd6eabdbbc094c2f7355e4707","HZ189691","03/16/2016 04:00:00 PM","2","PARKED",NULL,"33509.0",NULL,"DODGE","Avenger","IL","2008.0","UNKNOWN","PASSENGER","PERSONAL","UNKNOWN","PARKED",NULL,NULL,"0.0",NULL,NULL,NULL,NULL,NULL,"Y","Y",NULL,NULL,NULL,NULL,NULL,NULL,NULL,NULL,NULL,NULL,"FRONT-RIGHT",NULL,NULL,NULL,NULL,NULL,NULL,NULL,NULL,NULL,NULL,NULL,NULL,NULL,NULL,NULL,NULL,NULL,NULL,NULL,NULL,NULL,NULL,NULL,NULL,NULL,NULL,NULL,NULL,NULL,NULL,NULL,NULL,NULL
"34702","303098500f515ef73f4b69459c97633469d250bbe49f18a40222ec29226b9e7d361616fc637c4092f71827fde30545ebbf05e90108b7d769a1d96b54dd17a94b","HZ189844","03/16/2016 06:30:00 PM","2","DRIVER",NULL,"33543.0",NULL,"CHRYSLER","TOWN & COUNTRY","IL","2012.0","NONE","PASSENGER","PERSONAL","E","STRAIGHT AHEAD",NULL,NULL,"1.0",NULL,NULL,NULL,NULL,NULL,NULL,NULL,NULL,"Y",NULL,NULL,NULL,NULL,NULL,NULL,NULL,NULL,"REAR",NULL,NULL,NULL,NULL,NULL,NULL,NULL,NULL,NULL,NULL,NULL,NULL,NULL,NULL,NULL,NULL,NULL,NULL,NULL,NULL,NULL,NULL,NULL,NULL,NULL,NULL,NULL,NULL,NULL,NULL,NULL,NULL,NULL
"34722","2a662ca9d398da889c2834f9fb4a1ca8c6d45b2b35659c74ec4d5e4a7bc0fa51b97abb6ab86c7092bb5e069b5b89964493de2ee4ea243b688c44dc02bfb78e98","HZ190036","03/16/2016 10:00:00 PM","1","DRIVER",NULL,"33564.0",NULL,"CHEVROLET","UNKNOWN","IL","2014.0","NONE","PASSENGER","PERSONAL","E","BACKING",NULL,NULL,"1.0",NULL,NULL,NULL,NULL,NULL,NULL,NULL,NULL,NULL,"Y",NULL,NULL,NULL,NULL,NULL,NULL,NULL,"REAR-LEFT",NULL,NULL,NULL,NULL,NULL,NULL,NULL,NULL,NULL,NULL,NULL,NULL,NULL,NULL,NULL,NULL,NULL,NULL,NULL,NULL,NULL,NULL,NULL,NULL,NULL,NULL,NULL,NULL,NULL,NULL,NULL,NULL,NULL
"34788","ad6f4e2dc7d31399f10d25ba6b75b2ab198c8d271be98eb862566370eafd0d29bae5d70b716882a47ebebcc8c22016c61e723d178dc936233f1cc35d313af46b","HZ190855","03/17/2016 03:45:00 PM","2","DRIVER",NULL,"33630.0",NULL,"NISSAN","Murano","IL","2011.0","NONE","SPORT UTILITY VEHICLE (SUV)","PERSONAL","E","STRAIGHT AHEAD",NULL,NULL,"1.0",NULL,NULL,NULL,NULL,"Y","Y",NULL,NULL,NULL,NULL,NULL,NULL,NULL,NULL,NULL,NULL,NULL,"FRONT-RIGHT",NULL,NULL,NULL,NULL,NULL,NULL,NULL,NULL,NULL,NULL,NULL,NULL,NULL,NULL,NULL,NULL,NULL,NULL,NULL,NULL,NULL,NULL,NULL,NULL,NULL,NULL,NULL,NULL,NULL,NULL,NULL,NULL,NULL
"34973","6640b4e4b2a6a3ad72e24003e5d3532f41607593bf99d721622da6a95182a257ee19129b8b279f76b5b9db2814853dcde9f4a8f36c82d52b062dca74d3a343a6","HZ192066","03/18/2016 12:50:00 PM","2","DRIVER","1.0","33809.0",NULL,"TOYOTA MOTOR COMPANY, LTD.","COROLLA",NULL,"2013.0","NONE","PASSENGER","PERSONAL","N","STRAIGHT AHEAD",NULL,NULL,"2.0",NULL,NULL,NULL,"Y",NULL,NULL,NULL,NULL,"Y",NULL,NULL,NULL,NULL,NULL,NULL,NULL,NULL,"REAR",NULL,NULL,NULL,NULL,NULL,NULL,NULL,NULL,NULL,NULL,NULL,NULL,NULL,NULL,NULL,NULL,NULL,NULL,NULL,NULL,NULL,NULL,NULL,NULL,NULL,NULL,NULL,NULL,NULL,NULL,NULL,NULL,NULL
"35388","b29645d9f4e770a2c0b527be017ca086eb23a5c13e86df46c2b673d9822e5617547e9b794cd5608d276b997a245d6408020197c74b4503254011277674860511","HZ194593","03/20/2016 03:25:00 PM","2","DRIVER",NULL,"34210.0",NULL,"NISSAN","NISSAN MAXIMA","IL","2014.0","NONE","PASSENGER","PERSONAL","W","STRAIGHT AHEAD",NULL,NULL,"1.0",NULL,NULL,NULL,NULL,"Y",NULL,NULL,NULL,"Y",NULL,NULL,NULL,NULL,NULL,NULL,NULL,NULL,"FRONT",NULL,NULL,NULL,NULL,NULL,NULL,NULL,NULL,NULL,NULL,NULL,NULL,NULL,NULL,NULL,NULL,NULL,NULL,NULL,NULL,NULL,NULL,NULL,NULL,NULL,NULL,NULL,NULL,NULL,NULL,NULL,NULL,NULL
"35609","0663edd2e7bf57e69400162f61da062ab8819641e1abde734fa9ee97afc4eb68ebdc0ddcbdc02e07bb7b5d53186e1459e2df9d4d3e866cd7fd80fc86ec2272fa","HZ195852","03/21/2016 03:50:00 PM","2","DRIVER",NULL,"34429.0",NULL,"HYUNDAI","Accent","IL","2010.0","NONE","PASSENGER","PERSONAL","W","STRAIGHT AHEAD",NULL,NULL,"1.0",NULL,NULL,NULL,NULL,NULL,NULL,"Y",NULL,NULL,NULL,NULL,NULL,NULL,NULL,NULL,NULL,NULL,"SIDE-RIGHT",NULL,NULL,NULL,NULL,NULL,NULL,NULL,NULL,NULL,NULL,NULL,NULL,NULL,NULL,NULL,NULL,NULL,NULL,NULL,NULL,NULL,NULL,NULL,NULL,NULL,NULL,NULL,NULL,NULL,NULL,NULL,NULL,NULL
"35704","bb21934e431f44ed33bdf90bc1438076436b4a3aa9c7827abdcec89bbe0d2703d569a81aac54c360cfd2aadf60fb921655d391ee87796bed1edd6bcbfccee868","HZ196723","03/18/2016 07:45:00 AM","2","DRIVER",NULL,"34517.0",NULL,"CHEVROLET","EQUINOX",NULL,"2016.0","NONE","SPORT UTILITY VEHICLE (SUV)","PERSONAL","W","STRAIGHT AHEAD",NULL,NULL,"1.0",NULL,NULL,NULL,NULL,NULL,NULL,NULL,"Y",NULL,NULL,NULL,NULL,NULL,NULL,NULL,NULL,NULL,"REAR-RIGHT",NULL,NULL,NULL,NULL,NULL,NULL,NULL,NULL,NULL,NULL,NULL,NULL,NULL,NULL,NULL,NULL,NULL,NULL,NULL,NULL,NULL,NULL,NULL,NULL,NULL,NULL,NULL,NULL,NULL,NULL,NULL,NULL,NULL