"CRASH_UNIT_ID","CRASH_RECORD_ID","RD_NO","CRASH_DATE","UNIT_NO","UNIT_TYPE","NUM_PASSENGERS","VEHICLE_ID","CMRC_VEH_I","MAKE","MODEL","LIC_PLATE_STATE","VEHICLE_YEAR","VEHICLE_DEFECT","VEHICLE_TYPE","VEHICLE_USE","TRAVEL_DIRECTION","MANEUVER","TOWED_I","FIRE_I","OCCUPANT_CNT","EXCEED_SPEED_LIMIT_I","TOWED_BY","TOWED_TO","AREA_00_I","AREA_01_I","AREA_02_I","AREA_03_I","AREA_04_I","AREA_05_I","AREA_06_I","AREA_07_I","AREA_08_I","AREA_09_I","AREA_10_I","AREA_11_I","AREA_12_I","AREA_99_I","FIRST_CONTACT_POINT","CMV_ID","USDOT_NO","CCMC_NO","ILCC_NO","COMMERCIAL_SRC","GVWR","CARRIER_NAME","CARRIER_STATE","CARRIER_CITY","HAZMAT_PLACARDS_I","HAZMAT_NAME","UN_NO","HAZMAT_PRESENT_I","HAZMAT_REPORT_I","HAZMAT_REPORT_NO","MCS_REPORT_I","MCS_REPORT_NO","HAZMAT_VIO_CAUSE_CRASH_I","MCS_VIO_CAUSE_CRASH_I","IDOT_PERMIT_NO","WIDE_LOAD_I","TRAILER1_WIDTH","TRAILER2_WIDTH","TRAILER1_LENGTH","TRAILER2_LENGTH","TOTAL_VEHICLE_LENGTH","AXLE_CNT","VEHICLE_CONFIG","CARGO_BODY_TYPE","LOAD_TYPE","HAZMAT_OUT_OF_SERVICE_I","MCS_OUT_OF_SERVICE_I","HAZMAT_CLASS"
"43131","ef90d81afe0f883ca59a58ad2d75ec82405aae29215fc1802861cd04e2eb0e6b1c5af9acaf79123ed85157209f3666fd1e2d79d9ddaeecea9be5b7a5cfd6639b","HZ243803","04/28/2016 05:33:00 PM","1","DRIVER",NULL,"41689.0",NULL,"CADILLAC","CTS","IL","2008.0","NONE","PASSENGER","PERSONAL","S","PASSING/OVERTAKING",NULL,NULL,"1.0",NULL,NULL,NULL,"Y",NULL,NULL,NULL,NULL,NULL,NULL,NULL,NULL,NULL,NULL,NULL,NULL,NULL,"FRONT-LEFT",NULL,NULL,NULL,NULL,NULL,NULL,NULL,NULL,NULL,NULL,NULL,NULL,NULL,NULL,NULL,NULL,NULL,NULL,NULL,NULL,NULL,NULL,NULL,NULL,NULL,NULL,NULL,NULL,NULL,NULL,NULL,NULL,NULL
"43143","ca96358820ad0306752b32b0e941fbadc3356459c81fc4d25a96278d0f9fdcbf64f2c1e37d2c1667c421ab20dfd8770732864dc6c04e9042f2247e1446a912c5","HZ243893","04/28/2016 06:00:00 PM","2","PARKED",NULL,"41698.0",NULL,"DODGE","Avenger","IL","2013.0","NONE","PASSENGER","NOT IN USE","S","PARKED",NULL,NULL,"0.0",NULL,NULL,NULL,NULL,NULL,NULL,NULL,NULL,NULL,NULL,"Y",NULL,NULL,NULL,NULL,NULL,NULL,"SIDE-LEFT",NULL,NULL,NULL,NULL,NULL,NULL,NULL,NULL,NULL,NULL,NULL,NULL,NULL,NULL,NULL,NULL,NULL,NULL,NULL,NULL,NULL,NULL,NULL,NULL,NULL,NULL,NULL,NULL,NULL,NULL,NULL,NULL,NULL
"43679","8e09a2d6251625c046e8ad57c9c37be1accb59203d73fb7015ce0da93a566c1c03dde21d7a821266e0ace86c79683b030b3213915a48fc1b23d21f1e35dc8e10","HZ247282","05/01/2016 02:44:00 PM","1","DRIVER",NULL,"42227.0",NULL,"LINCOLN-CONTINENTAL","MKT",NULL,"2010.0","NONE","PASSENGER","PERSONAL","W","TURNING LEFT",NULL,NULL,"1.0",NULL,NULL,NULL,NULL,NULL,"Y",NULL,NULL,NULL,NULL,NULL,NULL,NULL,NULL,NULL,NULL,NULL,"FRONT-RIGHT",NULL,NULL,NULL,NULL,NULL,NULL,NULL,NULL,NULL,NULL,NULL,NULL,NULL,NULL,NULL,NULL,NULL,NULL,NULL,NULL,NULL,NULL,NULL,NULL,NULL,NULL,NULL,NULL,NULL,NULL,NULL,NULL,NULL
"44087","0a28d050f8af2e2a43c6d360bf7ad080f7212b3471303eb1ea95e8f93cd2ca145dbdcc073b79056607e69738de1981315af26d27c5d22a6ca37b03778fd1193e","HZ249829","05/03/2016 02:15:00 PM","2","DRIVER",NULL,"42629.0",NULL,"MAZDA","6 (Six)","IL","2012.0","NONE","PASSENGER","PERSONAL","S","SLOW/STOP IN TRAFFIC",NULL,NULL,"1.0",NULL,NULL,NULL,NULL,NULL,NULL,NULL,NULL,NULL,"Y",NULL,NULL,NULL,NULL,NULL,NULL,NULL,"REAR-LEFT",NULL,NULL,NULL,NULL,NULL,NULL,NULL,NULL,NULL,NULL,NULL,NULL,NULL,NULL,NULL,NULL,NULL,NULL,NULL,NULL,NULL,NULL,NULL,NULL,NULL,NULL,NULL,NULL,NULL,NULL,NULL,NULL,NULL
"44834","d6aa844f714938fe2169a0ac901a5d542fd712367f183a74ea4012e2028da1e6e31eaca0be5f95af498af90f2ded30d1e05be5caed00a09471aa0c600a5f279f","HZ253568","05/05/2016 04:24:00 PM","1","DRIVER",NULL,"43348.0",NULL,"JEEP","Grand Cherokee (for vehicle years 1989 to present)","IL","2010.0","NONE","SPORT UTILITY VEHICLE (SUV)","PERSONAL","N","STRAIGHT AHEAD",NULL,NULL,"1.0",NULL,NULL,NULL,NULL,"Y",NULL,NULL,NULL,NULL,NULL,NULL,NULL,NULL,NULL,NULL,NULL,NULL,"FRONT",NULL,NULL,NULL,NULL,NULL,NULL,NULL,NULL,NULL,NULL,NULL,NULL,NULL,NULL,NULL,NULL,NULL,NULL,NULL,NULL,NULL,NULL,NULL,NULL,NULL,NULL,NULL,NULL,NULL,NULL,NULL,NULL,NULL
"44921","68aba78f8bf58e8283f7c0abbd30c74deb14a3f3a0e62cab778f09313f41f6e59434d09cced14d209c8b5f865431ede6e1463afbca2798f19f1d2fb386cd0ea6","HZ255228","05/07/2016 02:20:00 PM","1","DRIVER",NULL,"43438.0",NULL,"CHEVROLET","EQUINOX","IL","2013.0","UNKNOWN","SPORT UTILITY VEHICLE (SUV)","PERSONAL","E","SLOW/STOP IN TRAFFIC",NULL,NULL,"1.0",NULL,NULL,NULL,NULL,"Y",NULL,NULL,NULL,NULL,NULL,NULL,NULL,NULL,NULL,NULL,NULL,NULL,"FRONT",NULL,NULL,NULL,NULL,NULL,NULL,NULL,NULL,NULL,NULL,NULL,NULL,NULL,NULL,NULL,NULL,NULL,NULL,NULL,NULL,NULL,NULL,NULL,NULL,NULL,NULL,NULL,NULL,NULL,NULL,NULL,NULL,NULL
"45053","160702158ff3a34b08130d5eb0c8ef3fddfb23f05c87ded682e1a0d38ea42326acc846cd89cbddb44e577d0c48098721fde77aa7d81f1df8a500003c90d73b32","HZ256097","05/08/2016 10:45:00 AM","2","DRIVER",NULL,"43561.0",NULL,"NISSAN","VERSA","IL","2014.0","NONE","PASSENGER","PERSONAL","SE","SLOW/STOP IN TRAFFIC",NULL,NULL,"1.0",NULL,NULL,NULL,NULL,"Y",NULL,NULL,NULL,NULL,NULL,NULL,"Y",NULL,NULL,NULL,NULL,NULL,"FRONT-LEFT",NULL,NULL,NULL,NULL,NULL,NULL,NULL,NULL,NULL,NULL,NULL,NULL,NULL,NULL,NULL,NULL,NULL,NULL,NULL,NULL,NULL,NULL,NULL,NULL,NULL,NULL,NULL,NULL,NULL,NULL,NULL,NULL,NULL
"45303","6251463a64aedc2751ff8a87c8761daee26c05e01ad39addcf751e5f8ee1ace8dbb0a254d28fd70d5bd2bf047e1dc24610a741a79c6b87bc13b861ba324dac72","HZ257620","05/09/2016 03:00:00 PM","2","DRIVER",NULL,"43804.0",NULL,"TOYOTA MOTOR COMPANY, LTD.","CAMRY","IL","2012.0","NONE","PASSENGER","TAXI/FOR HIRE","N","STRAIGHT AHEAD",NULL,NULL,"1.0",NULL,NULL,NULL,NULL,NULL,NULL,NULL,NULL,NULL,NULL,"Y",NULL,NULL,NULL,NULL,NULL,NULL,"SIDE-LEFT",NULL,NULL,NULL,NULL,NULL,NULL,NULL,NULL,NULL,NULL,NULL,NULL,NULL,NULL,NULL,NULL,NULL,NULL,NULL,NULL,NULL,NULL,NULL,NULL,NULL,NULL,NULL,NULL,NULL,NULL,NULL,NULL,NULL
"45342","c623e3a5b7fc5f1d5e9a5546c8eb6791f0875e7a9f163829d13928e3b80cdf555686580d734cdb2c39b306ea09c9c0e1d50fe635c6c1260cb09fbe89d495e215","HZ257799","05/07/2016 05:30:00 PM","1","DRIVER",NULL,"43843.0",NULL,"CHRYSLER","UNKNOWN","IL","2015.0","NONE","PASSENGER","PERSONAL","W","TURNING LEFT",NULL,NULL,"1.0",NULL,NULL,NULL,NULL,NULL,"Y",NULL,NULL,NULL,NULL,NULL,NULL,NULL,NULL,NULL,NULL,NULL,"FRONT-RIGHT",NULL,NULL,NULL,NULL,NULL,NULL,NULL,NULL,NULL,NULL,NULL,NULL,NULL,NULL,NULL,NULL,NULL,NULL,NULL,NULL,NULL,NULL,NULL,NULL,NULL,NULL,NULL,NULL,NULL,NULL,NULL,NULL,NULL
"45397","c5f0220b925a636b0ffa8901414a1293c6a8adb829ffcf1dcff20df694c1c98e1217cd031a2eea8f34965d2006992290002d35984d33c3fc9cf7ea8d5fb980a6","HZ258045","05/09/2016 07:00:00 PM","2","DRIVER",NULL,"43900.0",NULL,"FORD","ESCAPE (SUV)","IL","2015.0","UNKNOWN","SPORT UTILITY VEHICLE (SUV)","PERSONAL","E","STRAIGHT AHEAD",NULL,NULL,"1.0",NULL,NULL,NULL,NULL,NULL,NULL,NULL,NULL,"Y",NULL,NULL,NULL,NULL,NULL,NULL,NULL,NULL,"REAR",NULL,NULL,NULL,NULL,NULL,NULL,NULL,NULL,NULL,NULL,NULL,NULL,NULL,NULL,NULL,NULL,NULL,NULL,NULL,NULL,NULL,NULL,NULL,NULL,NULL,NULL,NULL,NULL,NULL,NULL,NULL,NULL,NULL
"45762","38631aa85ff180722259d96f83e8524f8727a105c0f25823e4d42606e8999be8756aa48ecc45fec90cf90934e56972d1cbb1ed5e39e6d2d49003f432f6ec0c10","HZ260477","05/11/2016 04:15:00 PM","1","DRIVER",NULL,"44258.0",NULL,"TOYOTA MOTOR COMPANY, LTD.","COROLLA","IL","2016.0","NONE","PASSENGER","PERSONAL","E","ENTERING TRAFFIC LANE FROM PARKING",NULL,NULL,"1.0",NULL,NULL,NULL,NULL,"Y","N",NULL,NULL,NULL,NULL,NULL,"Y",NULL,NULL,NULL,NULL,NULL,"FRONT",NULL,NULL,NULL,NULL,NULL,NULL,NULL,NULL,NULL,NULL,NULL,NULL,NULL,NULL,NULL,NULL,NULL,NULL,NULL,NULL,NULL,NULL,NULL,NULL,NULL,NULL,NULL,NULL,NULL,NULL,NULL,NULL,NULL
"46252","8e35d0f52f5d6df7d14b54187994e3cbcc65701a21b030f65f90f3067d7e40bd85d29ac057a54e40e7bc694ef2ec6c8ec1faef1d574f7aea0d17aeeedee7cb95","HZ263605","05/13/2016 03:15:00 PM","1","DRIVER",NULL,"44737.0",NULL,"HYUNDAI","UNKNOWN","IL","2013.0","UNKNOWN","PASSENGER","UNKNOWN/NA","S","STRAIGHT AHEAD",NULL,NULL,"1.0",NULL,NULL,NULL,NULL,"Y",NULL,NULL,NULL,NULL,NULL,NULL,NULL,NULL,NULL,NULL,NULL,NULL,"FRONT",NULL,NULL,NULL,NULL,NULL,NULL,NULL,NULL,NULL,NULL,NULL,NULL,NULL,NULL,NULL,NULL,NULL,NULL,NULL,NULL,NULL,NULL,NULL,NULL,NULL,NULL,NULL,NULL,NULL,NULL,NULL,NULL,NULL
"46316","d63dec20caaad52244483d271e0fd0af788a557352ac9ac3ebc205495d6d99ee13bb6124ee3ae456a8a007aaed4a14e1105909b42698b539ab847074867db6af","HZ264090","05/14/2016 09:52:00 AM","2","DRIVER",NULL,"44803.0",NULL,"DODGE","CARAVAN","IL","2015.0","NONE","VAN/MINI-VAN","OTHER TRANSIT","E","STRAIGHT AHEAD",NULL,NULL,"1.0",NULL,NULL,NULL,NULL,NULL,"Y",NULL,NULL,NULL,NULL,NULL,NULL,NULL,NULL,NULL,NULL,NULL,"FRONT-RIGHT",NULL,NULL,NULL,NULL,NULL,NULL,NULL,NULL,NULL,NULL,NULL,NULL,NULL,NULL,NULL,NULL,NULL,NULL,NULL,NULL,NULL,NULL,NULL,NULL,NULL,NULL,NULL,NULL,NULL,NULL,NULL,NULL,NULL
"46401","120e018130e02de178a5f816e51a0f853ec99ea57ada299cc1d325c1f316cffc7f0b47152b56643556f427bc4a861282a592e03f678558caa5d85d621b9a6e07","HZ264544","05/14/2016 04:35:00 PM","1","DRIVER","4.0","44880.0",NULL,"JEEP","Liberty","IL","2008.0","UNKNOWN","UNKNOWN/NA","UNKNOWN/NA","E","SLOW/STOP IN TRAFFIC",NULL,NULL,"5.0",NULL,NULL,NULL,NULL,NULL,"N",NULL,NULL,NULL,NULL,NULL,"Y",NULL,NULL,NULL,NULL,NULL,"FRONT-LEFT",NULL,NULL,NULL,NULL,NULL,NULL,NULL,NULL,NULL,NULL,NULL,NULL,NULL,NULL,NULL,NULL,NULL,NULL,NULL,NULL,NULL,NULL,NULL,NULL,NULL,NULL,NULL,NULL,NULL,NULL,NULL,NULL,NULL
"46659","be34ef28d98c45204de0fc4bf1a7ad62289f6d54d704f695e6ed93c5cbfc00ceec312384f611f70842dc26904d951421d912d1030d47fedcb66ed694b34aeb10","HZ266599","05/15/2016 12:45:00 PM","2","DRIVER",NULL,"45131.0",NULL,"NISSAN","ROGUE","IL","2011.0","NONE","PASSENGER","PERSONAL","E","STRAIGHT AHEAD",NULL,NULL,"1.0",NULL,NULL,NULL,NULL,NULL,NULL,NULL,NULL,"Y",NULL,NULL,NULL,NULL,NULL,"Y",NULL,NULL,"REAR",NULL,NULL,NULL,NULL,NULL,NULL,NULL,NULL,NULL,NULL,NULL,NULL,NULL,NULL,NULL,NULL,NULL,NULL,NULL,NULL,NULL,NULL,NULL,NULL,NULL,NULL,NULL,NULL,NULL,NULL,NULL,NULL,NULL
"46765","95b17ec18da1ba07b5605bc9887d0a70baccadbff32fb6bd6ad83f445d67931147f3d9666868267b8d3d97aeb856a5639f688514023b3ee25f4ed6e05854229e","HZ267259","05/16/2016 07:25:00 PM","2","DRIVER","1.0","45232.0",NULL,"CHRYSLER","TOWN & COUNTRY","IL","2016.0","NONE","VAN/MINI-VAN","PERSONAL","W","SLOW/STOP IN TRAFFIC",NULL,NULL,"2.0",NULL,NULL,NULL,NULL,NULL,NULL,NULL,NULL,NULL,NULL,NULL,"Y",NULL,NULL,NULL,NULL,NULL,"FRONT-LEFT",NULL,NULL,NULL,NULL,NULL,NULL,NULL,NULL,NULL,NULL,NULL,NULL,NULL,NULL,NULL,NULL,NULL,NULL,NULL,NULL,NULL,NULL,NULL,NULL,NULL,NULL,NULL,NULL,NULL,NULL,NULL,NULL,NULL
"46900","b4522f3d3f7978f894d3d18ec19b6fd136fca08dd6a63a7662ca999e783afb6feb6c54280813e643ee736ed5a8d852ccd260ed2764e7d7724e314b7ee600a86d","HZ268265","05/17/2016 02:00:00 PM","1","DRIVER",NULL,"45362.0",NULL,"UNKNOWN","UNKNOWN","IN","2016.0","UNKNOWN","UNKNOWN/NA","UNKNOWN/NA","S","TURNING RIGHT",NULL,NULL,"1.0",NULL,NULL,NULL,NULL,NULL,NULL,"Y",NULL,NULL,NULL,NULL,NULL,NULL,NULL,NULL,NULL,NULL,"SIDE-RIGHT",NULL,NULL,NULL,NULL,NULL,NULL,NULL,NULL,NULL,NULL,NULL,NULL,NULL,NULL,NULL,NULL,NULL,NULL,NULL,NULL,NULL,NULL,NULL,NULL,NULL,NULL,NULL,NULL,NULL,NULL,NULL,NULL,NULL
"47026","82383ce0b2d4cba8aeb068485f2814ba1702d011c392a0d4cc77d53a4e5704c8bb829d679c5cf2cf070874b44ea94184da5175fdb93b83a6775fbe3eebd22ab2","HZ269085","05/18/2016 07:25:00 AM","1","DRIVER","1.0","45485.0",NULL,"NISSAN","SENTRA (DATSUN AND NISSAN HAVE MERGED)","IL","2015.0","NONE","PASSENGER","PERSONAL","N","TURNING RIGHT",NULL,NULL,"2.0",NULL,NULL,NULL,NULL,"Y",NULL,NULL,NULL,NULL,NULL,NULL,NULL,NULL,NULL,NULL,NULL,NULL,"FRONT",NULL,NULL,NULL,NULL,NULL,NULL,NULL,NULL,NULL,NULL,NULL,NULL,NULL,NULL,NULL,NULL,NULL,NULL,NULL,NULL,NULL,NULL,NULL,NULL,NULL,NULL,NULL,NULL,NULL,NULL,NULL,NULL,NULL
"47085","5d9a79f9dc69de7d3baaa4b6c61272493ff9f1adec8dc7061a415319ba4d59e292047e729faef50649916a71b636311c9a6011dd0c3026200069c02c38bf4e42","HZ269625","05/05/2016 04:59:00 PM","1","DRIVER",NULL,"45545.0",NULL,"CHEVROLET","UNKNOWN","IL","2008.0","UNKNOWN","PASSENGER","UNKNOWN/NA","S","UNKNOWN/NA",NULL,NULL,"1.0",NULL,NULL,NULL,NULL,NULL,NULL,NULL,NULL,NULL,NULL,NULL,"Y",NULL,NULL,NULL,NULL,NULL,"FRONT-LEFT",NULL,NULL,NULL,NULL,NULL,NULL,NULL,NULL,NULL,NULL,NULL,NULL,NULL,NULL,NULL,NULL,NULL,NULL,NULL,NULL,NULL,NULL,NULL,NULL,NULL,NULL,NULL,NULL,NULL,NULL,NULL,NULL,NULL
"47172","0ec8ab4d7d8680e2ad1021807d329a848f48f0002cdb242f67ba5b0fcc3eeffd11968977070f7890ebedf5123607257d380365bd7ec287d7763f61dcb778aa4c","HZ269960","05/18/2016 05:40:00 PM","2","DRIVER",NULL,"45631.0",NULL,"TOYOTA MOTOR COMPANY, LTD.","Prius","IL","2014.0","UNKNOWN","PASSENGER","TAXI/FOR HIRE","E","SLOW/STOP IN TRAFFIC",NULL,NULL,"1.0",NULL,NULL,NULL,NULL,NULL,NULL,NULL,NULL,NULL,"Y",NULL,NULL,NULL,NULL,NULL,NULL,NULL,"REAR-LEFT",NULL,NULL,NULL,NULL,NULL,NULL,NULL,NULL,NULL,NULL,NULL,NULL,NULL,NULL,NULL,NULL,NULL,NULL,NULL,NULL,NULL,NULL,NULL,NULL,NULL,NULL,NULL,NULL,NULL,NULL,NULL,NULL,NULL
"47413","6931845eb11f678dfc786c4f6522e31838a698e7f8e8d6f5f0d5188d71e7c94be54b6d1f21a7d289d440f5ac02632656220270b5678f0a66961ae8a4429fd90c","HZ271471","05/19/2016 07:50:00 PM","2","PARKED",NULL,"45858.0",NULL,"FORD","F150","IL","2015.0","NONE","PICKUP","NOT IN USE","W","PARKED",NULL,NULL,"0.0",NULL,NULL,NULL,NULL,NULL,NULL,NULL,NULL,NULL,NULL,"Y",NULL,NULL,NULL,NULL,NULL,NULL,"REAR-LEFT",NULL,NULL,NULL,NULL,NULL,NULL,NULL,NULL,NULL,NULL,NULL,NULL,NULL,NULL,NULL,NULL,NULL,NULL,NULL,NULL,NULL,NULL,NULL,NULL,NULL,NULL,NULL,NULL,NULL,NULL,NULL,NULL,NULL
"47707","9d860fe12428a7ea992a9ceb3bdcd4e3f1d979a8f6a5069df3aa39e5f420b5d2874478401bb88ea30244a29672f729b619edf9af329c3066471dc59a83d2023a","HZ273357","05/21/2016 09:00:00 AM","2","DRIVER",NULL,"46149.0",NULL,"TOYOTA MOTOR COMPANY, LTD.","CAMRY","IL","2010.0","NONE","PASSENGER","PERSONAL","E","SLOW/STOP IN TRAFFIC",NULL,NULL,"1.0",NULL,NULL,NULL,NULL,NULL,NULL,NULL,NULL,"Y",NULL,NULL,NULL,NULL,NULL,NULL,NULL,NULL,"REAR",NULL,NULL,NULL,NULL,NULL,NULL,NULL,NULL,NULL,NULL,NULL,NULL,NULL,NULL,NULL,NULL,NULL,NULL,NULL,NULL,NULL,NULL,NULL,NULL,NULL,NULL,NULL,NULL,NULL,NULL,NULL,NULL,NULL
"47885","238781d2a831e1a6a3c14bded515af381470cd45498c215e1c1cb316234731d2e53ebfcef613ae7424527c632b9f5850a537dca46c71a0ea33e6a7f5d0917afb","HZ274319","05/21/2016 11:43:00 PM","1","DRIVER",NULL,"46319.0",NULL,"INFINITI","UNKNOWN","IL","2014.0","UNKNOWN","UNKNOWN/NA","UNKNOWN/NA","S","STRAIGHT AHEAD",NULL,NULL,"1.0",NULL,NULL,NULL,NULL,NULL,NULL,NULL,NULL,NULL,NULL,NULL,NULL,NULL,NULL,NULL,NULL,NULL,"FRONT",NULL,NULL,NULL,NULL,NULL,NULL,NULL,NULL,NULL,NULL,NULL,NULL,NULL,NULL,NULL,NULL,NULL,NULL,NULL,NULL,NULL,NULL,NULL,NULL,NULL,NULL,NULL,NULL,NULL,NULL,NULL,NULL,NULL
"48575","b7c4ed92a02fed666a2e39ecbb8f64ecf90a6390506cdfb5751fa5ea62167d8270ea8f95b38f9ba785fc36078b8c034a37717e1a5560bc8a5584f76be6be86f8","HZ279282","05/25/2016 02:45:00 PM","1","DRIVER","1.0","46982.0",NULL,"SCION","XB","IL","2012.0","NONE","PASSENGER","TAXI/FOR HIRE","E","SLOW/STOP IN TRAFFIC",NULL,NULL,"2.0",NULL,NULL,NULL,NULL,NULL,NULL,NULL,NULL,NULL,NULL,"Y",NULL,NULL,NULL,NULL,NULL,NULL,"SIDE-LEFT",NULL,NULL,NULL,NULL,NULL,NULL,NULL,NULL,NULL,NULL,NULL,NULL,NULL,NULL,NULL,NULL,NULL,NULL,NULL,NULL,NULL,NULL,NULL,NULL,NULL,NULL,NULL,NULL,NULL,NULL,NULL,NULL,NULL
"48600","ad08f899250b13d63c6a4bb9603ddc7a26b67cd18f8841bc4db8fdfafd2082e4ce356e7b00aca4486282245dd8831f5ee48c1177a00ca0065f7c7bcf7a4ae405","HZ279389","05/25/2016 03:30:00 PM","2","DRIVER",NULL,"47006.0",NULL,"MERCEDES-BENZ","E320","IL","2013.0","NONE","PASSENGER","PERSONAL","E","STRAIGHT AHEAD",NULL,NULL,"1.0",NULL,NULL,NULL,NULL,"N",NULL,"Y","Y","Y",NULL,NULL,NULL,NULL,NULL,NULL,NULL,NULL,"REAR",NULL,NULL,NULL,NULL,NULL,NULL,NULL,NULL,NULL,NULL,NULL,NULL,NULL,NULL,NULL,NULL,NULL,NULL,NULL,NULL,NULL,NULL,NULL,NULL,NULL,NULL,NULL,NULL,NULL,NULL,NULL,NULL,NULL
"48647","47f385ef892a91a1e23c98585f801f5db472421e95c3cd5e98a88232b2b234099622a14be8bc7fceaa55df9674fa152b725730d4d6728ae422182e297e08bc5e","HZ279586","05/25/2016 06:05:00 PM","2","DRIVER","1.0","47054.0",NULL,"MAZDA","6 (Six)","IL","2010.0","NONE","PASSENGER","PERSONAL","E","SLOW/STOP IN TRAFFIC",NULL,NULL,"2.0",NULL,NULL,NULL,NULL,NULL,NULL,NULL,NULL,"Y",NULL,NULL,NULL,NULL,NULL,NULL,NULL,NULL,"REAR",NULL,NULL,NULL,NULL,NULL,NULL,NULL,NULL,NULL,NULL,NULL,NULL,NULL,NULL,NULL,NULL,NULL,NULL,NULL,NULL,NULL,NULL,NULL,NULL,NULL,NULL,NULL,NULL,NULL,NULL,NULL,NULL,NULL
"48674","d5e80af20e8ecafa8ce3e1d866d9815ce256dfe91dd88489562e117c300c65f0fefae1deb400ed9fa1b64012019b7ce56a8c45363184fa7875e058eba313df8b","HZ279725","05/25/2016 07:40:00 PM","2","PARKED",NULL,"47071.0",NULL,"CHEVROLET","UNKNOWN","IL","2009.0","UNKNOWN","UNKNOWN/NA","UNKNOWN/NA","S","PARKED",NULL,NULL,"0.0",NULL,NULL,NULL,NULL,NULL,NULL,NULL,"Y",NULL,"Y",NULL,NULL,NULL,NULL,NULL,NULL,NULL,"REAR",NULL,NULL,NULL,NULL,NULL,NULL,NULL,NULL,NULL,NULL,NULL,NULL,NULL,NULL,NULL,NULL,NULL,NULL,NULL,NULL,NULL,NULL,NULL,NULL,NULL,NULL,NULL,NULL,NULL,NULL,NULL,NULL,NULL
"49070","668e562307a08795c63ac87d151425f7fb39ebf2d8c082231177e3566915f5e71c0e172f5d2b743da23982e62e66911506fc51b4fbe5b731dd1da42f993aed47","HZ282200","05/27/2016 03:30:00 PM","1","DRIVER",NULL,"47466.0",NULL,"TOYOTA MOTOR COMPANY, LTD.","Matrix (sport wagon)","IL","2009.0","UNKNOWN","PASSENGER","UNKNOWN/NA","E","UNKNOWN/NA",NULL,NULL,"1.0",NULL,NULL,NULL,NULL,"Y",NULL,NULL,NULL,NULL,NULL,NULL,NULL,NULL,NULL,NULL,NULL,NULL,"FRONT",NULL,NULL,NULL,NULL,NULL,NULL,NULL,NULL,NULL,NULL,NULL,NULL,NULL,NULL,NULL,NULL,NULL,NULL,NULL,NULL,NULL,NULL,NULL,NULL,NULL,NULL,NULL,NULL,NULL,NULL,NULL,NULL,NULL
"49129","206734273ece2c1deaf5efcc1352019a3a0945ea511cef77b4006f6d3fc527be1beb26a499035a9de9319cb853a43ed996ba7857824f7dd0661241ce37c60df4","HZ282352","05/27/2016 04:00:00 PM","2","DRIVER",NULL,"47524.0",NULL,"VOLKSWAGEN","JETTA",NULL,"2011.0","NONE","PASSENGER","PERSONAL","N","SLOW/STOP IN TRAFFIC",NULL,NULL,"1.0",NULL,NULL,NULL,NULL,"Y","Y",NULL,"Y","Y","Y",NULL,"Y",NULL,NULL,NULL,NULL,NULL,"REAR",NULL,NULL,NULL,NULL,NULL,NULL,NULL,NULL,NULL,NULL,NULL,NULL,NULL,NULL,NULL,NULL,NULL,NULL,NULL,NULL,NULL,NULL,NULL,NULL,NULL,NULL,NULL,NULL,NULL,NULL,NULL,NULL,NULL
"49447","1056b9ca59eabbf93615e61548a8bc2a8b9a226beb18b011cbaa1b138ded016d907a84bd81794cecb4ebb903ffce12cbcad9dbdf4638add8e37a3f04a29cbb43","HZ284307","05/29/2016 04:14:00 AM","2","DRIVER",NULL,"47840.0",NULL,"CADILLAC","CTS","IL","2015.0","NONE","PASSENGER","PERSONAL","S","STRAIGHT AHEAD","Y",NULL,"1.0",NULL,"Personal Tow","Unknown",NULL,NULL,NULL,"Y",NULL,NULL,NULL,NULL,NULL,NULL,"Y",NULL,NULL,NULL,"SIDE-RIGHT",NULL,NULL,NULL,NULL,NULL,NULL,NULL,NULL,NULL,NULL,NULL,NULL,NULL,NULL,NULL,NULL,NULL,NULL,NULL,NULL,NULL,NULL,NULL,NULL,NULL,NULL,NULL,NULL,NULL,NULL,NULL,NULL,NULL
"49524","d04134872de8201311638e350c71f749d7468ea3f8b83ca7570c59a2e20ab4585757f26c7e86fc7cb74a4c619be49fd2e00b1d0fea7945d3bd35a25077231420","HZ285088","05/29/2016 02:00:00 PM","2","DRIVER",NULL,"47919.0",NULL,"CHEVROLET","UNKNOWN","IL","2013.0","UNKNOWN","AUTOCYCLE","UNKNOWN/NA","S","UNKNOWN/NA",NULL,NULL,"1.0",NULL,NULL,NULL,NULL,NULL,NULL,NULL,"Y",NULL,NULL,NULL,NULL,NULL,NULL,NULL,NULL,NULL,"REAR-RIGHT",NULL,NULL,NULL,NULL,NULL,NULL,NULL,NULL,NULL,NULL,NULL,NULL,NULL,NULL,NULL,NULL,NULL,NULL,NULL,NULL,NULL,NULL,NULL,NULL,NULL,NULL,NULL,NULL,NULL,NULL,NULL,NULL,NULL