"CRASH_UNIT_ID","CRASH_RECORD_ID","RD_NO","CRASH_DATE","UNIT_NO","UNIT_TYPE","NUM_PASSENGERS","VEHICLE_ID","CMRC_VEH_I","MAKE","MODEL","LIC_PLATE_STATE","VEHICLE_YEAR","VEHICLE_DEFECT","VEHICLE_TYPE","VEHICLE_USE","TRAVEL_DIRECTION","MANEUVER","TOWED_I","FIRE_I","OCCUPANT_CNT","EXCEED_SPEED_LIMIT_I","TOWED_BY","TOWED_TO","AREA_00_I","AREA_01_I","AREA_02_I","AREA_03_I","AREA_04_I","AREA_05_I","AREA_06_I","AREA_07_I","AREA_08_I","AREA_09_I","AREA_10_I","AREA_11_I","AREA_12_I","AREA_99_I","FIRST_CONTACT_POINT","CMV_ID","USDOT_NO","CCMC_NO","ILCC_NO","COMMERCIAL_SRC","GVWR","CARRIER_NAME","CARRIER_STATE","CARRIER_CITY","HAZMAT_PLACARDS_I","HAZMAT_NAME","UN_NO","HAZMAT_PRESENT_I","HAZMAT_REPORT_I","HAZMAT_REPORT_NO","MCS_REPORT_I","MCS_REPORT_NO","HAZMAT_VIO_CAUSE_CRASH_I","MCS_VIO_CAUSE_CRASH_I","IDOT_PERMIT_NO","WIDE_LOAD_I","TRAILER1_WIDTH","TRAILER2_WIDTH","TRAILER1_LENGTH","TRAILER2_LENGTH","TOTAL_VEHICLE_LENGTH","AXLE_CNT","VEHICLE_CONFIG","CARGO_BODY_TYPE","LOAD_TYPE","HAZMAT_OUT_OF_SERVICE_I","MCS_OUT_OF_SERVICE_I","HAZMAT_CLASS"
"49819","75ae9ce01646764129cb5bc42497f174325d1fdb423bd73f53ef7c328a039d13a0722f2d9b20d1b963fe4eb0045e3f42f7d4aef7374b2b5494e74a5264b8668b","HZ287549","05/28/2016 01:50:00 PM","1","DRIVER",NULL,"48208.0",NULL,"FORD","ECONOLINE E150","IL","2009.0","UNKNOWN","VAN/MINI-VAN","PERSONAL","SE","STRAIGHT AHEAD",NULL,NULL,"1.0",NULL,NULL,NULL,NULL,"Y",NULL,NULL,NULL,NULL,NULL,NULL,NULL,NULL,NULL,NULL,NULL,NULL,"FRONT",NULL,NULL,NULL,NULL,NULL,NULL,NULL,NULL,NULL,NULL,NULL,NULL,NULL,NULL,NULL,NULL,NULL,NULL,NULL,NULL,NULL,NULL,NULL,NULL,NULL,NULL,NULL,NULL,NULL,NULL,NULL,NULL,NULL
"50035","b7fca73ea885f92abbb08abfb1aab1512f153355f61bc469f9613d346d8659068100b069a906ad29232598f2e0127c424a46c04545dd8c927dba7ffefa5f6a80","HZ288666","06/01/2016 09:00:00 AM","2","PARKED",NULL,"48416.0",NULL,"OLSON","OLSON","IL","2011.0","NONE","TRUCK - SINGLE UNIT","COMMERCIAL - SINGLE UNIT","S","PARKED",NULL,NULL,"0.0",NULL,NULL,NULL,NULL,NULL,NULL,NULL,NULL,NULL,NULL,NULL,NULL,NULL,NULL,NULL,"Y",NULL,"FRONT-LEFT",NULL,NULL,NULL,NULL,NULL,NULL,NULL,NULL,NULL,NULL,NULL,NULL,NULL,NULL,NULL,NULL,NULL,NULL,NULL,NULL,NULL,NULL,NULL,NULL,NULL,NULL,NULL,NULL,NULL,NULL,NULL,NULL,NULL
"50288","b12f111f0c1a69e759f268242aa5ba84ae5a30522a422a243c81ab57af3c9aa29e72afe11aa3618b1954f7587af1bc46c1e9db43a410beb45a18f090a11db5d9","HZ289917","06/01/2016 06:55:00 PM","2","DRIVER",NULL,"48668.0",NULL,"AUDI","A3","IL","2016.0","NONE","PASSENGER","PERSONAL","S","SLOW/STOP IN TRAFFIC",NULL,NULL,"1.0",NULL,NULL,NULL,NULL,NULL,NULL,NULL,"Y",NULL,NULL,NULL,NULL,NULL,NULL,NULL,NULL,NULL,"REAR-RIGHT",NULL,NULL,NULL,NULL,NULL,NULL,NULL,NULL,NULL,NULL,NULL,NULL,NULL,NULL,NULL,NULL,NULL,NULL,NULL,NULL,NULL,NULL,NULL,NULL,NULL,NULL,NULL,NULL,NULL,NULL,NULL,NULL,NULL
"50659","6c322b9a361e23c1f1cfe951acd9610e60f32287061b475c855ec78a8d3ffe1cdcb67264eeed5649bb6ad544b1c6f652063a291ea5f527b43060a510018bfec6","HZ292177","06/03/2016 05:00:00 PM","1","DRIVER",NULL,"49015.0",NULL,"HONDA","ACCORD","IL","2015.0","UNKNOWN","PASSENGER","PERSONAL","N","STRAIGHT AHEAD",NULL,NULL,"1.0",NULL,NULL,NULL,NULL,"Y",NULL,NULL,NULL,NULL,NULL,NULL,NULL,NULL,NULL,NULL,NULL,NULL,"FRONT",NULL,NULL,NULL,NULL,NULL,NULL,NULL,NULL,NULL,NULL,NULL,NULL,NULL,NULL,NULL,NULL,NULL,NULL,NULL,NULL,NULL,NULL,NULL,NULL,NULL,NULL,NULL,NULL,NULL,NULL,NULL,NULL,NULL
"51127","3518873abd6c5fa98bd7a58a1f3e1e31875bd2c2830b5c50463ee8704c3c9a22c43ba21d48d296fccc372152d18429f8602d4a3b3121921bd091c28908659eaa","HZ295995","06/05/2016 07:30:00 PM","2","PARKED",NULL,"49471.0",NULL,"HYUNDAI","ELANTRA","IL","2013.0","NONE","PASSENGER","PERSONAL","W","PARKED",NULL,NULL,"0.0",NULL,NULL,NULL,NULL,"Y",NULL,NULL,NULL,NULL,NULL,NULL,NULL,NULL,NULL,NULL,NULL,NULL,"FRONT",NULL,NULL,NULL,NULL,NULL,NULL,NULL,NULL,NULL,NULL,NULL,NULL,NULL,NULL,NULL,NULL,NULL,NULL,NULL,NULL,NULL,NULL,NULL,NULL,NULL,NULL,NULL,NULL,NULL,NULL,NULL,NULL,NULL
"51389","7a6306f5228fbd5393e0b0e606e317301369c191e339f4f9ee83b47faf3b73107470c081caf50283ff345011eb6d698eebf335828e27499a3ba162dd1f214e49","HZ297739","06/07/2016 06:45:00 PM","1","DRIVER",NULL,"49729.0",NULL,"NISSAN","SENTRA (DATSUN AND NISSAN HAVE MERGED)","IL","2012.0","NONE","PASSENGER","PERSONAL","S","CHANGING LANES",NULL,NULL,"1.0",NULL,NULL,NULL,NULL,"Y",NULL,NULL,NULL,NULL,NULL,NULL,NULL,NULL,NULL,NULL,NULL,NULL,"FRONT",NULL,NULL,NULL,NULL,NULL,NULL,NULL,NULL,NULL,NULL,NULL,NULL,NULL,NULL,NULL,NULL,NULL,NULL,NULL,NULL,NULL,NULL,NULL,NULL,NULL,NULL,NULL,NULL,NULL,NULL,NULL,NULL,NULL
"51732","b8af4e22c48a94f65503fbaf55427ea0ec8883274dbb10eb8bd5a4171fadd347f2a45d359aaf7e040d850110cc8c4b3cd2fba0cf61ec5ef1e3a8e562b9d04840","HZ300202","06/09/2016 02:58:00 PM","2","DRIVER",NULL,"50061.0",NULL,"GENERAL MOTORS CORP.","ACADIA","IL","2010.0","NONE","PASSENGER","PERSONAL","E","SLOW/STOP IN TRAFFIC",NULL,NULL,"1.0",NULL,NULL,NULL,NULL,NULL,NULL,NULL,NULL,NULL,"Y",NULL,NULL,NULL,NULL,NULL,NULL,NULL,"REAR-LEFT",NULL,NULL,NULL,NULL,NULL,NULL,NULL,NULL,NULL,NULL,NULL,NULL,NULL,NULL,NULL,NULL,NULL,NULL,NULL,NULL,NULL,NULL,NULL,NULL,NULL,NULL,NULL,NULL,NULL,NULL,NULL,NULL,NULL
"51746","f2ed79876d586c6a3be489bbf94df32ac93f4d4d9dcb21f4ad563e46d558d73e820de0741a0df1183488780057eddaab5a4f4e3ccc976ee320153babaa755d9c","HZ300279","06/09/2016 03:30:00 PM","2","DRIVER",NULL,"50077.0",NULL,"HONDA","CRV","IL","2015.0","NONE","SPORT UTILITY VEHICLE (SUV)","PERSONAL","S","SLOW/STOP IN TRAFFIC",NULL,NULL,"1.0",NULL,NULL,NULL,NULL,NULL,NULL,NULL,NULL,"Y",NULL,NULL,NULL,NULL,NULL,NULL,NULL,NULL,"REAR",NULL,NULL,NULL,NULL,NULL,NULL,NULL,NULL,NULL,NULL,NULL,NULL,NULL,NULL,NULL,NULL,NULL,NULL,NULL,NULL,NULL,NULL,NULL,NULL,NULL,NULL,NULL,NULL,NULL,NULL,NULL,NULL,NULL
"51756","1e039c57f60e3f4ce6a54dd675c39b99f12594377941a0a2f2f99a11c0df2dd8710753a4a550d7af284efce42e1a8bac245173408de3f50e83c4b2e17e564018","HZ300292","06/09/2016 03:30:00 PM","2","PARKED","1.0","50097.0",NULL,"HONDA","CIVIC","IL","2012.0","NONE","PASSENGER","PERSONAL","UNKNOWN","PARKED",NULL,NULL,"1.0",NULL,NULL,NULL,NULL,"Y",NULL,NULL,NULL,NULL,NULL,NULL,NULL,NULL,NULL,NULL,NULL,NULL,"FRONT",NULL,NULL,NULL,NULL,NULL,NULL,NULL,NULL,NULL,NULL,NULL,NULL,NULL,NULL,NULL,NULL,NULL,NULL,NULL,NULL,NULL,NULL,NULL,NULL,NULL,NULL,NULL,NULL,NULL,NULL,NULL,NULL,NULL
"51866","790408988f33684aa4bc454a52f9311220a83879fc7350494d72cde78bb27dcf48b123c750031649cd630cb955df5e0c039c4fe2bdd803bbcdca5c380f52c8b6","HZ301030","06/10/2016 07:10:00 AM","2","DRIVER",NULL,"50190.0",NULL,"CADILLAC","STS","IL","2010.0","NONE","PASSENGER","PERSONAL","S","STRAIGHT AHEAD",NULL,NULL,"1.0",NULL,NULL,NULL,NULL,NULL,"Y",NULL,NULL,NULL,NULL,NULL,NULL,NULL,NULL,NULL,NULL,NULL,"FRONT-RIGHT",NULL,NULL,NULL,NULL,NULL,NULL,NULL,NULL,NULL,NULL,NULL,NULL,NULL,NULL,NULL,NULL,NULL,NULL,NULL,NULL,NULL,NULL,NULL,NULL,NULL,NULL,NULL,NULL,NULL,NULL,NULL,NULL,NULL
"51884","91eae5fb3da373c1090e754f08f2a4c03ba18caa0f56109cef595d964ae273633c659fc6baffd55b8dc7cd23d772899d5dd789cd13b333e45edd6bb88d154d28","HZ301141","06/10/2016 09:15:00 AM","2","PARKED",NULL,"50206.0",NULL,"TOYOTA MOTOR COMPANY, LTD.","Avalon","IL","2011.0","NONE","PASSENGER","NOT IN USE","S","PARKED",NULL,NULL,"0.0",NULL,NULL,NULL,NULL,NULL,NULL,NULL,NULL,NULL,NULL,"Y",NULL,NULL,NULL,NULL,NULL,NULL,"SIDE-LEFT",NULL,NULL,NULL,NULL,NULL,NULL,NULL,NULL,NULL,NULL,NULL,NULL,NULL,NULL,NULL,NULL,NULL,NULL,NULL,NULL,NULL,NULL,NULL,NULL,NULL,NULL,NULL,NULL,NULL,NULL,NULL,NULL,NULL
"51904","39e9f7d719d41c0606fcd13535f9931115cb15feb8361b3fa0523ba0a8898603431c266d0b699fec0248d636038b8c0f530b827ece83325301f5b1e4cce6791d","HZ301302","06/10/2016 11:15:00 AM","1","DRIVER",NULL,"50227.0",NULL,"BMW","X5","IL","2013.0","NONE","SPORT UTILITY VEHICLE (SUV)","PERSONAL","W","PASSING/OVERTAKING",NULL,NULL,"1.0",NULL,NULL,NULL,NULL,NULL,NULL,NULL,NULL,NULL,NULL,NULL,"Y",NULL,NULL,NULL,NULL,NULL,"FRONT-LEFT",NULL,NULL,NULL,NULL,NULL,NULL,NULL,NULL,NULL,NULL,NULL,NULL,NULL,NULL,NULL,NULL,NULL,NULL,NULL,NULL,NULL,NULL,NULL,NULL,NULL,NULL,NULL,NULL,NULL,NULL,NULL,NULL,NULL
"51942","c3e2ab5e9990242a5eadc598509019fc3770e336883310c72b53ce9fa4e52b72612d0886f84295ab8a782d2cd2af7142014eb25e070704930d48378505e4ec06","HZ301589","06/09/2016 04:48:00 PM","1","DRIVER",NULL,"50267.0",NULL,"CHEVROLET","UNKNOWN","IL","2016.0","NONE","PASSENGER","PERSONAL","SW","SLOW/STOP - RIGHT TURN",NULL,NULL,"1.0",NULL,NULL,NULL,"Y",NULL,NULL,NULL,NULL,NULL,NULL,NULL,NULL,NULL,NULL,NULL,NULL,NULL,"SIDE-RIGHT",NULL,NULL,NULL,NULL,NULL,NULL,NULL,NULL,NULL,NULL,NULL,NULL,NULL,NULL,NULL,NULL,NULL,NULL,NULL,NULL,NULL,NULL,NULL,NULL,NULL,NULL,NULL,NULL,NULL,NULL,NULL,NULL,NULL
"52402","3e638505dcf899f7b0911d2347f337d943c00545eeff43c300540ec73c0285c882823b2ed11604eec167a88b6d323ed96bbeb9531d880cb22c83ac74f5ba6574","HZ304791","06/12/2016 08:00:00 PM","2","PARKED",NULL,"50716.0",NULL,"MERCEDES-BENZ","GLK350","IL","2013.0","NONE","SPORT UTILITY VEHICLE (SUV)","PERSONAL","E","PARKED",NULL,NULL,"0.0",NULL,NULL,NULL,NULL,NULL,NULL,NULL,NULL,NULL,"Y",NULL,NULL,NULL,NULL,NULL,NULL,NULL,"REAR-LEFT",NULL,NULL,NULL,NULL,NULL,NULL,NULL,NULL,NULL,NULL,NULL,NULL,NULL,NULL,NULL,NULL,NULL,NULL,NULL,NULL,NULL,NULL,NULL,NULL,NULL,NULL,NULL,NULL,NULL,NULL,NULL,NULL,NULL
"52626","fbe095293ce46df1319f119363de77200b75fb361980429ffcea2e76d9c8b6221c01c74bd81322e66c3cbd195c4a84331a18dbcb054a1b400cabf3f5dc00b713","HZ306204","06/12/2016 06:50:00 PM","2","DRIVER",NULL,"50940.0",NULL,"JEEP","CHEROKEE","IA","2016.0","NONE","SPORT UTILITY VEHICLE (SUV)","PERSONAL","S","BACKING",NULL,NULL,"1.0",NULL,NULL,NULL,NULL,NULL,NULL,NULL,NULL,NULL,"Y",NULL,NULL,NULL,NULL,NULL,NULL,NULL,"REAR-LEFT",NULL,NULL,NULL,NULL,NULL,NULL,NULL,NULL,NULL,NULL,NULL,NULL,NULL,NULL,NULL,NULL,NULL,NULL,NULL,NULL,NULL,NULL,NULL,NULL,NULL,NULL,NULL,NULL,NULL,NULL,NULL,NULL,NULL
"52628","1d3d7467431ddce33cea3bb3627addb74d08251b4af5e314a19bcc2723106a036d224f9c6987a9edf5953f0f89de6801885fefc8e98ae4b2ddada56de7975f6e","HZ306233","06/13/2016 07:00:00 PM","2","DRIVER",NULL,"50933.0",NULL,"TOYOTA MOTOR COMPANY, LTD.","CAMRY","IL","2012.0","NONE","PASSENGER","PERSONAL","W","STRAIGHT AHEAD",NULL,NULL,"1.0",NULL,NULL,NULL,NULL,NULL,NULL,NULL,NULL,NULL,NULL,NULL,"Y",NULL,NULL,NULL,NULL,NULL,"FRONT-LEFT",NULL,NULL,NULL,NULL,NULL,NULL,NULL,NULL,NULL,NULL,NULL,NULL,NULL,NULL,NULL,NULL,NULL,NULL,NULL,NULL,NULL,NULL,NULL,NULL,NULL,NULL,NULL,NULL,NULL,NULL,NULL,NULL,NULL
"52917","5d0eeb63331abd428c67aee5ee47b9d5a348c635c7deb7818543fb06002cb1ef2e3b1b92146d7cb2af80f8257366f5f368ff6edcccc1ae30b3f8863779e7d59d","HZ308258","06/14/2016 03:00:00 PM","2","DRIVER","2.0","51211.0",NULL,"HONDA","CRV","IL","2008.0","NONE","SPORT UTILITY VEHICLE (SUV)","PERSONAL","S","TURNING RIGHT",NULL,NULL,"3.0",NULL,NULL,NULL,NULL,NULL,NULL,NULL,NULL,NULL,NULL,NULL,"Y",NULL,NULL,NULL,NULL,NULL,"FRONT-LEFT",NULL,NULL,NULL,NULL,NULL,NULL,NULL,NULL,NULL,NULL,NULL,NULL,NULL,NULL,NULL,NULL,NULL,NULL,NULL,NULL,NULL,NULL,NULL,NULL,NULL,NULL,NULL,NULL,NULL,NULL,NULL,NULL,NULL
"53604","6c07ae7589a0feda1dfc9ed392665715e90acae37825070af5293f5f3b2bdaa0888caf57c963bc3856be643d7d19238bfd82bf44bd4a95082dfa8d6686ca7d39","HZ313139","06/07/2016 02:00:00 PM","2","DRIVER",NULL,"51876.0",NULL,"TOYOTA MOTOR COMPANY, LTD.","CAMRY","IL","2012.0","UNKNOWN","PASSENGER","UNKNOWN/NA","E","STRAIGHT AHEAD",NULL,NULL,"1.0",NULL,NULL,NULL,NULL,"Y",NULL,NULL,NULL,NULL,NULL,NULL,NULL,NULL,NULL,NULL,NULL,NULL,"FRONT",NULL,NULL,NULL,NULL,NULL,NULL,NULL,NULL,NULL,NULL,NULL,NULL,NULL,NULL,NULL,NULL,NULL,NULL,NULL,NULL,NULL,NULL,NULL,NULL,NULL,NULL,NULL,NULL,NULL,NULL,NULL,NULL,NULL
"53754","2cd92d35ea2e9d695336f786387db6ba795091149e3deb2ed2759d4a9705f61b4331ac91ab6bc0dfbc3e56791420c422ba73b64419efab2b2a23773151dd5e3b","HZ314246","06/16/2016 01:00:00 PM","1","DRIVER",NULL,"52017.0",NULL,"NISSAN","SENTRA (DATSUN AND NISSAN HAVE MERGED)","IL","2010.0","NONE","PASSENGER","PERSONAL","S","CHANGING LANES",NULL,NULL,"1.0",NULL,NULL,NULL,NULL,NULL,NULL,NULL,NULL,NULL,NULL,"Y",NULL,NULL,NULL,NULL,NULL,NULL,"SIDE-LEFT",NULL,NULL,NULL,NULL,NULL,NULL,NULL,NULL,NULL,NULL,NULL,NULL,NULL,NULL,NULL,NULL,NULL,NULL,NULL,NULL,NULL,NULL,NULL,NULL,NULL,NULL,NULL,NULL,NULL,NULL,NULL,NULL,NULL
"53836","045b80b2a2938816a7a250d35985d39ef1162c81e6cd85cb0426f59114e196c5f2b5bb922c6585b323975e709a5d259fe56b8772b1f1efc6cff58a157e45ce94","HZ314607","06/19/2016 12:51:00 AM","2","PARKED",NULL,"52098.0",NULL,"AUDI","A6","IL","2012.0","NONE","PASSENGER","PERSONAL","N","PARKED",NULL,NULL,"0.0",NULL,NULL,NULL,"Y",NULL,NULL,NULL,NULL,"Y",NULL,NULL,NULL,NULL,NULL,NULL,NULL,NULL,"REAR",NULL,NULL,NULL,NULL,NULL,NULL,NULL,NULL,NULL,NULL,NULL,NULL,NULL,NULL,NULL,NULL,NULL,NULL,NULL,NULL,NULL,NULL,NULL,NULL,NULL,NULL,NULL,NULL,NULL,NULL,NULL,NULL,NULL
"54117","9cc59723089025b578cd99c5b2b7b2f4aec723a681894364850d5534826797c6d086ff3961399f114a255271048f38b18346ff7a5c73b231ec417d447b793dcb","HZ316229","06/20/2016 05:28:00 PM","2","DRIVER",NULL,"52375.0",NULL,"TOYOTA MOTOR COMPANY, LTD.","CAMRY","IL","2012.0","NONE","PASSENGER","TAXI/FOR HIRE","N","STRAIGHT AHEAD",NULL,NULL,"1.0",NULL,NULL,NULL,NULL,NULL,NULL,NULL,NULL,"Y",NULL,NULL,NULL,NULL,NULL,NULL,NULL,NULL,"REAR",NULL,NULL,NULL,NULL,NULL,NULL,NULL,NULL,NULL,NULL,NULL,NULL,NULL,NULL,NULL,NULL,NULL,NULL,NULL,NULL,NULL,NULL,NULL,NULL,NULL,NULL,NULL,NULL,NULL,NULL,NULL,NULL,NULL
"54574","724cec37178e3341b546341eae63111a2dd530329f1dd512ca99ddfa98474a0206f8650cd9578479a18e359a919b25cb06974fb480c0658344543a06d0e6f2b4","HZ319730","06/23/2016 07:39:00 AM","2","DRIVER",NULL,"52815.0",NULL,"CHEVROLET","EQUINOX","IL","2008.0","NONE","SPORT UTILITY VEHICLE (SUV)","PERSONAL","NE","SLOW/STOP IN TRAFFIC",NULL,NULL,"1.0",NULL,NULL,NULL,NULL,NULL,NULL,NULL,NULL,"Y",NULL,NULL,NULL,NULL,NULL,NULL,NULL,NULL,"REAR",NULL,NULL,NULL,NULL,NULL,NULL,NULL,NULL,NULL,NULL,NULL,NULL,NULL,NULL,NULL,NULL,NULL,NULL,NULL,NULL,NULL,NULL,NULL,NULL,NULL,NULL,NULL,NULL,NULL,NULL,NULL,NULL,NULL
"55070","58bdb390de91610d044c6b66505c5dc2c441dab8ee0a36341fb6bebd1ce3c0acd732b4b466e163a705c9e388626aa37bf87dc9409c31ba6a7b728844eaae1273","HZ323537","06/25/2016 02:40:00 PM","2","DRIVER","2.0","53293.0",NULL,"VOLKSWAGEN","UNKNOWN","IL","2009.0","UNKNOWN","PASSENGER","UNKNOWN/NA","W","SLOW/STOP IN TRAFFIC",NULL,NULL,"3.0",NULL,NULL,NULL,NULL,NULL,NULL,NULL,NULL,"Y",NULL,NULL,NULL,NULL,NULL,NULL,NULL,NULL,"REAR",NULL,NULL,NULL,NULL,NULL,NULL,NULL,NULL,NULL,NULL,NULL,NULL,NULL,NULL,NULL,NULL,NULL,NULL,NULL,NULL,NULL,NULL,NULL,NULL,NULL,NULL,NULL,NULL,NULL,NULL,NULL,NULL,NULL
"55429","4a203d220717caf51a48f6751833be023beff0b20d17427901b783600535f17eb67a2cff8721b3c9b549204f97cdb97854c96a99bc3f60a430dae5db8d639cd4","HZ325159","06/27/2016 07:30:00 AM","1","DRIVER",NULL,"53634.0",NULL,"ACURA","ACURA",NULL,"2010.0","UNKNOWN","PASSENGER","PERSONAL","S","STRAIGHT AHEAD",NULL,NULL,"1.0",NULL,NULL,NULL,NULL,"Y","Y",NULL,NULL,NULL,NULL,NULL,NULL,NULL,NULL,NULL,NULL,NULL,"FRONT-RIGHT",NULL,NULL,NULL,NULL,NULL,NULL,NULL,NULL,NULL,NULL,NULL,NULL,NULL,NULL,NULL,NULL,NULL,NULL,NULL,NULL,NULL,NULL,NULL,NULL,NULL,NULL,NULL,NULL,NULL,NULL,NULL,NULL,NULL
"55648","580d2710bbaab9ab882e69de8bfe6c00559ea914595f09abc289ca640cec3664823b7c659f4a95413a91068dda71c224fb57205630b2dd9f63b1ef77c6af7a3c","HZ328463","06/24/2016 03:30:00 PM","1","DRIVER",NULL,"53850.0",NULL,"CHEVROLET","EQUINOX","IL","2015.0","NONE","PASSENGER","PERSONAL","W","STRAIGHT AHEAD",NULL,NULL,"1.0",NULL,NULL,NULL,NULL,"Y",NULL,NULL,NULL,NULL,NULL,NULL,NULL,NULL,NULL,NULL,NULL,NULL,"FRONT-RIGHT",NULL,NULL,NULL,NULL,NULL,NULL,NULL,NULL,NULL,NULL,NULL,NULL,NULL,NULL,NULL,NULL,NULL,NULL,NULL,NULL,NULL,NULL,NULL,NULL,NULL,NULL,NULL,NULL,NULL,NULL,NULL,NULL,NULL
"56234","efcee2b60e531b385ea048a9f0718ff9983bd066a6076a96e4a127eb1bb15086671f50890880bc78687e6a335454eebbacc3babfd0d3d178a2447b3523391ce0","HZ332427","06/25/2016 05:00:00 PM","1","DRIVER",NULL,"54413.0",NULL,"MERCEDES-BENZ","UNKNOWN","IL","2015.0","UNKNOWN","PASSENGER","PERSONAL","N","BACKING",NULL,NULL,"1.0",NULL,NULL,NULL,NULL,NULL,NULL,NULL,NULL,NULL,"Y",NULL,NULL,NULL,NULL,NULL,NULL,NULL,"REAR-LEFT",NULL,NULL,NULL,NULL,NULL,NULL,NULL,NULL,NULL,NULL,NULL,NULL,NULL,NULL,NULL,NULL,NULL,NULL,NULL,NULL,NULL,NULL,NULL,NULL,NULL,NULL,NULL,NULL,NULL,NULL,NULL,NULL,NULL
"56446","490065e811bd34833f6044e0dc027437c1b90355468eb0106235f281dd7b8c78e790c16a17f7990e181a43984569127e50dc81a1c1f82bcfacfdf87246c0a810","HZ334060","07/03/2016 03:26:00 PM","2","DRIVER","1.0","54623.0",NULL,"VOLVO","XC60","IL","2016.0","NONE","PASSENGER","PERSONAL","S","STRAIGHT AHEAD",NULL,NULL,"2.0",NULL,NULL,NULL,"Y",NULL,NULL,NULL,NULL,"Y",NULL,NULL,NULL,NULL,NULL,NULL,NULL,NULL,"REAR",NULL,NULL,NULL,NULL,NULL,NULL,NULL,NULL,NULL,NULL,NULL,NULL,NULL,NULL,NULL,NULL,NULL,NULL,NULL,NULL,NULL,NULL,NULL,NULL,NULL,NULL,NULL,NULL,NULL,NULL,NULL,NULL,NULL
"56683","cb97234008131f18c158e4bd5174bd4ed952fb3b8a31ef024839315553bb665c2f75f880e2457191be7a5b64314cf47cf451fcb2680d37277628b54a5324cee5","HZ336475","07/05/2016 01:00:00 PM","2","DRIVER","1.0","54853.0",NULL,"NISSAN","NISSAN ALTIMA","IL","2013.0","NONE","PASSENGER","PERSONAL","E","STRAIGHT AHEAD",NULL,NULL,"2.0",NULL,NULL,NULL,NULL,NULL,NULL,NULL,NULL,NULL,"Y","Y",NULL,NULL,NULL,NULL,NULL,NULL,"SIDE-LEFT",NULL,NULL,NULL,NULL,NULL,NULL,NULL,NULL,NULL,NULL,NULL,NULL,NULL,NULL,NULL,NULL,NULL,NULL,NULL,NULL,NULL,NULL,NULL,NULL,NULL,NULL,NULL,NULL,NULL,NULL,NULL,NULL,NULL
"56817","849f797ede828392f6ce04e7c72528cf04c0580829b3c7c59f7aeff7f12b6311757cba4cf6c6e36f7fa3ae92bc4ca3d24be8c5d095d7b639de4c545217137c5f","HZ337394","07/06/2016 12:06:00 AM","2","DRIVER",NULL,"54981.0",NULL,"MAZDA","Mazda 3","IL","2010.0","UNKNOWN","PASSENGER","PERSONAL","W","STRAIGHT AHEAD","Y",NULL,"1.0",NULL,"UNK","UNK",NULL,NULL,NULL,NULL,NULL,NULL,"Y","Y","Y",NULL,NULL,"Y",NULL,NULL,"TOTAL (ALL AREAS)",NULL,NULL,NULL,NULL,NULL,NULL,NULL,NULL,NULL,NULL,NULL,NULL,NULL,NULL,NULL,NULL,NULL,NULL,NULL,NULL,NULL,NULL,NULL,NULL,NULL,NULL,NULL,NULL,NULL,NULL,NULL,NULL,NULL
"56826","6a9e0db05114cbd551d7b22113d2098de98391b08cf0ba93b5f650db2e7c31548d8bf7ecc1de7cb8e10a35dd1362e306a23719cbbbe373bbc911fba36be01131","HZ337588","07/06/2016 06:53:00 AM","2","DRIVER",NULL,"54988.0",NULL,"NISSAN","NISSAN ALTIMA","IN","2008.0","NONE","PASSENGER","PERSONAL","W","SLOW/STOP IN TRAFFIC",NULL,NULL,"1.0",NULL,NULL,NULL,NULL,NULL,NULL,NULL,NULL,"Y","Y",NULL,NULL,NULL,NULL,NULL,NULL,NULL,"REAR",NULL,NULL,NULL,NULL,NULL,NULL,NULL,NULL,NULL,NULL,NULL,NULL,NULL,NULL,NULL,NULL,NULL,NULL,NULL,NULL,NULL,NULL,NULL,NULL,NULL,NULL,NULL,NULL,NULL,NULL,NULL,NULL,NULL
"56879","d97e40f417cb099c9fa4b88e99ba93f7001657211e316d6971f1ebc4da5ce245e7a477a555c0485bb508a31e51f30a0ccde38083e3e135e36a38027ebe28a28e","HZ338006","07/06/2016 01:10:00 PM","1","DRIVER",NULL,"55036.0",NULL,"HONDA","CIVIC","IL","2014.0","NONE","PASSENGER","PERSONAL","N","STRAIGHT AHEAD",NULL,NULL,"1.0",NULL,NULL,NULL,NULL,"Y",NULL,NULL,NULL,NULL,NULL,NULL,NULL,NULL,NULL,NULL,NULL,NULL,"FRONT",NULL,NULL,NULL,NULL,NULL,NULL,NULL,NULL,NULL,NULL,NULL,NULL,NULL,NULL,NULL,NULL,NULL,NULL,NULL,NULL,NULL,NULL,NULL,NULL,NULL,NULL,NULL,NULL,NULL,NULL,NULL,NULL,NULL
"57086","ef03e5a19f8cdac50bf44c61b0102621264c39ef3979873bbd10b31515c5eb96d39b05c1300571d9071ee40aec52babef845b1f1e417e209f2caa5297ad705b9","HZ339362","07/07/2016 11:20:00 AM","1","DRIVER",NULL,"55242.0",NULL,"NISSAN","NISSAN ALTIMA","IL","2012.0","UNKNOWN","PASSENGER","PERSONAL","W","STRAIGHT AHEAD","Y",NULL,"1.0",NULL,"CITY OF CHICAGO","CITY AUTO POUND","Y",NULL,NULL,NULL,NULL,NULL,NULL,NULL,NULL,NULL,NULL,NULL,NULL,NULL,"NONE",NULL,NULL,NULL,NULL,NULL,NULL,NULL,NULL,NULL,NULL,NULL,NULL,NULL,NULL,NULL,NULL,NULL,NULL,NULL,NULL,NULL,NULL,NULL,NULL,NULL,NULL,NULL,NULL,NULL,NULL,NULL,NULL,NULL