"CRASH_UNIT_ID","CRASH_RECORD_ID","RD_NO","CRASH_DATE","UNIT_NO","UNIT_TYPE","NUM_PASSENGERS","VEHICLE_ID","CMRC_VEH_I","MAKE","MODEL","LIC_PLATE_STATE","VEHICLE_YEAR","VEHICLE_DEFECT","VEHICLE_TYPE","VEHICLE_USE","TRAVEL_DIRECTION","MANEUVER","TOWED_I","FIRE_I","OCCUPANT_CNT","EXCEED_SPEED_LIMIT_I","TOWED_BY","TOWED_TO","AREA_00_I","AREA_01_I","AREA_02_I","AREA_03_I","AREA_04_I","AREA_05_I","AREA_06_I","AREA_07_I","AREA_08_I","AREA_09_I","AREA_10_I","AREA_11_I","AREA_12_I","AREA_99_I","FIRST_CONTACT_POINT","CMV_ID","USDOT_NO","CCMC_NO","ILCC_NO","COMMERCIAL_SRC","GVWR","CARRIER_NAME","CARRIER_STATE","CARRIER_CITY","HAZMAT_PLACARDS_I","HAZMAT_NAME","UN_NO","HAZMAT_PRESENT_I","HAZMAT_REPORT_I","HAZMAT_REPORT_NO","MCS_REPORT_I","MCS_REPORT_NO","HAZMAT_VIO_CAUSE_CRASH_I","MCS_VIO_CAUSE_CRASH_I","IDOT_PERMIT_NO","WIDE_LOAD_I","TRAILER1_WIDTH","TRAILER2_WIDTH","TRAILER1_LENGTH","TRAILER2_LENGTH","TOTAL_VEHICLE_LENGTH","AXLE_CNT","VEHICLE_CONFIG","CARGO_BODY_TYPE","LOAD_TYPE","HAZMAT_OUT_OF_SERVICE_I","MCS_OUT_OF_SERVICE_I","HAZMAT_CLASS"
"57801","2a0baf9e35b74a911b8837f8a9bdd57e3d0389e2a2dae0c96234e5bc884a2912da60fbe3c375052034a5c932de41739afff8c4a693ce4eebf2ce22796c81c5d4","HZ343515","07/10/2016 03:08:00 PM","2","DRIVER",NULL,"55934.0",NULL,"MERCEDES-BENZ","UNKNOWN","IL","2012.0","NONE","SPORT UTILITY VEHICLE (SUV)","PERSONAL","UNKNOWN","SLOW/STOP IN TRAFFIC",NULL,NULL,"1.0",NULL,NULL,NULL,NULL,NULL,NULL,"Y",NULL,NULL,NULL,NULL,NULL,NULL,NULL,NULL,NULL,NULL,"SIDE-RIGHT",NULL,NULL,NULL,NULL,NULL,NULL,NULL,NULL,NULL,NULL,NULL,NULL,NULL,NULL,NULL,NULL,NULL,NULL,NULL,NULL,NULL,NULL,NULL,NULL,NULL,NULL,NULL,NULL,NULL,NULL,NULL,NULL,NULL
"58347","c4e21c27c4dd483c88ebf7f29eb851fdda5c750cca3f181aec1c511e3b03f67ed16f0c9283dda1fd7b59e71e04bd0127f31c148bf561fb87f70506ab6be0b3ab","HZ347139","07/12/2016 02:30:00 PM","1","DRIVER",NULL,"56461.0",NULL,"CHEVROLET","UNKNOWN","IL","2009.0","UNKNOWN","PASSENGER","UNKNOWN/NA","E","TURNING RIGHT",NULL,NULL,"1.0",NULL,NULL,NULL,NULL,NULL,NULL,NULL,"Y",NULL,NULL,NULL,NULL,NULL,NULL,NULL,NULL,NULL,"REAR-RIGHT",NULL,NULL,NULL,NULL,NULL,NULL,NULL,NULL,NULL,NULL,NULL,NULL,NULL,NULL,NULL,NULL,NULL,NULL,NULL,NULL,NULL,NULL,NULL,NULL,NULL,NULL,NULL,NULL,NULL,NULL,NULL,NULL,NULL
"58766","05e54208d8223ce23f38d526043c3f17ce6f1f897496b9c7a39d4525e43b01fb1f93b23f9fd058851c0fce80e09583385e4b43bb2342be28c6303948a09b9c47","HZ348439","07/14/2016 09:55:00 AM","1","DRIVER",NULL,"56870.0",NULL,"VOLKSWAGEN","GTI","IL","2014.0","NONE","PASSENGER","PERSONAL","E","BACKING",NULL,NULL,"1.0",NULL,NULL,NULL,NULL,NULL,NULL,NULL,NULL,NULL,"Y",NULL,NULL,NULL,NULL,NULL,NULL,NULL,"REAR-LEFT",NULL,NULL,NULL,NULL,NULL,NULL,NULL,NULL,NULL,NULL,NULL,NULL,NULL,NULL,NULL,NULL,NULL,NULL,NULL,NULL,NULL,NULL,NULL,NULL,NULL,NULL,NULL,NULL,NULL,NULL,NULL,NULL,NULL
"58789","5cd872d70a6febf466d4c3b536f7d044afd74db6fe68558f1431a42002381477aac8a6fd38985ecf3a4ec894d69cf4692fd23833798ec5b03b053393c47a31d4","HZ349827","07/15/2016 10:00:00 AM","2","DRIVER",NULL,"56893.0",NULL,"CHEVROLET","MALIBU (CHEVELLE)","IL","2015.0","NONE","PASSENGER","PERSONAL","E","SLOW/STOP IN TRAFFIC",NULL,NULL,"1.0",NULL,NULL,NULL,NULL,"Y",NULL,NULL,NULL,NULL,NULL,NULL,"Y",NULL,NULL,NULL,NULL,NULL,"FRONT",NULL,NULL,NULL,NULL,NULL,NULL,NULL,NULL,NULL,NULL,NULL,NULL,NULL,NULL,NULL,NULL,NULL,NULL,NULL,NULL,NULL,NULL,NULL,NULL,NULL,NULL,NULL,NULL,NULL,NULL,NULL,NULL,NULL
"58807","0844557a1b80687c9babf1467e061e0818601e456221d58e69ed436d1e1ce9bbae9d455d262708e39a0a41fcaaf0bc38535fbd43b4d2167f77db870c3828e667","HZ349897","07/15/2016 10:00:00 AM","1","DRIVER",NULL,"56908.0",NULL,"KIA MOTORS CORP","Rio","IL","2013.0","NONE","PASSENGER","OTHER","N","ENTER FROM DRIVE/ALLEY",NULL,NULL,"1.0",NULL,NULL,NULL,NULL,NULL,NULL,NULL,NULL,NULL,NULL,NULL,"Y",NULL,NULL,NULL,NULL,NULL,"FRONT-LEFT",NULL,NULL,NULL,NULL,NULL,NULL,NULL,NULL,NULL,NULL,NULL,NULL,NULL,NULL,NULL,NULL,NULL,NULL,NULL,NULL,NULL,NULL,NULL,NULL,NULL,NULL,NULL,NULL,NULL,NULL,NULL,NULL,NULL
"58877","a58d2684f8d429ad74a870bbecad623892e52fd03f433e00cb3c7db338eaac21c561706b82e58bfc9d31fb5ae4e3835e0fd59272846bf723564b85010d05e5f2","HZ350274","07/15/2016 03:10:00 PM","2","DRIVER",NULL,"56977.0",NULL,"PONTIAC","G6","IL","2009.0","NONE","PASSENGER","PERSONAL","N","STRAIGHT AHEAD",NULL,NULL,"1.0",NULL,NULL,NULL,NULL,NULL,NULL,NULL,NULL,NULL,"Y","Y",NULL,NULL,NULL,NULL,NULL,NULL,"REAR-LEFT",NULL,NULL,NULL,NULL,NULL,NULL,NULL,NULL,NULL,NULL,NULL,NULL,NULL,NULL,NULL,NULL,NULL,NULL,NULL,NULL,NULL,NULL,NULL,NULL,NULL,NULL,NULL,NULL,NULL,NULL,NULL,NULL,NULL
"59142","8ee38c655ae22a16b5c2ecc8aee11b9839141060e7f82f34107f6c6aa0ab234ce52431f3eef2ee8fc82f2a4ab5e0d82e32b424d69b47bc43e66b077eee587c0a","HZ351737","07/16/2016 02:50:00 PM","2","PARKED",NULL,"57229.0",NULL,"TOYOTA MOTOR COMPANY, LTD.","COROLLA","IL","2015.0","NONE","PASSENGER","NOT IN USE","N","PARKED",NULL,NULL,"0.0",NULL,NULL,NULL,NULL,NULL,NULL,NULL,NULL,NULL,"Y","Y","Y",NULL,NULL,NULL,NULL,NULL,"REAR-LEFT",NULL,NULL,NULL,NULL,NULL,NULL,NULL,NULL,NULL,NULL,NULL,NULL,NULL,NULL,NULL,NULL,NULL,NULL,NULL,NULL,NULL,NULL,NULL,NULL,NULL,NULL,NULL,NULL,NULL,NULL,NULL,NULL,NULL
"59296","4a29ff6446e92ddad53bb305027f969c720b73093b8a8f43b363cd857fb42abc4c3c20df859c85c5972912a02eca279869a0a3f7f8f7b0cd7395f733c41062f2","HZ352833","07/16/2016 09:00:00 PM","1","DRIVER",NULL,"57377.0",NULL,"TOYOTA MOTOR COMPANY, LTD.","Prius","IL","2011.0","UNKNOWN","UNKNOWN/NA","UNKNOWN/NA","E","STRAIGHT AHEAD",NULL,NULL,"1.0",NULL,NULL,NULL,NULL,"Y","Y",NULL,NULL,NULL,NULL,NULL,"Y",NULL,NULL,NULL,NULL,NULL,"FRONT",NULL,NULL,NULL,NULL,NULL,NULL,NULL,NULL,NULL,NULL,NULL,NULL,NULL,NULL,NULL,NULL,NULL,NULL,NULL,NULL,NULL,NULL,NULL,NULL,NULL,NULL,NULL,NULL,NULL,NULL,NULL,NULL,NULL
"59975","f704cd39fd5131f4432ebb6580bde2b9788553fd4b2dc8fe649dc26ba7b3219472b44bf75545823231b12fd7c6621ad6806e0eeed52f07f809eb959027060ff6","HZ357122","07/20/2016 01:50:00 PM","2","PARKED",NULL,"58030.0",NULL,"HONDA","ACCORD","IL","2011.0","NONE","PASSENGER","PERSONAL","UNKNOWN","PARKED",NULL,NULL,"0.0",NULL,NULL,NULL,NULL,NULL,NULL,NULL,NULL,"Y","Y",NULL,NULL,NULL,NULL,NULL,NULL,NULL,"REAR-LEFT",NULL,NULL,NULL,NULL,NULL,NULL,NULL,NULL,NULL,NULL,NULL,NULL,NULL,NULL,NULL,NULL,NULL,NULL,NULL,NULL,NULL,NULL,NULL,NULL,NULL,NULL,NULL,NULL,NULL,NULL,NULL,NULL,NULL
"60234","f3c5b43e3697db57ccab731b8b28a3ec14df3da8dd695b9fe0cbaa350db0c14464331158cccfaeef5f8cdd036e2707d483324200219fa6e94100149fdb4a72a2","HZ358661","07/21/2016 03:00:00 PM","1","DRIVER",NULL,"58291.0",NULL,"TOYOTA MOTOR COMPANY, LTD.","CAMRY","IL","2016.0","NONE","OTHER","TAXI/FOR HIRE","S","OTHER",NULL,NULL,"1.0",NULL,NULL,NULL,NULL,NULL,"Y","Y","Y",NULL,NULL,NULL,NULL,NULL,NULL,NULL,NULL,NULL,"SIDE-RIGHT",NULL,NULL,NULL,NULL,NULL,NULL,NULL,NULL,NULL,NULL,NULL,NULL,NULL,NULL,NULL,NULL,NULL,NULL,NULL,NULL,NULL,NULL,NULL,NULL,NULL,NULL,NULL,NULL,NULL,NULL,NULL,NULL,NULL
"60703","ed399eaa31780cf9880f4fd0013fcaec96df9e8908d15eb9e396dec9278cc036ce20c82478d8fb8796a91f11b6c717d9b172d1948cd45ccd8effe0c82e02d6fb","HZ361400","07/23/2016 04:45:00 PM","1","DRIVER",NULL,"58736.0",NULL,"CHEVROLET","UNKNOWN","IL","2014.0","NONE","PASSENGER","PERSONAL","E","ENTERING TRAFFIC LANE FROM PARKING",NULL,NULL,"1.0",NULL,NULL,NULL,NULL,NULL,NULL,NULL,NULL,NULL,NULL,NULL,"Y",NULL,NULL,NULL,NULL,NULL,"FRONT-LEFT",NULL,NULL,NULL,NULL,NULL,NULL,NULL,NULL,NULL,NULL,NULL,NULL,NULL,NULL,NULL,NULL,NULL,NULL,NULL,NULL,NULL,NULL,NULL,NULL,NULL,NULL,NULL,NULL,NULL,NULL,NULL,NULL,NULL
"60832","133284524b1b3fabec2eb50caa4cf7a233de0f959d4b5820bdf97526c65e39222e4e22ee87424b7ac2e7bb7b48fe55e85800ad1a4aa0762d4050094571cce3f7","HZ362209","07/23/2016 03:00:00 PM","1","DRIVER",NULL,"58862.0",NULL,"NISSAN","UNKNOWN","IL","2009.0","UNKNOWN","UNKNOWN/NA","UNKNOWN/NA","E","STRAIGHT AHEAD",NULL,NULL,"1.0",NULL,NULL,NULL,NULL,"Y",NULL,NULL,NULL,NULL,NULL,NULL,NULL,NULL,NULL,NULL,NULL,NULL,"FRONT",NULL,NULL,NULL,NULL,NULL,NULL,NULL,NULL,NULL,NULL,NULL,NULL,NULL,NULL,NULL,NULL,NULL,NULL,NULL,NULL,NULL,NULL,NULL,NULL,NULL,NULL,NULL,NULL,NULL,NULL,NULL,NULL,NULL
"60849","2d639c7277048a4f7b3c13fdb1a97da8c696af57e64a40468502b58deb09eff32f00c0ca0e01195829962379404974be120d7050010f9e4931c6f308f49035a6","HZ362314","07/24/2016 11:15:00 AM","2","DRIVER",NULL,"58880.0",NULL,"VOLKSWAGEN","JETTA",NULL,"2010.0","UNKNOWN","PASSENGER","PERSONAL","W","TURNING LEFT",NULL,NULL,"1.0",NULL,NULL,NULL,NULL,NULL,NULL,NULL,NULL,NULL,"Y",NULL,NULL,NULL,NULL,NULL,NULL,NULL,"REAR-LEFT",NULL,NULL,NULL,NULL,NULL,NULL,NULL,NULL,NULL,NULL,NULL,NULL,NULL,NULL,NULL,NULL,NULL,NULL,NULL,NULL,NULL,NULL,NULL,NULL,NULL,NULL,NULL,NULL,NULL,NULL,NULL,NULL,NULL
"61257","b318e24eeec2ac2d44801c3e2b3a1a054256710ce1e892b6000118885f0d5bc843bc2d3aa9714d2cf4d170e0873ef401bc7b6628308fac05836d92c4d4e1c82a","HZ364309","07/25/2016 06:00:00 PM","2","DRIVER",NULL,"59278.0",NULL,"CHEVROLET","EQUINOX","IL","2008.0","UNKNOWN","SPORT UTILITY VEHICLE (SUV)","PERSONAL","E","SLOW/STOP IN TRAFFIC",NULL,NULL,"1.0",NULL,NULL,NULL,NULL,NULL,NULL,NULL,NULL,"Y",NULL,NULL,NULL,NULL,NULL,NULL,NULL,NULL,"REAR",NULL,NULL,NULL,NULL,NULL,NULL,NULL,NULL,NULL,NULL,NULL,NULL,NULL,NULL,NULL,NULL,NULL,NULL,NULL,NULL,NULL,NULL,NULL,NULL,NULL,NULL,NULL,NULL,NULL,NULL,NULL,NULL,NULL
"61324","b4597655bb93e9b6341ad7baf55abfbd5ac472b03ff48180b34c1497ef6406cd55785ea979baad66c06b5e656e6fa5178c0d71131b22bbe6bb70fe61de3cca2c","HZ364812","07/26/2016 07:20:00 AM","1","DRIVER","3.0","59344.0",NULL,"FORD","ESCAPE (SUV)","IL","2016.0","NONE","SPORT UTILITY VEHICLE (SUV)","PERSONAL","W","TURNING LEFT",NULL,NULL,"4.0",NULL,NULL,NULL,NULL,NULL,"Y","Y",NULL,NULL,NULL,NULL,NULL,NULL,NULL,NULL,NULL,NULL,"SIDE-RIGHT",NULL,NULL,NULL,NULL,NULL,NULL,NULL,NULL,NULL,NULL,NULL,NULL,NULL,NULL,NULL,NULL,NULL,NULL,NULL,NULL,NULL,NULL,NULL,NULL,NULL,NULL,NULL,NULL,NULL,NULL,NULL,NULL,NULL
"61748","5a098f7212c9ea60862c922bf3829550018462900b0811fb3f3c0dd1517daee03c7db189bde069b69e2d9ca16ec66844b0e1355c102dc5423df90f344e628213","HZ366885","07/27/2016 03:00:00 PM","2","DRIVER",NULL,"59746.0",NULL,"HINO","HINO","IL","2015.0","NONE","TRUCK - SINGLE UNIT","TOW TRUCK","N","STRAIGHT AHEAD",NULL,NULL,"1.0",NULL,NULL,NULL,NULL,NULL,"Y",NULL,NULL,NULL,NULL,NULL,NULL,NULL,NULL,NULL,NULL,NULL,"FRONT-RIGHT",NULL,NULL,NULL,NULL,NULL,NULL,NULL,NULL,NULL,NULL,NULL,NULL,NULL,NULL,NULL,NULL,NULL,NULL,NULL,NULL,NULL,NULL,NULL,NULL,NULL,NULL,NULL,NULL,NULL,NULL,NULL,NULL,NULL
"62269","60496488a40bce91f1853c8e8937a32cf2522b6fa082b90e98e5b3bea9aad88a2c283ea0c9ca6aadc534dce177cf5dc13aa9a3927197416c55e06355958b39de","HZ369899","07/29/2016 04:20:00 PM","3","DRIVER",NULL,"60253.0",NULL,"BUICK","LACROSSE","IL","2012.0","NONE","PASSENGER","PERSONAL","N","SLOW/STOP IN TRAFFIC",NULL,NULL,"1.0",NULL,NULL,NULL,NULL,NULL,NULL,NULL,NULL,NULL,"Y",NULL,NULL,NULL,NULL,NULL,NULL,NULL,"REAR-LEFT",NULL,NULL,NULL,NULL,NULL,NULL,NULL,NULL,NULL,NULL,NULL,NULL,NULL,NULL,NULL,NULL,NULL,NULL,NULL,NULL,NULL,NULL,NULL,NULL,NULL,NULL,NULL,NULL,NULL,NULL,NULL,NULL,NULL
"62747","e3ff66f298c920981aee9dde1ec4c08c74bb6542f6645878271cda526ffdc110a2eeb0ce8a88294000751a2a6aad66cb02ffed5b6b66b7be51f2b2d998a351db","HZ372619","07/31/2016 04:25:00 PM","2","DRIVER","2.0","60711.0",NULL,"NISSAN","NISSAN ALTIMA","WI","2015.0","NONE","PASSENGER","PERSONAL","E","STRAIGHT AHEAD","Y",NULL,"3.0",NULL,"PRIVATE",NULL,NULL,NULL,"Y",NULL,NULL,NULL,NULL,NULL,NULL,NULL,NULL,NULL,NULL,NULL,"FRONT-RIGHT",NULL,NULL,NULL,NULL,NULL,NULL,NULL,NULL,NULL,NULL,NULL,NULL,NULL,NULL,NULL,NULL,NULL,NULL,NULL,NULL,NULL,NULL,NULL,NULL,NULL,NULL,NULL,NULL,NULL,NULL,NULL,NULL,NULL
"63584","5b1639a38747a37d481f6967a86dcf54433fcdc0b4b341b99df0d926caaf3b3d13a18d9f6998b1a9c8e453affa0448d98524f1c3c871e6a2277b8e803fb2ea3a","HZ377183","08/03/2016 03:15:00 PM","1","DRIVER",NULL,"61512.0",NULL,"FORD","TAURUS","IN","2008.0","NONE","PASSENGER","PERSONAL","E","STRAIGHT AHEAD",NULL,NULL,"1.0",NULL,NULL,NULL,NULL,"Y",NULL,NULL,NULL,NULL,NULL,NULL,NULL,NULL,NULL,NULL,NULL,NULL,"FRONT",NULL,NULL,NULL,NULL,NULL,NULL,NULL,NULL,NULL,NULL,NULL,NULL,NULL,NULL,NULL,NULL,NULL,NULL,NULL,NULL,NULL,NULL,NULL,NULL,NULL,NULL,NULL,NULL,NULL,NULL,NULL,NULL,NULL
"64051","902b32f22e093c0ccc698e549ed923af69ebe005ee17679feed4967b3f755426ba1a3bd86a495ccfb13c65499c8a00c27d5b2edf091bd81bca540c8bdf4052d8","HZ379484","08/01/2016 01:00:00 PM","2","PARKED",NULL,"61962.0",NULL,"CHEVROLET","MALIBU (CHEVELLE)","IL","2012.0","NONE","PASSENGER","NOT IN USE","E","PARKED",NULL,NULL,"0.0",NULL,NULL,NULL,NULL,"Y",NULL,"Y",NULL,NULL,NULL,"Y",NULL,NULL,NULL,NULL,NULL,NULL,"TOTAL (ALL AREAS)",NULL,NULL,NULL,NULL,NULL,NULL,NULL,NULL,NULL,NULL,NULL,NULL,NULL,NULL,NULL,NULL,NULL,NULL,NULL,NULL,NULL,NULL,NULL,NULL,NULL,NULL,NULL,NULL,NULL,NULL,NULL,NULL,NULL
"64499","811f8d19900152465ceac0ca178d61313a05ee0a066bccb27dbd1e7f664937c13c10865871c06654d3caf6f19b0397c95c889b01c15fd7d3203d273d23dd8b53","HZ381370","08/06/2016 09:40:00 PM","2","DRIVER",NULL,"62400.0",NULL,"LINCOLN-CONTINENTAL","NAVIGATOR","IL","2015.0","NONE","SPORT UTILITY VEHICLE (SUV)","TAXI/FOR HIRE","E","STRAIGHT AHEAD",NULL,NULL,"1.0",NULL,NULL,NULL,NULL,NULL,NULL,NULL,"Y",NULL,NULL,NULL,NULL,NULL,NULL,NULL,NULL,NULL,"REAR-RIGHT",NULL,NULL,NULL,NULL,NULL,NULL,NULL,NULL,NULL,NULL,NULL,NULL,NULL,NULL,NULL,NULL,NULL,NULL,NULL,NULL,NULL,NULL,NULL,NULL,NULL,NULL,NULL,NULL,NULL,NULL,NULL,NULL,NULL
"64526","332e1e446178b0177818cafaceedeccbc12dd016303babd9cd770e641f070f8fc4cebafcd62659e69621f3edbe23f1d5e0be2e347b0e1cb899f2d1877eeead1a","HZ381389","08/06/2016 09:45:00 PM","1","DRIVER",NULL,"62422.0",NULL,"CHEVROLET","EQUINOX","IL","2011.0","UNKNOWN","UNKNOWN/NA","UNKNOWN/NA","UNKNOWN","UNKNOWN/NA",NULL,NULL,"1.0",NULL,NULL,NULL,NULL,"Y","N",NULL,NULL,NULL,NULL,NULL,NULL,NULL,NULL,NULL,NULL,NULL,"FRONT",NULL,NULL,NULL,NULL,NULL,NULL,NULL,NULL,NULL,NULL,NULL,NULL,NULL,NULL,NULL,NULL,NULL,NULL,NULL,NULL,NULL,NULL,NULL,NULL,NULL,NULL,NULL,NULL,NULL,NULL,NULL,NULL,NULL
"65014","9c9fec0858feba631d6b61b29db2b257b503125658b8a3a09857b4bc18202684a96da8abd19e34b8f97070f4380e6be419b94302dd75252838cf41ee6a453846","HZ383715","08/08/2016 02:41:00 PM","2","DRIVER","1.0","62886.0",NULL,"MERCEDES-BENZ","UNKNOWN","IL","2008.0","NONE","PASSENGER","PERSONAL","S","STRAIGHT AHEAD",NULL,NULL,"2.0",NULL,NULL,NULL,"Y",NULL,NULL,NULL,"Y",NULL,NULL,NULL,NULL,NULL,NULL,NULL,NULL,NULL,"REAR-RIGHT",NULL,NULL,NULL,NULL,NULL,NULL,NULL,NULL,NULL,NULL,NULL,NULL,NULL,NULL,NULL,NULL,NULL,NULL,NULL,NULL,NULL,NULL,NULL,NULL,NULL,NULL,NULL,NULL,NULL,NULL,NULL,NULL,NULL
"65093","8b40bb1a048da80b34afb243c916384cee2001e8e262da7ac2e7ba9188be0bb68130cf38b99cfec2eb3cf729d2e2071e5f34a41c775c3edda199eb1a6d8c0d10","HZ384028","08/08/2016 05:45:00 PM","2","PARKED",NULL,"62967.0",NULL,"HONDA","ACCORD","IL","2010.0","NONE","PASSENGER","PERSONAL","N","PARKED",NULL,NULL,"0.0",NULL,NULL,NULL,NULL,NULL,NULL,NULL,NULL,"Y",NULL,NULL,NULL,NULL,NULL,NULL,NULL,NULL,"REAR",NULL,NULL,NULL,NULL,NULL,NULL,NULL,NULL,NULL,NULL,NULL,NULL,NULL,NULL,NULL,NULL,NULL,NULL,NULL,NULL,NULL,NULL,NULL,NULL,NULL,NULL,NULL,NULL,NULL,NULL,NULL,NULL,NULL
"65140","35832ab1ff405d0ac17edfc476221c52785252bc560b247feb8beb6f71fe55832acc97327851ef71857549bb2503245fa72c67df362e423564135d3114b13266","HZ383148","08/08/2016 10:00:00 AM","2","DRIVER","3.0","63011.0",NULL,"LEXUS","GX460","IL","2014.0","NONE","PASSENGER","PERSONAL","W","STRAIGHT AHEAD",NULL,NULL,"4.0",NULL,NULL,NULL,NULL,"Y",NULL,NULL,NULL,"Y",NULL,NULL,NULL,NULL,NULL,NULL,NULL,NULL,"REAR",NULL,NULL,NULL,NULL,NULL,NULL,NULL,NULL,NULL,NULL,NULL,NULL,NULL,NULL,NULL,NULL,NULL,NULL,NULL,NULL,NULL,NULL,NULL,NULL,NULL,NULL,NULL,NULL,NULL,NULL,NULL,NULL,NULL
"65866","7a6e8c2e96d87e6498ed27bea388b964a448843a371b84616360fceeed8de217e1d2ee8bab894974ee8bbf1c803621974905e6bb5953a15d1ef9fbec17680714","HZ388117","08/11/2016 10:00:00 AM","2","PARKED",NULL,"63687.0",NULL,"DODGE","DART",NULL,"2013.0","NONE","PASSENGER","PERSONAL","UNKNOWN","PARKED",NULL,NULL,"0.0",NULL,NULL,NULL,NULL,NULL,NULL,NULL,NULL,NULL,"Y","Y","Y",NULL,NULL,NULL,NULL,NULL,"REAR-LEFT",NULL,NULL,NULL,NULL,NULL,NULL,NULL,NULL,NULL,NULL,NULL,NULL,NULL,NULL,NULL,NULL,NULL,NULL,NULL,NULL,NULL,NULL,NULL,NULL,NULL,NULL,NULL,NULL,NULL,NULL,NULL,NULL,NULL
"66758","6e03e1b9493c95448d04639d625b66fd832cb428ba8d09ab119e250419c6fadf06663928731a7e4569a7e6745eaa1648adb45565d23efbf37fe122d1c9ac59ad","HZ391726","08/14/2016 12:50:00 PM","2","PARKED",NULL,"64552.0",NULL,"FORD","FUSION","IL","2016.0","NONE","PASSENGER","NOT IN USE","S","PARKED",NULL,NULL,"0.0",NULL,NULL,NULL,NULL,NULL,"Y","Y","Y",NULL,NULL,NULL,NULL,NULL,NULL,NULL,NULL,NULL,"REAR-RIGHT",NULL,NULL,NULL,NULL,NULL,NULL,NULL,NULL,NULL,NULL,NULL,NULL,NULL,NULL,NULL,NULL,NULL,NULL,NULL,NULL,NULL,NULL,NULL,NULL,NULL,NULL,NULL,NULL,NULL,NULL,NULL,NULL,NULL
"66804","454e3c055c83a76b6f3c4e0d8472a1e1399e33c44c9c4ad0a06df189214a11d3da644bd75bcddb1f5314646d030328143bff1a40e8d3531b2ef615a981b5dff2","HZ391771","08/14/2016 02:10:00 PM","2","DRIVER",NULL,"64597.0",NULL,"TOYOTA MOTOR COMPANY, LTD.","COROLLA","IL","2016.0","NONE","PASSENGER","PERSONAL","N","STRAIGHT AHEAD","Y",NULL,"1.0",NULL,NULL,NULL,NULL,"Y","N",NULL,NULL,NULL,NULL,NULL,"Y",NULL,NULL,NULL,NULL,NULL,"FRONT-LEFT",NULL,NULL,NULL,NULL,NULL,NULL,NULL,NULL,NULL,NULL,NULL,NULL,NULL,NULL,NULL,NULL,NULL,NULL,NULL,NULL,NULL,NULL,NULL,NULL,NULL,NULL,NULL,NULL,NULL,NULL,NULL,NULL,NULL
"66878","80377548a8fc45e903c747de9f5612400a4cb8aaf93c1421e755106dae81ea696f58f09a001672bc463d613d58613755b87e54d84023d470571d0d222e3a67b4","HZ392214","08/13/2016 10:30:00 PM","1","DRIVER",NULL,"64673.0",NULL,"CHEVROLET","SILVERADO","IL","2008.0","NONE","PICKUP","PERSONAL","S","STRAIGHT AHEAD",NULL,NULL,"1.0",NULL,NULL,NULL,NULL,NULL,"Y",NULL,NULL,NULL,NULL,NULL,NULL,NULL,NULL,NULL,NULL,NULL,"FRONT-RIGHT",NULL,NULL,NULL,NULL,NULL,NULL,NULL,NULL,NULL,NULL,NULL,NULL,NULL,NULL,NULL,NULL,NULL,NULL,NULL,NULL,NULL,NULL,NULL,NULL,NULL,NULL,NULL,NULL,NULL,NULL,NULL,NULL,NULL
"66965","4b71e66f24f6cbe629825fc53fff7b0b0e519babf829cb2460dfe681dc75063ef87d9b3501d3597451846080ea1015c85fbaa46b6def68fadc3baba639c5d7f5","HZ392710","08/14/2016 07:30:00 PM","1","DRIVER",NULL,"64766.0",NULL,"NISSAN","UNKNOWN","IL","2014.0","UNKNOWN","PASSENGER","UNKNOWN/NA","W","STRAIGHT AHEAD",NULL,NULL,"1.0",NULL,NULL,NULL,NULL,NULL,NULL,NULL,NULL,NULL,NULL,NULL,NULL,NULL,NULL,NULL,NULL,NULL,"FRONT-RIGHT",NULL,NULL,NULL,NULL,NULL,NULL,NULL,NULL,NULL,NULL,NULL,NULL,NULL,NULL,NULL,NULL,NULL,NULL,NULL,NULL,NULL,NULL,NULL,NULL,NULL,NULL,NULL,NULL,NULL,NULL,NULL,NULL,NULL
"67086","01fd469b44a88c10c9529b0e6a557a4e7a2d08d2d87be07c8a1779ac55673b4264e85e91403a9407dc235b768f2af3cc816b4478b2ff65495a785589009583fc","HZ393321","08/15/2016 05:15:00 PM","2","DRIVER","1.0","64875.0",NULL,"NISSAN","SENTRA (DATSUN AND NISSAN HAVE MERGED)","IL","2013.0","NONE","PASSENGER","PERSONAL","W","SLOW/STOP IN TRAFFIC",NULL,NULL,"2.0",NULL,NULL,NULL,"Y",NULL,"Y",NULL,NULL,NULL,NULL,NULL,NULL,NULL,NULL,NULL,NULL,NULL,"FRONT-RIGHT",NULL,NULL,NULL,NULL,NULL,NULL,NULL,NULL,NULL,NULL,NULL,NULL,NULL,NULL,NULL,NULL,NULL,NULL,NULL,NULL,NULL,NULL,NULL,NULL,NULL,NULL,NULL,NULL,NULL,NULL,NULL,NULL,NULL
"67449","6358b6b44460db51dec225159cf45c3ba96f349a586aad53599d4dbe5de0a8d00aaf2498083e04646da3b60b982af776e3018ef94efc3c564ea4425734df4d08","HZ395166","08/16/2016 06:45:00 PM","2","DRIVER",NULL,"65233.0",NULL,"FORD","Explorer","IL","2014.0","NONE","SPORT UTILITY VEHICLE (SUV)","PERSONAL","W","SLOW/STOP IN TRAFFIC",NULL,NULL,"1.0",NULL,NULL,NULL,NULL,NULL,NULL,NULL,NULL,"Y",NULL,NULL,NULL,NULL,NULL,NULL,NULL,NULL,"REAR",NULL,NULL,NULL,NULL,NULL,NULL,NULL,NULL,NULL,NULL,NULL,NULL,NULL,NULL,NULL,NULL,NULL,NULL,NULL,NULL,NULL,NULL,NULL,NULL,NULL,NULL,NULL,NULL,NULL,NULL,NULL,NULL,NULL