"CRASH_UNIT_ID","CRASH_RECORD_ID","RD_NO","CRASH_DATE","UNIT_NO","UNIT_TYPE","NUM_PASSENGERS","VEHICLE_ID","CMRC_VEH_I","MAKE","MODEL","LIC_PLATE_STATE","VEHICLE_YEAR","VEHICLE_DEFECT","VEHICLE_TYPE","VEHICLE_USE","TRAVEL_DIRECTION","MANEUVER","TOWED_I","FIRE_I","OCCUPANT_CNT","EXCEED_SPEED_LIMIT_I","TOWED_BY","TOWED_TO","AREA_00_I","AREA_01_I","AREA_02_I","AREA_03_I","AREA_04_I","AREA_05_I","AREA_06_I","AREA_07_I","AREA_08_I","AREA_09_I","AREA_10_I","AREA_11_I","AREA_12_I","AREA_99_I","FIRST_CONTACT_POINT","CMV_ID","USDOT_NO","CCMC_NO","ILCC_NO","COMMERCIAL_SRC","GVWR","CARRIER_NAME","CARRIER_STATE","CARRIER_CITY","HAZMAT_PLACARDS_I","HAZMAT_NAME","UN_NO","HAZMAT_PRESENT_I","HAZMAT_REPORT_I","HAZMAT_REPORT_NO","MCS_REPORT_I","MCS_REPORT_NO","HAZMAT_VIO_CAUSE_CRASH_I","MCS_VIO_CAUSE_CRASH_I","IDOT_PERMIT_NO","WIDE_LOAD_I","TRAILER1_WIDTH","TRAILER2_WIDTH","TRAILER1_LENGTH","TRAILER2_LENGTH","TOTAL_VEHICLE_LENGTH","AXLE_CNT","VEHICLE_CONFIG","CARGO_BODY_TYPE","LOAD_TYPE","HAZMAT_OUT_OF_SERVICE_I","MCS_OUT_OF_SERVICE_I","HAZMAT_CLASS"
"97783","a2a9483ab1b12e48c05d9c60e58af259c3c47c41be7ee69b28deba242dcf995216143e356f8a641c194ed69337c4969a8f0b95de7793a0d24f621a1c6e01d98d","HZ516796","11/15/2016 10:02:00 AM","2","DRIVER",NULL,"94505.0",NULL,"FORD","ESCAPE (SUV)","IL","2013.0","NONE","PICKUP","TAXI/FOR HIRE","N","STRAIGHT AHEAD",NULL,NULL,"1.0",NULL,NULL,NULL,NULL,NULL,"Y",NULL,NULL,NULL,NULL,NULL,NULL,NULL,NULL,NULL,NULL,NULL,"FRONT-RIGHT",NULL,NULL,NULL,NULL,NULL,NULL,NULL,NULL,NULL,NULL,NULL,NULL,NULL,NULL,NULL,NULL,NULL,NULL,NULL,NULL,NULL,NULL,NULL,NULL,NULL,NULL,NULL,NULL,NULL,NULL,NULL,NULL,NULL
"97991","de1c5f2127cc90cd69438dfe21d1cabc9a8bcf66de1883deff92b4166e79c5ab057d619fd0acaa61ac445421a7f3af785a02d0f196fbba7e94f330d9c53b3566","HZ517726","11/16/2016 03:16:00 PM","2","DRIVER","1.0","94705.0",NULL,"HYUNDAI","ELANTRA","IL","2011.0","NONE","PASSENGER","PERSONAL","W","TURNING LEFT",NULL,NULL,"2.0",NULL,NULL,NULL,"Y",NULL,"Y","Y","Y",NULL,NULL,NULL,NULL,NULL,NULL,NULL,NULL,NULL,"REAR-RIGHT",NULL,NULL,NULL,NULL,NULL,NULL,NULL,NULL,NULL,NULL,NULL,NULL,NULL,NULL,NULL,NULL,NULL,NULL,NULL,NULL,NULL,NULL,NULL,NULL,NULL,NULL,NULL,NULL,NULL,NULL,NULL,NULL,NULL
"97995","8c2e93580c830a01b01ec3ebc76254086ab5594f2e8940289fca5fb1769b85053ff59a9327b413123bbcb4a2128af9f5c01a7793cbe6f19f7ec86681f3990e4d","HZ517777","11/14/2016 07:30:00 PM","2","PARKED",NULL,"94709.0",NULL,"NISSAN","MAURANO","IL","2014.0","NONE","PASSENGER","PERSONAL","S","PARKED",NULL,NULL,"0.0",NULL,NULL,NULL,NULL,"Y",NULL,NULL,NULL,NULL,NULL,NULL,"Y",NULL,NULL,NULL,NULL,NULL,"FRONT",NULL,NULL,NULL,NULL,NULL,NULL,NULL,NULL,NULL,NULL,NULL,NULL,NULL,NULL,NULL,NULL,NULL,NULL,NULL,NULL,NULL,NULL,NULL,NULL,NULL,NULL,NULL,NULL,NULL,NULL,NULL,NULL,NULL
"98242","5a1de9e6df329f8f143e2bd7c7cfbeb9fc2e64045714043c92ba931ccf62f3bca907ed1dcb59b8d96739938db4c5f87c9d8f9e6a9214de04bea2c2e4c4dd4227","HZ518826","11/17/2016 07:55:00 AM","1","DRIVER",NULL,"94949.0",NULL,"VOLKSWAGEN","UNKNOWN","IL","2008.0","NONE","PASSENGER","PERSONAL","N","STRAIGHT AHEAD",NULL,NULL,"1.0",NULL,NULL,NULL,NULL,"Y",NULL,NULL,NULL,NULL,NULL,NULL,NULL,NULL,NULL,NULL,NULL,NULL,"FRONT",NULL,NULL,NULL,NULL,NULL,NULL,NULL,NULL,NULL,NULL,NULL,NULL,NULL,NULL,NULL,NULL,NULL,NULL,NULL,NULL,NULL,NULL,NULL,NULL,NULL,NULL,NULL,NULL,NULL,NULL,NULL,NULL,NULL
"98286","1021433376ef850e1302aef38d0442ab1ee504059b87b341f2c235594792ba732baca82f41711c9e9919843e41d8f4e950785e48dcfdd34d509bb2b97a182392","HZ519010","11/17/2016 02:00:00 PM","2","DRIVER",NULL,"94989.0",NULL,"NISSAN","SENTRA (DATSUN AND NISSAN HAVE MERGED)","IL","2015.0","NONE","PASSENGER","PERSONAL","E","UNKNOWN/NA",NULL,NULL,"1.0",NULL,NULL,NULL,NULL,NULL,NULL,NULL,"Y",NULL,NULL,NULL,NULL,NULL,NULL,NULL,NULL,NULL,"REAR-RIGHT",NULL,NULL,NULL,NULL,NULL,NULL,NULL,NULL,NULL,NULL,NULL,NULL,NULL,NULL,NULL,NULL,NULL,NULL,NULL,NULL,NULL,NULL,NULL,NULL,NULL,NULL,NULL,NULL,NULL,NULL,NULL,NULL,NULL
"98355","17cdb15012d0ee8deb75fd9353403efdf5556e8abc0e971057dca1b4ed372133630aa27ee5c2bde1af044b3a58d447195e703b1483e3c3d829bd11e355dfa0c5","HZ519247","11/15/2016 06:00:00 PM","2","DRIVER",NULL,"95054.0",NULL,"DODGE","CALIBER","IL","2009.0","NONE","PASSENGER","PERSONAL","S","STRAIGHT AHEAD",NULL,NULL,"1.0",NULL,NULL,NULL,NULL,NULL,NULL,NULL,NULL,"Y",NULL,NULL,NULL,NULL,NULL,NULL,NULL,NULL,"REAR",NULL,NULL,NULL,NULL,NULL,NULL,NULL,NULL,NULL,NULL,NULL,NULL,NULL,NULL,NULL,NULL,NULL,NULL,NULL,NULL,NULL,NULL,NULL,NULL,NULL,NULL,NULL,NULL,NULL,NULL,NULL,NULL,NULL
"98640","b3c8cf1878b88318bae259113177009d70cd6c79398f7fcc0b2bb5ec4b8ae039ba9419f559130d5b94dd2c6071dda7feded90122d0570e09c2d0b466d3e4e39d","HZ520454","11/08/2016 01:00:00 PM","2","PARKED",NULL,"95322.0",NULL,"MITSUBISHI","Outlander","IL","2013.0","NONE","SPORT UTILITY VEHICLE (SUV)","PERSONAL","N","PARKED",NULL,NULL,"0.0",NULL,NULL,NULL,NULL,NULL,NULL,NULL,NULL,NULL,"Y",NULL,NULL,NULL,NULL,NULL,NULL,NULL,"REAR-LEFT",NULL,NULL,NULL,NULL,NULL,NULL,NULL,NULL,NULL,NULL,NULL,NULL,NULL,NULL,NULL,NULL,NULL,NULL,NULL,NULL,NULL,NULL,NULL,NULL,NULL,NULL,NULL,NULL,NULL,NULL,NULL,NULL,NULL
"98789","8a87ec2dc32a5d850dbd84b0c6aa728c067eaa55f862898ed2c1565532790ff71855c6b111c2b918d807d47c68c46489d2eda012396ea6eaf49e2a0f18662a3f","HZ520789","11/18/2016 05:15:00 PM","2","DRIVER",NULL,"95478.0",NULL,"CHEVROLET","CRUZE","IL","2016.0","NONE","PASSENGER","PERSONAL","S","SLOW/STOP IN TRAFFIC",NULL,NULL,"1.0",NULL,NULL,NULL,NULL,NULL,NULL,NULL,NULL,"Y",NULL,NULL,NULL,NULL,NULL,NULL,NULL,NULL,"REAR",NULL,NULL,NULL,NULL,NULL,NULL,NULL,NULL,NULL,NULL,NULL,NULL,NULL,NULL,NULL,NULL,NULL,NULL,NULL,NULL,NULL,NULL,NULL,NULL,NULL,NULL,NULL,NULL,NULL,NULL,NULL,NULL,NULL
"98843","a91e99377cd96038ba67e57026a01cc3798abfb69e87787b48886bc228f51ad991eb322b9ec9f2f2b49bed5041af786a21fd505e514bd59d1fb1484827e5c952","HZ520932","11/18/2016 07:00:00 PM","1","DRIVER",NULL,"95519.0",NULL,"FORD","ESCAPE (SUV)","IL","2012.0","NONE","SPORT UTILITY VEHICLE (SUV)","TAXI/FOR HIRE","E","CHANGING LANES",NULL,NULL,"1.0",NULL,NULL,NULL,"Y",NULL,NULL,NULL,NULL,NULL,NULL,NULL,NULL,NULL,NULL,NULL,NULL,NULL,"SIDE-LEFT",NULL,NULL,NULL,NULL,NULL,NULL,NULL,NULL,NULL,NULL,NULL,NULL,NULL,NULL,NULL,NULL,NULL,NULL,NULL,NULL,NULL,NULL,NULL,NULL,NULL,NULL,NULL,NULL,NULL,NULL,NULL,NULL,NULL
"99201","6627438f5c9150d698a5341bea7226be966d9f290389a7f760d923dfaca781db682617424e162fafdb44b6f1827cd85749edc3976c80ca21e0ca80bbf9c158ce","HZ522271","11/19/2016 05:30:00 PM","1","DRIVER",NULL,"95866.0",NULL,"FORD","UNKNOWN","IL","2012.0","UNKNOWN","PASSENGER","OTHER","E","STRAIGHT AHEAD",NULL,NULL,"1.0",NULL,NULL,NULL,NULL,NULL,NULL,NULL,NULL,NULL,NULL,NULL,"N",NULL,NULL,NULL,NULL,"Y","FRONT",NULL,NULL,NULL,NULL,NULL,NULL,NULL,NULL,NULL,NULL,NULL,NULL,NULL,NULL,NULL,NULL,NULL,NULL,NULL,NULL,NULL,NULL,NULL,NULL,NULL,NULL,NULL,NULL,NULL,NULL,NULL,NULL,NULL
"99255","5dc38662f00e14a3bcb578491d0b85c9aa40f093bd862e066b3ba01de58ffff9e66c9d5b2d84e8f79f5ea8764313fb36045f7f8a8815e0dbb29a947aa432abb4","HZ522524","11/20/2016 06:30:00 AM","3","PARKED",NULL,"95918.0",NULL,"KIA MOTORS CORP","Optima","IL","2012.0","UNKNOWN","PASSENGER","PERSONAL","UNKNOWN","PARKED",NULL,NULL,"0.0",NULL,NULL,NULL,NULL,NULL,NULL,NULL,NULL,"Y",NULL,NULL,NULL,NULL,NULL,NULL,NULL,NULL,"REAR",NULL,NULL,NULL,NULL,NULL,NULL,NULL,NULL,NULL,NULL,NULL,NULL,NULL,NULL,NULL,NULL,NULL,NULL,NULL,NULL,NULL,NULL,NULL,NULL,NULL,NULL,NULL,NULL,NULL,NULL,NULL,NULL,NULL
"99365","da72ba857b09704cf49ab769c294c126895f1fc659d157a36bb5bafbbb3323d16241ca861d19c4ffcb4a252f0cb7c2d438c0014114f7749b723e6a6b697d4d28","HZ522981","11/19/2016 07:45:00 PM","2","DRIVER","1.0","96020.0",NULL,"DODGE","JOURNEY","IL","2013.0","UNKNOWN","PASSENGER","OTHER","E","TURNING LEFT",NULL,NULL,"2.0",NULL,NULL,NULL,NULL,"Y",NULL,NULL,NULL,NULL,NULL,NULL,"Y",NULL,NULL,NULL,NULL,NULL,"FRONT",NULL,NULL,NULL,NULL,NULL,NULL,NULL,NULL,NULL,NULL,NULL,NULL,NULL,NULL,NULL,NULL,NULL,NULL,NULL,NULL,NULL,NULL,NULL,NULL,NULL,NULL,NULL,NULL,NULL,NULL,NULL,NULL,NULL
"99770","89523f84a4de74c7d0d994e77be41ce8da1d3133498be1264029406a78357e64d5a2fe76cd29734b68290e01309ffb9e854bf2c510ddfee574d528765219ae41","HZ524809","11/22/2016 05:00:00 AM","2","DRIVER",NULL,"96479.0",NULL,"NISSAN","NISSAN ALTIMA","IL","2012.0","NONE","PASSENGER","PERSONAL","E","STRAIGHT AHEAD",NULL,NULL,"1.0",NULL,NULL,NULL,NULL,NULL,NULL,NULL,NULL,NULL,NULL,"Y",NULL,NULL,NULL,NULL,NULL,NULL,"SIDE-LEFT",NULL,NULL,NULL,NULL,NULL,NULL,NULL,NULL,NULL,NULL,NULL,NULL,NULL,NULL,NULL,NULL,NULL,NULL,NULL,NULL,NULL,NULL,NULL,NULL,NULL,NULL,NULL,NULL,NULL,NULL,NULL,NULL,NULL
"100260","7217adefd4f230591a3d6f2a2984fcce8a96260128e38d7861e56307fb2d2aa23b05ef1978bdf483e7576b074c755f3c5fe0ff7dd7d89052d414ebbe7aa38519","HZ526553","11/23/2016 09:00:00 AM","2","PARKED",NULL,"97066.0",NULL,"CADILLAC","SRX","IL","2012.0","NONE","PASSENGER","NOT IN USE","S","PARKED",NULL,NULL,"0.0",NULL,NULL,NULL,NULL,NULL,NULL,NULL,NULL,NULL,"Y","Y","Y",NULL,NULL,NULL,NULL,NULL,"SIDE-LEFT",NULL,NULL,NULL,NULL,NULL,NULL,NULL,NULL,NULL,NULL,NULL,NULL,NULL,NULL,NULL,NULL,NULL,NULL,NULL,NULL,NULL,NULL,NULL,NULL,NULL,NULL,NULL,NULL,NULL,NULL,NULL,NULL,NULL
"100780","e3dd9dc2bde16a830e24f8d45f6a12cd4faeedb994be81035442b9b76a127cf31ba08a9471dc90ce2afbe65922d11f07f4865c55c11c49bac30d382108582b42","HZ528161","11/24/2016 10:10:00 PM","2","PARKED",NULL,"97694.0",NULL,"CHRYSLER","300","IL","2012.0","NONE","PASSENGER","PERSONAL","N","PARKED",NULL,NULL,"0.0",NULL,NULL,NULL,NULL,NULL,NULL,NULL,NULL,NULL,"Y",NULL,NULL,NULL,NULL,NULL,NULL,NULL,"REAR-LEFT",NULL,NULL,NULL,NULL,NULL,NULL,NULL,NULL,NULL,NULL,NULL,NULL,NULL,NULL,NULL,NULL,NULL,NULL,NULL,NULL,NULL,NULL,NULL,NULL,NULL,NULL,NULL,NULL,NULL,NULL,NULL,NULL,NULL
"100946","fe753381b78c9596250ea221b1a96e3226c1e19f638116067b79d9d37271282aac233a9e3c1c454b17268ab9e00ffd659c1b57539f8ab2bd01c485135735c153","HZ528882","11/25/2016 05:00:00 PM","1","DRIVER",NULL,"97897.0",NULL,"MITSUBISHI","Outlander","IL","2013.0","NONE","PASSENGER","PERSONAL","N","STRAIGHT AHEAD",NULL,NULL,"1.0",NULL,NULL,NULL,NULL,"Y","Y",NULL,NULL,NULL,NULL,NULL,"Y",NULL,NULL,NULL,NULL,NULL,"FRONT",NULL,NULL,NULL,NULL,NULL,NULL,NULL,NULL,NULL,NULL,NULL,NULL,NULL,NULL,NULL,NULL,NULL,NULL,NULL,NULL,NULL,NULL,NULL,NULL,NULL,NULL,NULL,NULL,NULL,NULL,NULL,NULL,NULL
"101029","a7b0ddee09139acc11d2125021cf6ef47d7a8e6d635be277b891709f7a6792a128143f8e0a1d217497411afd85a2bcba2963a7361a4614258a4e1a28fa3ca107","HZ529230","11/25/2016 09:00:00 PM","2","DRIVER",NULL,"98015.0",NULL,"TOYOTA MOTOR COMPANY, LTD.","CAMRY","IL","2012.0","NONE","PASSENGER","PERSONAL","S","STRAIGHT AHEAD",NULL,NULL,"1.0",NULL,NULL,NULL,NULL,NULL,NULL,NULL,NULL,"Y",NULL,NULL,NULL,NULL,NULL,NULL,NULL,NULL,"REAR",NULL,NULL,NULL,NULL,NULL,NULL,NULL,NULL,NULL,NULL,NULL,NULL,NULL,NULL,NULL,NULL,NULL,NULL,NULL,NULL,NULL,NULL,NULL,NULL,NULL,NULL,NULL,NULL,NULL,NULL,NULL,NULL,NULL
"101332","e0ec24dfa406ffdc25caae7cffc90d82e24441fd45a653136eb98e2b89980b2d882c0b9aec672772ee848de7cc268ea7660778f9534c64c12c4cd0e9b656c883","HZ530617","11/26/2016 07:30:00 PM","2","DRIVER",NULL,"98388.0",NULL,"LEXUS","GS350","IL","2008.0","NONE","PASSENGER","PERSONAL","E","STRAIGHT AHEAD",NULL,NULL,"1.0",NULL,NULL,NULL,NULL,NULL,NULL,NULL,NULL,"Y",NULL,NULL,NULL,NULL,NULL,NULL,NULL,NULL,"REAR",NULL,NULL,NULL,NULL,NULL,NULL,NULL,NULL,NULL,NULL,NULL,NULL,NULL,NULL,NULL,NULL,NULL,NULL,NULL,NULL,NULL,NULL,NULL,NULL,NULL,NULL,NULL,NULL,NULL,NULL,NULL,NULL,NULL
"101388","0b99926643137b8a30b6bf5aed4f438a2d195c2de5272b03f8e8968c7775eee04ca08398c93f6e119b2c8e292ff5e65253fe6ba93fdb9294bd3d149d4519552a","HZ530635","11/27/2016 09:44:00 AM","1","DRIVER",NULL,"98449.0",NULL,"HYUNDAI","Santa Fe","IL","2009.0","UNKNOWN","SPORT UTILITY VEHICLE (SUV)","PERSONAL","N","STRAIGHT AHEAD","Y",NULL,"1.0",NULL,"cpd","doty road",NULL,"Y",NULL,NULL,NULL,NULL,NULL,NULL,"Y",NULL,NULL,NULL,NULL,NULL,"FRONT-LEFT",NULL,NULL,NULL,NULL,NULL,NULL,NULL,NULL,NULL,NULL,NULL,NULL,NULL,NULL,NULL,NULL,NULL,NULL,NULL,NULL,NULL,NULL,NULL,NULL,NULL,NULL,NULL,NULL,NULL,NULL,NULL,NULL,NULL
"101427","5af6a155e005b25015a3abbb4de9e9ec03afb55d68455fe4649c9b9af86cec4f0e8168a1d5e1b93539d92615edebe32e2c54a3e120fe75f2e63bf76c3425835f","HZ531097","11/27/2016 06:05:00 PM","1","DRIVER",NULL,"98500.0",NULL,"HONDA","ACCORD","IL","2015.0","UNKNOWN","PASSENGER","UNKNOWN/NA","E","SLOW/STOP IN TRAFFIC",NULL,NULL,"1.0",NULL,NULL,NULL,NULL,"Y",NULL,NULL,NULL,NULL,NULL,NULL,NULL,NULL,NULL,NULL,NULL,NULL,"FRONT",NULL,NULL,NULL,NULL,NULL,NULL,NULL,NULL,NULL,NULL,NULL,NULL,NULL,NULL,NULL,NULL,NULL,NULL,NULL,NULL,NULL,NULL,NULL,NULL,NULL,NULL,NULL,NULL,NULL,NULL,NULL,NULL,NULL
"101870","ff769f2569048020ac18f612f7cb5a6fe2603f155570adbfafda2b2b0d68ba8d28fded5f8517091c3434525153407b4b5a92d3fdc385870cfa3f0d851cab0a91","HZ532618","11/28/2016 03:35:00 PM","2","DRIVER",NULL,"99010.0",NULL,"TOYOTA MOTOR COMPANY, LTD.","COROLLA","IL","2011.0","NONE","PASSENGER","PERSONAL","S","SLOW/STOP IN TRAFFIC",NULL,NULL,"1.0",NULL,NULL,NULL,NULL,NULL,NULL,NULL,NULL,"Y",NULL,NULL,NULL,NULL,NULL,NULL,NULL,NULL,"REAR",NULL,NULL,NULL,NULL,NULL,NULL,NULL,NULL,NULL,NULL,NULL,NULL,NULL,NULL,NULL,NULL,NULL,NULL,NULL,NULL,NULL,NULL,NULL,NULL,NULL,NULL,NULL,NULL,NULL,NULL,NULL,NULL,NULL
"102244","bf7527e3f38cff9b62ed9670fff9738628ef53189f0ba4393bcad67f1849ce8ac46a0120bb9b082ecefe34cf9293570ab9c20364c073c11b98af7a8a17bdb3b4","HZ533833","11/29/2016 06:20:00 PM","1","DRIVER",NULL,"99474.0",NULL,"KIA MOTORS CORP","Optima","IL","2015.0","NONE","PASSENGER","PERSONAL","E","TURNING RIGHT",NULL,NULL,"1.0",NULL,NULL,NULL,NULL,NULL,NULL,NULL,NULL,NULL,NULL,NULL,"Y",NULL,NULL,NULL,NULL,NULL,"FRONT-LEFT",NULL,NULL,NULL,NULL,NULL,NULL,NULL,NULL,NULL,NULL,NULL,NULL,NULL,NULL,NULL,NULL,NULL,NULL,NULL,NULL,NULL,NULL,NULL,NULL,NULL,NULL,NULL,NULL,NULL,NULL,NULL,NULL,NULL
"102405","d7fb18a132f44dd038acc8edadd0c0ebafc583e042fe9125d5d777d069e23612a35ae58c4336f29e2a63c2516f03f8176f463b47407cfa3f5266fdd1fa0a9e60","HZ534490","11/30/2016 11:10:00 AM","2","PARKED",NULL,"99661.0",NULL,"DODGE","RAM 1500 VAN","IL","2015.0","NONE","VAN/MINI-VAN","COMMERCIAL - SINGLE UNIT","UNKNOWN","PARKED",NULL,NULL,"0.0",NULL,NULL,NULL,NULL,NULL,NULL,NULL,NULL,NULL,NULL,"Y",NULL,NULL,NULL,NULL,NULL,NULL,"SIDE-LEFT",NULL,NULL,NULL,NULL,NULL,NULL,NULL,NULL,NULL,NULL,NULL,NULL,NULL,NULL,NULL,NULL,NULL,NULL,NULL,NULL,NULL,NULL,NULL,NULL,NULL,NULL,NULL,NULL,NULL,NULL,NULL,NULL,NULL
"102428","6ad975866b07fc44d214d5db31f1f7a8e39fc307b6a182cfcff069747f5939f0948a66bf18db07bf908ca9223a267d558676712baa6a914efafddf34c64aedbe","HZ534582","11/30/2016 12:20:00 PM","2","DRIVER",NULL,"99700.0",NULL,"SCION","XD","IL","2013.0","NONE","PASSENGER","PERSONAL","E","STRAIGHT AHEAD",NULL,NULL,"1.0",NULL,NULL,NULL,NULL,NULL,"Y",NULL,NULL,NULL,NULL,NULL,NULL,NULL,NULL,NULL,NULL,NULL,"FRONT-RIGHT",NULL,NULL,NULL,NULL,NULL,NULL,NULL,NULL,NULL,NULL,NULL,NULL,NULL,NULL,NULL,NULL,NULL,NULL,NULL,NULL,NULL,NULL,NULL,NULL,NULL,NULL,NULL,NULL,NULL,NULL,NULL,NULL,NULL
"102509","41c8de223225b648bf243eedea073337e573305ad137cd4aa80a3f66de384391e980923e741f221c29b8811bb67c50f26ff91b2715680bb1f691ca7213a8f996","HZ534818","11/29/2016 05:30:00 PM","2","DRIVER",NULL,"99786.0",NULL,"LINCOLN-CONTINENTAL","MKX","IL","2016.0","NONE","PASSENGER","PERSONAL","N","STRAIGHT AHEAD",NULL,NULL,"1.0",NULL,NULL,NULL,NULL,NULL,NULL,NULL,NULL,NULL,"Y","Y","Y",NULL,NULL,NULL,NULL,NULL,"SIDE-LEFT",NULL,NULL,NULL,NULL,NULL,NULL,NULL,NULL,NULL,NULL,NULL,NULL,NULL,NULL,NULL,NULL,NULL,NULL,NULL,NULL,NULL,NULL,NULL,NULL,NULL,NULL,NULL,NULL,NULL,NULL,NULL,NULL,NULL
"102715","ab6d866445e73d48e8e951c814e3922c792599144795d780a497a56eca8f0ba11ab4a7cb71005a424d93f86d506f6c3517487299e4d2d3887e917f071e984be7","HZ535629","12/01/2016 08:45:00 AM","1","DRIVER",NULL,"100005.0",NULL,"JEEP","Wrangler (for vehicle years 1989 to present)","IL","2015.0","NONE","SPORT UTILITY VEHICLE (SUV)","PERSONAL","E","CHANGING LANES",NULL,NULL,"1.0",NULL,NULL,NULL,NULL,NULL,NULL,NULL,NULL,NULL,"N",NULL,"Y",NULL,NULL,NULL,NULL,NULL,"FRONT-LEFT",NULL,NULL,NULL,NULL,NULL,NULL,NULL,NULL,NULL,NULL,NULL,NULL,NULL,NULL,NULL,NULL,NULL,NULL,NULL,NULL,NULL,NULL,NULL,NULL,NULL,NULL,NULL,NULL,NULL,NULL,NULL,NULL,NULL
"102818","698eee5c5bcbd59abbe536bea709f540d9eeb478deb9fbf9779e22cda1491125e20e73894e0dc07648d3527ddacd061e309731c0ad95fdb3e43a9d7ba3a31e60","HZ536048","12/01/2016 03:40:00 PM","2","DRIVER","1.0","100128.0",NULL,"NISSAN","NISSAN ALTIMA","IL","2016.0","NONE","PASSENGER","TAXI/FOR HIRE","N","STRAIGHT AHEAD",NULL,NULL,"2.0",NULL,NULL,NULL,NULL,NULL,NULL,NULL,NULL,NULL,NULL,"Y",NULL,NULL,NULL,NULL,NULL,NULL,"SIDE-LEFT",NULL,NULL,NULL,NULL,NULL,NULL,NULL,NULL,NULL,NULL,NULL,NULL,NULL,NULL,NULL,NULL,NULL,NULL,NULL,NULL,NULL,NULL,NULL,NULL,NULL,NULL,NULL,NULL,NULL,NULL,NULL,NULL,NULL
"103166","38af445976d3cf2277a0d5e173887146380588b5c4be0dfec3e197687d3dbc36b6960dbb52e8f3f5d7f5a7e8885dec04e14eb52e3a487b1b612ed2be56d470b1","HZ537395","12/02/2016 04:20:00 PM","2","DRIVER",NULL,"100563.0",NULL,"BUICK","ENCLAVE",NULL,"2008.0","NONE","SPORT UTILITY VEHICLE (SUV)","PERSONAL","N","CHANGING LANES",NULL,NULL,"1.0",NULL,NULL,NULL,NULL,NULL,NULL,NULL,NULL,NULL,"Y",NULL,NULL,NULL,NULL,NULL,NULL,NULL,"REAR-LEFT",NULL,NULL,NULL,NULL,NULL,NULL,NULL,NULL,NULL,NULL,NULL,NULL,NULL,NULL,NULL,NULL,NULL,NULL,NULL,NULL,NULL,NULL,NULL,NULL,NULL,NULL,NULL,NULL,NULL,NULL,NULL,NULL,NULL
"103566","1e41c0972f0846ac105a123b88483e2f3711a051ece9fe8f06df6b27f5f2bb7f273c8cf83911c18b44dbb09821d978b21489dac0e79e575ba0379e64b87a88f6","HZ538841","12/03/2016 03:00:00 AM","1","DRIVER",NULL,"101014.0",NULL,"GENERAL MOTORS CORP.","YUKON","IL","2012.0","NONE","PASSENGER","PERSONAL","W","U-TURN",NULL,NULL,"1.0",NULL,NULL,NULL,NULL,NULL,NULL,NULL,NULL,NULL,NULL,"Y",NULL,NULL,NULL,NULL,NULL,NULL,"SIDE-LEFT",NULL,NULL,NULL,NULL,NULL,NULL,NULL,NULL,NULL,NULL,NULL,NULL,NULL,NULL,NULL,NULL,NULL,NULL,NULL,NULL,NULL,NULL,NULL,NULL,NULL,NULL,NULL,NULL,NULL,NULL,NULL,NULL,NULL
"103705","367485ff82198c4ab1174b91692cbd8bc4d4fd619d0e66145614778b9ce35ab20be50dc9a83450c1be14d2547b90847da4e73b223f3e8b88633e3adc8b2f1af7","HZ531762","11/23/2016 02:33:00 PM","1","DRIVER",NULL,"101167.0",NULL,"TOYOTA MOTOR COMPANY, LTD.","CAMRY","MD","2010.0","NONE","PASSENGER","NOT IN USE","S","ENTERING TRAFFIC LANE FROM PARKING",NULL,NULL,"1.0",NULL,NULL,NULL,NULL,NULL,NULL,NULL,NULL,NULL,NULL,"Y",NULL,NULL,NULL,NULL,NULL,NULL,"SIDE-LEFT",NULL,NULL,NULL,NULL,NULL,NULL,NULL,NULL,NULL,NULL,NULL,NULL,NULL,NULL,NULL,NULL,NULL,NULL,NULL,NULL,NULL,NULL,NULL,NULL,NULL,NULL,NULL,NULL,NULL,NULL,NULL,NULL,NULL
"103914","abebff2f7c28996782ef2a6aed10d6c25ebaa4e56bab2db2f3dfefd603d98de85e8e6ad8bc71327ca35a938d3f5ea929dd48e3b1dfed85520e8382f66c436a76","HZ540243","12/04/2016 07:00:00 PM","2","DRIVER","2.0","101431.0",NULL,"HYUNDAI","Accent","IL","2014.0","UNKNOWN","PASSENGER","PERSONAL","W","STRAIGHT AHEAD",NULL,NULL,"3.0",NULL,NULL,NULL,NULL,NULL,NULL,NULL,NULL,"Y",NULL,NULL,NULL,NULL,NULL,NULL,NULL,NULL,"REAR",NULL,NULL,NULL,NULL,NULL,NULL,NULL,NULL,NULL,NULL,NULL,NULL,NULL,NULL,NULL,NULL,NULL,NULL,NULL,NULL,NULL,NULL,NULL,NULL,NULL,NULL,NULL,NULL,NULL,NULL,NULL,NULL,NULL
"105171","450357e6f0f0580e7820c445bf22cdb1cf9c3a6434e6ceb2cd258f637b364347d36f14d51550b457bd0003902f3eca7fc63ba9fdf092d772e4cd8faca0eb75d2","HZ545064","12/08/2016 05:44:00 PM","1","DRIVER",NULL,"102908.0",NULL,"TOYOTA MOTOR COMPANY, LTD.","Sequoia","IL","2010.0","NONE","SPORT UTILITY VEHICLE (SUV)","PERSONAL","NW","BACKING",NULL,NULL,"1.0",NULL,NULL,NULL,NULL,NULL,NULL,NULL,NULL,NULL,"Y",NULL,NULL,NULL,NULL,NULL,NULL,NULL,"REAR-LEFT",NULL,NULL,NULL,NULL,NULL,NULL,NULL,NULL,NULL,NULL,NULL,NULL,NULL,NULL,NULL,NULL,NULL,NULL,NULL,NULL,NULL,NULL,NULL,NULL,NULL,NULL,NULL,NULL,NULL,NULL,NULL,NULL,NULL