"CRASH_UNIT_ID","CRASH_RECORD_ID","RD_NO","CRASH_DATE","UNIT_NO","UNIT_TYPE","NUM_PASSENGERS","VEHICLE_ID","CMRC_VEH_I","MAKE","MODEL","LIC_PLATE_STATE","VEHICLE_YEAR","VEHICLE_DEFECT","VEHICLE_TYPE","VEHICLE_USE","TRAVEL_DIRECTION","MANEUVER","TOWED_I","FIRE_I","OCCUPANT_CNT","EXCEED_SPEED_LIMIT_I","TOWED_BY","TOWED_TO","AREA_00_I","AREA_01_I","AREA_02_I","AREA_03_I","AREA_04_I","AREA_05_I","AREA_06_I","AREA_07_I","AREA_08_I","AREA_09_I","AREA_10_I","AREA_11_I","AREA_12_I","AREA_99_I","FIRST_CONTACT_POINT","CMV_ID","USDOT_NO","CCMC_NO","ILCC_NO","COMMERCIAL_SRC","GVWR","CARRIER_NAME","CARRIER_STATE","CARRIER_CITY","HAZMAT_PLACARDS_I","HAZMAT_NAME","UN_NO","HAZMAT_PRESENT_I","HAZMAT_REPORT_I","HAZMAT_REPORT_NO","MCS_REPORT_I","MCS_REPORT_NO","HAZMAT_VIO_CAUSE_CRASH_I","MCS_VIO_CAUSE_CRASH_I","IDOT_PERMIT_NO","WIDE_LOAD_I","TRAILER1_WIDTH","TRAILER2_WIDTH","TRAILER1_LENGTH","TRAILER2_LENGTH","TOTAL_VEHICLE_LENGTH","AXLE_CNT","VEHICLE_CONFIG","CARGO_BODY_TYPE","LOAD_TYPE","HAZMAT_OUT_OF_SERVICE_I","MCS_OUT_OF_SERVICE_I","HAZMAT_CLASS"
"105522","7696d675bed47dbca898b0870f53b1cd30b33d4519dbb6b5b013f89040e7e01239cb7e181ce846c426ff8ac749130eaa4cc42b4a4a13d11e7a10c8afc4e9a931","HZ546200","12/09/2016 07:19:00 PM","1","DRIVER","2.0","103302.0",NULL,"ACURA","ACURA","IL","2015.0","UNKNOWN","UNKNOWN/NA","UNKNOWN/NA","E","STRAIGHT AHEAD",NULL,NULL,"3.0",NULL,NULL,NULL,NULL,NULL,NULL,NULL,"Y",NULL,NULL,NULL,NULL,NULL,NULL,NULL,NULL,NULL,"REAR-RIGHT",NULL,NULL,NULL,NULL,NULL,NULL,NULL,NULL,NULL,NULL,NULL,NULL,NULL,NULL,NULL,NULL,NULL,NULL,NULL,NULL,NULL,NULL,NULL,NULL,NULL,NULL,NULL,NULL,NULL,NULL,NULL,NULL,NULL
"105527","2582e2c69489f5526a5bdcf6075bbc01ca6d894c55ff35e31770470d2f06b524fccd3843b791e101b20846fff94f9da07addad926fbcd9698b92f12855d5e4bd","HZ546189","12/09/2016 03:30:00 PM","2","DRIVER",NULL,"103313.0","N","FORD","FORD-TRUCK,VAN,SUV, ETC","IL","2008.0","NONE","TRUCK - SINGLE UNIT","COMMERCIAL - SINGLE UNIT","E","STRAIGHT AHEAD",NULL,NULL,"1.0",NULL,NULL,NULL,NULL,NULL,NULL,NULL,NULL,NULL,NULL,"Y",NULL,NULL,NULL,NULL,NULL,NULL,"SIDE-LEFT",NULL,NULL,NULL,NULL,NULL,NULL,NULL,NULL,NULL,NULL,NULL,NULL,NULL,NULL,NULL,NULL,NULL,NULL,NULL,NULL,NULL,NULL,NULL,NULL,NULL,NULL,NULL,NULL,NULL,NULL,NULL,NULL,NULL
"105804","8f2072514c56fe7e3b414c46c0fdb0093f76dd44a7469bcdc60b930b165ca99d4393a5238a3cda952536b7efdb8ae0552e540acf1b58a6a0c8607b5a10359b2c","HZ547138","12/10/2016 01:00:00 PM","2","DRIVER",NULL,"103619.0",NULL,"SUBARU","OUTBACK","IL","2013.0","NONE","PASSENGER","PERSONAL","N","STRAIGHT AHEAD",NULL,NULL,"1.0",NULL,NULL,NULL,NULL,NULL,NULL,NULL,NULL,NULL,"Y",NULL,"N",NULL,NULL,NULL,NULL,NULL,"REAR-LEFT",NULL,NULL,NULL,NULL,NULL,NULL,NULL,NULL,NULL,NULL,NULL,NULL,NULL,NULL,NULL,NULL,NULL,NULL,NULL,NULL,NULL,NULL,NULL,NULL,NULL,NULL,NULL,NULL,NULL,NULL,NULL,NULL,NULL
"106212","a1bee1d3cf616c28883c72c37581cf0fe3169abeace59250b544225f1338f95da652aac1f396fe970da451cc9e244fa1b9c9651d81a547281ee7a5cdae2a63ee","HZ548530","12/12/2016 03:00:00 AM","2","DRIVER",NULL,"104125.0",NULL,"INFINITI","G37","IL","2011.0","UNKNOWN","UNKNOWN/NA","NOT IN USE","N","STRAIGHT AHEAD",NULL,NULL,"1.0",NULL,NULL,NULL,NULL,NULL,"Y","Y","Y",NULL,NULL,NULL,NULL,NULL,NULL,NULL,NULL,NULL,"SIDE-RIGHT",NULL,NULL,NULL,NULL,NULL,NULL,NULL,NULL,NULL,NULL,NULL,NULL,NULL,NULL,NULL,NULL,NULL,NULL,NULL,NULL,NULL,NULL,NULL,NULL,NULL,NULL,NULL,NULL,NULL,NULL,NULL,NULL,NULL
"106251","1162e8c581f8cc03ec08fbb1fb2d22975da9e883a24a0827657eaef863b72e2417f60ee2b97869bb398249b921d8b23f7f616c9d9a287d5312450371d787e193","HZ548647","12/12/2016 08:00:00 AM","2","DRIVER",NULL,"104177.0",NULL,"DODGE","CHARGER","IL","2012.0","NONE","PASSENGER","PERSONAL","W","STRAIGHT AHEAD",NULL,NULL,"1.0",NULL,NULL,NULL,NULL,NULL,NULL,NULL,NULL,"Y",NULL,NULL,NULL,NULL,NULL,NULL,NULL,NULL,"REAR",NULL,NULL,NULL,NULL,NULL,NULL,NULL,NULL,NULL,NULL,NULL,NULL,NULL,NULL,NULL,NULL,NULL,NULL,NULL,NULL,NULL,NULL,NULL,NULL,NULL,NULL,NULL,NULL,NULL,NULL,NULL,NULL,NULL
"106307","03cb4949fb45a5fa801893e1e9afb073444a6733f35bc050d44b00a6699653dfd224a30875b114ea90a7118ce6e411b8e8ade5c527d4705f850cbfbda47c5538","HZ548824","12/12/2016 11:20:00 AM","2","DRIVER",NULL,"104234.0",NULL,"CHEVROLET","CRUZE","IL","2011.0","NONE","PASSENGER","PERSONAL","S","STRAIGHT AHEAD",NULL,NULL,"1.0",NULL,NULL,NULL,NULL,NULL,NULL,NULL,NULL,NULL,NULL,"Y",NULL,NULL,NULL,NULL,NULL,NULL,"SIDE-LEFT",NULL,NULL,NULL,NULL,NULL,NULL,NULL,NULL,NULL,NULL,NULL,NULL,NULL,NULL,NULL,NULL,NULL,NULL,NULL,NULL,NULL,NULL,NULL,NULL,NULL,NULL,NULL,NULL,NULL,NULL,NULL,NULL,NULL
"106744","478f2a1fefd37b866b45b1672a371282ecf931c5ac4e7199713fdc39585c886355bcd302b8089ac330c4ccbb32c23c8300b7b1096e16611b2cc2bb31d53343ff","HZ550045","12/13/2016 10:55:00 AM","2","DRIVER",NULL,"104715.0",NULL,"NISSAN","Murano","IL","2015.0","NONE","PASSENGER","PERSONAL","W","SLOW/STOP IN TRAFFIC",NULL,NULL,"1.0",NULL,NULL,NULL,NULL,NULL,NULL,NULL,NULL,"Y",NULL,NULL,NULL,NULL,NULL,NULL,NULL,NULL,"REAR",NULL,NULL,NULL,NULL,NULL,NULL,NULL,NULL,NULL,NULL,NULL,NULL,NULL,NULL,NULL,NULL,NULL,NULL,NULL,NULL,NULL,NULL,NULL,NULL,NULL,NULL,NULL,NULL,NULL,NULL,NULL,NULL,NULL
"108505","7be09a830612494fd96f34faed03b6d04b322087ee6788813f11600964a4625456d2d058bcaa60b6a7e9f7250768a35286f0457f17e2f6b3e76822f47d1ff329","HZ554839","12/17/2016 12:05:00 AM","2","DRIVER",NULL,"106688.0",NULL,"HONDA","CIVIC",NULL,"2012.0","UNKNOWN","UNKNOWN/NA","UNKNOWN/NA","W","UNKNOWN/NA",NULL,NULL,"1.0",NULL,NULL,NULL,NULL,NULL,"Y","Y","Y",NULL,NULL,NULL,NULL,NULL,NULL,NULL,NULL,NULL,"REAR-RIGHT",NULL,NULL,NULL,NULL,NULL,NULL,NULL,NULL,NULL,NULL,NULL,NULL,NULL,NULL,NULL,NULL,NULL,NULL,NULL,NULL,NULL,NULL,NULL,NULL,NULL,NULL,NULL,NULL,NULL,NULL,NULL,NULL,NULL
"108573","e348b4116bc79b32c4d6900376dd104ac70b423109585f4509dbc7735c360d3543ba02931aa225ceaa2f3e92a23a8ad2943228108e9284d2d6fe97ab1524beb5","HZ555003","12/17/2016 12:40:00 PM","2","DRIVERLESS",NULL,"106763.0",NULL,"HONDA","UNKNOWN","IL","2016.0","NONE","OTHER","PERSONAL","N","PARKED",NULL,NULL,"0.0",NULL,NULL,NULL,NULL,NULL,NULL,NULL,NULL,NULL,NULL,NULL,NULL,NULL,NULL,NULL,NULL,NULL,"REAR-RIGHT",NULL,NULL,NULL,NULL,NULL,NULL,NULL,NULL,NULL,NULL,NULL,NULL,NULL,NULL,NULL,NULL,NULL,NULL,NULL,NULL,NULL,NULL,NULL,NULL,NULL,NULL,NULL,NULL,NULL,NULL,NULL,NULL,NULL
"108617","c5bb447684e6fca69f22aa0f53d9f739885e7d6a689458c70192c049d02b081fdcb505ecde683c0e4036b5183d4a0f33ecbd0d80a84597f778614fac2568b7b4","HZ555100","12/08/2016 05:30:00 PM","1","DRIVER",NULL,"106832.0",NULL,"FORD","F350","IL","2017.0","NONE","PICKUP","CONSTRUCTION/MAINTENANCE","S","STRAIGHT AHEAD",NULL,NULL,"1.0",NULL,NULL,NULL,NULL,NULL,NULL,"Y",NULL,NULL,NULL,NULL,"Y",NULL,NULL,NULL,NULL,NULL,"SIDE-RIGHT",NULL,NULL,NULL,NULL,NULL,NULL,NULL,NULL,NULL,NULL,NULL,NULL,NULL,NULL,NULL,NULL,NULL,NULL,NULL,NULL,NULL,NULL,NULL,NULL,NULL,NULL,NULL,NULL,NULL,NULL,NULL,NULL,NULL
"108640","65623ce940459370c8332fbfca0c94cb09df12924e687a0333aacbf81611a770030ac1f37b86fc93de02380c9ad15a01a90b3db77c58ca75bb148d760de8bac9","HZ555157","12/17/2016 03:55:00 PM","1","DRIVER",NULL,"106858.0",NULL,"VOLKSWAGEN","PASSAT","IL","2014.0","UNKNOWN","PASSENGER","PERSONAL","W","STRAIGHT AHEAD",NULL,NULL,"1.0",NULL,NULL,NULL,"N","Y",NULL,NULL,NULL,NULL,NULL,NULL,NULL,NULL,NULL,NULL,NULL,NULL,"FRONT",NULL,NULL,NULL,NULL,NULL,NULL,NULL,NULL,NULL,NULL,NULL,NULL,NULL,NULL,NULL,NULL,NULL,NULL,NULL,NULL,NULL,NULL,NULL,NULL,NULL,NULL,NULL,NULL,NULL,NULL,NULL,NULL,NULL
"108686","dc3f0261823d4ea61402fed9daab90a1d4596821fe238cfca40aca415f95e652b2a32ab0e370586b0f5b326dcece2b7ed92508788c98912ada9241af810bb865","HZ555312","12/17/2016 05:54:00 PM","1","DRIVER",NULL,"106932.0",NULL,"CHEVROLET","S10","IL","2008.0","NONE","PICKUP","PERSONAL","S","STRAIGHT AHEAD",NULL,NULL,"1.0",NULL,NULL,NULL,"Y",NULL,NULL,NULL,NULL,NULL,NULL,NULL,NULL,NULL,NULL,NULL,NULL,NULL,"FRONT-RIGHT",NULL,NULL,NULL,NULL,NULL,NULL,NULL,NULL,NULL,NULL,NULL,NULL,NULL,NULL,NULL,NULL,NULL,NULL,NULL,NULL,NULL,NULL,NULL,NULL,NULL,NULL,NULL,NULL,NULL,NULL,NULL,NULL,NULL
"108911","d176c5a24f5261e0a970def006bf7ef0bdc1ef9505f4657dc2af5b55d24b1a29008d4355d842c5240b7e8472af4fed2a09fa7b32b51aa7dbd9a47b433829455f","HZ556090","12/18/2016 02:10:00 PM","1","DRIVER",NULL,"107188.0",NULL,"PONTIAC","G5","IL","2008.0","NONE","PASSENGER","PERSONAL","W","STRAIGHT AHEAD",NULL,NULL,"1.0",NULL,NULL,NULL,NULL,"Y",NULL,NULL,NULL,NULL,NULL,NULL,NULL,NULL,NULL,NULL,NULL,NULL,"FRONT",NULL,NULL,NULL,NULL,NULL,NULL,NULL,NULL,NULL,NULL,NULL,NULL,NULL,NULL,NULL,NULL,NULL,NULL,NULL,NULL,NULL,NULL,NULL,NULL,NULL,NULL,NULL,NULL,NULL,NULL,NULL,NULL,NULL
"108986","09390f17780a02592d77f136a14a5434cfd322555a339bdbd9a8dcc4cedb29a318deff9bb9a024cca698ca743ceadd6767a78eeab2e3ba016afc7c72a5f4f3e1","HZ556289","12/18/2016 05:00:00 PM","2","DRIVER",NULL,"107284.0",NULL,"FORD","Focus","IL","2013.0","NONE","PASSENGER","PERSONAL","S","STRAIGHT AHEAD",NULL,NULL,"1.0",NULL,NULL,NULL,NULL,NULL,NULL,NULL,"Y",NULL,NULL,NULL,NULL,NULL,NULL,NULL,NULL,NULL,"REAR-RIGHT",NULL,NULL,NULL,NULL,NULL,NULL,NULL,NULL,NULL,NULL,NULL,NULL,NULL,NULL,NULL,NULL,NULL,NULL,NULL,NULL,NULL,NULL,NULL,NULL,NULL,NULL,NULL,NULL,NULL,NULL,NULL,NULL,NULL
"109393","c38b2df7c9c606b578fbd317f71ed62c3d4ba761cf29c32c5cdc6fe233f4ba064cebd010034a5ac97c977b3759e1efbfea498fe8c18a9615bf5743aa9be1e8f3","HZ557422","12/19/2016 02:50:00 PM","2","DRIVER","2.0","107747.0",NULL,"NISSAN","VERSA","IL","2012.0","UNKNOWN","PASSENGER","PERSONAL","S","SLOW/STOP IN TRAFFIC",NULL,NULL,"3.0",NULL,NULL,NULL,NULL,NULL,NULL,NULL,"Y","Y",NULL,NULL,NULL,NULL,NULL,NULL,NULL,NULL,"UNKNOWN",NULL,NULL,NULL,NULL,NULL,NULL,NULL,NULL,NULL,NULL,NULL,NULL,NULL,NULL,NULL,NULL,NULL,NULL,NULL,NULL,NULL,NULL,NULL,NULL,NULL,NULL,NULL,NULL,NULL,NULL,NULL,NULL,NULL
"109449","05efd2132563f3b5d11356994627d9f1a3823384d4939d673780588e300297b9c6660fac4d7f35cecc80aff7c7a709cc26728742902fa5acda72a0155653cc21","HZ557592","12/18/2016 09:00:00 AM","2","PARKED",NULL,"107800.0",NULL,"CHEVROLET","Colorado",NULL,"2015.0","UNKNOWN","PASSENGER","NOT IN USE","E","PARKED",NULL,NULL,"0.0",NULL,NULL,NULL,NULL,NULL,NULL,NULL,NULL,NULL,NULL,NULL,"Y",NULL,NULL,NULL,NULL,NULL,"FRONT-LEFT",NULL,NULL,NULL,NULL,NULL,NULL,NULL,NULL,NULL,NULL,NULL,NULL,NULL,NULL,NULL,NULL,NULL,NULL,NULL,NULL,NULL,NULL,NULL,NULL,NULL,NULL,NULL,NULL,NULL,NULL,NULL,NULL,NULL
"109612","4c0498124744e86dd61af7f2e7d24fca20ff035e837dd23dc70a3683a502afca5ae258126b777a464972b7571a0a8c06db566a764ed5b78e8c776d2443004c2c","HZ557990","12/19/2016 07:55:00 PM","2","DRIVER",NULL,"108003.0",NULL,"NISSAN","NISSAN","IL","2013.0","NONE","PASSENGER","PERSONAL","W","SLOW/STOP IN TRAFFIC",NULL,NULL,"1.0",NULL,NULL,NULL,NULL,NULL,NULL,NULL,NULL,NULL,NULL,NULL,NULL,NULL,NULL,NULL,NULL,NULL,"REAR",NULL,NULL,NULL,NULL,NULL,NULL,NULL,NULL,NULL,NULL,NULL,NULL,NULL,NULL,NULL,NULL,NULL,NULL,NULL,NULL,NULL,NULL,NULL,NULL,NULL,NULL,NULL,NULL,NULL,NULL,NULL,NULL,NULL
"109754","93e4df29d5ee80522e3993eba4bbe1da9df07d2e3defe9d1768b96d21fbb9eef42025ebf9307a4267b4e8704d8770de92aa2dce4b01632899a7996af1133a7fd","HZ558448","12/20/2016 11:45:00 AM","2","PARKED",NULL,"108168.0",NULL,"NISSAN","SENTRA (DATSUN AND NISSAN HAVE MERGED)","IL","2015.0","UNKNOWN","PASSENGER","PERSONAL","UNKNOWN","PARKED",NULL,NULL,"0.0",NULL,NULL,NULL,NULL,NULL,NULL,NULL,NULL,NULL,NULL,"Y",NULL,NULL,NULL,NULL,NULL,NULL,"SIDE-LEFT",NULL,NULL,NULL,NULL,NULL,NULL,NULL,NULL,NULL,NULL,NULL,NULL,NULL,NULL,NULL,NULL,NULL,NULL,NULL,NULL,NULL,NULL,NULL,NULL,NULL,NULL,NULL,NULL,NULL,NULL,NULL,NULL,NULL
"109782","010b34adeb11474ead4ed34cb63ef9169cf3a4303a4504d16ed4d53768cb8434767dab850912ec29dc13862bbbb2c504a1cae369eeffc3436df052964011cad9","HZ558520","12/20/2016 11:45:00 AM","1","DRIVER","2.0","108196.0",NULL,"CADILLAC","DTS","IL","2009.0","UNKNOWN","PASSENGER","PERSONAL","E","STRAIGHT AHEAD",NULL,NULL,"3.0",NULL,NULL,NULL,NULL,"Y",NULL,NULL,NULL,NULL,NULL,NULL,NULL,NULL,NULL,NULL,NULL,NULL,"FRONT",NULL,NULL,NULL,NULL,NULL,NULL,NULL,NULL,NULL,NULL,NULL,NULL,NULL,NULL,NULL,NULL,NULL,NULL,NULL,NULL,NULL,NULL,NULL,NULL,NULL,NULL,NULL,NULL,NULL,NULL,NULL,NULL,NULL
"109890","2da86bed34b88a32a86623dba6f7786e29c440259b5c182ce233fdd4a58903653b57b81da31aca916b70a1a87816abcb9b1ebc270ba85e95a18b077e8358c92d","HZ558742","12/20/2016 03:35:00 PM","1","DRIVER",NULL,"108301.0",NULL,"FORD","ESCAPE (SUV)","IL","2012.0","NONE","SPORT UTILITY VEHICLE (SUV)","TAXI/FOR HIRE","S","STRAIGHT AHEAD",NULL,NULL,"1.0",NULL,NULL,NULL,NULL,NULL,NULL,NULL,NULL,NULL,NULL,NULL,"Y",NULL,NULL,NULL,NULL,NULL,"FRONT-LEFT",NULL,NULL,NULL,NULL,NULL,NULL,NULL,NULL,NULL,NULL,NULL,NULL,NULL,NULL,NULL,NULL,NULL,NULL,NULL,NULL,NULL,NULL,NULL,NULL,NULL,NULL,NULL,NULL,NULL,NULL,NULL,NULL,NULL
"110057","7438d73ee2d98b33b8744d3fef4108c455045426adb1afb595a5d1b791eedc07aa12a5d62642965c4610d82bfaae11a4a6155756dace27db27ee26ba20bfdbed","HZ559038","12/20/2016 06:23:00 PM","2","DRIVER",NULL,"108505.0",NULL,"FORD","ESCAPE (SUV)","IL","2013.0","NONE","OTHER","COMMERCIAL - SINGLE UNIT","S","STRAIGHT AHEAD",NULL,NULL,"1.0",NULL,NULL,NULL,"Y",NULL,NULL,NULL,NULL,"Y",NULL,NULL,NULL,NULL,NULL,NULL,NULL,NULL,"REAR",NULL,NULL,NULL,NULL,NULL,NULL,NULL,NULL,NULL,NULL,NULL,NULL,NULL,NULL,NULL,NULL,NULL,NULL,NULL,NULL,NULL,NULL,NULL,NULL,NULL,NULL,NULL,NULL,NULL,NULL,NULL,NULL,NULL
"110679","fc634d487ed1f85c31724a13ab5c6aff8fd901233f91f32b548ad6feadb1d77350812de0544bbac5fc31914e0825e1eb62efd73e3e48fa6554b153fb966c0635","HZ561197","12/22/2016 08:20:00 AM","2","DRIVER",NULL,"109209.0",NULL,"TOYOTA MOTOR COMPANY, LTD.","COROLLA","IN","2016.0","UNKNOWN","PASSENGER","OTHER","S","STRAIGHT AHEAD",NULL,NULL,"1.0",NULL,NULL,NULL,NULL,NULL,"Y",NULL,NULL,NULL,NULL,NULL,NULL,NULL,NULL,NULL,NULL,NULL,"FRONT-RIGHT",NULL,NULL,NULL,NULL,NULL,NULL,NULL,NULL,NULL,NULL,NULL,NULL,NULL,NULL,NULL,NULL,NULL,NULL,NULL,NULL,NULL,NULL,NULL,NULL,NULL,NULL,NULL,NULL,NULL,NULL,NULL,NULL,NULL
"110819","ac338a877ef6ab66542a5f00035ab414325d466976f86ba456aa85428dcb2e851b213f23e9e828c995dd0ff52d65802887ae6648625f20b21c87530be3ec6fe9","HZ561580","12/22/2016 04:40:00 PM","1","DRIVER",NULL,"109359.0",NULL,"FORD","ESCAPE (SUV)","IL","2008.0","UNKNOWN","SPORT UTILITY VEHICLE (SUV)","PERSONAL","N","OTHER",NULL,NULL,"1.0",NULL,NULL,NULL,NULL,NULL,"Y",NULL,NULL,NULL,NULL,NULL,NULL,NULL,NULL,NULL,NULL,NULL,"FRONT-RIGHT",NULL,NULL,NULL,NULL,NULL,NULL,NULL,NULL,NULL,NULL,NULL,NULL,NULL,NULL,NULL,NULL,NULL,NULL,NULL,NULL,NULL,NULL,NULL,NULL,NULL,NULL,NULL,NULL,NULL,NULL,NULL,NULL,NULL
"111228","22f82d043f4ded2d8a7b40a4bc23bab8c44f2f6a5f6457fc405830d8f5232392244e2defd4704ece4746f1ef60361edce8e21f1a694d6ac26598ae9aad417901","HZ562777","12/23/2016 11:20:00 AM","2","PARKED",NULL,"109844.0",NULL,"CHEVROLET","TAHOE","IL","2009.0","NONE","PASSENGER","PERSONAL","UNKNOWN","PARKED",NULL,NULL,"0.0",NULL,NULL,NULL,NULL,NULL,NULL,NULL,NULL,"Y","Y",NULL,NULL,NULL,NULL,NULL,NULL,NULL,"REAR-LEFT",NULL,NULL,NULL,NULL,NULL,NULL,NULL,NULL,NULL,NULL,NULL,NULL,NULL,NULL,NULL,NULL,NULL,NULL,NULL,NULL,NULL,NULL,NULL,NULL,NULL,NULL,NULL,NULL,NULL,NULL,NULL,NULL,NULL
"111527","f07e917f0b79a2643525bf668e5eba1ab9a281989b44542926ecf210f660276b9fcadc15efffb77b0c8c5ff830e61d0985faf14a0710a176c53affa44eba531a","HZ563697","12/24/2016 11:55:00 AM","2","DRIVER",NULL,"110221.0",NULL,"MAZDA","UNKNOWN","IL","2012.0","NONE","SPORT UTILITY VEHICLE (SUV)","PERSONAL","N","STRAIGHT AHEAD",NULL,NULL,"1.0",NULL,NULL,NULL,NULL,NULL,NULL,NULL,NULL,"Y",NULL,NULL,NULL,NULL,NULL,NULL,NULL,NULL,"REAR",NULL,NULL,NULL,NULL,NULL,NULL,NULL,NULL,NULL,NULL,NULL,NULL,NULL,NULL,NULL,NULL,NULL,NULL,NULL,NULL,NULL,NULL,NULL,NULL,NULL,NULL,NULL,NULL,NULL,NULL,NULL,NULL,NULL
"111758","7a1cb2590df45cf481da23fa6b91de7d3680544016ba26858eb70e2b3cfcf458e5f439fbb2647c848ac7b6f57897e2ad9c5eade57e183d9370fb942d5578ff61","HZ564663","12/25/2016 02:00:00 PM","2","PARKED",NULL,"110501.0",NULL,"HONDA","CIVIC","IL","2013.0","NONE","PASSENGER","NOT IN USE","N","PARKED",NULL,NULL,"0.0",NULL,NULL,NULL,NULL,NULL,NULL,NULL,NULL,NULL,"Y",NULL,NULL,NULL,NULL,NULL,NULL,NULL,"REAR-LEFT",NULL,NULL,NULL,NULL,NULL,NULL,NULL,NULL,NULL,NULL,NULL,NULL,NULL,NULL,NULL,NULL,NULL,NULL,NULL,NULL,NULL,NULL,NULL,NULL,NULL,NULL,NULL,NULL,NULL,NULL,NULL,NULL,NULL
"111837","0f533f3de0371b40e5c4b82b6e96240726d59fd34b78fccb8b1e5ed159f2f463a18076f262f048b600deb2a4b46d1c8d9d3f56f9a81a83ef1f07344e85f3bfe9","HZ565000","12/26/2016 12:01:00 AM","1","DRIVER",NULL,"110592.0",NULL,"DODGE","Avenger","MI","2008.0","UNKNOWN","PASSENGER","UNKNOWN/NA","S","UNKNOWN/NA",NULL,NULL,"1.0",NULL,NULL,NULL,NULL,NULL,"Y",NULL,NULL,NULL,NULL,NULL,NULL,NULL,NULL,NULL,NULL,NULL,"FRONT-RIGHT",NULL,NULL,NULL,NULL,NULL,NULL,NULL,NULL,NULL,NULL,NULL,NULL,NULL,NULL,NULL,NULL,NULL,NULL,NULL,NULL,NULL,NULL,NULL,NULL,NULL,NULL,NULL,NULL,NULL,NULL,NULL,NULL,NULL
"112028","6fda591666134aa37342ff2319aec7d83341afab76391b2d1e545404dca4cb8bc0e9ececfe9c204305dac09b15223b21cc2ddcb28260f5917cfe1c84aabb505d","HZ564707","12/25/2016 01:30:00 PM","2","PARKED",NULL,"110808.0",NULL,"NISSAN","VERSA","IL","2016.0","NONE","PASSENGER","PERSONAL","W","PARKED",NULL,NULL,"0.0",NULL,NULL,NULL,NULL,NULL,NULL,NULL,"Y",NULL,NULL,NULL,NULL,NULL,NULL,NULL,NULL,NULL,"REAR-RIGHT",NULL,NULL,NULL,NULL,NULL,NULL,NULL,NULL,NULL,NULL,NULL,NULL,NULL,NULL,NULL,NULL,NULL,NULL,NULL,NULL,NULL,NULL,NULL,NULL,NULL,NULL,NULL,NULL,NULL,NULL,NULL,NULL,NULL
"112134","0bd41e0f70f337d06a78b715519b594002745a7b379edbec199abcdcaa37d91d80c8a45dbe21e86425025c50ee3e7e2d35c308a39729b687be99afacd8693b75","HZ566459","12/27/2016 12:00:00 PM","2","DRIVER",NULL,"110923.0",NULL,"HONDA","CIVIC","IL","2009.0","UNKNOWN","PASSENGER","PERSONAL","E","STRAIGHT AHEAD",NULL,NULL,"1.0",NULL,NULL,NULL,NULL,NULL,NULL,NULL,NULL,NULL,NULL,"Y","Y",NULL,NULL,NULL,NULL,NULL,"SIDE-LEFT",NULL,NULL,NULL,NULL,NULL,NULL,NULL,NULL,NULL,NULL,NULL,NULL,NULL,NULL,NULL,NULL,NULL,NULL,NULL,NULL,NULL,NULL,NULL,NULL,NULL,NULL,NULL,NULL,NULL,NULL,NULL,NULL,NULL
"112517","f98b82ef9b651b9cfeafc5647c9c9fe412cfe11e6d74b37c90ede7f69a0f8d4ab178868875fcd9724f086e07dd4e4f4e3923c47e252118f7da3ff7a34811420f","HZ568137","12/28/2016 03:45:00 PM","1","DRIVER",NULL,"111372.0",NULL,"HONDA","CRV","IL","2014.0","NONE","SPORT UTILITY VEHICLE (SUV)","PERSONAL","E","STRAIGHT AHEAD",NULL,NULL,"1.0",NULL,NULL,NULL,NULL,"Y",NULL,NULL,NULL,NULL,NULL,NULL,NULL,NULL,NULL,NULL,NULL,NULL,"FRONT",NULL,NULL,NULL,NULL,NULL,NULL,NULL,NULL,NULL,NULL,NULL,NULL,NULL,NULL,NULL,NULL,NULL,NULL,NULL,NULL,NULL,NULL,NULL,NULL,NULL,NULL,NULL,NULL,NULL,NULL,NULL,NULL,NULL
"112645","fe5b50a1c50ce3785d6a65903c45c8cbbd86ce14e51e379cc9f2d431928e154229f0b1a4be9b4c8e20de59cc0e6ca2d527a0f41a1c9c96934585c6972368375e","HZ568866","12/29/2016 02:20:00 AM","2","PARKED",NULL,"111529.0",NULL,"DODGE","Avenger","IL","2013.0","NONE","PASSENGER","PERSONAL","W","PARKED",NULL,NULL,"0.0",NULL,NULL,NULL,NULL,NULL,NULL,NULL,NULL,NULL,"Y",NULL,NULL,NULL,NULL,NULL,NULL,NULL,"REAR-LEFT",NULL,NULL,NULL,NULL,NULL,NULL,NULL,NULL,NULL,NULL,NULL,NULL,NULL,NULL,NULL,NULL,NULL,NULL,NULL,NULL,NULL,NULL,NULL,NULL,NULL,NULL,NULL,NULL,NULL,NULL,NULL,NULL,NULL