"CRASH_UNIT_ID","CRASH_RECORD_ID","RD_NO","CRASH_DATE","UNIT_NO","UNIT_TYPE","NUM_PASSENGERS","VEHICLE_ID","CMRC_VEH_I","MAKE","MODEL","LIC_PLATE_STATE","VEHICLE_YEAR","VEHICLE_DEFECT","VEHICLE_TYPE","VEHICLE_USE","TRAVEL_DIRECTION","MANEUVER","TOWED_I","FIRE_I","OCCUPANT_CNT","EXCEED_SPEED_LIMIT_I","TOWED_BY","TOWED_TO","AREA_00_I","AREA_01_I","AREA_02_I","AREA_03_I","AREA_04_I","AREA_05_I","AREA_06_I","AREA_07_I","AREA_08_I","AREA_09_I","AREA_10_I","AREA_11_I","AREA_12_I","AREA_99_I","FIRST_CONTACT_POINT","CMV_ID","USDOT_NO","CCMC_NO","ILCC_NO","COMMERCIAL_SRC","GVWR","CARRIER_NAME","CARRIER_STATE","CARRIER_CITY","HAZMAT_PLACARDS_I","HAZMAT_NAME","UN_NO","HAZMAT_PRESENT_I","HAZMAT_REPORT_I","HAZMAT_REPORT_NO","MCS_REPORT_I","MCS_REPORT_NO","HAZMAT_VIO_CAUSE_CRASH_I","MCS_VIO_CAUSE_CRASH_I","IDOT_PERMIT_NO","WIDE_LOAD_I","TRAILER1_WIDTH","TRAILER2_WIDTH","TRAILER1_LENGTH","TRAILER2_LENGTH","TOTAL_VEHICLE_LENGTH","AXLE_CNT","VEHICLE_CONFIG","CARGO_BODY_TYPE","LOAD_TYPE","HAZMAT_OUT_OF_SERVICE_I","MCS_OUT_OF_SERVICE_I","HAZMAT_CLASS"
"118183","ce60b7909dfdad309a5e61a22ffb24b2ccc9fefb6d41a0e9b686b91cd31011bad814dec330e5470f539fde988eb03259173345bf0c6953d8490f5585e87e8d32","JA119191","01/17/2017 10:30:00 AM","2","DRIVER",NULL,"117968.0",NULL,"INFINITI","FX35","IL","2009.0","NONE","SPORT UTILITY VEHICLE (SUV)","PERSONAL","W","STRAIGHT AHEAD",NULL,NULL,"1.0",NULL,NULL,NULL,NULL,"Y",NULL,NULL,NULL,NULL,NULL,NULL,NULL,NULL,NULL,NULL,NULL,NULL,"FRONT",NULL,NULL,NULL,NULL,NULL,NULL,NULL,NULL,NULL,NULL,NULL,NULL,NULL,NULL,NULL,NULL,NULL,NULL,NULL,NULL,NULL,NULL,NULL,NULL,NULL,NULL,NULL,NULL,NULL,NULL,NULL,NULL,NULL
"118421","5c8cc4d963d64e181ccb31b800d064dfe849fa646c91483f3a4be87a7154c0fd81eb19097bc6be61b875d86f0c990d0931a5bb994f25fa7f36ac8e326dc7e735","JA120165","01/18/2017 08:30:00 AM","2","DRIVER",NULL,"118243.0",NULL,"TOYOTA MOTOR COMPANY, LTD.","UNKNOWN","IL","2008.0","NONE","VAN/MINI-VAN","PERSONAL","E","STRAIGHT AHEAD",NULL,NULL,"1.0",NULL,NULL,NULL,NULL,NULL,"Y",NULL,NULL,NULL,NULL,NULL,NULL,NULL,NULL,NULL,NULL,NULL,"FRONT-RIGHT",NULL,NULL,NULL,NULL,NULL,NULL,NULL,NULL,NULL,NULL,NULL,NULL,NULL,NULL,NULL,NULL,NULL,NULL,NULL,NULL,NULL,NULL,NULL,NULL,NULL,NULL,NULL,NULL,NULL,NULL,NULL,NULL,NULL
"118500","31993ef67999b0148d25d091be4adc2f0a6d91069dc578125385b82be36cd4102fb29aeecbbbbbdb59ec37f11d9cc5f4c3e497bc51a2a535f7bff952b01652d9","JA120548","01/18/2017 08:08:00 AM","1","DRIVER",NULL,"118335.0",NULL,"CHEVROLET","MALIBU (CHEVELLE)","IL","2013.0","UNKNOWN","PASSENGER","UNKNOWN/NA","S","UNKNOWN/NA",NULL,NULL,"1.0",NULL,NULL,NULL,NULL,NULL,NULL,NULL,"Y",NULL,NULL,NULL,NULL,NULL,NULL,NULL,NULL,NULL,"REAR-RIGHT",NULL,NULL,NULL,NULL,NULL,NULL,NULL,NULL,NULL,NULL,NULL,NULL,NULL,NULL,NULL,NULL,NULL,NULL,NULL,NULL,NULL,NULL,NULL,NULL,NULL,NULL,NULL,NULL,NULL,NULL,NULL,NULL,NULL
"118507","c3043ae7c4b59d97de741f1102054074647666db0081c93275ff59acfa8a1be6370d49bb55015f645a3b722d0d7e42d775c0d0772e4341255bd8169c0c3b6d41","JA120569","01/18/2017 01:00:00 AM","2","PARKED",NULL,"118338.0",NULL,"FORD","ESCAPE (SUV)",NULL,"2013.0","NONE","SPORT UTILITY VEHICLE (SUV)","NOT IN USE","E","PARKED",NULL,NULL,"0.0",NULL,NULL,NULL,NULL,NULL,NULL,NULL,NULL,NULL,"Y","Y","Y",NULL,NULL,NULL,NULL,NULL,"SIDE-LEFT",NULL,NULL,NULL,NULL,NULL,NULL,NULL,NULL,NULL,NULL,NULL,NULL,NULL,NULL,NULL,NULL,NULL,NULL,NULL,NULL,NULL,NULL,NULL,NULL,NULL,NULL,NULL,NULL,NULL,NULL,NULL,NULL,NULL
"118608","b43871bf9f4ddaecfa5f611d5bff342778ee69213531ac5c387bddd30b32b31ace99dcb500c1d640c1edd5a28f396ad60c48e18709be8b4bf8c6f680d009a2e4","JA120855","01/18/2017 05:40:00 PM","1","DRIVER",NULL,"118448.0",NULL,"TOYOTA MOTOR COMPANY, LTD.","CAMRY","IN","2015.0","NONE","PASSENGER","PERSONAL","W","TURNING RIGHT",NULL,NULL,"1.0",NULL,NULL,NULL,NULL,NULL,"Y",NULL,NULL,NULL,NULL,NULL,NULL,NULL,NULL,NULL,NULL,NULL,"FRONT-RIGHT",NULL,NULL,NULL,NULL,NULL,NULL,NULL,NULL,NULL,NULL,NULL,NULL,NULL,NULL,NULL,NULL,NULL,NULL,NULL,NULL,NULL,NULL,NULL,NULL,NULL,NULL,NULL,NULL,NULL,NULL,NULL,NULL,NULL
"118732","b01183c8c64887f33a35914a15de9390f09f7a1f126d82193849709fe346c9603a80c7e88fb204a9b1d6195f74841941ade0c2ce5c73e250597c5a8985b13f6a","JA121499","01/18/2017 10:00:00 AM","2","PARKED",NULL,"118599.0",NULL,"TOYOTA MOTOR COMPANY, LTD.","CAMRY","IL","2012.0","NONE","PASSENGER","NOT IN USE","N","PARKED",NULL,NULL,"0.0",NULL,NULL,NULL,NULL,NULL,NULL,NULL,NULL,NULL,NULL,NULL,"Y",NULL,NULL,NULL,NULL,NULL,"FRONT-LEFT",NULL,NULL,NULL,NULL,NULL,NULL,NULL,NULL,NULL,NULL,NULL,NULL,NULL,NULL,NULL,NULL,NULL,NULL,NULL,NULL,NULL,NULL,NULL,NULL,NULL,NULL,NULL,NULL,NULL,NULL,NULL,NULL,NULL
"118809","7260ea4997d494d7dbb0598941b82573a9aeef96637cb434a8944d8b3b81eee11442f1a4053d590c94dba8bd3f5abdd2bf98ccc58288ad4cc446049a366fd0d1","JA121875","01/19/2017 03:30:00 PM","2","DRIVER",NULL,"118701.0",NULL,"CHEVROLET","COBALT","PA","2010.0","NONE","PASSENGER","PERSONAL","NW","STRAIGHT AHEAD",NULL,NULL,"1.0",NULL,NULL,NULL,NULL,"Y","Y",NULL,NULL,NULL,NULL,NULL,NULL,NULL,NULL,NULL,NULL,NULL,"FRONT-RIGHT",NULL,NULL,NULL,NULL,NULL,NULL,NULL,NULL,NULL,NULL,NULL,NULL,NULL,NULL,NULL,NULL,NULL,NULL,NULL,NULL,NULL,NULL,NULL,NULL,NULL,NULL,NULL,NULL,NULL,NULL,NULL,NULL,NULL
"118860","961acf7e3821af875a3df71771f997f8c7b51e543faebb3bc0078e76904fbae8fbce086d3edf0ddf296600935db3f5eb5fbb78e3db22b4bf07442e89e499d166","JA122033","01/19/2017 05:00:00 PM","1","DRIVER",NULL,"118742.0",NULL,"BMW","UNKNOWN","IL","2008.0","UNKNOWN","PASSENGER","PERSONAL","W","STRAIGHT AHEAD",NULL,NULL,"1.0",NULL,NULL,NULL,NULL,"Y","Y",NULL,NULL,NULL,NULL,NULL,"Y",NULL,NULL,NULL,NULL,NULL,"FRONT",NULL,NULL,NULL,NULL,NULL,NULL,NULL,NULL,NULL,NULL,NULL,NULL,NULL,NULL,NULL,NULL,NULL,NULL,NULL,NULL,NULL,NULL,NULL,NULL,NULL,NULL,NULL,NULL,NULL,NULL,NULL,NULL,NULL
"119391","0800d7de2c6c19007c628d8000beacc1f2a3463ab544c8ef3c9a16e7b7249fad4596f84a9a39b45aa135c889212afd4acaefef64fd96cbcf7755a9017e28b977","JA124167","01/21/2017 12:30:00 AM","2","PARKED",NULL,"119381.0",NULL,"CHEVROLET","MALIBU (CHEVELLE)","MI","2011.0","NONE","PASSENGER","PERSONAL","N","PARKED",NULL,NULL,"0.0",NULL,NULL,NULL,NULL,NULL,NULL,NULL,NULL,NULL,"Y",NULL,NULL,NULL,NULL,NULL,NULL,NULL,"SIDE-LEFT",NULL,NULL,NULL,NULL,NULL,NULL,NULL,NULL,NULL,NULL,NULL,NULL,NULL,NULL,NULL,NULL,NULL,NULL,NULL,NULL,NULL,NULL,NULL,NULL,NULL,NULL,NULL,NULL,NULL,NULL,NULL,NULL,NULL
"119480","e84b76f0144f84de9aae8b8b2846b55e8af8398a9cb2ab841998855114ae06d57526f655003acdc1bbf5239c7f5d463f0050e7988be39f5a9600806475b2ee35","JA124405","01/21/2017 12:30:00 PM","2","DRIVER","4.0","119481.0",NULL,"DODGE","JOURNEY","IL","2009.0","NONE","PASSENGER","PERSONAL","UNKNOWN","STRAIGHT AHEAD",NULL,NULL,"5.0",NULL,NULL,NULL,NULL,NULL,"Y",NULL,NULL,NULL,NULL,NULL,NULL,NULL,NULL,NULL,NULL,NULL,"FRONT-RIGHT",NULL,NULL,NULL,NULL,NULL,NULL,NULL,NULL,NULL,NULL,NULL,NULL,NULL,NULL,NULL,NULL,NULL,NULL,NULL,NULL,NULL,NULL,NULL,NULL,NULL,NULL,NULL,NULL,NULL,NULL,NULL,NULL,NULL
"119598","f24a9ef018462ad795c2d12145d8252286a846ca664fbca7f8a2eb2cabc2511ea32d8d98922ac0b4b5d968f075fc489e1e892d9bb728a7c99290ca4ba5fd212f","JA124681","01/21/2017 05:00:00 PM","2","DRIVER",NULL,"119611.0",NULL,"HONDA","CIVIC","IL","2012.0","NONE","PASSENGER","PERSONAL","S","STRAIGHT AHEAD",NULL,NULL,"1.0",NULL,NULL,NULL,NULL,NULL,"Y",NULL,NULL,NULL,NULL,NULL,NULL,NULL,NULL,NULL,NULL,NULL,"FRONT-RIGHT",NULL,NULL,NULL,NULL,NULL,NULL,NULL,NULL,NULL,NULL,NULL,NULL,NULL,NULL,NULL,NULL,NULL,NULL,NULL,NULL,NULL,NULL,NULL,NULL,NULL,NULL,NULL,NULL,NULL,NULL,NULL,NULL,NULL
"119820","826fd8b4e9cdd33cf48d5f7b5c34223496379480cdceb782b801d5d17e4e0bb61e76eb0f681163ffc24df72142e17f0b815586b91a0d63b098e89936ed93db15","JA125736","01/22/2017 03:15:00 PM","2","PARKED",NULL,"119892.0",NULL,"TOYOTA MOTOR COMPANY, LTD.","4RUNNER","IL","2016.0","NONE","PASSENGER","PERSONAL","S","PARKED",NULL,NULL,"0.0",NULL,NULL,NULL,NULL,"Y",NULL,NULL,NULL,NULL,NULL,NULL,"Y",NULL,NULL,NULL,NULL,NULL,"TOTAL (ALL AREAS)",NULL,NULL,NULL,NULL,NULL,NULL,NULL,NULL,NULL,NULL,NULL,NULL,NULL,NULL,NULL,NULL,NULL,NULL,NULL,NULL,NULL,NULL,NULL,NULL,NULL,NULL,NULL,NULL,NULL,NULL,NULL,NULL,NULL
"119957","cac9dffadb2a1feef8b51ee8e2bc29935ef669f09789fefd168413cf4ac585a07788a1168a60646326033062d2a9cdcb32f342c46ed2a9993ff074dc4828e208","JA126482","01/21/2017 01:30:00 PM","2","DRIVER",NULL,"120102.0",NULL,"HONDA","Odyssey (minivan)","IL","2016.0","NONE","VAN/MINI-VAN","PERSONAL","E","TURNING LEFT",NULL,NULL,"1.0",NULL,NULL,NULL,NULL,NULL,NULL,NULL,NULL,NULL,NULL,"Y",NULL,NULL,NULL,NULL,NULL,NULL,"SIDE-LEFT",NULL,NULL,NULL,NULL,NULL,NULL,NULL,NULL,NULL,NULL,NULL,NULL,NULL,NULL,NULL,NULL,NULL,NULL,NULL,NULL,NULL,NULL,NULL,NULL,NULL,NULL,NULL,NULL,NULL,NULL,NULL,NULL,NULL
"120296","80deec0b150132835aef0de5c30e88831df84a919994e6b13c8cfc7064eaa17f569c1fb92f4f6b9151c397739564d0d2d9d6b3e9fb15f0803072b7149ca58459","JA127856","01/24/2017 09:25:00 AM","2","DRIVER",NULL,"120462.0",NULL,"CHEVROLET","MALIBU (CHEVELLE)","IL","2012.0","NONE","PASSENGER","PERSONAL","W","STRAIGHT AHEAD","Y",NULL,"1.0",NULL,NULL,NULL,NULL,NULL,"Y","Y",NULL,NULL,NULL,NULL,"Y",NULL,NULL,NULL,NULL,NULL,"SIDE-RIGHT",NULL,NULL,NULL,NULL,NULL,NULL,NULL,NULL,NULL,NULL,NULL,NULL,NULL,NULL,NULL,NULL,NULL,NULL,NULL,NULL,NULL,NULL,NULL,NULL,NULL,NULL,NULL,NULL,NULL,NULL,NULL,NULL,NULL
"120308","4b14794a9c1ee287b27b635b939b9ac6383aa1ae874da14a7bc7460e03791019a525be990f6aeaa015ab7dcb226a70ea9224b1a7545248e42f0e963a9dda2f39","JA125366","01/21/2017 09:30:00 AM","2","PARKED",NULL,"120492.0",NULL,"TOYOTA MOTOR COMPANY, LTD.","Highlander(beginning vehicle year 2001)","IL","2012.0","UNKNOWN","PASSENGER","PERSONAL","E","PARKED",NULL,NULL,"0.0",NULL,NULL,NULL,NULL,NULL,NULL,NULL,NULL,NULL,"Y",NULL,NULL,NULL,NULL,NULL,NULL,NULL,"REAR-LEFT",NULL,NULL,NULL,NULL,NULL,NULL,NULL,NULL,NULL,NULL,NULL,NULL,NULL,NULL,NULL,NULL,NULL,NULL,NULL,NULL,NULL,NULL,NULL,NULL,NULL,NULL,NULL,NULL,NULL,NULL,NULL,NULL,NULL
"120431","750d2efb09c091e726190a48566091296520731217f691b2077ff4a12593ffee0b72baad487e868511886ce63e3486f4f8b6f84d505d8cc4cf450199f989371e","JA128495","01/20/2017 07:00:00 PM","1","DRIVER",NULL,"120601.0",NULL,"HONDA","CIVIC","IL","2012.0","UNKNOWN","PASSENGER","PERSONAL","N","STRAIGHT AHEAD",NULL,NULL,"1.0",NULL,NULL,NULL,NULL,"N",NULL,NULL,NULL,NULL,NULL,NULL,NULL,NULL,NULL,NULL,NULL,"Y","UNKNOWN",NULL,NULL,NULL,NULL,NULL,NULL,NULL,NULL,NULL,NULL,NULL,NULL,NULL,NULL,NULL,NULL,NULL,NULL,NULL,NULL,NULL,NULL,NULL,NULL,NULL,NULL,NULL,NULL,NULL,NULL,NULL,NULL,NULL
"120643","3437defc61f04de02ae7882d4b7f829a2f84a64c16716e39bcde3f48ef719bcdc72e825535b23c16b29182dd6576962fb661277f5a1d7644a6c6b5151884721b","JA129449","01/24/2017 04:25:00 PM","1","DRIVER",NULL,"120835.0",NULL,"CHEVROLET","IMPALA","IL","2011.0","UNKNOWN","PASSENGER","UNKNOWN/NA","N","STRAIGHT AHEAD",NULL,NULL,"1.0",NULL,NULL,NULL,NULL,NULL,NULL,NULL,NULL,NULL,NULL,NULL,NULL,NULL,NULL,NULL,NULL,"Y","UNKNOWN",NULL,NULL,NULL,NULL,NULL,NULL,NULL,NULL,NULL,NULL,NULL,NULL,NULL,NULL,NULL,NULL,NULL,NULL,NULL,NULL,NULL,NULL,NULL,NULL,NULL,NULL,NULL,NULL,NULL,NULL,NULL,NULL,NULL
"120801","bda3a175e8d7504083128216e920afc954c3dada29cd1a7327e4636dd8d920e9dd31f701cec7f0e0ec5e86f0800fd0cf41cb84a6a498fead7201cae2d83fbc6d","JA130003","01/25/2017 06:11:00 PM","2","DRIVER",NULL,"121017.0",NULL,"FREIGHTLINER CORP.","FREIGHTLINER CORP.","IL","2012.0","NONE","TRUCK - SINGLE UNIT","UNKNOWN/NA","S","STRAIGHT AHEAD",NULL,NULL,"1.0",NULL,NULL,NULL,NULL,"Y",NULL,NULL,NULL,NULL,NULL,NULL,"Y",NULL,NULL,NULL,NULL,NULL,"FRONT",NULL,NULL,NULL,NULL,NULL,NULL,NULL,NULL,NULL,NULL,NULL,NULL,NULL,NULL,NULL,NULL,NULL,NULL,NULL,NULL,NULL,NULL,NULL,NULL,NULL,NULL,NULL,NULL,NULL,NULL,NULL,NULL,NULL
"121185","e96bd7687de4ddbb92f28b3898e40e0340e7d1e1d5539e4387372e2803e4c9f554db381df494ad32a818903fc862153814d56b865131401774da26ad2a6ca6de","JA131684","12/23/2016 06:00:00 PM","1","DRIVER",NULL,"121350.0",NULL,"HYUNDAI","UNKNOWN","IL","2016.0","NONE","PASSENGER","PERSONAL","N","PASSING/OVERTAKING",NULL,NULL,"1.0",NULL,NULL,NULL,NULL,NULL,NULL,NULL,NULL,NULL,NULL,NULL,NULL,NULL,NULL,NULL,NULL,"Y","UNKNOWN",NULL,NULL,NULL,NULL,NULL,NULL,NULL,NULL,NULL,NULL,NULL,NULL,NULL,NULL,NULL,NULL,NULL,NULL,NULL,NULL,NULL,NULL,NULL,NULL,NULL,NULL,NULL,NULL,NULL,NULL,NULL,NULL,NULL
"121220","ca7e2b21d93f9ccadfc6c924311ceda0a42f81972f0dffa19ab7668577d24a95d83035505da38f2b23f2cdf4a9aaccc74f067258649702d2a6056845987f0f0d","JA131855","01/27/2017 10:30:00 AM","2","DRIVER",NULL,"121387.0",NULL,"MERCURY","UNKNOWN","IL","2008.0","NONE","PASSENGER","PERSONAL","W","STRAIGHT AHEAD",NULL,NULL,"1.0",NULL,NULL,NULL,NULL,"Y",NULL,NULL,NULL,NULL,NULL,NULL,NULL,NULL,NULL,NULL,NULL,NULL,"FRONT",NULL,NULL,NULL,NULL,NULL,NULL,NULL,NULL,NULL,NULL,NULL,NULL,NULL,NULL,NULL,NULL,NULL,NULL,NULL,NULL,NULL,NULL,NULL,NULL,NULL,NULL,NULL,NULL,NULL,NULL,NULL,NULL,NULL
"121235","444f92da42106b2ff60fcb0f1bdcc3d209cd3865534f9fa375de0cdeb88e6abfe11f67f675d9d25d2693db7c59e9eeb88f010ea3d4099c90461ace46e8ea074a","JA131933","01/27/2017 12:40:00 PM","2","DRIVER",NULL,"121403.0",NULL,"FORD","FORD","IL","2014.0","NONE","VAN/MINI-VAN","CTA","W","STRAIGHT AHEAD",NULL,NULL,"1.0",NULL,NULL,NULL,NULL,NULL,NULL,NULL,NULL,NULL,NULL,NULL,"Y",NULL,NULL,NULL,NULL,NULL,"FRONT-LEFT",NULL,NULL,NULL,NULL,NULL,NULL,NULL,NULL,NULL,NULL,NULL,NULL,NULL,NULL,NULL,NULL,NULL,NULL,NULL,NULL,NULL,NULL,NULL,NULL,NULL,NULL,NULL,NULL,NULL,NULL,NULL,NULL,NULL
"121287","9ea9fabf87d5a8814e2bb4d88b05fa3665ba159a3691f2612f5b1b9a1774ef27a434f7b5812bbc9bfdf632907956d6d36d709e25b0571c1f44ed5c6a788ba290","JA132130","01/27/2017 02:45:00 PM","1","DRIVER",NULL,"121452.0",NULL,"TOYOTA MOTOR COMPANY, LTD.","CAMRY","IL","2015.0","NONE","PASSENGER","TAXI/FOR HIRE","N","OTHER",NULL,NULL,"1.0",NULL,NULL,NULL,NULL,NULL,NULL,NULL,NULL,NULL,NULL,NULL,"Y",NULL,NULL,NULL,NULL,NULL,"FRONT-LEFT",NULL,NULL,NULL,NULL,NULL,NULL,NULL,NULL,NULL,NULL,NULL,NULL,NULL,NULL,NULL,NULL,NULL,NULL,NULL,NULL,NULL,NULL,NULL,NULL,NULL,NULL,NULL,NULL,NULL,NULL,NULL,NULL,NULL
"121387","f06eddb957768a007572cc2c285bbfbf417a081a95134b97ce3946df4e820ef4c1c8e6d9a209c7c515cc19ccb73039bd0c9b1d43156bf05c33ab32a3c4eee13e","JA132381","01/27/2017 06:10:00 PM","1","DRIVER",NULL,"121544.0",NULL,"HYUNDAI","ELANTRA","IL","2017.0","NONE","PASSENGER","PERSONAL","E","STRAIGHT AHEAD",NULL,NULL,"1.0",NULL,NULL,NULL,NULL,"Y",NULL,NULL,NULL,NULL,NULL,NULL,NULL,NULL,NULL,NULL,NULL,NULL,"FRONT",NULL,NULL,NULL,NULL,NULL,NULL,NULL,NULL,NULL,NULL,NULL,NULL,NULL,NULL,NULL,NULL,NULL,NULL,NULL,NULL,NULL,NULL,NULL,NULL,NULL,NULL,NULL,NULL,NULL,NULL,NULL,NULL,NULL
"121464","3cc663bcaa0b42bcf3d7ce01b406f86138a5ef218d51fb921deb090ad5f3523e01bdab08d238b81078e361e812daa0f5e2bac77108b7904814a8b12bd8caf5fc","JA131650","01/27/2017 08:00:00 AM","2","PARKED",NULL,"121624.0",NULL,"BUICK","REGAL","IL","2016.0","NONE","PASSENGER","OTHER","S","PARKED",NULL,NULL,"0.0",NULL,NULL,NULL,NULL,NULL,NULL,NULL,NULL,NULL,NULL,"Y",NULL,NULL,NULL,NULL,"Y",NULL,"SIDE-LEFT",NULL,NULL,NULL,NULL,NULL,NULL,NULL,NULL,NULL,NULL,NULL,NULL,NULL,NULL,NULL,NULL,NULL,NULL,NULL,NULL,NULL,NULL,NULL,NULL,NULL,NULL,NULL,NULL,NULL,NULL,NULL,NULL,NULL
"121680","9914f42237fd04f8caa9a958e9681dc59111f99354646266f8bb3137f36e454506f132a6342230127e19c07c7710a98ee89d914e766d12c3a91b43b1159f4a99","JA133629","01/28/2017 09:15:00 PM","1","DRIVER",NULL,"121842.0",NULL,"CADILLAC","DTS","IL","2008.0","UNKNOWN","PASSENGER","PERSONAL","E","STRAIGHT AHEAD","Y","N","1.0",NULL,"City ss# 009892","701 N Sacramento",NULL,"Y","Y",NULL,NULL,NULL,NULL,NULL,NULL,NULL,NULL,NULL,NULL,NULL,"FRONT",NULL,NULL,NULL,NULL,NULL,NULL,NULL,NULL,NULL,NULL,NULL,NULL,NULL,NULL,NULL,NULL,NULL,NULL,NULL,NULL,NULL,NULL,NULL,NULL,NULL,NULL,NULL,NULL,NULL,NULL,NULL,NULL,NULL
"122538","c1b4a7ae9c0cb7b5051989dc47d594f5d3899f67d57648a4776863e0e0a697896ea047ba2ef58090db9ddd36d413bc36963daf0f9f9ca6a53086e1f4f43c8312","JA137811","02/01/2017 12:15:00 PM","1","DRIVER","1.0","122682.0",NULL,"CHEVROLET","UNKNOWN","IL","2012.0","NONE","PASSENGER","PERSONAL","N","BACKING",NULL,NULL,"2.0",NULL,NULL,NULL,"Y",NULL,NULL,NULL,NULL,NULL,NULL,NULL,NULL,NULL,NULL,NULL,NULL,NULL,"NONE",NULL,NULL,NULL,NULL,NULL,NULL,NULL,NULL,NULL,NULL,NULL,NULL,NULL,NULL,NULL,NULL,NULL,NULL,NULL,NULL,NULL,NULL,NULL,NULL,NULL,NULL,NULL,NULL,NULL,NULL,NULL,NULL,NULL
"122549","c8a2c7426c9b4a927f3d0b05bd587f01962fb2578cf512ef93b4474e51614b79a92bd6a1bf0c86d2a2ab3243d72f28935280ec33d014cf80dd423db76fc780b7","JA137839","02/01/2017 12:30:00 PM","2","DRIVER",NULL,"122678.0",NULL,"TOYOTA MOTOR COMPANY, LTD.","CAMRY","IL","2017.0","UNKNOWN","PASSENGER","PERSONAL","N","TURNING RIGHT",NULL,NULL,"1.0",NULL,NULL,NULL,NULL,NULL,"Y","Y","Y",NULL,NULL,NULL,NULL,NULL,NULL,NULL,NULL,"Y","SIDE-RIGHT",NULL,NULL,NULL,NULL,NULL,NULL,NULL,NULL,NULL,NULL,NULL,NULL,NULL,NULL,NULL,NULL,NULL,NULL,NULL,NULL,NULL,NULL,NULL,NULL,NULL,NULL,NULL,NULL,NULL,NULL,NULL,NULL,NULL
"122810","46dea9a2e9f45c79745de857a872ca1da4df5bd192ba7c80ce848e8b8db0d2acfa7e8c9379556f7533d4c78c8f866284c3046d3e9aae5c9e7f1b129fcfcad782","JA138980","02/02/2017 10:20:00 AM","2","DRIVER",NULL,"122935.0",NULL,"NISSAN","UNKNOWN","IL","2014.0","NONE","OTHER","COMMERCIAL - SINGLE UNIT","W","STARTING IN TRAFFIC",NULL,NULL,"1.0",NULL,NULL,NULL,NULL,NULL,"Y","Y","Y",NULL,NULL,NULL,NULL,NULL,NULL,NULL,NULL,NULL,"SIDE-RIGHT",NULL,NULL,NULL,NULL,NULL,NULL,NULL,NULL,NULL,NULL,NULL,NULL,NULL,NULL,NULL,NULL,NULL,NULL,NULL,NULL,NULL,NULL,NULL,NULL,NULL,NULL,NULL,NULL,NULL,NULL,NULL,NULL,NULL
"122945","008c1a02a432bd063ef4ebb1ae1c2ccb75fc0c73dabe3d30e9c62ddb7553826a28c8c38c8bd8cf839eb731116692944efa2d1fe5ad5cc666de1090ad525bafab","JA139421","02/02/2017 04:40:00 PM","2","DRIVER",NULL,"123073.0",NULL,"CHEVROLET","TAHOE","IL","2015.0","NONE","PASSENGER","PERSONAL","S","STRAIGHT AHEAD",NULL,NULL,"1.0",NULL,NULL,NULL,"Y",NULL,NULL,NULL,NULL,"Y",NULL,NULL,NULL,NULL,NULL,NULL,NULL,NULL,"REAR",NULL,NULL,NULL,NULL,NULL,NULL,NULL,NULL,NULL,NULL,NULL,NULL,NULL,NULL,NULL,NULL,NULL,NULL,NULL,NULL,NULL,NULL,NULL,NULL,NULL,NULL,NULL,NULL,NULL,NULL,NULL,NULL,NULL
"123076","593f529dec4c37180333f0a98d75d1dfaf85d8e4d82fd12b0688b65101e7206bd4eb1d2234825e4f45252a941599335df0aa3ecdeb732b35e85cf0ef677d182f","JA139985","02/03/2017 08:00:00 AM","2","DRIVER","1.0","123203.0",NULL,"NISSAN","ROGUE","IL","2015.0","NONE","SPORT UTILITY VEHICLE (SUV)","PERSONAL","N","SLOW/STOP IN TRAFFIC",NULL,NULL,"2.0",NULL,NULL,NULL,NULL,NULL,NULL,NULL,NULL,"Y",NULL,NULL,NULL,NULL,NULL,NULL,NULL,NULL,"REAR",NULL,NULL,NULL,NULL,NULL,NULL,NULL,NULL,NULL,NULL,NULL,NULL,NULL,NULL,NULL,NULL,NULL,NULL,NULL,NULL,NULL,NULL,NULL,NULL,NULL,NULL,NULL,NULL,NULL,NULL,NULL,NULL,NULL
"123570","36c3af31d41e37556d451d140bdd37c570b164603b65d5a7893a6fb90b27a303730a237e05cb626e56a3217d975c4a194ae49fb3b2aa3efe584397c58978f282","JA141704","02/04/2017 04:30:00 PM","2","PARKED",NULL,"123675.0",NULL,"GENERAL MOTORS CORP.","Canyon","IL","2016.0","NONE","PASSENGER","PERSONAL","UNKNOWN","PARKED",NULL,NULL,"0.0",NULL,NULL,NULL,NULL,NULL,NULL,NULL,NULL,"N",NULL,NULL,NULL,NULL,NULL,NULL,"Y",NULL,"OTHER",NULL,NULL,NULL,NULL,NULL,NULL,NULL,NULL,NULL,NULL,NULL,NULL,NULL,NULL,NULL,NULL,NULL,NULL,NULL,NULL,NULL,NULL,NULL,NULL,NULL,NULL,NULL,NULL,NULL,NULL,NULL,NULL,NULL