"CRASH_UNIT_ID","CRASH_RECORD_ID","RD_NO","CRASH_DATE","UNIT_NO","UNIT_TYPE","NUM_PASSENGERS","VEHICLE_ID","CMRC_VEH_I","MAKE","MODEL","LIC_PLATE_STATE","VEHICLE_YEAR","VEHICLE_DEFECT","VEHICLE_TYPE","VEHICLE_USE","TRAVEL_DIRECTION","MANEUVER","TOWED_I","FIRE_I","OCCUPANT_CNT","EXCEED_SPEED_LIMIT_I","TOWED_BY","TOWED_TO","AREA_00_I","AREA_01_I","AREA_02_I","AREA_03_I","AREA_04_I","AREA_05_I","AREA_06_I","AREA_07_I","AREA_08_I","AREA_09_I","AREA_10_I","AREA_11_I","AREA_12_I","AREA_99_I","FIRST_CONTACT_POINT","CMV_ID","USDOT_NO","CCMC_NO","ILCC_NO","COMMERCIAL_SRC","GVWR","CARRIER_NAME","CARRIER_STATE","CARRIER_CITY","HAZMAT_PLACARDS_I","HAZMAT_NAME","UN_NO","HAZMAT_PRESENT_I","HAZMAT_REPORT_I","HAZMAT_REPORT_NO","MCS_REPORT_I","MCS_REPORT_NO","HAZMAT_VIO_CAUSE_CRASH_I","MCS_VIO_CAUSE_CRASH_I","IDOT_PERMIT_NO","WIDE_LOAD_I","TRAILER1_WIDTH","TRAILER2_WIDTH","TRAILER1_LENGTH","TRAILER2_LENGTH","TOTAL_VEHICLE_LENGTH","AXLE_CNT","VEHICLE_CONFIG","CARGO_BODY_TYPE","LOAD_TYPE","HAZMAT_OUT_OF_SERVICE_I","MCS_OUT_OF_SERVICE_I","HAZMAT_CLASS"
"123903","d877c6ce0bfcdb02dfbc4f50cf5bc0d61d19deefcf974fbafc6e1f9e43a33ebc9252bb0730e3bcfdcef610c2ce514c3683d64f89bb02586dcdcf2a7aa126f337","JA143206","02/06/2017 06:53:00 AM","1","DRIVER",NULL,"124008.0",NULL,"CHEVROLET","UNKNOWN","IL","2016.0","UNKNOWN","PASSENGER","UNKNOWN/NA","E","AVOIDING VEHICLES/OBJECTS",NULL,NULL,"1.0",NULL,NULL,NULL,NULL,NULL,NULL,NULL,NULL,NULL,NULL,NULL,NULL,NULL,NULL,NULL,NULL,"Y","UNKNOWN",NULL,NULL,NULL,NULL,NULL,NULL,NULL,NULL,NULL,NULL,NULL,NULL,NULL,NULL,NULL,NULL,NULL,NULL,NULL,NULL,NULL,NULL,NULL,NULL,NULL,NULL,NULL,NULL,NULL,NULL,NULL,NULL,NULL
"124103","869bedd7376d0c8da80e1d630387684e16ca7025656ff74d5912df4a2e96d07d5cf252beb9c1e94b0379627f7549e4f69441ff9db2b1c84949aa698fbae431bb","JA144192","02/03/2017 10:30:00 PM","1","DRIVER",NULL,"124200.0",NULL,"NISSAN","NISSAN ALTIMA","IL","2015.0","NONE","PASSENGER","PERSONAL","N","BACKING",NULL,NULL,"1.0",NULL,NULL,NULL,NULL,NULL,NULL,NULL,"Y","Y",NULL,NULL,NULL,NULL,NULL,NULL,NULL,NULL,"REAR",NULL,NULL,NULL,NULL,NULL,NULL,NULL,NULL,NULL,NULL,NULL,NULL,NULL,NULL,NULL,NULL,NULL,NULL,NULL,NULL,NULL,NULL,NULL,NULL,NULL,NULL,NULL,NULL,NULL,NULL,NULL,NULL,NULL
"124982","b78810e0603f863afb96757d7a2c29bbd11645fcdad8f7b1add7c88c4095f0584e3a7de4d1490a7023ed62b65994c63815708be26e0f75a8de6cefbed5545eaf","JA147839","02/02/2017 07:15:00 PM","2","DRIVER",NULL,"125050.0",NULL,"NISSAN","SENTRA (DATSUN AND NISSAN HAVE MERGED)","IL","2013.0","NONE","PASSENGER","PERSONAL","W","STRAIGHT AHEAD",NULL,NULL,"1.0",NULL,NULL,NULL,NULL,"Y",NULL,NULL,NULL,NULL,NULL,NULL,NULL,NULL,NULL,NULL,NULL,NULL,"FRONT",NULL,NULL,NULL,NULL,NULL,NULL,NULL,NULL,NULL,NULL,NULL,NULL,NULL,NULL,NULL,NULL,NULL,NULL,NULL,NULL,NULL,NULL,NULL,NULL,NULL,NULL,NULL,NULL,NULL,NULL,NULL,NULL,NULL
"124987","e1df7e9177b28385f6ae338157fe6378fdcbf9e04cce74d4ecc8817e13dd593275e2e8dfcad889153881031ea27c0c64ccb1c408e235e5e2032c0efd3961dfe9","JA147857","02/09/2017 06:15:00 PM","1","DRIVER",NULL,"125053.0",NULL,"CHEVROLET","IMPALA","IL","2016.0","NONE","PASSENGER","PERSONAL","S","STRAIGHT AHEAD",NULL,NULL,"1.0",NULL,NULL,NULL,NULL,NULL,NULL,NULL,NULL,NULL,NULL,"Y","Y",NULL,NULL,NULL,NULL,NULL,"SIDE-LEFT",NULL,NULL,NULL,NULL,NULL,NULL,NULL,NULL,NULL,NULL,NULL,NULL,NULL,NULL,NULL,NULL,NULL,NULL,NULL,NULL,NULL,NULL,NULL,NULL,NULL,NULL,NULL,NULL,NULL,NULL,NULL,NULL,NULL
"125048","9999113055390bcff8dd6fae0d1b8b85c120f7ac6cb1c3d4ace5c3bd9830459ba03a647346bc1964575d5a92eb7408eac5b04db22ef4a38084ead944ead6048e","JA148112","02/09/2017 10:30:00 PM","2","DRIVER",NULL,"125112.0",NULL,"TOYOTA MOTOR COMPANY, LTD.","CAMRY","IL","2014.0","NONE","PASSENGER","PERSONAL","SE","STRAIGHT AHEAD",NULL,NULL,"1.0",NULL,NULL,NULL,NULL,NULL,NULL,"Y",NULL,NULL,NULL,NULL,NULL,NULL,NULL,NULL,NULL,NULL,"SIDE-RIGHT",NULL,NULL,NULL,NULL,NULL,NULL,NULL,NULL,NULL,NULL,NULL,NULL,NULL,NULL,NULL,NULL,NULL,NULL,NULL,NULL,NULL,NULL,NULL,NULL,NULL,NULL,NULL,NULL,NULL,NULL,NULL,NULL,NULL
"125429","5d60ec7f16a595a8afe8f52f0c96e5251528ffc0b3b62c18164d6b9b76567f1b1e61ff7430ef575f8bb2bf0f41f6660aa4be6bef634ccfb3fe334a30783bbaec","JA149445","02/10/2017 11:50:00 PM","2","DRIVER",NULL,"125491.0",NULL,"FORD","ESCAPE (SUV)","IL","2010.0","UNKNOWN","PASSENGER","TAXI/FOR HIRE","SE","PASSING/OVERTAKING",NULL,NULL,"1.0",NULL,NULL,NULL,NULL,NULL,NULL,NULL,NULL,NULL,NULL,"Y","Y",NULL,NULL,NULL,NULL,NULL,"SIDE-LEFT",NULL,NULL,NULL,NULL,NULL,NULL,NULL,NULL,NULL,NULL,NULL,NULL,NULL,NULL,NULL,NULL,NULL,NULL,NULL,NULL,NULL,NULL,NULL,NULL,NULL,NULL,NULL,NULL,NULL,NULL,NULL,NULL,NULL
"125508","2661cc7c58e8620c234c7d310cff5af32794d5c80fa1e0c3902b587a5e15947f321e2a3c7193b668fbec062fc45255ac28e0cc3091309e140d66c1ff0cdb41de","JA149830","02/11/2017 11:45:00 AM","1","DRIVER",NULL,"125572.0",NULL,"FORD","FUSION","IL","2015.0","NONE","PASSENGER","OTHER","E","CHANGING LANES",NULL,NULL,"1.0",NULL,NULL,NULL,NULL,NULL,"Y",NULL,NULL,NULL,NULL,NULL,NULL,NULL,NULL,NULL,NULL,NULL,"FRONT-RIGHT",NULL,NULL,NULL,NULL,NULL,NULL,NULL,NULL,NULL,NULL,NULL,NULL,NULL,NULL,NULL,NULL,NULL,NULL,NULL,NULL,NULL,NULL,NULL,NULL,NULL,NULL,NULL,NULL,NULL,NULL,NULL,NULL,NULL
"125858","584841c67f20ec1ad07d82441759d875e81c1fa9a8c41cd56bac24dead69576aa632cf4d1f4507903abb5b5addd037aff2e01ee9865bb63f45408a3ebf65781e","JA150945","02/11/2017 08:00:00 AM","1","DRIVER",NULL,"125897.0",NULL,"TOYOTA MOTOR COMPANY, LTD.","COROLLA","IL","2013.0","UNKNOWN","PASSENGER","PERSONAL","S","ENTERING TRAFFIC LANE FROM PARKING",NULL,NULL,"1.0",NULL,NULL,NULL,NULL,NULL,NULL,NULL,NULL,NULL,NULL,NULL,"Y",NULL,NULL,NULL,NULL,NULL,"FRONT-LEFT",NULL,NULL,NULL,NULL,NULL,NULL,NULL,NULL,NULL,NULL,NULL,NULL,NULL,NULL,NULL,NULL,NULL,NULL,NULL,NULL,NULL,NULL,NULL,NULL,NULL,NULL,NULL,NULL,NULL,NULL,NULL,NULL,NULL
"125939","89e6ed88a334784400feb7fb867d5ebb8910a21a80cd30ab04dc83ea65c3126b12978c5c8b6769a3bb4032dd4f9b36a64651f2473f4e04a14dbfb26349f88985","JA151213","02/12/2017 04:50:00 PM","2","DRIVER",NULL,"125984.0",NULL,"JEEP","UNKNOWN","IL","2015.0","NONE","PASSENGER","PERSONAL","W","STRAIGHT AHEAD",NULL,NULL,"1.0",NULL,NULL,NULL,NULL,NULL,NULL,NULL,NULL,NULL,"Y","Y","Y",NULL,NULL,NULL,NULL,NULL,"SIDE-LEFT",NULL,NULL,NULL,NULL,NULL,NULL,NULL,NULL,NULL,NULL,NULL,NULL,NULL,NULL,NULL,NULL,NULL,NULL,NULL,NULL,NULL,NULL,NULL,NULL,NULL,NULL,NULL,NULL,NULL,NULL,NULL,NULL,NULL
"125972","ce955d2f19f866a12fd868b4074231008d392959ab86c590acb8c6092d4e85cbf0b823ce50ea856521d32da6b280017b5a2cfdf422bd8acf03c14dc04f24f04f","JA151326","02/12/2017 05:45:00 PM","2","PARKED",NULL,"126011.0",NULL,"INFINITI","UNKNOWN",NULL,"2013.0","NONE","SPORT UTILITY VEHICLE (SUV)","PERSONAL","S","PARKED",NULL,NULL,"0.0",NULL,NULL,NULL,NULL,"Y",NULL,NULL,NULL,NULL,NULL,NULL,NULL,NULL,NULL,NULL,NULL,NULL,"FRONT",NULL,NULL,NULL,NULL,NULL,NULL,NULL,NULL,NULL,NULL,NULL,NULL,NULL,NULL,NULL,NULL,NULL,NULL,NULL,NULL,NULL,NULL,NULL,NULL,NULL,NULL,NULL,NULL,NULL,NULL,NULL,NULL,NULL
"126266","a77b50a594280416f1bb2e9ce35277a29ee71559c2e38887a37390dfa65e5087c557b7ef1e7c9748c7bb0bdabfbc61fea2c39ff4a023a1865f3827581c6aefe9","JA152191","02/13/2017 01:05:00 PM","3","DRIVER",NULL,"126310.0",NULL,"LEXUS","IS250","IL","2014.0","UNKNOWN","PASSENGER","PERSONAL","UNKNOWN","BACKING",NULL,NULL,"1.0",NULL,NULL,NULL,NULL,NULL,NULL,NULL,"Y",NULL,NULL,NULL,NULL,NULL,NULL,NULL,NULL,NULL,"REAR-RIGHT",NULL,NULL,NULL,NULL,NULL,NULL,NULL,NULL,NULL,NULL,NULL,NULL,NULL,NULL,NULL,NULL,NULL,NULL,NULL,NULL,NULL,NULL,NULL,NULL,NULL,NULL,NULL,NULL,NULL,NULL,NULL,NULL,NULL
"126602","5ebfa642bb7547f1eea7af8497a23c9b85d52252b3e9f5a25049e1c79b2a8deab2cabfb6c0ba5183669dd0ff654279a85d696c689b61e3d7ae2a78d9390288ff","JA153865","02/14/2017 11:00:00 AM","2","PARKED",NULL,"126624.0",NULL,"JEEP","UNKNOWN",NULL,"2015.0","NONE","PASSENGER","NOT IN USE","UNKNOWN","PARKED",NULL,NULL,"0.0",NULL,NULL,NULL,NULL,NULL,NULL,NULL,NULL,NULL,NULL,NULL,"Y",NULL,NULL,NULL,NULL,NULL,"FRONT-LEFT",NULL,NULL,NULL,NULL,NULL,NULL,NULL,NULL,NULL,NULL,NULL,NULL,NULL,NULL,NULL,NULL,NULL,NULL,NULL,NULL,NULL,NULL,NULL,NULL,NULL,NULL,NULL,NULL,NULL,NULL,NULL,NULL,NULL
"126606","06689e9e7304b6253d9984cff4866039c6b3b11cd5492787ff5920df4079f76bbd13c4fe7054e57f71f7554ab9038ef40f0b904703dd6ca1ff6300d25dff6738","JA153877","02/06/2017 07:15:00 AM","2","DRIVER",NULL,"126626.0",NULL,"FORD","FORD","IL","2015.0","NONE","PASSENGER","PERSONAL","W","STRAIGHT AHEAD",NULL,NULL,"1.0",NULL,NULL,NULL,NULL,NULL,NULL,NULL,NULL,NULL,"Y","Y","Y",NULL,NULL,NULL,NULL,NULL,"SIDE-LEFT",NULL,NULL,NULL,NULL,NULL,NULL,NULL,NULL,NULL,NULL,NULL,NULL,NULL,NULL,NULL,NULL,NULL,NULL,NULL,NULL,NULL,NULL,NULL,NULL,NULL,NULL,NULL,NULL,NULL,NULL,NULL,NULL,NULL
"126979","b5854e42dc72db468fb9233eba621b8d8124d1c48e9aa241286ce64a7d20e067dcdcae16cf95604a96532ff13d4d815e773c7939331b980258a441db613644e5","JA155294","02/15/2017 08:45:00 PM","2","DRIVER",NULL,"126994.0",NULL,"CHEVROLET","MALIBU (CHEVELLE)","IL","2011.0","UNKNOWN","UNKNOWN/NA","UNKNOWN/NA","S","TURNING RIGHT",NULL,NULL,"1.0",NULL,NULL,NULL,NULL,NULL,"N","Y","Y",NULL,NULL,NULL,NULL,NULL,NULL,NULL,NULL,"Y","REAR-RIGHT",NULL,NULL,NULL,NULL,NULL,NULL,NULL,NULL,NULL,NULL,NULL,NULL,NULL,NULL,NULL,NULL,NULL,NULL,NULL,NULL,NULL,NULL,NULL,NULL,NULL,NULL,NULL,NULL,NULL,NULL,NULL,NULL,NULL
"127494","f372f4d3283cdfc167db3ef56a4ee7dbcf6fd79a5816e9e44dd486c92bb3bac474905f13baa2f319e8d266f767e648a72c51da9d1427a407034ad917ab158ffc","JA157479","02/17/2017 03:50:00 PM","1","DRIVER",NULL,"127484.0",NULL,"CHEVROLET","Trail Blazer","IL","2010.0","NONE","PASSENGER","UNKNOWN/NA","W","CHANGING LANES",NULL,NULL,"1.0",NULL,NULL,NULL,NULL,NULL,"Y",NULL,NULL,NULL,NULL,NULL,NULL,NULL,NULL,NULL,NULL,NULL,"FRONT-RIGHT",NULL,NULL,NULL,NULL,NULL,NULL,NULL,NULL,NULL,NULL,NULL,NULL,NULL,NULL,NULL,NULL,NULL,NULL,NULL,NULL,NULL,NULL,NULL,NULL,NULL,NULL,NULL,NULL,NULL,NULL,NULL,NULL,NULL
"127668","041bc419740649418c84026f6faf8a8d67c413074aae1059458feab5451f03a1590ebcf13fdc3023701d41e638d623b6d8493f72cf6047dbb712baa420f6998d","JA158275","02/17/2017 10:45:00 PM","2","DRIVER","1.0","127655.0",NULL,"FORD","TAURUS","IL","2014.0","NONE","PASSENGER","PERSONAL","E","STRAIGHT AHEAD",NULL,NULL,"2.0",NULL,NULL,NULL,NULL,NULL,"Y",NULL,NULL,NULL,NULL,NULL,NULL,NULL,NULL,NULL,NULL,NULL,"FRONT-RIGHT",NULL,NULL,NULL,NULL,NULL,NULL,NULL,NULL,NULL,NULL,NULL,NULL,NULL,NULL,NULL,NULL,NULL,NULL,NULL,NULL,NULL,NULL,NULL,NULL,NULL,NULL,NULL,NULL,NULL,NULL,NULL,NULL,NULL
"127874","03cc327bf0b82ce35b8d4f5eb0cf87a4805ce05c461558bd711fcc69eda57140ccb621cbd461fc69a222e0ef8f395bb3a31a2c43e1f13a9ebbec8bf177cf5c1f","JA158550","02/18/2017 01:40:00 PM","2","DRIVER","3.0","127852.0",NULL,"JEEP","Grand Cherokee (for vehicle years 1989 to present)","IL","2014.0","NONE","SPORT UTILITY VEHICLE (SUV)","PERSONAL","N","STRAIGHT AHEAD","Y",NULL,"4.0",NULL,NULL,NULL,NULL,"Y","Y","Y","Y",NULL,NULL,NULL,"Y",NULL,NULL,NULL,NULL,NULL,"FRONT-RIGHT",NULL,NULL,NULL,NULL,NULL,NULL,NULL,NULL,NULL,NULL,NULL,NULL,NULL,NULL,NULL,NULL,NULL,NULL,NULL,NULL,NULL,NULL,NULL,NULL,NULL,NULL,NULL,NULL,NULL,NULL,NULL,NULL,NULL
"128495","3d709a069d8d2217e7c109ed45336476699485f0afcaf61d5b09cc5c3c873826d6ff1e650682c4a898871dcdf0e46fdce57ad846ff8c872162b5e602afee7b1b","JA161731","02/21/2017 08:15:00 AM","2","DRIVER","3.0","128455.0",NULL,"NISSAN","NISSAN MAXIMA","IL","2008.0","NONE","PASSENGER","PERSONAL","E","STRAIGHT AHEAD",NULL,NULL,"4.0",NULL,NULL,NULL,NULL,"Y","Y",NULL,"Y","Y","Y",NULL,"Y",NULL,NULL,NULL,NULL,NULL,"REAR",NULL,NULL,NULL,NULL,NULL,NULL,NULL,NULL,NULL,NULL,NULL,NULL,NULL,NULL,NULL,NULL,NULL,NULL,NULL,NULL,NULL,NULL,NULL,NULL,NULL,NULL,NULL,NULL,NULL,NULL,NULL,NULL,NULL
"128505","b6bf3ed47951c626231d7fde07b09a52bf8f774a012c11c5db9e28cabcfd2818a4d9821b5409578ba362e65dd0bc7f34d8801808da8cca0f0d3a24c865c5d613","JA161776","02/20/2017 11:55:00 PM","2","PARKED",NULL,"128464.0",NULL,"NISSAN","NISSAN ALTIMA","IL","2017.0","NONE","PASSENGER","NOT IN USE","S","PARKED",NULL,NULL,"0.0",NULL,NULL,NULL,NULL,NULL,"Y",NULL,NULL,NULL,NULL,NULL,NULL,NULL,NULL,NULL,NULL,NULL,"FRONT-RIGHT",NULL,NULL,NULL,NULL,NULL,NULL,NULL,NULL,NULL,NULL,NULL,NULL,NULL,NULL,NULL,NULL,NULL,NULL,NULL,NULL,NULL,NULL,NULL,NULL,NULL,NULL,NULL,NULL,NULL,NULL,NULL,NULL,NULL
"129155","1eef49a6ad50e174f699d916cac1f881d9d3de76d7cae36526b92e00b5607c78f5c65a66b1d52f122bf111edb06409c8f3614a4d938233c8f7f6f5d5c32b2b4f","JA164218","02/23/2017 12:00:00 AM","2","PARKED",NULL,"129099.0",NULL,"SUBARU","FORESTER","IL","2014.0","NONE","PASSENGER","PERSONAL","N","PARKED",NULL,NULL,"0.0",NULL,NULL,NULL,NULL,NULL,"Y",NULL,NULL,NULL,NULL,NULL,"N",NULL,NULL,NULL,NULL,NULL,"FRONT-RIGHT",NULL,NULL,NULL,NULL,NULL,NULL,NULL,NULL,NULL,NULL,NULL,NULL,NULL,NULL,NULL,NULL,NULL,NULL,NULL,NULL,NULL,NULL,NULL,NULL,NULL,NULL,NULL,NULL,NULL,NULL,NULL,NULL,NULL
"129230","8dab0fc292145f93334ab6259874237349dfde588bbce9d5531c859cf76aedd9e3e78ac98b5b88337c2f012814d5661b59c8a8bd0596ea71d07db52188d0db78","JA164315","02/23/2017 07:40:00 AM","2","PARKED",NULL,"129170.0",NULL,"CHEVROLET","CAMARO","IL","2014.0","NONE","PASSENGER","PERSONAL","UNKNOWN","PARKED",NULL,NULL,"0.0",NULL,NULL,NULL,NULL,"Y","Y",NULL,NULL,NULL,NULL,NULL,NULL,NULL,NULL,NULL,"Y",NULL,"FRONT-RIGHT",NULL,NULL,NULL,NULL,NULL,NULL,NULL,NULL,NULL,NULL,NULL,NULL,NULL,NULL,NULL,NULL,NULL,NULL,NULL,NULL,NULL,NULL,NULL,NULL,NULL,NULL,NULL,NULL,NULL,NULL,NULL,NULL,NULL
"129291","e04fb18ab314d00c19275e919c73c10d089dccdf837f422c60594623c538abaa84794e683db4b5ee61153d59e88aa8b76bb47948c5a9f0d97b93396f6b7b60e3","JA164647","02/23/2017 01:00:00 PM","2","PARKED",NULL,"129229.0",NULL,"CHRYSLER","200","IL","2012.0","NONE","PASSENGER","PERSONAL","N","PARKED",NULL,NULL,"0.0",NULL,NULL,NULL,NULL,NULL,NULL,NULL,NULL,NULL,"Y",NULL,NULL,NULL,NULL,NULL,NULL,NULL,"REAR-LEFT",NULL,NULL,NULL,NULL,NULL,NULL,NULL,NULL,NULL,NULL,NULL,NULL,NULL,NULL,NULL,NULL,NULL,NULL,NULL,NULL,NULL,NULL,NULL,NULL,NULL,NULL,NULL,NULL,NULL,NULL,NULL,NULL,NULL
"129346","51ff9e06a7c40106e996f4126d1e6451acecda8299be0649dddb9b331f42051b1cd9e07cf55411d48dde2baf6f45dbf1c357a3eb783e38e25375fb0703da3104","JA164874","02/23/2017 05:00:00 PM","1","DRIVER",NULL,"129283.0",NULL,"DODGE","RAM 1500 PU","IL","2014.0","NONE","PICKUP","PERSONAL","N","TURNING RIGHT",NULL,NULL,"1.0",NULL,NULL,NULL,NULL,NULL,NULL,NULL,NULL,NULL,NULL,NULL,"Y",NULL,NULL,NULL,NULL,NULL,"FRONT-LEFT",NULL,NULL,NULL,NULL,NULL,NULL,NULL,NULL,NULL,NULL,NULL,NULL,NULL,NULL,NULL,NULL,NULL,NULL,NULL,NULL,NULL,NULL,NULL,NULL,NULL,NULL,NULL,NULL,NULL,NULL,NULL,NULL,NULL
"129567","498c63b7f63a09ee4ee3bdfc764594ca425b8b2d21250cbd57729352ac5774083437856e80f2684ab1e9c3069c0bb27bf612f29e2d744d1b9177c4e3bac19dfd","JA165737","02/22/2017 01:56:00 PM","3","DRIVER",NULL,"129500.0",NULL,"TOYOTA MOTOR COMPANY, LTD.","RAV4 (sport utility)","IL","2016.0","UNKNOWN","SPORT UTILITY VEHICLE (SUV)","UNKNOWN/NA","E","SLOW/STOP IN TRAFFIC",NULL,NULL,"1.0",NULL,NULL,NULL,NULL,NULL,NULL,NULL,NULL,"Y",NULL,NULL,NULL,NULL,NULL,NULL,NULL,NULL,"REAR",NULL,NULL,NULL,NULL,NULL,NULL,NULL,NULL,NULL,NULL,NULL,NULL,NULL,NULL,NULL,NULL,NULL,NULL,NULL,NULL,NULL,NULL,NULL,NULL,NULL,NULL,NULL,NULL,NULL,NULL,NULL,NULL,NULL
"129641","a07c902e0d3f369f1eb81e2b04f306e614a24f7fa17cd76c1b6051b643d9385968d94b19902d71b5159ce68a85fcbfdbb015cce7ee9a18925d4ec106586fa5dc","JA165952","02/24/2017 02:40:00 PM","2","DRIVER",NULL,"129568.0",NULL,"MERCEDES-BENZ","UNKNOWN","IL","2008.0","NONE","PASSENGER","PERSONAL","S","STRAIGHT AHEAD",NULL,NULL,"1.0",NULL,NULL,NULL,NULL,NULL,NULL,NULL,NULL,NULL,NULL,NULL,"Y",NULL,NULL,NULL,NULL,NULL,"FRONT-LEFT",NULL,NULL,NULL,NULL,NULL,NULL,NULL,NULL,NULL,NULL,NULL,NULL,NULL,NULL,NULL,NULL,NULL,NULL,NULL,NULL,NULL,NULL,NULL,NULL,NULL,NULL,NULL,NULL,NULL,NULL,NULL,NULL,NULL
"129987","4714a5ef123da33bb458c9d7ad57952ecd3625088a67778adbf986bd89d6e729b699cd3b04ca7d1375f829eacb982b883eb84935525555103c761644a2c1bf33","JA167135","02/25/2017 06:10:00 PM","2","DRIVER",NULL,"129908.0",NULL,"SUBARU","IMPREZA","IL","2015.0","NONE","PASSENGER","PERSONAL","W","STRAIGHT AHEAD",NULL,NULL,"1.0",NULL,NULL,NULL,NULL,"Y",NULL,NULL,NULL,NULL,NULL,NULL,"Y",NULL,NULL,NULL,NULL,NULL,"FRONT-LEFT",NULL,NULL,NULL,NULL,NULL,NULL,NULL,NULL,NULL,NULL,NULL,NULL,NULL,NULL,NULL,NULL,NULL,NULL,NULL,NULL,NULL,NULL,NULL,NULL,NULL,NULL,NULL,NULL,NULL,NULL,NULL,NULL,NULL
"130173","4105929829de43150e223986a22bfa1e5528a514aeefc6133531dc59b120304502199aef656d8bc46e84484fd7a39248b00409b2a979258b898a955127f2ee87","JA167904","02/26/2017 07:00:00 AM","2","PARKED",NULL,"130088.0",NULL,"SUBARU","LEGACY","IL","2014.0","NONE","PASSENGER","PERSONAL","W","PARKED",NULL,NULL,"0.0",NULL,NULL,NULL,NULL,NULL,NULL,NULL,NULL,NULL,NULL,"Y","Y",NULL,NULL,NULL,NULL,NULL,"UNKNOWN",NULL,NULL,NULL,NULL,NULL,NULL,NULL,NULL,NULL,NULL,NULL,NULL,NULL,NULL,NULL,NULL,NULL,NULL,NULL,NULL,NULL,NULL,NULL,NULL,NULL,NULL,NULL,NULL,NULL,NULL,NULL,NULL,NULL
"130411","2894cf484cf5fe0be152ddb96ad5f76c088e3b0e95dcf56ff6f56e91cb744a5ff6d8c8fd90f5d530347a71f31d44c42efb4c1d033088f7c0ca7ab096d228ba82","JA168721","02/27/2017 11:50:00 AM","1","DRIVER",NULL,"130317.0",NULL,"HONDA","CIVIC","IL","2009.0","NONE","PASSENGER","PERSONAL","E","CHANGING LANES",NULL,NULL,"1.0",NULL,NULL,NULL,NULL,NULL,NULL,NULL,NULL,NULL,NULL,NULL,"Y",NULL,NULL,NULL,NULL,NULL,"FRONT-LEFT",NULL,NULL,NULL,NULL,NULL,NULL,NULL,NULL,NULL,NULL,NULL,NULL,NULL,NULL,NULL,NULL,NULL,NULL,NULL,NULL,NULL,NULL,NULL,NULL,NULL,NULL,NULL,NULL,NULL,NULL,NULL,NULL,NULL
"130627","d85b0c35d58aa3770138fffb2102103d32da98b24d70f87e0b24a9e1db95b68adf36b72308d71290bc11cda97bdba9b6d9e2230ad89c64ca76f954ef98bc3ba7","JA169476","02/27/2017 10:55:00 PM","1","DRIVER","2.0","130535.0",NULL,"TOYOTA MOTOR COMPANY, LTD.","Prius","IL","2014.0","NONE","PASSENGER","TAXI/FOR HIRE","S","SLOW/STOP IN TRAFFIC","Y",NULL,"3.0",NULL,NULL,NULL,NULL,NULL,NULL,NULL,NULL,"Y",NULL,NULL,NULL,NULL,NULL,NULL,NULL,NULL,"REAR",NULL,NULL,NULL,NULL,NULL,NULL,NULL,NULL,NULL,NULL,NULL,NULL,NULL,NULL,NULL,NULL,NULL,NULL,NULL,NULL,NULL,NULL,NULL,NULL,NULL,NULL,NULL,NULL,NULL,NULL,NULL,NULL,NULL
"130839","9c07afc99678a747181ee3f5298f21e60673f8419ff01a87af8048fa8ebd14c7bc18ad0097eb6f28f1585a36a791693ddbaf7210939ab9ad6c83d3b43a43cb65","JA170324","02/24/2017 05:00:00 PM","2","PARKED",NULL,"130750.0",NULL,"TOYOTA MOTOR COMPANY, LTD.","RAV4 (sport utility)","IL","2015.0","NONE","PASSENGER","PERSONAL","E","PARKED",NULL,NULL,"0.0",NULL,NULL,NULL,NULL,NULL,NULL,NULL,NULL,"Y","Y","Y",NULL,NULL,NULL,NULL,NULL,NULL,"REAR-LEFT",NULL,NULL,NULL,NULL,NULL,NULL,NULL,NULL,NULL,NULL,NULL,NULL,NULL,NULL,NULL,NULL,NULL,NULL,NULL,NULL,NULL,NULL,NULL,NULL,NULL,NULL,NULL,NULL,NULL,NULL,NULL,NULL,NULL
"131239","e9e0052be52fea73de12887f8ab1d5a5555675564a9be04ccd6668f8ae07e74bf1ac8c432ba42c5e20bb83f245f185102415efcc79c0dcd0630823b3ddac674d","JA171502","03/01/2017 04:33:00 PM","1","DRIVER",NULL,"131138.0",NULL,"TOYOTA MOTOR COMPANY, LTD.","COROLLA","IL","2015.0","UNKNOWN","PASSENGER","UNKNOWN/NA","W","NEGOTIATING A CURVE","Y",NULL,"1.0",NULL,"PRIVATE","UNK",NULL,"Y","Y",NULL,NULL,NULL,NULL,NULL,"Y",NULL,NULL,NULL,NULL,NULL,"UNKNOWN",NULL,NULL,NULL,NULL,NULL,NULL,NULL,NULL,NULL,NULL,NULL,NULL,NULL,NULL,NULL,NULL,NULL,NULL,NULL,NULL,NULL,NULL,NULL,NULL,NULL,NULL,NULL,NULL,NULL,NULL,NULL,NULL,NULL
"131485","d40d749aaa1675143fe5d790c382ddce7070fc1562110f6b3123fcb3707a582ca29287db6b563441ddfa23e70b56c92cda9fb22a9e83d35debed03a808205654","JA172441","03/02/2017 01:30:00 PM","2","DRIVER",NULL,"131377.0",NULL,"DODD MFG. CO., INC.","DODD MFG. CO., INC.","IL","2014.0","NONE","VAN/MINI-VAN","PERSONAL","E","STRAIGHT AHEAD",NULL,NULL,"1.0",NULL,NULL,NULL,NULL,NULL,NULL,NULL,"Y","Y","Y",NULL,NULL,NULL,NULL,NULL,NULL,NULL,"REAR",NULL,NULL,NULL,NULL,NULL,NULL,NULL,NULL,NULL,NULL,NULL,NULL,NULL,NULL,NULL,NULL,NULL,NULL,NULL,NULL,NULL,NULL,NULL,NULL,NULL,NULL,NULL,NULL,NULL,NULL,NULL,NULL,NULL