"CRASH_UNIT_ID","CRASH_RECORD_ID","RD_NO","CRASH_DATE","UNIT_NO","UNIT_TYPE","NUM_PASSENGERS","VEHICLE_ID","CMRC_VEH_I","MAKE","MODEL","LIC_PLATE_STATE","VEHICLE_YEAR","VEHICLE_DEFECT","VEHICLE_TYPE","VEHICLE_USE","TRAVEL_DIRECTION","MANEUVER","TOWED_I","FIRE_I","OCCUPANT_CNT","EXCEED_SPEED_LIMIT_I","TOWED_BY","TOWED_TO","AREA_00_I","AREA_01_I","AREA_02_I","AREA_03_I","AREA_04_I","AREA_05_I","AREA_06_I","AREA_07_I","AREA_08_I","AREA_09_I","AREA_10_I","AREA_11_I","AREA_12_I","AREA_99_I","FIRST_CONTACT_POINT","CMV_ID","USDOT_NO","CCMC_NO","ILCC_NO","COMMERCIAL_SRC","GVWR","CARRIER_NAME","CARRIER_STATE","CARRIER_CITY","HAZMAT_PLACARDS_I","HAZMAT_NAME","UN_NO","HAZMAT_PRESENT_I","HAZMAT_REPORT_I","HAZMAT_REPORT_NO","MCS_REPORT_I","MCS_REPORT_NO","HAZMAT_VIO_CAUSE_CRASH_I","MCS_VIO_CAUSE_CRASH_I","IDOT_PERMIT_NO","WIDE_LOAD_I","TRAILER1_WIDTH","TRAILER2_WIDTH","TRAILER1_LENGTH","TRAILER2_LENGTH","TOTAL_VEHICLE_LENGTH","AXLE_CNT","VEHICLE_CONFIG","CARGO_BODY_TYPE","LOAD_TYPE","HAZMAT_OUT_OF_SERVICE_I","MCS_OUT_OF_SERVICE_I","HAZMAT_CLASS"
"131581","0af30526f141a68635cb5b86438eccd893a5babd21d171f3c8affd0a24e51860fcec0c71064e73dffa41b5618c73be52813e08fdb1e45e7e7e822f1e7aadc819","JA172753","03/02/2017 04:07:00 PM","2","DRIVER","2.0","131467.0",NULL,"TOYOTA MOTOR COMPANY, LTD.","COROLLA","IL","2015.0","NONE","PASSENGER","PERSONAL","W","STRAIGHT AHEAD",NULL,NULL,"3.0",NULL,NULL,NULL,NULL,NULL,NULL,NULL,NULL,"Y",NULL,NULL,NULL,NULL,NULL,NULL,NULL,NULL,"REAR",NULL,NULL,NULL,NULL,NULL,NULL,NULL,NULL,NULL,NULL,NULL,NULL,NULL,NULL,NULL,NULL,NULL,NULL,NULL,NULL,NULL,NULL,NULL,NULL,NULL,NULL,NULL,NULL,NULL,NULL,NULL,NULL,NULL
"131604","bfba6a59ff355815819d9348fc13177b44d2db452c19ba3dc9e37ccdb66ce9462c95454f87ed1fbef6e7a1e96aa7ee561fed503d428891a1be82c1112c110594","JA172809","03/02/2017 06:00:00 PM","2","PARKED",NULL,"131488.0",NULL,"NISSAN","ROGUE","IL","2016.0","NONE","SPORT UTILITY VEHICLE (SUV)","NOT IN USE","S","PARKED",NULL,NULL,"0.0",NULL,NULL,NULL,NULL,NULL,NULL,NULL,NULL,"Y",NULL,NULL,NULL,NULL,NULL,NULL,NULL,NULL,"REAR",NULL,NULL,NULL,NULL,NULL,NULL,NULL,NULL,NULL,NULL,NULL,NULL,NULL,NULL,NULL,NULL,NULL,NULL,NULL,NULL,NULL,NULL,NULL,NULL,NULL,NULL,NULL,NULL,NULL,NULL,NULL,NULL,NULL
"131645","1c5964804f30f45605ffd980e4af141e04f14ec2371f922a9f583149c87c4f09b7b692eead4d584c7bd2a3513024ea7953830d04601a81c5cad40287dd9533b6","JA172960","03/02/2017 07:57:00 AM","2","DRIVER","2.0","131530.0",NULL,"FORD","FUSION","IL","2014.0","NONE","PASSENGER","PERSONAL","W","STRAIGHT AHEAD",NULL,NULL,"3.0",NULL,NULL,NULL,NULL,NULL,NULL,NULL,"Y",NULL,NULL,NULL,NULL,NULL,NULL,NULL,NULL,NULL,"REAR-RIGHT",NULL,NULL,NULL,NULL,NULL,NULL,NULL,NULL,NULL,NULL,NULL,NULL,NULL,NULL,NULL,NULL,NULL,NULL,NULL,NULL,NULL,NULL,NULL,NULL,NULL,NULL,NULL,NULL,NULL,NULL,NULL,NULL,NULL
"131890","5bddfff9b04693c799bc84140f66c74ee8e7da184da8414fef94e0754835c0bb20cac0ff755a4afb4b69ce5c35ac0f9ca85aa1936f1e79942d1591ff5e6e9278","JA173823","03/03/2017 04:30:00 PM","2","DRIVER",NULL,"131769.0",NULL,"CHEVROLET","Express (full-size van)","IL","2008.0","NONE","BUS UP TO 15 PASS.","OTHER","N","STRAIGHT AHEAD",NULL,NULL,"1.0",NULL,NULL,NULL,NULL,NULL,NULL,NULL,NULL,NULL,NULL,NULL,NULL,NULL,NULL,NULL,NULL,NULL,"REAR",NULL,NULL,NULL,NULL,NULL,NULL,NULL,NULL,NULL,NULL,NULL,NULL,NULL,NULL,NULL,NULL,NULL,NULL,NULL,NULL,NULL,NULL,NULL,NULL,NULL,NULL,NULL,NULL,NULL,NULL,NULL,NULL,NULL
"131982","850e389cdd8421cf7a07c4e733d9fc8fb7534f6dd2a4d092852e6c5ffc642718fdce2444b8ed63c4ce6c04937d5fa60dc01cf7b48a93fda9874f1f8c59d252af","JA174078","03/03/2017 08:00:00 PM","1","DRIVER",NULL,"131858.0",NULL,"NISSAN","NISSAN ALTIMA","IL","2015.0","NONE","PASSENGER","PERSONAL","N","STRAIGHT AHEAD",NULL,NULL,"1.0",NULL,NULL,NULL,NULL,NULL,NULL,NULL,NULL,NULL,NULL,"Y","N",NULL,NULL,NULL,NULL,NULL,"SIDE-LEFT",NULL,NULL,NULL,NULL,NULL,NULL,NULL,NULL,NULL,NULL,NULL,NULL,NULL,NULL,NULL,NULL,NULL,NULL,NULL,NULL,NULL,NULL,NULL,NULL,NULL,NULL,NULL,NULL,NULL,NULL,NULL,NULL,NULL
"132176","138e979d2d51b3bc0ffb825ca2e3e1ae881a2ff18f883e79de35a602199bcc6a2b49ace080112de2d4771e1ce4522a62528fee0e3ebf18d981ff49494712e791","JA174817","03/04/2017 01:53:00 PM","2","DRIVER","1.0","132047.0",NULL,"FORD","EXPLORER","IL","2017.0","NONE","PASSENGER","PERSONAL","S","SLOW/STOP IN TRAFFIC",NULL,NULL,"2.0",NULL,NULL,NULL,NULL,NULL,NULL,NULL,NULL,"Y",NULL,NULL,NULL,NULL,NULL,NULL,NULL,NULL,"REAR",NULL,NULL,NULL,NULL,NULL,NULL,NULL,NULL,NULL,NULL,NULL,NULL,NULL,NULL,NULL,NULL,NULL,NULL,NULL,NULL,NULL,NULL,NULL,NULL,NULL,NULL,NULL,NULL,NULL,NULL,NULL,NULL,NULL
"132723","6d87b8b824b647004f98c02ca3dfa61bd5860cc38ba2cdeac827486265482556a15598516dc25573783692c5e6470912c7313fb3189e3808fb377365c00abc90","JA177105","03/06/2017 02:45:00 PM","2","PARKED",NULL,"132582.0",NULL,"CHEVROLET","EQUINOX","IL","2011.0","UNKNOWN","UNKNOWN/NA","UNKNOWN/NA","N","PARKED",NULL,NULL,"0.0",NULL,NULL,NULL,NULL,NULL,NULL,NULL,"Y","Y","Y",NULL,NULL,NULL,NULL,NULL,NULL,"Y","REAR-LEFT",NULL,NULL,NULL,NULL,NULL,NULL,NULL,NULL,NULL,NULL,NULL,NULL,NULL,NULL,NULL,NULL,NULL,NULL,NULL,NULL,NULL,NULL,NULL,NULL,NULL,NULL,NULL,NULL,NULL,NULL,NULL,NULL,NULL
"133069","4e8b84d1176da3b1fe3c6dea39376317c98f439ea765af822e8fd9603659bd183baf3587386a87db06431a045e475a128edd18ae780a324e67d1ecd52ac13532","JA178378","03/07/2017 01:30:00 PM","1","DRIVER",NULL,"132921.0",NULL,"FORD","FORD","IL","2010.0","NONE","PASSENGER","PERSONAL","S","CHANGING LANES",NULL,NULL,"1.0",NULL,NULL,NULL,NULL,NULL,NULL,NULL,NULL,NULL,NULL,NULL,NULL,NULL,NULL,NULL,NULL,"Y","UNKNOWN",NULL,NULL,NULL,NULL,NULL,NULL,NULL,NULL,NULL,NULL,NULL,NULL,NULL,NULL,NULL,NULL,NULL,NULL,NULL,NULL,NULL,NULL,NULL,NULL,NULL,NULL,NULL,NULL,NULL,NULL,NULL,NULL,NULL
"133697","389c5d21a482f90cf30615c69e80d805f076a5cdb776ee7284bdd3b3618c99d22af014e96cee1baf1b47f1bf00131e1bafd7c4404e3d41c67a4b0648d8c50d09","JA180611","03/08/2017 06:20:00 AM","1","DRIVER",NULL,"133534.0",NULL,"FORD","EDGE","IL","2014.0","NONE","PASSENGER","PERSONAL","E","PASSING/OVERTAKING",NULL,NULL,"1.0",NULL,NULL,NULL,NULL,NULL,NULL,NULL,"Y",NULL,NULL,NULL,NULL,NULL,NULL,NULL,NULL,NULL,"SIDE-RIGHT",NULL,NULL,NULL,NULL,NULL,NULL,NULL,NULL,NULL,NULL,NULL,NULL,NULL,NULL,NULL,NULL,NULL,NULL,NULL,NULL,NULL,NULL,NULL,NULL,NULL,NULL,NULL,NULL,NULL,NULL,NULL,NULL,NULL
"133771","85fe3fe1479c61d7b42181f7183b8507b35ca61e94a3dff373fdc87611c37abd7995de06d039c26342e6ac74ab3eb9976d0b1faec70ddbef54f4a2be20fdf5ea","JA180968","03/08/2017 12:15:00 PM","2","PARKED",NULL,"133603.0",NULL,"KIA MOTORS CORP","SOUL","IL","2013.0","NONE","PASSENGER","PERSONAL","W","PARKED",NULL,NULL,"0.0",NULL,NULL,NULL,NULL,NULL,NULL,NULL,NULL,NULL,"Y",NULL,NULL,NULL,NULL,NULL,NULL,NULL,"REAR-LEFT",NULL,NULL,NULL,NULL,NULL,NULL,NULL,NULL,NULL,NULL,NULL,NULL,NULL,NULL,NULL,NULL,NULL,NULL,NULL,NULL,NULL,NULL,NULL,NULL,NULL,NULL,NULL,NULL,NULL,NULL,NULL,NULL,NULL
"133794","65102aa45654f81129a8895f6317dbdbdbb6c51b3771de9f389dce72002329f4aa6466c17390066d168965475c37a91fe44a8327b93c927019cfbe21041a59ef","JA181082","03/09/2017 04:00:00 PM","1","DRIVER",NULL,"133624.0",NULL,"NISSAN","ROGUE","IL","2014.0","UNKNOWN","PASSENGER","PERSONAL","S","PASSING/OVERTAKING",NULL,NULL,"1.0",NULL,NULL,NULL,NULL,NULL,"Y","Y","Y",NULL,NULL,NULL,NULL,NULL,NULL,NULL,NULL,NULL,"SIDE-RIGHT",NULL,NULL,NULL,NULL,NULL,NULL,NULL,NULL,NULL,NULL,NULL,NULL,NULL,NULL,NULL,NULL,NULL,NULL,NULL,NULL,NULL,NULL,NULL,NULL,NULL,NULL,NULL,NULL,NULL,NULL,NULL,NULL,NULL
"133979","247260b48dbfb45f2128df5ee252e789d4ee92a1341c98f1483a09e83bac2597a345f86defda9cd70a8dd68dbd096bfffa94e080a50889bc6042a06cbedcb38b","JA181724","03/10/2017 07:30:00 AM","1","DRIVER","1.0","133810.0",NULL,"ACURA","ACURA","IL","2015.0","NONE","PASSENGER","PERSONAL","E","STARTING IN TRAFFIC",NULL,NULL,"2.0",NULL,NULL,NULL,NULL,NULL,NULL,NULL,NULL,NULL,"Y","Y","Y",NULL,NULL,NULL,NULL,NULL,"SIDE-LEFT",NULL,NULL,NULL,NULL,NULL,NULL,NULL,NULL,NULL,NULL,NULL,NULL,NULL,NULL,NULL,NULL,NULL,NULL,NULL,NULL,NULL,NULL,NULL,NULL,NULL,NULL,NULL,NULL,NULL,NULL,NULL,NULL,NULL
"134620","43a8ac177d30ac5887a0005e849465d88740d49c86e42a0c82f71e4ee78ac2649fb51448887e1d420ea4b086203381a8a9d19c5d09c86db2334d9559061b4d8a","JA183474","03/11/2017 02:00:00 PM","1","DRIVER",NULL,"134434.0",NULL,"DODGE","CARAVAN","IL","2015.0","UNKNOWN","PASSENGER","PERSONAL","N","BACKING",NULL,NULL,"1.0",NULL,NULL,NULL,NULL,NULL,NULL,NULL,NULL,"Y",NULL,NULL,NULL,NULL,NULL,NULL,NULL,NULL,"REAR",NULL,NULL,NULL,NULL,NULL,NULL,NULL,NULL,NULL,NULL,NULL,NULL,NULL,NULL,NULL,NULL,NULL,NULL,NULL,NULL,NULL,NULL,NULL,NULL,NULL,NULL,NULL,NULL,NULL,NULL,NULL,NULL,NULL
"134777","4ef20d3b05b9a168b1f60aa22c41bdb4358a45239f7e092d5885baf96faca87cdb2545ba541d9f679d77409f4ca93945f66b8332c0002dfa13a0761d1e5c5e1b","JA184145","03/12/2017 03:40:00 AM","2","DRIVER","1.0","134589.0",NULL,"MERCEDES-BENZ","ML320 (sport utility)","IL","2014.0","NONE","PASSENGER","PERSONAL","N","STRAIGHT AHEAD","Y",NULL,"2.0",NULL,"PRIVATE FIRM",NULL,NULL,NULL,NULL,"Y",NULL,NULL,NULL,NULL,NULL,NULL,NULL,NULL,NULL,NULL,"SIDE-RIGHT",NULL,NULL,NULL,NULL,NULL,NULL,NULL,NULL,NULL,NULL,NULL,NULL,NULL,NULL,NULL,NULL,NULL,NULL,NULL,NULL,NULL,NULL,NULL,NULL,NULL,NULL,NULL,NULL,NULL,NULL,NULL,NULL,NULL
"134927","5e5ac29cde5806fdef4a62a3e9b859b4d1d442f8788c4d6721e2d8638500e99a5ecbf74aa20279644ae53486185efb0e2c695865cb2c5a104733e1c71cff59ae","JA184715","03/12/2017 06:00:00 PM","2","DRIVER",NULL,"134742.0",NULL,"FORD","Explorer",NULL,"2010.0","NONE","PASSENGER","PERSONAL","UNKNOWN","STRAIGHT AHEAD",NULL,NULL,"1.0",NULL,NULL,NULL,NULL,NULL,NULL,NULL,NULL,NULL,NULL,"Y",NULL,NULL,NULL,NULL,NULL,NULL,"SIDE-LEFT",NULL,NULL,NULL,NULL,NULL,NULL,NULL,NULL,NULL,NULL,NULL,NULL,NULL,NULL,NULL,NULL,NULL,NULL,NULL,NULL,NULL,NULL,NULL,NULL,NULL,NULL,NULL,NULL,NULL,NULL,NULL,NULL,NULL
"135405","4313af654cf8aa886b3c6f9239a9ec3ab9168a6b3dc57704d87c8ee06fea22dec45f707df20142262b2b398b3ac48d3cc5ab6bdd3760b3040e958e1ec2035887","JA186385","03/14/2017 08:00:00 AM","3","DRIVER",NULL,"135189.0",NULL,"GENERAL MOTORS CORP.","YUKON","IL","2010.0","NONE","OTHER VEHICLE WITH TRAILER","PERSONAL","E","SLOW/STOP IN TRAFFIC",NULL,NULL,"1.0",NULL,NULL,NULL,NULL,NULL,NULL,NULL,"Y","Y",NULL,NULL,NULL,NULL,NULL,NULL,NULL,NULL,"REAR",NULL,NULL,NULL,NULL,NULL,NULL,NULL,NULL,NULL,NULL,NULL,NULL,NULL,NULL,NULL,NULL,NULL,NULL,NULL,NULL,NULL,NULL,NULL,NULL,NULL,NULL,NULL,NULL,NULL,NULL,NULL,NULL,NULL
"135489","a95fb44e349f29cfb169d469f5224a4d1ec14cf36e0ef390edeb9d49dc2b6f431aa1bab033137a2367ca687cec5aa80b40b11a8a8eee8a6feeefff770e6c8f06","JA186570","03/14/2017 08:30:00 AM","1","DRIVER",NULL,"135273.0",NULL,"FREIGHTLINER CORP.","FREIGHTLINER CORP.","IL","2017.0","UNKNOWN","OTHER","OTHER","E","TURNING LEFT",NULL,NULL,"1.0",NULL,NULL,NULL,"Y",NULL,NULL,NULL,NULL,NULL,NULL,NULL,NULL,NULL,NULL,NULL,NULL,NULL,"NONE",NULL,NULL,NULL,NULL,NULL,NULL,NULL,NULL,NULL,NULL,NULL,NULL,NULL,NULL,NULL,NULL,NULL,NULL,NULL,NULL,NULL,NULL,NULL,NULL,NULL,NULL,NULL,NULL,NULL,NULL,NULL,NULL,NULL
"135661","0dd118ce2706612501f02e330e2307323f0baecf75bbc839e5896c49251e54039b3700d8ea81420c1aa49a09f6472e9bf1e4913b5813567ef54d39ca7e23b6b4","JA186949","03/14/2017 04:00:00 PM","2","PARKED",NULL,"135439.0",NULL,"CHRYSLER","CHRYSLER","IL","2012.0","NONE","PASSENGER","PERSONAL","UNKNOWN","PARKED",NULL,NULL,"0.0",NULL,NULL,NULL,NULL,NULL,NULL,NULL,"Y",NULL,NULL,NULL,NULL,NULL,NULL,NULL,NULL,NULL,"REAR-RIGHT",NULL,NULL,NULL,NULL,NULL,NULL,NULL,NULL,NULL,NULL,NULL,NULL,NULL,NULL,NULL,NULL,NULL,NULL,NULL,NULL,NULL,NULL,NULL,NULL,NULL,NULL,NULL,NULL,NULL,NULL,NULL,NULL,NULL
"135734","59172f8008a2516bc49d71f3d25d3e56a53138abd92309f565f5d3c286f13d5182e24b6f5ad90bfaff3df1aeb94147ea0b4d3b00f9acdace9b03045a09b3fe00","JA187091","03/14/2017 04:35:00 PM","2","DRIVER","1.0","135520.0",NULL,"MAZDA","UNKNOWN","IL","2016.0","NONE","PASSENGER","PERSONAL","N","STRAIGHT AHEAD",NULL,NULL,"2.0",NULL,NULL,NULL,NULL,NULL,NULL,NULL,NULL,NULL,NULL,NULL,NULL,NULL,NULL,NULL,NULL,NULL,"REAR",NULL,NULL,NULL,NULL,NULL,NULL,NULL,NULL,NULL,NULL,NULL,NULL,NULL,NULL,NULL,NULL,NULL,NULL,NULL,NULL,NULL,NULL,NULL,NULL,NULL,NULL,NULL,NULL,NULL,NULL,NULL,NULL,NULL
"135764","4a7734d1393914fb716cd5fa637e2442e917b93078d765fb9c9aaa8639c077063bc70e824a9e5eb0699f445d1752221523e630aa35c84eb74ac7fc71f2dc7c7c","JA187138","03/14/2017 06:00:00 PM","1","DRIVER",NULL,"135544.0",NULL,"UNKNOWN","UNKNOWN","IL","2017.0","UNKNOWN","PASSENGER","UNKNOWN/NA","N","CHANGING LANES",NULL,NULL,"1.0",NULL,NULL,NULL,NULL,NULL,NULL,NULL,NULL,NULL,NULL,NULL,NULL,NULL,NULL,NULL,NULL,"Y","UNKNOWN",NULL,NULL,NULL,NULL,NULL,NULL,NULL,NULL,NULL,NULL,NULL,NULL,NULL,NULL,NULL,NULL,NULL,NULL,NULL,NULL,NULL,NULL,NULL,NULL,NULL,NULL,NULL,NULL,NULL,NULL,NULL,NULL,NULL
"135845","765d7ece1afe11dff2d99f92082dacd89bb027a55a80e3178378e25e14be0d9ed71adce270d83de42c7163446b9b1c4203a2a3ad49f08ad08734333691174da7","JA187347","03/14/2017 10:30:00 PM","2","DRIVER",NULL,"135629.0",NULL,"HYUNDAI","ELANTRA","IL","2013.0","NONE","PASSENGER","PERSONAL","N","STRAIGHT AHEAD",NULL,NULL,"1.0",NULL,NULL,NULL,NULL,NULL,NULL,NULL,NULL,NULL,NULL,NULL,"Y",NULL,NULL,NULL,NULL,NULL,"FRONT-LEFT",NULL,NULL,NULL,NULL,NULL,NULL,NULL,NULL,NULL,NULL,NULL,NULL,NULL,NULL,NULL,NULL,NULL,NULL,NULL,NULL,NULL,NULL,NULL,NULL,NULL,NULL,NULL,NULL,NULL,NULL,NULL,NULL,NULL
"136059","afed1cf9f595048e2c5fa1b005bed9e95d79c45ee5fbf86cd884306bf277f281cb4d7c9058d9518f7563aa00afa4b59c0c7c18b3385ba99fe795b773622e7508","JA187945","03/06/2017 02:00:00 AM","2","PARKED","2.0","135841.0",NULL,"CHEVROLET","CRUZE","IL","2012.0","UNKNOWN","PASSENGER","PERSONAL","N","PARKED",NULL,NULL,"2.0",NULL,NULL,NULL,NULL,NULL,NULL,NULL,"Y",NULL,NULL,NULL,NULL,NULL,NULL,NULL,NULL,NULL,"REAR-RIGHT",NULL,NULL,NULL,NULL,NULL,NULL,NULL,NULL,NULL,NULL,NULL,NULL,NULL,NULL,NULL,NULL,NULL,NULL,NULL,NULL,NULL,NULL,NULL,NULL,NULL,NULL,NULL,NULL,NULL,NULL,NULL,NULL,NULL
"136168","f2db7334e1ba268297e34eed741a9bc1b4fb4d8a112b54950763b6e98df3a95427dcdf93cde4827d86c3176c7fd7ad4b5cd3a14ddcb6430964cff153f04b20fe","JA188213","03/15/2017 04:40:00 PM","1","DRIVER",NULL,"135937.0",NULL,"CHRYSLER","200","IL","2015.0","UNKNOWN","PASSENGER","UNKNOWN/NA","N","STRAIGHT AHEAD",NULL,NULL,"1.0",NULL,NULL,NULL,NULL,"Y",NULL,NULL,NULL,NULL,NULL,NULL,NULL,NULL,NULL,NULL,NULL,NULL,"FRONT",NULL,NULL,NULL,NULL,NULL,NULL,NULL,NULL,NULL,NULL,NULL,NULL,NULL,NULL,NULL,NULL,NULL,NULL,NULL,NULL,NULL,NULL,NULL,NULL,NULL,NULL,NULL,NULL,NULL,NULL,NULL,NULL,NULL
"136190","e21a16cbb91448c6d33d305bb928a0d2248031cca403fad390a19e9b00d81f1e19bbc8f61757c34d1810f224779e30e79ff17f7718e251448b1e1bb1f7b9abba","JA188295","03/15/2017 05:20:00 PM","1","DRIVER",NULL,"135958.0",NULL,"FORD","ESCAPE (SUV)","IL","2012.0","UNKNOWN","PASSENGER","UNKNOWN/NA","W","STRAIGHT AHEAD",NULL,NULL,"1.0",NULL,NULL,NULL,NULL,"Y",NULL,NULL,NULL,NULL,NULL,NULL,NULL,NULL,NULL,NULL,NULL,NULL,"FRONT",NULL,NULL,NULL,NULL,NULL,NULL,NULL,NULL,NULL,NULL,NULL,NULL,NULL,NULL,NULL,NULL,NULL,NULL,NULL,NULL,NULL,NULL,NULL,NULL,NULL,NULL,NULL,NULL,NULL,NULL,NULL,NULL,NULL
"136212","b38b33eb4427559c4b5bc6be7c6654f9b56b2dcb1c3dec9b9c8c915b155dadb2fc9bc4fef86abfcd4b78c2596b8e4c52ec81dff78742da1367bd2956026183d6","JA188326","03/15/2017 05:20:00 PM","1","DRIVER",NULL,"135983.0",NULL,"FORD","ESCAPE (SUV)","IL","2008.0","UNKNOWN","SPORT UTILITY VEHICLE (SUV)","PERSONAL","W","BACKING",NULL,NULL,"1.0",NULL,NULL,NULL,NULL,NULL,NULL,NULL,NULL,NULL,NULL,NULL,NULL,NULL,NULL,NULL,NULL,"Y","REAR",NULL,NULL,NULL,NULL,NULL,NULL,NULL,NULL,NULL,NULL,NULL,NULL,NULL,NULL,NULL,NULL,NULL,NULL,NULL,NULL,NULL,NULL,NULL,NULL,NULL,NULL,NULL,NULL,NULL,NULL,NULL,NULL,NULL
"136786","0bca8fe5f7b4c9d38a52c4ef8c2659d1bddd8e952f9aef4a1af5459a865b82b906dccdfe9546b4cfd05239af6243656d68acc05ec9b6202a448b5a56a71cea5d","JA190293","03/17/2017 12:30:00 PM","2","DRIVER",NULL,"136543.0",NULL,"MERCEDES-BENZ","CL500","IL","2008.0","NONE","PASSENGER","MASS TRANSIT","E","STRAIGHT AHEAD",NULL,NULL,"1.0",NULL,NULL,NULL,"Y",NULL,"Y",NULL,NULL,NULL,NULL,NULL,NULL,NULL,NULL,NULL,NULL,NULL,"FRONT-RIGHT",NULL,NULL,NULL,NULL,NULL,NULL,NULL,NULL,NULL,NULL,NULL,NULL,NULL,NULL,NULL,NULL,NULL,NULL,NULL,NULL,NULL,NULL,NULL,NULL,NULL,NULL,NULL,NULL,NULL,NULL,NULL,NULL,NULL
"136994","5e6860358d8ea5c179819f3c2810ca750a56b7bf633b0b9fb60a1585cf4c42db11bd1a66e517efd46c22d1e090377bcf1e1dc0048917d485422147dedc647f56","JA190831","03/17/2017 06:00:00 PM","1","DRIVER",NULL,"136746.0",NULL,"HYUNDAI","ELANTRA","IL","2015.0","UNKNOWN","PASSENGER","UNKNOWN/NA","E","BACKING",NULL,NULL,"1.0",NULL,NULL,NULL,NULL,NULL,NULL,NULL,NULL,"Y",NULL,NULL,NULL,NULL,NULL,NULL,NULL,NULL,"REAR",NULL,NULL,NULL,NULL,NULL,NULL,NULL,NULL,NULL,NULL,NULL,NULL,NULL,NULL,NULL,NULL,NULL,NULL,NULL,NULL,NULL,NULL,NULL,NULL,NULL,NULL,NULL,NULL,NULL,NULL,NULL,NULL,NULL
"137102","24687898fca4863484a4e86147b468af43d8fdb4130f40343528bd1552e441870ecd424627d606d85f848e38f0ec6dcfff438ee239176d85df1bae0b3c5218db","JA191237","03/18/2017 08:00:00 AM","2","DRIVER",NULL,"136845.0",NULL,"HONDA","CRV","IL","2015.0","NONE","PASSENGER","PERSONAL","S","STRAIGHT AHEAD",NULL,NULL,"1.0",NULL,NULL,NULL,NULL,"Y","Y",NULL,NULL,NULL,NULL,NULL,NULL,NULL,NULL,NULL,NULL,NULL,"FRONT-RIGHT",NULL,NULL,NULL,NULL,NULL,NULL,NULL,NULL,NULL,NULL,NULL,NULL,NULL,NULL,NULL,NULL,NULL,NULL,NULL,NULL,NULL,NULL,NULL,NULL,NULL,NULL,NULL,NULL,NULL,NULL,NULL,NULL,NULL
"137358","73aa81453356fefdc0acc579d638f3667a42c6591f221f386eb842205330051febb4a1513ced252e8577b621fdb9c3141c2785cdceb94d1becd2b1e3fc637f80","JA192017","03/18/2017 07:40:00 PM","1","DRIVER",NULL,"137095.0",NULL,"CHEVROLET","CRUZE","IL","2015.0","UNKNOWN","PASSENGER","UNKNOWN/NA","S","STRAIGHT AHEAD",NULL,NULL,"1.0",NULL,NULL,NULL,NULL,NULL,NULL,NULL,NULL,NULL,NULL,NULL,NULL,NULL,NULL,NULL,NULL,NULL,"FRONT",NULL,NULL,NULL,NULL,NULL,NULL,NULL,NULL,NULL,NULL,NULL,NULL,NULL,NULL,NULL,NULL,NULL,NULL,NULL,NULL,NULL,NULL,NULL,NULL,NULL,NULL,NULL,NULL,NULL,NULL,NULL,NULL,NULL
"137395","6ed6135782c6c4dbe8142ed98074c2e692a748f4295e9dddeabf6e2ff335e36c1936f1a3bfa56b25b2ca2e749134a5ba57bbf57715791e562e3f575c67a309cf","JA192269","03/19/2017 04:20:00 AM","1","DRIVER",NULL,"137131.0",NULL,"DODGE","RAM 1500 PU","IL","2009.0","UNKNOWN","PICKUP","PERSONAL","N","STRAIGHT AHEAD","Y",NULL,"1.0",NULL,"private company",NULL,NULL,"Y","Y",NULL,NULL,NULL,NULL,NULL,"Y",NULL,NULL,NULL,NULL,NULL,"FRONT",NULL,NULL,NULL,NULL,NULL,NULL,NULL,NULL,NULL,NULL,NULL,NULL,NULL,NULL,NULL,NULL,NULL,NULL,NULL,NULL,NULL,NULL,NULL,NULL,NULL,NULL,NULL,NULL,NULL,NULL,NULL,NULL,NULL
"137516","340d7c627ad62956a70b58bc912efd1075db00a02aac8f5c80777544f346ae5989a317cb885b59101e90a8271854b3d1c21ceab87c2c255cb2a87c84b3ba1f61","JA192691","03/19/2017 02:50:00 PM","2","PARKED","1.0","137248.0",NULL,"NISSAN","ROGUE","IL","2016.0","UNKNOWN","SPORT UTILITY VEHICLE (SUV)","NOT IN USE","NW","PARKED",NULL,NULL,"1.0",NULL,NULL,NULL,"Y",NULL,NULL,NULL,NULL,NULL,NULL,NULL,NULL,NULL,NULL,NULL,NULL,NULL,"FRONT",NULL,NULL,NULL,NULL,NULL,NULL,NULL,NULL,NULL,NULL,NULL,NULL,NULL,NULL,NULL,NULL,NULL,NULL,NULL,NULL,NULL,NULL,NULL,NULL,NULL,NULL,NULL,NULL,NULL,NULL,NULL,NULL,NULL
"137779","101a74a01ba6d3e40e56811c1578c250ff952841fc8884ec946b8a4349119309f59c9ebe208084135885da03dae09d91f226ce4a69750fe08797f3c42546530c","JA193801","03/20/2017 01:46:00 PM","1","DRIVER",NULL,"137507.0",NULL,"CHEVROLET","EQUINOX","IL","2017.0","UNKNOWN","PASSENGER","NOT IN USE","W","STRAIGHT AHEAD",NULL,NULL,"1.0",NULL,NULL,NULL,NULL,"Y",NULL,NULL,NULL,NULL,NULL,NULL,NULL,NULL,NULL,NULL,NULL,NULL,"FRONT",NULL,NULL,NULL,NULL,NULL,NULL,NULL,NULL,NULL,NULL,NULL,NULL,NULL,NULL,NULL,NULL,NULL,NULL,NULL,NULL,NULL,NULL,NULL,NULL,NULL,NULL,NULL,NULL,NULL,NULL,NULL,NULL,NULL