"CRASH_UNIT_ID","CRASH_RECORD_ID","RD_NO","CRASH_DATE","UNIT_NO","UNIT_TYPE","NUM_PASSENGERS","VEHICLE_ID","CMRC_VEH_I","MAKE","MODEL","LIC_PLATE_STATE","VEHICLE_YEAR","VEHICLE_DEFECT","VEHICLE_TYPE","VEHICLE_USE","TRAVEL_DIRECTION","MANEUVER","TOWED_I","FIRE_I","OCCUPANT_CNT","EXCEED_SPEED_LIMIT_I","TOWED_BY","TOWED_TO","AREA_00_I","AREA_01_I","AREA_02_I","AREA_03_I","AREA_04_I","AREA_05_I","AREA_06_I","AREA_07_I","AREA_08_I","AREA_09_I","AREA_10_I","AREA_11_I","AREA_12_I","AREA_99_I","FIRST_CONTACT_POINT","CMV_ID","USDOT_NO","CCMC_NO","ILCC_NO","COMMERCIAL_SRC","GVWR","CARRIER_NAME","CARRIER_STATE","CARRIER_CITY","HAZMAT_PLACARDS_I","HAZMAT_NAME","UN_NO","HAZMAT_PRESENT_I","HAZMAT_REPORT_I","HAZMAT_REPORT_NO","MCS_REPORT_I","MCS_REPORT_NO","HAZMAT_VIO_CAUSE_CRASH_I","MCS_VIO_CAUSE_CRASH_I","IDOT_PERMIT_NO","WIDE_LOAD_I","TRAILER1_WIDTH","TRAILER2_WIDTH","TRAILER1_LENGTH","TRAILER2_LENGTH","TOTAL_VEHICLE_LENGTH","AXLE_CNT","VEHICLE_CONFIG","CARGO_BODY_TYPE","LOAD_TYPE","HAZMAT_OUT_OF_SERVICE_I","MCS_OUT_OF_SERVICE_I","HAZMAT_CLASS"
"158762","e4636761c58b539525a5a66af9997ea4c02c56a52f45ccfb570f27b8fe6c80860c4effcdf9ec5f9c3baff769dbb1a01fe638b04c5960b342b183d35e2b832b6b","JA267819","05/17/2017 03:00:00 PM","2","PARKED","1.0","157766.0",NULL,"HONDA","CIVIC","IL","2014.0","NONE","PASSENGER","PERSONAL","E","PARKED",NULL,NULL,"1.0",NULL,NULL,NULL,NULL,NULL,NULL,NULL,NULL,NULL,NULL,"Y",NULL,NULL,NULL,NULL,NULL,NULL,"SIDE-LEFT",NULL,NULL,NULL,NULL,NULL,NULL,NULL,NULL,NULL,NULL,NULL,NULL,NULL,NULL,NULL,NULL,NULL,NULL,NULL,NULL,NULL,NULL,NULL,NULL,NULL,NULL,NULL,NULL,NULL,NULL,NULL,NULL,NULL
"159048","61dfcdfc27e7fa8bce4f66281668ec1f3d35953b6ce56c3ef0ae5c55f8476e47dc32ae2519db7fa6465ba1eb929e34d903177f46564a692adc5e4adb01d9b9b9","JA268795","05/18/2017 09:45:00 AM","2","DRIVER",NULL,"158051.0",NULL,"TOYOTA MOTOR COMPANY, LTD.","CAMRY","IL","2008.0","NONE","PASSENGER","PERSONAL","E","STRAIGHT AHEAD",NULL,NULL,"1.0",NULL,NULL,NULL,NULL,NULL,NULL,NULL,NULL,NULL,"Y",NULL,NULL,NULL,NULL,NULL,NULL,NULL,"REAR-LEFT",NULL,NULL,NULL,NULL,NULL,NULL,NULL,NULL,NULL,NULL,NULL,NULL,NULL,NULL,NULL,NULL,NULL,NULL,NULL,NULL,NULL,NULL,NULL,NULL,NULL,NULL,NULL,NULL,NULL,NULL,NULL,NULL,NULL
"159090","18245cb00e074392a38eea4aa46c175a42a1bb1d66c8d1ee2ca1b23e04b82a3800c4c496d40cb5fcdecf9ce5b8d3493cc7c91a30977cd0404bba2211217977a1","JA268900","05/18/2017 10:15:00 AM","1","DRIVER","1.0","158088.0",NULL,"CHEVROLET","SILVERADO","IL","2016.0","NONE","PICKUP","CONSTRUCTION/MAINTENANCE","W","STRAIGHT AHEAD",NULL,NULL,"2.0",NULL,NULL,NULL,NULL,NULL,NULL,NULL,NULL,NULL,NULL,NULL,NULL,NULL,NULL,NULL,NULL,"Y","UNKNOWN",NULL,NULL,NULL,NULL,NULL,NULL,NULL,NULL,NULL,NULL,NULL,NULL,NULL,NULL,NULL,NULL,NULL,NULL,NULL,NULL,NULL,NULL,NULL,NULL,NULL,NULL,NULL,NULL,NULL,NULL,NULL,NULL,NULL
"159663","4b8dbb8a39f9420727d2da7efe745ec65322a5a99b20a8f952bf8c6b6b6125f5fabfe8d3a88cd12d54b5f3a8de7373351527564e9bd2a9b0d8e7654510faf7c7","JA270688","05/16/2017 11:30:00 PM","1","DRIVER",NULL,"158644.0",NULL,"UNKNOWN","UNKNOWN","IL","2015.0","NONE","MOTOR DRIVEN CYCLE","PERSONAL","N","STRAIGHT AHEAD","Y",NULL,"1.0",NULL,"PRIVATE TOW","UNK",NULL,NULL,NULL,NULL,NULL,NULL,NULL,NULL,NULL,NULL,NULL,"Y",NULL,NULL,"SIDE-LEFT",NULL,NULL,NULL,NULL,NULL,NULL,NULL,NULL,NULL,NULL,NULL,NULL,NULL,NULL,NULL,NULL,NULL,NULL,NULL,NULL,NULL,NULL,NULL,NULL,NULL,NULL,NULL,NULL,NULL,NULL,NULL,NULL,NULL
"160058","7e425e9bef5adce04167b96531ffa728f14cb245de2f7ee119baab7a9643809ce8d1acadc4357b144fedaa4d31959dea63dd0764572acf1c912efc388e1e1478","JA271691","05/20/2017 08:39:00 AM","2","DRIVER","1.0","159021.0",NULL,"FORD","EXPLORER","IL","2016.0","NONE","SPORT UTILITY VEHICLE (SUV)","POLICE","N","STRAIGHT AHEAD",NULL,NULL,"2.0",NULL,NULL,NULL,NULL,NULL,"Y",NULL,NULL,NULL,NULL,NULL,NULL,NULL,NULL,NULL,NULL,NULL,"FRONT-RIGHT",NULL,NULL,NULL,NULL,NULL,NULL,NULL,NULL,NULL,NULL,NULL,NULL,NULL,NULL,NULL,NULL,NULL,NULL,NULL,NULL,NULL,NULL,NULL,NULL,NULL,NULL,NULL,NULL,NULL,NULL,NULL,NULL,NULL
"160235","6b7e127e2309d34fd6629babce1b0f5130c297b5bf6746db9802c8b4811c4417c232a740383957fe5ec0650ed02de236c345bf8a0a9da8616f9962cd29fbf910","JA263277","05/14/2017 11:15:00 AM","2","DRIVER","2.0","159186.0",NULL,"HONDA","ACCORD","IL","2013.0","NONE","PASSENGER","PERSONAL","S","AVOIDING VEHICLES/OBJECTS",NULL,NULL,"3.0",NULL,NULL,NULL,NULL,NULL,"Y",NULL,NULL,NULL,NULL,NULL,NULL,NULL,NULL,NULL,NULL,NULL,"FRONT-RIGHT",NULL,NULL,NULL,NULL,NULL,NULL,NULL,NULL,NULL,NULL,NULL,NULL,NULL,NULL,NULL,NULL,NULL,NULL,NULL,NULL,NULL,NULL,NULL,NULL,NULL,NULL,NULL,NULL,NULL,NULL,NULL,NULL,NULL
"160540","bdb79a905047b7854fbb6954cabb3896cc4344f01721ae0e372332ac0c87b9247826721561cbdf6f2fdd3cb614ad42d2eefbe0f43ff6e3c8c2d423af1c1a9027","JA273485","05/21/2017 04:15:00 PM","2","DRIVER",NULL,"159493.0",NULL,"CHEVROLET","SILVERADO","IL","2009.0","NONE","PICKUP","PERSONAL","N","STRAIGHT AHEAD",NULL,NULL,"1.0",NULL,NULL,NULL,NULL,NULL,NULL,NULL,NULL,NULL,NULL,NULL,"Y",NULL,NULL,NULL,NULL,NULL,"FRONT-LEFT",NULL,NULL,NULL,NULL,NULL,NULL,NULL,NULL,NULL,NULL,NULL,NULL,NULL,NULL,NULL,NULL,NULL,NULL,NULL,NULL,NULL,NULL,NULL,NULL,NULL,NULL,NULL,NULL,NULL,NULL,NULL,NULL,NULL
"160663","eaa5e98728f7a4b12b948a167cfd5329bb81ddbdb9a863e5dfa885eedb8e95193225e20b5ad755ecb06cc6ab99702fa13ca9091eb87106d61d126cc1613460ed","JA274073","05/19/2017 05:00:00 PM","1","DRIVER",NULL,"159612.0",NULL,"DODGE","Avenger","IL","2008.0","UNKNOWN","UNKNOWN/NA","PERSONAL","S","CHANGING LANES",NULL,NULL,"1.0",NULL,NULL,NULL,NULL,NULL,NULL,"Y",NULL,NULL,NULL,NULL,NULL,NULL,NULL,NULL,NULL,NULL,"FRONT-RIGHT",NULL,NULL,NULL,NULL,NULL,NULL,NULL,NULL,NULL,NULL,NULL,NULL,NULL,NULL,NULL,NULL,NULL,NULL,NULL,NULL,NULL,NULL,NULL,NULL,NULL,NULL,NULL,NULL,NULL,NULL,NULL,NULL,NULL
"160887","140c509da1bf7e4b1467d3aa3256949cc3a6932fe14f3b0ad3abe52945344721cb8e105365388fc7041e98c06bd155130ab87521dc421504bc1830836cb26968","JA274722","05/22/2017 03:20:00 PM","1","DRIVER",NULL,"159824.0",NULL,"CHEVROLET","MALIBU (CHEVELLE)","IL","2016.0","NONE","PASSENGER","PERSONAL","S","BACKING",NULL,NULL,"1.0",NULL,NULL,NULL,NULL,NULL,NULL,NULL,"Y",NULL,NULL,NULL,NULL,NULL,NULL,NULL,NULL,NULL,"REAR-RIGHT",NULL,NULL,NULL,NULL,NULL,NULL,NULL,NULL,NULL,NULL,NULL,NULL,NULL,NULL,NULL,NULL,NULL,NULL,NULL,NULL,NULL,NULL,NULL,NULL,NULL,NULL,NULL,NULL,NULL,NULL,NULL,NULL,NULL
"161216","9304cf1802bfc8795d71d80a7e8b256893b09fe40231d3fd51ea611fda1ecaee1b705b15a95559266cd2288f218c7a5346a8dea1aab156de0d5536dcbd193785","JA275841","05/23/2017 12:17:00 PM","2","DRIVER",NULL,"160145.0",NULL,"TOYOTA MOTOR COMPANY, LTD.","COROLLA","IL","2016.0","NONE","PASSENGER","PERSONAL","W","OTHER",NULL,NULL,"1.0",NULL,NULL,NULL,NULL,NULL,NULL,NULL,NULL,NULL,"Y",NULL,NULL,NULL,NULL,NULL,NULL,NULL,"REAR-LEFT",NULL,NULL,NULL,NULL,NULL,NULL,NULL,NULL,NULL,NULL,NULL,NULL,NULL,NULL,NULL,NULL,NULL,NULL,NULL,NULL,NULL,NULL,NULL,NULL,NULL,NULL,NULL,NULL,NULL,NULL,NULL,NULL,NULL
"161430","4ff0d060a5ad693b4b88d7ddb3841aa3557e8b1190df3365e565576aaedb40ee7635519d7bdebb7243409a5c15a0f9b5cadffe22dfe591bd7f6eece631594c5e","JA276407","05/23/2017 03:30:00 PM","2","DRIVER",NULL,"160348.0",NULL,"BUICK","LACROSSE","IL","2013.0","NONE","PASSENGER","PERSONAL","N","STRAIGHT AHEAD",NULL,NULL,"1.0",NULL,NULL,NULL,NULL,NULL,NULL,NULL,NULL,NULL,NULL,NULL,"Y",NULL,NULL,NULL,NULL,NULL,"FRONT-LEFT",NULL,NULL,NULL,NULL,NULL,NULL,NULL,NULL,NULL,NULL,NULL,NULL,NULL,NULL,NULL,NULL,NULL,NULL,NULL,NULL,NULL,NULL,NULL,NULL,NULL,NULL,NULL,NULL,NULL,NULL,NULL,NULL,NULL
"161466","8ccd01c8450e1d645833847d17e15fdf519190d98ff3b3b5fc125e1aaab0242792af114bac0a5c64f4523c9f4e9bee9e5311f6bcfe797ed60803939c656c73b5","JA276568","05/23/2017 06:51:00 PM","1","DRIVER",NULL,"160392.0",NULL,"HYUNDAI","Accent","IL","2015.0","NONE","PASSENGER","PERSONAL","S","TURNING RIGHT",NULL,NULL,"1.0",NULL,NULL,NULL,NULL,NULL,NULL,NULL,NULL,"Y",NULL,NULL,NULL,NULL,NULL,NULL,NULL,NULL,"REAR",NULL,NULL,NULL,NULL,NULL,NULL,NULL,NULL,NULL,NULL,NULL,NULL,NULL,NULL,NULL,NULL,NULL,NULL,NULL,NULL,NULL,NULL,NULL,NULL,NULL,NULL,NULL,NULL,NULL,NULL,NULL,NULL,NULL
"161750","17298218ad84e2ed65a398a2d105346ce5d3b86505b448b605198aa1721ba8a5771bf60a55c7ded0f5e60524248a4349c45bdff395f339d06c3e2c0ed779e99f","JA277632","05/18/2017 06:15:00 PM","2","DRIVER",NULL,"160677.0",NULL,"SUBARU","Forrester","IL","2017.0","NONE","PASSENGER","PERSONAL","E","STRAIGHT AHEAD",NULL,NULL,"1.0",NULL,NULL,NULL,NULL,"Y",NULL,NULL,NULL,NULL,NULL,NULL,"Y",NULL,NULL,NULL,NULL,NULL,"FRONT",NULL,NULL,NULL,NULL,NULL,NULL,NULL,NULL,NULL,NULL,NULL,NULL,NULL,NULL,NULL,NULL,NULL,NULL,NULL,NULL,NULL,NULL,NULL,NULL,NULL,NULL,NULL,NULL,NULL,NULL,NULL,NULL,NULL
"161959","cadf499d84d6dfe262ca6b78cd57d040deacd68e828fa849168d39233f620cebb217412c8790f430195d38e75c16e1af971cbe06cac3735edba8db322f213a90","JA278357","05/25/2017 09:24:00 AM","2","DRIVER",NULL,"160881.0",NULL,"HYUNDAI","Santa Fe","IL","2010.0","NONE","PASSENGER","PERSONAL","N","SLOW/STOP IN TRAFFIC",NULL,NULL,"1.0",NULL,NULL,NULL,NULL,NULL,NULL,NULL,NULL,"Y","Y",NULL,NULL,NULL,NULL,NULL,NULL,NULL,"REAR",NULL,NULL,NULL,NULL,NULL,NULL,NULL,NULL,NULL,NULL,NULL,NULL,NULL,NULL,NULL,NULL,NULL,NULL,NULL,NULL,NULL,NULL,NULL,NULL,NULL,NULL,NULL,NULL,NULL,NULL,NULL,NULL,NULL
"162093","f186172d74c5001afa3884c93ffd1a9fd7a2a47c55a6610188b7813d85d49bd1a89067be6dea9361436fd8813ddd132e7eed711bdf6d65e218406992e575d37e","JA278850","05/25/2017 03:40:00 PM","2","DRIVER",NULL,"160998.0",NULL,"FORD","ESCAPE (SUV)","IL","2009.0","NONE","PASSENGER","PERSONAL","W","STRAIGHT AHEAD",NULL,NULL,"1.0",NULL,NULL,NULL,NULL,NULL,NULL,NULL,NULL,NULL,NULL,NULL,"Y",NULL,NULL,NULL,NULL,NULL,"FRONT-LEFT",NULL,NULL,NULL,NULL,NULL,NULL,NULL,NULL,NULL,NULL,NULL,NULL,NULL,NULL,NULL,NULL,NULL,NULL,NULL,NULL,NULL,NULL,NULL,NULL,NULL,NULL,NULL,NULL,NULL,NULL,NULL,NULL,NULL
"162292","002bc69a10d518244cf0466339e923e19e632df2fd536474b89746b26f2459ae3d2753ac9d211bff4d31352a8c97b8ed42c7c8dbbbf2a5c9ceaeaa7217f3acd3","JA279658","05/26/2017 07:45:00 AM","2","DRIVER",NULL,"161182.0",NULL,"JEEP","PATRIOT","IL","2015.0","NONE","SPORT UTILITY VEHICLE (SUV)","PERSONAL","E","STRAIGHT AHEAD",NULL,NULL,"1.0",NULL,NULL,NULL,NULL,NULL,NULL,NULL,NULL,NULL,NULL,NULL,"Y",NULL,NULL,NULL,NULL,NULL,"REAR-LEFT",NULL,NULL,NULL,NULL,NULL,NULL,NULL,NULL,NULL,NULL,NULL,NULL,NULL,NULL,NULL,NULL,NULL,NULL,NULL,NULL,NULL,NULL,NULL,NULL,NULL,NULL,NULL,NULL,NULL,NULL,NULL,NULL,NULL
"162373","8a52c1f5dcff2cb11b958edd0d76da6f9872d92459966c774f09d6d33953167bf52217767b73d3d9d4130ce57ab23b36655b84ce8745336ccac91d720985e7c8","JA279903","05/26/2017 11:45:00 AM","2","PARKED",NULL,"161258.0",NULL,"TOYOTA MOTOR COMPANY, LTD.","COROLLA","IL","2016.0","UNKNOWN","PASSENGER","PERSONAL","UNKNOWN","PARKED",NULL,NULL,"0.0",NULL,NULL,NULL,NULL,NULL,"Y","Y","Y",NULL,NULL,NULL,NULL,NULL,NULL,NULL,NULL,NULL,"SIDE-RIGHT",NULL,NULL,NULL,NULL,NULL,NULL,NULL,NULL,NULL,NULL,NULL,NULL,NULL,NULL,NULL,NULL,NULL,NULL,NULL,NULL,NULL,NULL,NULL,NULL,NULL,NULL,NULL,NULL,NULL,NULL,NULL,NULL,NULL
"163459","11fa780799ec9c1058d2db4dfd6bbb4de3b7e063fdff2e145dc69a9499131deea6e34735e57db7feb69cf1938160e8f3fade72bb7799a90587510115e9991108","JA283671","05/29/2017 05:30:00 AM","2","PARKED",NULL,"162304.0",NULL,"SUBARU","LEGACY","IL","2011.0","NONE","PASSENGER","PERSONAL","E","PARKED",NULL,NULL,"0.0",NULL,NULL,NULL,NULL,NULL,NULL,NULL,NULL,NULL,NULL,"Y","Y",NULL,NULL,NULL,NULL,NULL,"FRONT-LEFT",NULL,NULL,NULL,NULL,NULL,NULL,NULL,NULL,NULL,NULL,NULL,NULL,NULL,NULL,NULL,NULL,NULL,NULL,NULL,NULL,NULL,NULL,NULL,NULL,NULL,NULL,NULL,NULL,NULL,NULL,NULL,NULL,NULL
"163723","b2c718e59c9be1f8c51c6d98618e877dc1b1b1851fd3c12d1e4ddebdc88b8b4007a16ad5e1e15391fccf96cef9a7c3a0e609e16a7cc3e38c266a5dfe2459c954","JA284716","05/30/2017 08:45:00 AM","1","DRIVER",NULL,"162563.0",NULL,"FORD","ESCAPE (SUV)","IL","2013.0","UNKNOWN","PASSENGER","PERSONAL","W","STRAIGHT AHEAD",NULL,NULL,"1.0",NULL,NULL,NULL,NULL,"Y",NULL,NULL,NULL,NULL,NULL,NULL,NULL,NULL,NULL,NULL,NULL,NULL,"FRONT-LEFT",NULL,NULL,NULL,NULL,NULL,NULL,NULL,NULL,NULL,NULL,NULL,NULL,NULL,NULL,NULL,NULL,NULL,NULL,NULL,NULL,NULL,NULL,NULL,NULL,NULL,NULL,NULL,NULL,NULL,NULL,NULL,NULL,NULL
"164223","8ec9a49369b3ae6b8944bc9510a062d8044af63bdb79a0ab0f7acaa6de9167950d5b948208509497d49cdebbca05a353b1dd3f610c667b1be10bd7ba1a0f5a61","JA286523","05/31/2017 01:15:00 PM","2","DRIVER",NULL,"163042.0",NULL,"FORD","UNKNOWN","IL","2014.0","NONE","SPORT UTILITY VEHICLE (SUV)","OTHER","S","SLOW/STOP IN TRAFFIC",NULL,NULL,"1.0",NULL,NULL,NULL,NULL,NULL,NULL,NULL,NULL,"Y",NULL,NULL,NULL,NULL,NULL,NULL,NULL,NULL,"REAR",NULL,NULL,NULL,NULL,NULL,NULL,NULL,NULL,NULL,NULL,NULL,NULL,NULL,NULL,NULL,NULL,NULL,NULL,NULL,NULL,NULL,NULL,NULL,NULL,NULL,NULL,NULL,NULL,NULL,NULL,NULL,NULL,NULL
"164250","2e9b134420fe328c9ed82d159f51def497fdf6b87e315c0ddc594a9ecd88cbb8a8d314378b6419aa39b84eba47c93bc878b19efd9b6adb1b119f8cb87b572ef8","JA286589","05/31/2017 01:00:00 PM","2","DRIVER",NULL,"163071.0",NULL,"FORD","UNKNOWN","IL","2008.0","UNKNOWN","SPORT UTILITY VEHICLE (SUV)","UNKNOWN/NA","E","STRAIGHT AHEAD",NULL,NULL,"1.0",NULL,NULL,NULL,NULL,NULL,NULL,NULL,NULL,"Y",NULL,NULL,NULL,NULL,NULL,"Y",NULL,NULL,"REAR",NULL,NULL,NULL,NULL,NULL,NULL,NULL,NULL,NULL,NULL,NULL,NULL,NULL,NULL,NULL,NULL,NULL,NULL,NULL,NULL,NULL,NULL,NULL,NULL,NULL,NULL,NULL,NULL,NULL,NULL,NULL,NULL,NULL
"164520","bcf2a5efb99d4635aeaf36ebe2055eace5e600cd07ed6c0982ecdbf8d617eca8daef3e1759493b051df938aa15809234c27bc0d6a20ef8f43fe0ab5eb57d6832","JA287575","06/01/2017 07:50:00 AM","1","DRIVER",NULL,"163329.0",NULL,"CHEVROLET","UNKNOWN","IL","2010.0","NONE","VAN/MINI-VAN","STATE OWNED","N","STRAIGHT AHEAD",NULL,NULL,"1.0",NULL,NULL,NULL,"Y",NULL,NULL,NULL,NULL,NULL,NULL,NULL,NULL,NULL,NULL,NULL,NULL,NULL,"FRONT",NULL,NULL,NULL,NULL,NULL,NULL,NULL,NULL,NULL,NULL,NULL,NULL,NULL,NULL,NULL,NULL,NULL,NULL,NULL,NULL,NULL,NULL,NULL,NULL,NULL,NULL,NULL,NULL,NULL,NULL,NULL,NULL,NULL
"164611","9ac2e095947c4d71aa34b067cf5a752f044a40c81f76b11e17ed32c683d7f42cafd34e201c203727b9b2f2b845cf305995f42d142bac2ac869b0739acb3bd294","JA287849","06/01/2017 11:30:00 AM","1","DRIVER",NULL,"163421.0",NULL,"DODGE","RAM 2500 PU",NULL,"2017.0","NONE","VAN/MINI-VAN","COMMERCIAL - SINGLE UNIT","W","MERGING",NULL,NULL,"1.0",NULL,NULL,NULL,NULL,NULL,"Y",NULL,NULL,NULL,NULL,NULL,NULL,NULL,NULL,NULL,NULL,NULL,"FRONT-RIGHT",NULL,NULL,NULL,NULL,NULL,NULL,NULL,NULL,NULL,NULL,NULL,NULL,NULL,NULL,NULL,NULL,NULL,NULL,NULL,NULL,NULL,NULL,NULL,NULL,NULL,NULL,NULL,NULL,NULL,NULL,NULL,NULL,NULL
"164907","9fac9b08c56ee86c4e72da4981659c331fe3013199923363b39d9e7d2de632b261e0d543aa5b5fe065f8959bb324f6ef9fcc9f61b468c86a07a6b932d70e7a68","JA288527","06/01/2017 06:46:00 PM","2","DRIVER","1.0","163705.0",NULL,"JEEP","PATRIOT","IL","2014.0","NONE","SPORT UTILITY VEHICLE (SUV)","PERSONAL","S","STRAIGHT AHEAD",NULL,NULL,"2.0",NULL,NULL,NULL,NULL,NULL,NULL,NULL,NULL,NULL,"Y",NULL,"N",NULL,NULL,NULL,NULL,NULL,"REAR-LEFT",NULL,NULL,NULL,NULL,NULL,NULL,NULL,NULL,NULL,NULL,NULL,NULL,NULL,NULL,NULL,NULL,NULL,NULL,NULL,NULL,NULL,NULL,NULL,NULL,NULL,NULL,NULL,NULL,NULL,NULL,NULL,NULL,NULL
"164916","62a5c0fbbcaeaaa1ad91467ea57ce9c6e51283c5185d1d66308becd04a013aec5c4c8217b7a128bd5d7012f1a975aded765e9bc200a185359d90ae31f2082457","JA288502","06/01/2017 06:15:00 PM","2","DRIVER",NULL,"163713.0",NULL,"HYUNDAI","UNKNOWN","IL","2008.0","NONE","PASSENGER","PERSONAL","S","STRAIGHT AHEAD","N",NULL,"1.0",NULL,NULL,NULL,NULL,NULL,NULL,NULL,NULL,NULL,NULL,NULL,NULL,NULL,NULL,"Y",NULL,NULL,"SIDE-RIGHT",NULL,NULL,NULL,NULL,NULL,NULL,NULL,NULL,NULL,NULL,NULL,NULL,NULL,NULL,NULL,NULL,NULL,NULL,NULL,NULL,NULL,NULL,NULL,NULL,NULL,NULL,NULL,NULL,NULL,NULL,NULL,NULL,NULL
"165430","80c5e748a4f7970fcdad2d197f0f038a0271943c5315bf152ab680532091736a7b18c5ac71c523499df624a5d985bddc56e2f653e4a196fbf423df9f719bcfe0","JA286847","05/31/2017 01:30:00 PM","1","DRIVER",NULL,"164208.0",NULL,"HYUNDAI","HYUNDAI","IL","2009.0","UNKNOWN","PASSENGER","PERSONAL","N","STRAIGHT AHEAD",NULL,NULL,"1.0",NULL,NULL,NULL,NULL,NULL,NULL,NULL,NULL,NULL,NULL,NULL,"Y",NULL,NULL,NULL,NULL,NULL,"FRONT-LEFT",NULL,NULL,NULL,NULL,NULL,NULL,NULL,NULL,NULL,NULL,NULL,NULL,NULL,NULL,NULL,NULL,NULL,NULL,NULL,NULL,NULL,NULL,NULL,NULL,NULL,NULL,NULL,NULL,NULL,NULL,NULL,NULL,NULL
"165798","b0a9856c57f8a16af13af62a805b783d74bcfb627593a49091716a8623086c2a20f739f5ab03acca94c11413eac6feec7ff4a88ef2d8db59b8951e5834553a44","JA291352","06/03/2017 07:45:00 PM","2","DRIVER","1.0","164559.0",NULL,"NISSAN","CUBE","KY","2011.0","NONE","PASSENGER","PERSONAL","N","STRAIGHT AHEAD",NULL,NULL,"2.0",NULL,NULL,NULL,NULL,NULL,"Y","Y",NULL,NULL,NULL,NULL,NULL,NULL,NULL,NULL,NULL,NULL,"SIDE-RIGHT",NULL,NULL,NULL,NULL,NULL,NULL,NULL,NULL,NULL,NULL,NULL,NULL,NULL,NULL,NULL,NULL,NULL,NULL,NULL,NULL,NULL,NULL,NULL,NULL,NULL,NULL,NULL,NULL,NULL,NULL,NULL,NULL,NULL
"166204","9acde38cc873b5c242ca7090323e6d81ea20f481e7d0a6976a2321c818ab3c3a12a44b715ce7e718fd7dc624b74a425adc642a4c98c8a2f9d11ff4ab0f08cd6f","JA292916","06/04/2017 11:58:00 PM","2","DRIVER","1.0","164957.0",NULL,"CHEVROLET","MALIBU (CHEVELLE)","IL","2010.0","UNKNOWN","PASSENGER","PERSONAL","N","STRAIGHT AHEAD","Y",NULL,"2.0",NULL,"owner","unk",NULL,NULL,NULL,NULL,"Y","Y",NULL,NULL,NULL,NULL,NULL,"Y",NULL,NULL,"REAR",NULL,NULL,NULL,NULL,NULL,NULL,NULL,NULL,NULL,NULL,NULL,NULL,NULL,NULL,NULL,NULL,NULL,NULL,NULL,NULL,NULL,NULL,NULL,NULL,NULL,NULL,NULL,NULL,NULL,NULL,NULL,NULL,NULL
"166562","5e68a8d3e3a1fc824829148cd3942d7a72d550b2745b71c3d2b466d1f2e1216d45c0e10cb534fb074add40382b60ffc90ee291eb3a9a122a9eeede25f3258b6c","JA293882","06/04/2017 05:20:00 PM","2","DRIVER",NULL,"165301.0",NULL,"CHEVROLET","MALIBU (CHEVELLE)","IL","2014.0","NONE","PASSENGER","PERSONAL","W","STRAIGHT AHEAD",NULL,NULL,"1.0",NULL,NULL,NULL,NULL,NULL,NULL,NULL,NULL,NULL,NULL,NULL,"Y",NULL,NULL,NULL,NULL,NULL,"FRONT-LEFT",NULL,NULL,NULL,NULL,NULL,NULL,NULL,NULL,NULL,NULL,NULL,NULL,NULL,NULL,NULL,NULL,NULL,NULL,NULL,NULL,NULL,NULL,NULL,NULL,NULL,NULL,NULL,NULL,NULL,NULL,NULL,NULL,NULL
"166734","9dc1d8ef9c35a4a989b376688dcf8080b205e223c7a3f0394e21591e81b3fdb983c1b435ca547e96303273ec7710a6683bd86b0832894f815b5bc84527591f81","JA294681","06/06/2017 07:30:00 AM","1","DRIVER",NULL,"165463.0",NULL,"FORD","EDGE","IL","2013.0","NONE","PASSENGER","PERSONAL","E","STRAIGHT AHEAD",NULL,NULL,"1.0",NULL,NULL,NULL,NULL,"Y",NULL,NULL,NULL,NULL,NULL,NULL,NULL,NULL,NULL,NULL,NULL,NULL,"FRONT",NULL,NULL,NULL,NULL,NULL,NULL,NULL,NULL,NULL,NULL,NULL,NULL,NULL,NULL,NULL,NULL,NULL,NULL,NULL,NULL,NULL,NULL,NULL,NULL,NULL,NULL,NULL,NULL,NULL,NULL,NULL,NULL,NULL
"166879","77451c9d322b9defea2ec3c0845b6faf9a9e96f18f868b3faf7944d1ef8b8a32f9657cc5d59772a465b5f538ecc7b424f2adc48abba11f8d7ccc8fd347304d41","JA295143","06/05/2017 07:30:00 PM","2","DRIVER","1.0","165597.0",NULL,"NISSAN","NISSAN ALTIMA","IL","2016.0","NONE","PASSENGER","PERSONAL","W","SLOW/STOP IN TRAFFIC",NULL,NULL,"2.0",NULL,NULL,NULL,NULL,NULL,NULL,NULL,NULL,"Y",NULL,NULL,NULL,NULL,NULL,NULL,NULL,NULL,"REAR",NULL,NULL,NULL,NULL,NULL,NULL,NULL,NULL,NULL,NULL,NULL,NULL,NULL,NULL,NULL,NULL,NULL,NULL,NULL,NULL,NULL,NULL,NULL,NULL,NULL,NULL,NULL,NULL,NULL,NULL,NULL,NULL,NULL
"166988","844e7c411456c38298b1b22c88e20c8655b36b391d8ca12743ecc0bf42cb24582a9c5bd7a0b7504dd58c907d2aad5f06726afbcfb1b69c2e8416c4f53ce141bc","JA295323","06/06/2017 05:05:00 PM","2","DRIVER",NULL,"165717.0",NULL,"HYUNDAI","SONATA","IL","2017.0","UNKNOWN","PASSENGER","PERSONAL","W","STRAIGHT AHEAD",NULL,NULL,"1.0",NULL,NULL,NULL,NULL,NULL,"Y",NULL,NULL,NULL,NULL,NULL,NULL,NULL,NULL,NULL,NULL,NULL,"SIDE-RIGHT",NULL,NULL,NULL,NULL,NULL,NULL,NULL,NULL,NULL,NULL,NULL,NULL,NULL,NULL,NULL,NULL,NULL,NULL,NULL,NULL,NULL,NULL,NULL,NULL,NULL,NULL,NULL,NULL,NULL,NULL,NULL,NULL,NULL