"CRASH_UNIT_ID","CRASH_RECORD_ID","RD_NO","CRASH_DATE","UNIT_NO","UNIT_TYPE","NUM_PASSENGERS","VEHICLE_ID","CMRC_VEH_I","MAKE","MODEL","LIC_PLATE_STATE","VEHICLE_YEAR","VEHICLE_DEFECT","VEHICLE_TYPE","VEHICLE_USE","TRAVEL_DIRECTION","MANEUVER","TOWED_I","FIRE_I","OCCUPANT_CNT","EXCEED_SPEED_LIMIT_I","TOWED_BY","TOWED_TO","AREA_00_I","AREA_01_I","AREA_02_I","AREA_03_I","AREA_04_I","AREA_05_I","AREA_06_I","AREA_07_I","AREA_08_I","AREA_09_I","AREA_10_I","AREA_11_I","AREA_12_I","AREA_99_I","FIRST_CONTACT_POINT","CMV_ID","USDOT_NO","CCMC_NO","ILCC_NO","COMMERCIAL_SRC","GVWR","CARRIER_NAME","CARRIER_STATE","CARRIER_CITY","HAZMAT_PLACARDS_I","HAZMAT_NAME","UN_NO","HAZMAT_PRESENT_I","HAZMAT_REPORT_I","HAZMAT_REPORT_NO","MCS_REPORT_I","MCS_REPORT_NO","HAZMAT_VIO_CAUSE_CRASH_I","MCS_VIO_CAUSE_CRASH_I","IDOT_PERMIT_NO","WIDE_LOAD_I","TRAILER1_WIDTH","TRAILER2_WIDTH","TRAILER1_LENGTH","TRAILER2_LENGTH","TOTAL_VEHICLE_LENGTH","AXLE_CNT","VEHICLE_CONFIG","CARGO_BODY_TYPE","LOAD_TYPE","HAZMAT_OUT_OF_SERVICE_I","MCS_OUT_OF_SERVICE_I","HAZMAT_CLASS"
"166999","5578d603114f80ba0ca7a06f37071ab3eed45413ceb23ed61d5318d3c6097224dfd97d8ad2491133c80525700e97c953c108212f51af0a21124294370efe2f8b","JA295414","06/06/2017 05:30:00 PM","1","DRIVER",NULL,"165712.0",NULL,"VOLKSWAGEN","JETTA","IL","2008.0","NONE","PASSENGER","PERSONAL","S","STRAIGHT AHEAD",NULL,NULL,"1.0",NULL,NULL,NULL,NULL,"Y",NULL,NULL,NULL,NULL,NULL,NULL,NULL,NULL,NULL,NULL,NULL,NULL,"FRONT",NULL,NULL,NULL,NULL,NULL,NULL,NULL,NULL,NULL,NULL,NULL,NULL,NULL,NULL,NULL,NULL,NULL,NULL,NULL,NULL,NULL,NULL,NULL,NULL,NULL,NULL,NULL,NULL,NULL,NULL,NULL,NULL,NULL
"167478","f7a959f108bc6062fb5f32fcfce0efd4d5904792eca819b0e825c0b3745241b7146a285c51cabd1199c66e256ebf8ac2e4711d5c7e6d4895005f7a57b13e3d62","JA296987","06/07/2017 05:45:00 PM","2","DRIVER","1.0","166177.0",NULL,"TOYOTA MOTOR COMPANY, LTD.","COROLLA","IL","2017.0","NONE","PASSENGER","PERSONAL","E","SLOW/STOP IN TRAFFIC",NULL,NULL,"2.0",NULL,NULL,NULL,NULL,NULL,NULL,NULL,NULL,"Y",NULL,NULL,NULL,NULL,NULL,NULL,NULL,NULL,"REAR",NULL,NULL,NULL,NULL,NULL,NULL,NULL,NULL,NULL,NULL,NULL,NULL,NULL,NULL,NULL,NULL,NULL,NULL,NULL,NULL,NULL,NULL,NULL,NULL,NULL,NULL,NULL,NULL,NULL,NULL,NULL,NULL,NULL
"167918","9e2427826957a5f73e8538198a354b127d4d60e3a8ae692a0a089967cfc127bcfd91196af66f8bd1606f7241c25cd032f061b9637e459611c7a380f595dc58e1","JA298291","06/08/2017 04:40:00 PM","1","DRIVER",NULL,"166603.0",NULL,"HONDA","FIT","IL","2012.0","NONE","PASSENGER","PERSONAL","N","BACKING",NULL,NULL,"1.0",NULL,NULL,NULL,NULL,NULL,NULL,NULL,NULL,NULL,"Y",NULL,NULL,NULL,NULL,NULL,NULL,NULL,"REAR-LEFT",NULL,NULL,NULL,NULL,NULL,NULL,NULL,NULL,NULL,NULL,NULL,NULL,NULL,NULL,NULL,NULL,NULL,NULL,NULL,NULL,NULL,NULL,NULL,NULL,NULL,NULL,NULL,NULL,NULL,NULL,NULL,NULL,NULL
"167980","29ef9b199f5617d6ee822f6041e5370a6f2fc6d2d02cbefe9f3dfad9ac39724d8f6c0a0c2f3626733f2ea8d1b12f00f94c7f2e4c4d5fa3d4dc3b4a4d68f50ca3","JA298433","06/08/2017 06:15:00 PM","2","DRIVER",NULL,"166662.0",NULL,"LINCOLN-CONTINENTAL","MKZ","IL","2017.0","NONE","PASSENGER","PERSONAL","E","STRAIGHT AHEAD",NULL,NULL,"1.0",NULL,NULL,NULL,NULL,NULL,NULL,NULL,"Y","N","N",NULL,NULL,NULL,NULL,"Y",NULL,NULL,"REAR-RIGHT",NULL,NULL,NULL,NULL,NULL,NULL,NULL,NULL,NULL,NULL,NULL,NULL,NULL,NULL,NULL,NULL,NULL,NULL,NULL,NULL,NULL,NULL,NULL,NULL,NULL,NULL,NULL,NULL,NULL,NULL,NULL,NULL,NULL
"168409","89ad007f54f94ad71c8af84259c24530d847080a6f9e2303f70c7e5270fe6f494a3c91747155bbb6b3eeab67c8fc4ec98a178be45a6bc8d3f52c295771005296","JA299810","06/09/2017 05:30:00 PM","1","DRIVER",NULL,"167068.0",NULL,"NISSAN","NISSAN ALTIMA","IL","2015.0","UNKNOWN","PASSENGER","PERSONAL","S","STRAIGHT AHEAD",NULL,NULL,"1.0",NULL,NULL,NULL,NULL,"Y",NULL,NULL,NULL,NULL,NULL,NULL,NULL,NULL,NULL,NULL,NULL,NULL,"FRONT",NULL,NULL,NULL,NULL,NULL,NULL,NULL,NULL,NULL,NULL,NULL,NULL,NULL,NULL,NULL,NULL,NULL,NULL,NULL,NULL,NULL,NULL,NULL,NULL,NULL,NULL,NULL,NULL,NULL,NULL,NULL,NULL,NULL
"168430","09265e2e8aa744950c62ae4693a25fe122b1b6671427d63006a44e8e9c7c73fecb6923525016f4da6c2e57dde6d59e72a40f4992e5a5fd8a5079889064f9a9fd","JA299792","06/09/2017 05:15:00 PM","3","DRIVER",NULL,"167113.0",NULL,"CHEVROLET","CHEVROLET","IL","2012.0","NONE","PASSENGER","PERSONAL","S","STRAIGHT AHEAD",NULL,NULL,"1.0",NULL,NULL,NULL,NULL,NULL,NULL,NULL,"Y","Y","Y",NULL,NULL,NULL,NULL,NULL,NULL,NULL,"REAR",NULL,NULL,NULL,NULL,NULL,NULL,NULL,NULL,NULL,NULL,NULL,NULL,NULL,NULL,NULL,NULL,NULL,NULL,NULL,NULL,NULL,NULL,NULL,NULL,NULL,NULL,NULL,NULL,NULL,NULL,NULL,NULL,NULL
"168515","53e7c01e5b18c55dfc965f1d9f8d9ce9c22767dc300090ebe91600de3b84a32b26ad98b47930ec52952864443f7ddcceac544af62facbbae808f3a2dedf84bd3","JA299976","06/09/2017 07:30:00 PM","2","DRIVER",NULL,"167192.0",NULL,"HYUNDAI","ELANTRA","IL","2013.0","NONE","PASSENGER","PERSONAL","N","STRAIGHT AHEAD",NULL,NULL,"1.0",NULL,NULL,NULL,NULL,"Y","Y",NULL,NULL,NULL,NULL,NULL,"Y",NULL,NULL,NULL,NULL,NULL,"FRONT",NULL,NULL,NULL,NULL,NULL,NULL,NULL,NULL,NULL,NULL,NULL,NULL,NULL,NULL,NULL,NULL,NULL,NULL,NULL,NULL,NULL,NULL,NULL,NULL,NULL,NULL,NULL,NULL,NULL,NULL,NULL,NULL,NULL
"168702","d3b0aa86e96e7b247b7c902c709f1085d8f577ef41e131f1b7895b144d73cb8c563c58b9c481ff6659df2689f2de97e49ba787103ae1d98a558a7fcd37b910b1","JA300626","06/05/2017 01:00:00 AM","2","DRIVER",NULL,"167357.0",NULL,"HYUNDAI","SONATA","IL","2012.0","NONE","PASSENGER","PERSONAL","W","AVOIDING VEHICLES/OBJECTS",NULL,NULL,"1.0",NULL,NULL,NULL,NULL,NULL,NULL,NULL,"Y",NULL,NULL,NULL,NULL,NULL,NULL,NULL,NULL,NULL,"SIDE-RIGHT",NULL,NULL,NULL,NULL,NULL,NULL,NULL,NULL,NULL,NULL,NULL,NULL,NULL,NULL,NULL,NULL,NULL,NULL,NULL,NULL,NULL,NULL,NULL,NULL,NULL,NULL,NULL,NULL,NULL,NULL,NULL,NULL,NULL
"168878","c54cc2a7289c470a200268fe378aa2f871a21be2ed4ad57163e065b2768e7f5e1340b2b661e72af2a8e2d149f13e0ed7dfb08d0f73051caaeedd7f22bc1612cf","JA301011","06/10/2017 03:14:00 PM","2","DRIVER","1.0","167526.0",NULL,"MERCURY","MILAN","IL","2008.0","NONE","PASSENGER","PERSONAL","S","TURNING LEFT",NULL,NULL,"2.0",NULL,NULL,NULL,NULL,NULL,NULL,NULL,NULL,NULL,NULL,NULL,NULL,NULL,NULL,NULL,NULL,NULL,"REAR-RIGHT",NULL,NULL,NULL,NULL,NULL,NULL,NULL,NULL,NULL,NULL,NULL,NULL,NULL,NULL,NULL,NULL,NULL,NULL,NULL,NULL,NULL,NULL,NULL,NULL,NULL,NULL,NULL,NULL,NULL,NULL,NULL,NULL,NULL
"168940","9c9dfde2bed2fef7c3e23f781ecc27b3b6390fcc33ec4a746766a10fe314aff89d5cf3dc5ef5ad17f82f2ec2012dd0b780fa418d48a20c8b7988240b04071c2b","JA301167","06/10/2017 05:33:00 PM","2","DRIVER",NULL,"167594.0",NULL,"CHRYSLER","300","IL","2014.0","NONE","PASSENGER","PERSONAL","S","SLOW/STOP IN TRAFFIC",NULL,NULL,"1.0",NULL,NULL,NULL,NULL,"Y",NULL,NULL,"Y","Y","Y",NULL,NULL,NULL,NULL,NULL,NULL,NULL,"REAR",NULL,NULL,NULL,NULL,NULL,NULL,NULL,NULL,NULL,NULL,NULL,NULL,NULL,NULL,NULL,NULL,NULL,NULL,NULL,NULL,NULL,NULL,NULL,NULL,NULL,NULL,NULL,NULL,NULL,NULL,NULL,NULL,NULL
"169353","45453cb89549df0e6ed5bdb082b0439f95a80f7d610547d693317486f9bb7f32997dbb8d04565f2bcaf305ed77568947d8cabcae8debaf42641bbbc24603df5c","JA302338","06/11/2017 03:40:00 PM","1","DRIVER",NULL,"167987.0",NULL,"LEXUS","CT200H","IL","2011.0","NONE","PASSENGER","PERSONAL","S","MERGING",NULL,NULL,"1.0",NULL,NULL,NULL,NULL,NULL,NULL,NULL,NULL,NULL,"Y",NULL,NULL,NULL,NULL,NULL,NULL,NULL,"REAR-LEFT",NULL,NULL,NULL,NULL,NULL,NULL,NULL,NULL,NULL,NULL,NULL,NULL,NULL,NULL,NULL,NULL,NULL,NULL,NULL,NULL,NULL,NULL,NULL,NULL,NULL,NULL,NULL,NULL,NULL,NULL,NULL,NULL,NULL
"169492","3c23bc21cca15fd8d152fabc37c59e6587e63cf6c54f8b7c425246234eff93d29298690e7213c7258e59ef49c9cf273e3b0ff3e563e59776b1b810e64de87495","JA302741","06/11/2017 05:00:00 PM","1","DRIVER",NULL,"168127.0",NULL,"HYUNDAI","UNKNOWN","IL","2017.0","NONE","PASSENGER","OTHER","N","STRAIGHT AHEAD",NULL,NULL,"1.0",NULL,NULL,NULL,NULL,"Y",NULL,NULL,NULL,NULL,NULL,NULL,NULL,NULL,NULL,NULL,NULL,NULL,"FRONT",NULL,NULL,NULL,NULL,NULL,NULL,NULL,NULL,NULL,NULL,NULL,NULL,NULL,NULL,NULL,NULL,NULL,NULL,NULL,NULL,NULL,NULL,NULL,NULL,NULL,NULL,NULL,NULL,NULL,NULL,NULL,NULL,NULL
"169542","f2889e84a56b174ace781aae106b94f0869b4cb1984c73bf1679cba520073946b619dbd8630ecad485848337a164211049e88e8a1cc2bb56e37e3f34f3416f68","JA303000","06/12/2017 02:15:00 AM","1","DRIVER",NULL,"168170.0",NULL,"GENERAL MOTORS CORP.","UNKNOWN","OK","2012.0","UNKNOWN","OTHER","OTHER","W","STRAIGHT AHEAD",NULL,NULL,"1.0",NULL,NULL,NULL,NULL,NULL,NULL,NULL,NULL,NULL,NULL,NULL,NULL,"Y",NULL,NULL,NULL,NULL,"ROOF",NULL,NULL,NULL,NULL,NULL,NULL,NULL,NULL,NULL,NULL,NULL,NULL,NULL,NULL,NULL,NULL,NULL,NULL,NULL,NULL,NULL,NULL,NULL,NULL,NULL,NULL,NULL,NULL,NULL,NULL,NULL,NULL,NULL
"169650","8fc5853b482c8b033b53c232c183ee86b38a107efeba27a811bbd739d9628347cc6da10d02b0e634a74bc9655fa607725728617a841c4f6e11132b3ff3afdcc4","JA300942","06/10/2017 02:30:00 PM","2","DRIVER",NULL,"168274.0",NULL,"NISSAN","VERSA","IL","2014.0","NONE","PASSENGER","PERSONAL","N","MERGING",NULL,NULL,"1.0",NULL,NULL,NULL,NULL,NULL,NULL,NULL,NULL,NULL,NULL,NULL,"Y",NULL,NULL,NULL,NULL,NULL,"FRONT-LEFT",NULL,NULL,NULL,NULL,NULL,NULL,NULL,NULL,NULL,NULL,NULL,NULL,NULL,NULL,NULL,NULL,NULL,NULL,NULL,NULL,NULL,NULL,NULL,NULL,NULL,NULL,NULL,NULL,NULL,NULL,NULL,NULL,NULL
"169687","6dee2e741c364cd2a438b4b72f6ebcd73a6405b3c34043704cbf1f45844df04582ad18b060a84fdaab521f60f108683701a91995a8610ae77e454cd10b4c9147","JA303525","06/12/2017 12:44:00 PM","2","DRIVER",NULL,"168316.0",NULL,"TOYOTA MOTOR COMPANY, LTD.","Prius","IL","2014.0","NONE","PASSENGER","TAXI/FOR HIRE","E","U-TURN",NULL,NULL,"1.0",NULL,NULL,NULL,NULL,NULL,NULL,NULL,"Y",NULL,NULL,NULL,NULL,NULL,NULL,NULL,NULL,NULL,"REAR-RIGHT",NULL,NULL,NULL,NULL,NULL,NULL,NULL,NULL,NULL,NULL,NULL,NULL,NULL,NULL,NULL,NULL,NULL,NULL,NULL,NULL,NULL,NULL,NULL,NULL,NULL,NULL,NULL,NULL,NULL,NULL,NULL,NULL,NULL
"169765","2f54e646109da6759c4cbcd47aff4ad8a4b749aef5cb6699b2bf702ffddcb17db9c153b51bd918816462ef512903d704bd1a17849530eabdd811b136a2ef0f60","JA303757","06/12/2017 02:00:00 PM","2","DRIVER",NULL,"168390.0",NULL,"NISSAN","ROGUE","IL","2010.0","NONE","PASSENGER","PERSONAL","NE","UNKNOWN/NA",NULL,NULL,"1.0",NULL,NULL,NULL,NULL,NULL,"Y",NULL,NULL,NULL,NULL,NULL,NULL,NULL,NULL,NULL,NULL,NULL,"FRONT-RIGHT",NULL,NULL,NULL,NULL,NULL,NULL,NULL,NULL,NULL,NULL,NULL,NULL,NULL,NULL,NULL,NULL,NULL,NULL,NULL,NULL,NULL,NULL,NULL,NULL,NULL,NULL,NULL,NULL,NULL,NULL,NULL,NULL,NULL
"169782","aaf07627651b6152381af6478b68e7f88db80450f711a4f3cb640fe199d45d5751d83f28438501c30640fc5e3023d93bdac6e4386832e36beb698905711f1da3","JA303828","06/12/2017 07:00:00 AM","2","DRIVER",NULL,"168402.0",NULL,"KIA MOTORS CORP","UNKNOWN","IL","2017.0","NONE","SPORT UTILITY VEHICLE (SUV)","PERSONAL","E","SLOW/STOP IN TRAFFIC",NULL,NULL,"1.0",NULL,NULL,NULL,NULL,NULL,NULL,NULL,NULL,"Y",NULL,NULL,NULL,NULL,NULL,NULL,NULL,NULL,"REAR",NULL,NULL,NULL,NULL,NULL,NULL,NULL,NULL,NULL,NULL,NULL,NULL,NULL,NULL,NULL,NULL,NULL,NULL,NULL,NULL,NULL,NULL,NULL,NULL,NULL,NULL,NULL,NULL,NULL,NULL,NULL,NULL,NULL
"169989","de6f45e1d2d5bd500299d2c4daba0855dab326b87c43ebdfee8acdd9c76ad0a5d53bfc3d3791fc3b2acd9980a79ad2b6d462a179a25d0911a11088f556dc89d8","JA304307","06/12/2017 06:30:00 PM","1","DRIVER",NULL,"168605.0",NULL,"TOYOTA MOTOR COMPANY, LTD.","Prius","IL","2013.0","NONE","PASSENGER","PERSONAL","N","TURNING LEFT",NULL,NULL,"1.0",NULL,NULL,NULL,NULL,NULL,"Y",NULL,NULL,NULL,NULL,NULL,NULL,NULL,NULL,NULL,NULL,NULL,"FRONT-RIGHT",NULL,NULL,NULL,NULL,NULL,NULL,NULL,NULL,NULL,NULL,NULL,NULL,NULL,NULL,NULL,NULL,NULL,NULL,NULL,NULL,NULL,NULL,NULL,NULL,NULL,NULL,NULL,NULL,NULL,NULL,NULL,NULL,NULL
"170033","6d9eb5a4db50f67d00c294813e95c5d23a5c7340f04a60049271d30dde04c179df2148b5960c08599b1ae56fc19abd16b8c89af64877a7907922597e4b1a6e59","JA304472","06/12/2017 11:10:00 PM","2","DRIVER",NULL,"168648.0",NULL,"NISSAN","NISSAN ALTIMA","IL","2016.0","NONE","PASSENGER","PERSONAL","S","STRAIGHT AHEAD",NULL,NULL,"1.0",NULL,NULL,NULL,NULL,NULL,"Y",NULL,NULL,NULL,NULL,NULL,NULL,NULL,NULL,NULL,NULL,NULL,"FRONT-LEFT",NULL,NULL,NULL,NULL,NULL,NULL,NULL,NULL,NULL,NULL,NULL,NULL,NULL,NULL,NULL,NULL,NULL,NULL,NULL,NULL,NULL,NULL,NULL,NULL,NULL,NULL,NULL,NULL,NULL,NULL,NULL,NULL,NULL
"170160","4987e969ba27c805b4ebf505e33ad932e364a0a6910332eb90d645c0490d8596e9d43fdd0d476ccb8aca68577ff32e77db5a93140ce5a6787a692e7775ef0899","JA305058","06/13/2017 12:30:00 PM","2","DRIVER",NULL,"168780.0",NULL,"FORD","F350","IL","2013.0","NONE","PICKUP","COMMERCIAL - SINGLE UNIT","N","STRAIGHT AHEAD",NULL,NULL,"1.0",NULL,NULL,NULL,NULL,NULL,NULL,NULL,"Y","Y","Y",NULL,NULL,NULL,NULL,NULL,NULL,NULL,"REAR",NULL,NULL,NULL,NULL,NULL,NULL,NULL,NULL,NULL,NULL,NULL,NULL,NULL,NULL,NULL,NULL,NULL,NULL,NULL,NULL,NULL,NULL,NULL,NULL,NULL,NULL,NULL,NULL,NULL,NULL,NULL,NULL,NULL
"170549","9f000fd04551c7c09afb2a3fa0b1672f751784327671f1efbc11eb95b3860f70fa1747d9f3ba169b6a3e0821e91ad88f6364a3b67e0a45aacd17a7c7d7875f34","JA306300","06/14/2017 11:00:00 AM","1","DRIVER",NULL,"169149.0",NULL,"GREAT DANE TRAILERS INC.","GREAT DANE TRAILERS INC.","TN","2016.0","NONE","TRACTOR W/ SEMI-TRAILER","COMMERCIAL - MULTI-UNIT","SE","TURNING LEFT",NULL,NULL,"1.0",NULL,NULL,NULL,NULL,NULL,NULL,NULL,"Y",NULL,NULL,NULL,NULL,NULL,NULL,NULL,NULL,NULL,"REAR-RIGHT",NULL,NULL,NULL,NULL,NULL,NULL,NULL,NULL,NULL,NULL,NULL,NULL,NULL,NULL,NULL,NULL,NULL,NULL,NULL,NULL,NULL,NULL,NULL,NULL,NULL,NULL,NULL,NULL,NULL,NULL,NULL,NULL,NULL
"171068","2398d316e9ffa32b6e5aede7fb1223e43a0ec5b9bfcb0c6c0caadd3dcd0534707bb6baa67d072736354e1bbd12e6fcdd672ebd63e10e06a815ea4fef22035c23","JA307761","06/15/2017 10:00:00 AM","2","DRIVER","1.0","169640.0",NULL,"AUDI","A4","IL","2014.0","NONE","PASSENGER","PERSONAL","E","SLOW/STOP IN TRAFFIC",NULL,NULL,"2.0",NULL,NULL,NULL,NULL,NULL,NULL,NULL,NULL,"Y",NULL,NULL,NULL,NULL,NULL,NULL,NULL,NULL,"REAR",NULL,NULL,NULL,NULL,NULL,NULL,NULL,NULL,NULL,NULL,NULL,NULL,NULL,NULL,NULL,NULL,NULL,NULL,NULL,NULL,NULL,NULL,NULL,NULL,NULL,NULL,NULL,NULL,NULL,NULL,NULL,NULL,NULL
"171429","965c517f8f437d676e7ae4947ac1580b8e8cb59ff9d570b41e2aa1074ff36e6e5c4a68ba71ef59d07b71f7ce570538005822b5a2c8895de1a8f2c8601e98ce41","JA308883","06/15/2017 10:30:00 PM","1","DRIVER",NULL,"169995.0",NULL,"CHEVROLET","IMPALA","IL","2012.0","NONE","PASSENGER","PERSONAL","E","STRAIGHT AHEAD",NULL,NULL,"1.0",NULL,NULL,NULL,NULL,NULL,"Y",NULL,NULL,NULL,NULL,NULL,NULL,NULL,NULL,NULL,NULL,NULL,"FRONT-RIGHT",NULL,NULL,NULL,NULL,NULL,NULL,NULL,NULL,NULL,NULL,NULL,NULL,NULL,NULL,NULL,NULL,NULL,NULL,NULL,NULL,NULL,NULL,NULL,NULL,NULL,NULL,NULL,NULL,NULL,NULL,NULL,NULL,NULL
"171446","deece950bc85f6cd24f63072f50ad88c5bc808fd8ceba67a5a71699db00ab6597afe825cb8b25c11244358eb0440bd55dd18bb40e84c7440f391d6d9527f179b","JA308949","06/16/2017 12:45:00 AM","2","DRIVER",NULL,"170011.0",NULL,"HYUNDAI","SONATA","IL","2016.0","NONE","PASSENGER","PERSONAL","W","SLOW/STOP IN TRAFFIC",NULL,NULL,"1.0",NULL,NULL,NULL,NULL,NULL,NULL,NULL,"Y","Y","Y",NULL,NULL,NULL,NULL,NULL,NULL,NULL,"REAR",NULL,NULL,NULL,NULL,NULL,NULL,NULL,NULL,NULL,NULL,NULL,NULL,NULL,NULL,NULL,NULL,NULL,NULL,NULL,NULL,NULL,NULL,NULL,NULL,NULL,NULL,NULL,NULL,NULL,NULL,NULL,NULL,NULL
"171487","9908a25d5997a0a8b0ab2cb41bdf123a275c767cb2c722758369ad4af33c17db1f720ad69a751df8dfdec604a2b5a8c9bb9536a321659801b0ae597847f044ec","JA309120","06/16/2017 07:30:00 AM","2","DRIVER",NULL,"170054.0",NULL,"KIA MOTORS CORP","FORTE","IL","2015.0","NONE","PASSENGER","PERSONAL","W","STRAIGHT AHEAD",NULL,NULL,"1.0",NULL,NULL,NULL,NULL,"Y","Y",NULL,NULL,NULL,NULL,NULL,NULL,NULL,NULL,NULL,NULL,NULL,"FRONT-RIGHT",NULL,NULL,NULL,NULL,NULL,NULL,NULL,NULL,NULL,NULL,NULL,NULL,NULL,NULL,NULL,NULL,NULL,NULL,NULL,NULL,NULL,NULL,NULL,NULL,NULL,NULL,NULL,NULL,NULL,NULL,NULL,NULL,NULL
"172336","53daa71b47ad88dd15176ddcad8321b11b8cb35f3798f97295a689cd61ff16d1393c1af09d55f7d680e7963b71afbde22e9a89a73ea8dc779b861663e192f93d","JA311775","06/18/2017 12:42:00 AM","2","DRIVER",NULL,"170858.0",NULL,"CHEVROLET","IMPALA","IL","2015.0","NONE","PASSENGER","PERSONAL","N","STRAIGHT AHEAD",NULL,NULL,"1.0",NULL,NULL,NULL,NULL,NULL,NULL,NULL,NULL,NULL,NULL,NULL,"Y",NULL,NULL,"Y",NULL,NULL,"FRONT-LEFT",NULL,NULL,NULL,NULL,NULL,NULL,NULL,NULL,NULL,NULL,NULL,NULL,NULL,NULL,NULL,NULL,NULL,NULL,NULL,NULL,NULL,NULL,NULL,NULL,NULL,NULL,NULL,NULL,NULL,NULL,NULL,NULL,NULL
"172399","e3a8911f0ad6c5febfe264c606912f931b7ba836c592c9794d03ddf3b41b7caab03d5885364b3fbafd11a1ee73f08a5a91424114188926223bd8dba3b15a3770","JA312109","06/18/2017 10:59:00 AM","2","DRIVER","2.0","170920.0",NULL,"NISSAN","ROGUE","OH","2012.0","NONE","PASSENGER","PERSONAL","S","STRAIGHT AHEAD",NULL,NULL,"3.0",NULL,NULL,NULL,NULL,NULL,NULL,NULL,NULL,"Y",NULL,NULL,NULL,NULL,NULL,NULL,NULL,NULL,"REAR",NULL,NULL,NULL,NULL,NULL,NULL,NULL,NULL,NULL,NULL,NULL,NULL,NULL,NULL,NULL,NULL,NULL,NULL,NULL,NULL,NULL,NULL,NULL,NULL,NULL,NULL,NULL,NULL,NULL,NULL,NULL,NULL,NULL
"172610","59ee81bb5eafc398e336d362c17e2e8a4cbe51e786a732143b4209baf2079f05729ea238db3d4f99b1d9c55555f4b393c9a4814e70bb6661b8dbb90abfea2f9f","JA312799","06/18/2017 08:40:00 AM","2","PARKED",NULL,"171125.0",NULL,"HONDA","Odyssey (minivan)","IL","2008.0","NONE","PASSENGER","PERSONAL","N","PARKED",NULL,NULL,"0.0",NULL,NULL,NULL,NULL,NULL,NULL,NULL,NULL,"Y",NULL,NULL,"Y",NULL,NULL,NULL,NULL,NULL,"FRONT-LEFT",NULL,NULL,NULL,NULL,NULL,NULL,NULL,NULL,NULL,NULL,NULL,NULL,NULL,NULL,NULL,NULL,NULL,NULL,NULL,NULL,NULL,NULL,NULL,NULL,NULL,NULL,NULL,NULL,NULL,NULL,NULL,NULL,NULL
"172665","0483ff55a84f1e04af01f8be576b4d159b3319be7b19d353a2eec8cb9d67c034f6a3d31b72f46c6be588a125934c8a07e54de27e0fd0d73d87e272973bedede0","JA313016","06/19/2017 12:55:00 AM","2","PARKED",NULL,"171179.0",NULL,"HYUNDAI","Accent","IL","2016.0","NONE","PASSENGER","PERSONAL","N","PARKED",NULL,NULL,"0.0",NULL,NULL,NULL,NULL,NULL,NULL,NULL,"Y",NULL,NULL,NULL,NULL,NULL,NULL,NULL,NULL,NULL,"REAR-LEFT",NULL,NULL,NULL,NULL,NULL,NULL,NULL,NULL,NULL,NULL,NULL,NULL,NULL,NULL,NULL,NULL,NULL,NULL,NULL,NULL,NULL,NULL,NULL,NULL,NULL,NULL,NULL,NULL,NULL,NULL,NULL,NULL,NULL
"172705","65d6827a9e6392bb8f8fdb92a92956c272b54ba7dacc1693bfb2bce6069ce9800b3ba3d7abb28765d11f6c0b61fa4d3c24cd0f183d758fcce78abc362738da07","JA313189","06/19/2017 06:55:00 AM","1","DRIVER",NULL,"171219.0",NULL,"CHEVROLET","SUBURBAN","IL","2014.0","NONE","OTHER VEHICLE WITH TRAILER","OTHER TRANSIT","W","SLOW/STOP IN TRAFFIC",NULL,NULL,"1.0",NULL,NULL,NULL,NULL,"Y",NULL,NULL,NULL,NULL,NULL,NULL,NULL,NULL,NULL,NULL,NULL,NULL,"FRONT",NULL,NULL,NULL,NULL,NULL,NULL,NULL,NULL,NULL,NULL,NULL,NULL,NULL,NULL,NULL,NULL,NULL,NULL,NULL,NULL,NULL,NULL,NULL,NULL,NULL,NULL,NULL,NULL,NULL,NULL,NULL,NULL,NULL
"172718","d5acc627816931c7ef50b9eea57fd7dd3a0ddb260aed352bafd9380d279265fb3297a39763d68ec0f88fa0e56e08fa0cb79310e14e76e06916ba3fb7fdc56cd4","JA313225","06/19/2017 07:50:00 AM","1","DRIVER",NULL,"171235.0",NULL,"FORD","MUSTANG","IL","2010.0","UNKNOWN","PASSENGER","UNKNOWN/NA","N","STRAIGHT AHEAD",NULL,NULL,"1.0",NULL,NULL,NULL,NULL,"Y",NULL,NULL,NULL,NULL,NULL,NULL,NULL,NULL,NULL,NULL,NULL,NULL,"FRONT",NULL,NULL,NULL,NULL,NULL,NULL,NULL,NULL,NULL,NULL,NULL,NULL,NULL,NULL,NULL,NULL,NULL,NULL,NULL,NULL,NULL,NULL,NULL,NULL,NULL,NULL,NULL,NULL,NULL,NULL,NULL,NULL,NULL
"173153","8e80348a9aef3dd7f1bfd45eb1ca4aec4c2fd090e89036afc431948bf25be665b18fe3cad42e06dee150fd03cdf65f5754aff0b4db5d99319c4aee8528435496","JA314335","06/18/2017 10:45:00 PM","1","DRIVER",NULL,"171649.0","N","TOYOTA MOTOR COMPANY, LTD.","UNKNOWN","IL","2016.0","UNKNOWN","PASSENGER","TAXI/FOR HIRE","S","STRAIGHT AHEAD",NULL,NULL,"1.0",NULL,NULL,NULL,NULL,NULL,"Y",NULL,NULL,NULL,NULL,NULL,NULL,NULL,NULL,NULL,NULL,NULL,"FRONT-RIGHT",NULL,NULL,NULL,NULL,NULL,NULL,NULL,NULL,NULL,NULL,NULL,NULL,NULL,NULL,NULL,NULL,NULL,NULL,NULL,NULL,NULL,NULL,NULL,NULL,NULL,NULL,NULL,NULL,NULL,NULL,NULL,NULL,NULL