"CRASH_UNIT_ID","CRASH_RECORD_ID","RD_NO","CRASH_DATE","UNIT_NO","UNIT_TYPE","NUM_PASSENGERS","VEHICLE_ID","CMRC_VEH_I","MAKE","MODEL","LIC_PLATE_STATE","VEHICLE_YEAR","VEHICLE_DEFECT","VEHICLE_TYPE","VEHICLE_USE","TRAVEL_DIRECTION","MANEUVER","TOWED_I","FIRE_I","OCCUPANT_CNT","EXCEED_SPEED_LIMIT_I","TOWED_BY","TOWED_TO","AREA_00_I","AREA_01_I","AREA_02_I","AREA_03_I","AREA_04_I","AREA_05_I","AREA_06_I","AREA_07_I","AREA_08_I","AREA_09_I","AREA_10_I","AREA_11_I","AREA_12_I","AREA_99_I","FIRST_CONTACT_POINT","CMV_ID","USDOT_NO","CCMC_NO","ILCC_NO","COMMERCIAL_SRC","GVWR","CARRIER_NAME","CARRIER_STATE","CARRIER_CITY","HAZMAT_PLACARDS_I","HAZMAT_NAME","UN_NO","HAZMAT_PRESENT_I","HAZMAT_REPORT_I","HAZMAT_REPORT_NO","MCS_REPORT_I","MCS_REPORT_NO","HAZMAT_VIO_CAUSE_CRASH_I","MCS_VIO_CAUSE_CRASH_I","IDOT_PERMIT_NO","WIDE_LOAD_I","TRAILER1_WIDTH","TRAILER2_WIDTH","TRAILER1_LENGTH","TRAILER2_LENGTH","TOTAL_VEHICLE_LENGTH","AXLE_CNT","VEHICLE_CONFIG","CARGO_BODY_TYPE","LOAD_TYPE","HAZMAT_OUT_OF_SERVICE_I","MCS_OUT_OF_SERVICE_I","HAZMAT_CLASS"
"182673","5500f00bfd35d20594e7ad7ed9c65322f1c266f80bb0819ae1fb13090c0f5d2309c3bae750eb6308561086b493053b6a6c1371e0442f8d088bec34d1fd5d94aa","JA345189","07/12/2017 03:42:00 PM","2","DRIVER","1.0","180750.0",NULL,"CHEVROLET","EQUINOX","MI","2017.0","NONE","SPORT UTILITY VEHICLE (SUV)","PERSONAL","E","SLOW/STOP IN TRAFFIC",NULL,NULL,"2.0",NULL,NULL,NULL,NULL,NULL,NULL,NULL,NULL,"Y",NULL,NULL,NULL,NULL,NULL,NULL,NULL,NULL,"REAR",NULL,NULL,NULL,NULL,NULL,NULL,NULL,NULL,NULL,NULL,NULL,NULL,NULL,NULL,NULL,NULL,NULL,NULL,NULL,NULL,NULL,NULL,NULL,NULL,NULL,NULL,NULL,NULL,NULL,NULL,NULL,NULL,NULL
"183028","d01fbf8803ebc0aafd4229566462a0aa5d325dbb177fb17c60a6252baf4c64775be30107b4d6848fcf68bb580c58eaeb18eff367e55212929e710824a8b8b67f","JA346349","07/13/2017 12:30:00 PM","1","DRIVER",NULL,"181084.0",NULL,"FREIGHTLINER CORP.","FREIGHTLINER CORP.","MO","2017.0","NONE","TRUCK - SINGLE UNIT","OTHER","W","STRAIGHT AHEAD",NULL,NULL,"1.0",NULL,NULL,NULL,NULL,NULL,"Y",NULL,NULL,NULL,NULL,NULL,NULL,NULL,NULL,NULL,NULL,NULL,"NONE",NULL,NULL,NULL,NULL,NULL,NULL,NULL,NULL,NULL,NULL,NULL,NULL,NULL,NULL,NULL,NULL,NULL,NULL,NULL,NULL,NULL,NULL,NULL,NULL,NULL,NULL,NULL,NULL,NULL,NULL,NULL,NULL,NULL
"183162","f68e2fe4d0ebf2999283c0f56bd71d41ae670896dd71e4113a4892f8685df37af65db2e803890cd8c89b44dd40d1a9331e921c007e06e7b1c1f821f924a026a4","JA346733","06/27/2017 11:30:00 PM","2","PARKED",NULL,"181205.0",NULL,"NISSAN","VERSA","IL","2017.0","UNKNOWN","PASSENGER","PERSONAL","UNKNOWN","PARKED",NULL,NULL,"0.0",NULL,NULL,NULL,NULL,NULL,NULL,NULL,NULL,NULL,"Y","Y","Y",NULL,NULL,NULL,NULL,NULL,"SIDE-LEFT",NULL,NULL,NULL,NULL,NULL,NULL,NULL,NULL,NULL,NULL,NULL,NULL,NULL,NULL,NULL,NULL,NULL,NULL,NULL,NULL,NULL,NULL,NULL,NULL,NULL,NULL,NULL,NULL,NULL,NULL,NULL,NULL,NULL
"183334","4196119b9d153d6793f0d7883fe94eab0eccff6f15abe8ba3043859ac002b5cde6545e8872aad6c08f3fd4134e985e4f701dccafd39c60089395ff4a0513dca4","JA345978","07/13/2017 08:40:00 AM","1","DRIVER",NULL,"181372.0",NULL,"HYUNDAI","UNKNOWN","IL","2014.0","UNKNOWN","PASSENGER","PERSONAL","UNKNOWN","STRAIGHT AHEAD",NULL,NULL,"1.0",NULL,NULL,NULL,NULL,NULL,"Y","Y",NULL,NULL,NULL,NULL,NULL,NULL,NULL,NULL,NULL,NULL,"SIDE-RIGHT",NULL,NULL,NULL,NULL,NULL,NULL,NULL,NULL,NULL,NULL,NULL,NULL,NULL,NULL,NULL,NULL,NULL,NULL,NULL,NULL,NULL,NULL,NULL,NULL,NULL,NULL,NULL,NULL,NULL,NULL,NULL,NULL,NULL
"183525","76e235ad34f3a02aa002b8ab92821696d98d9e3224b9ce181c6bb57d8e431eadfad2c70192ecddf68acdbec439a089201fe4c226a0ba7312edcfa8ebcb5ac337","JA347921","07/14/2017 03:40:00 PM","1","DRIVER","3.0","181557.0",NULL,"NISSAN","NISSAN","IL","2010.0","NONE","PASSENGER","PERSONAL","S","SLOW/STOP IN TRAFFIC",NULL,NULL,"4.0",NULL,NULL,NULL,NULL,"Y","Y",NULL,NULL,NULL,NULL,NULL,"Y",NULL,NULL,NULL,NULL,NULL,"FRONT",NULL,NULL,NULL,NULL,NULL,NULL,NULL,NULL,NULL,NULL,NULL,NULL,NULL,NULL,NULL,NULL,NULL,NULL,NULL,NULL,NULL,NULL,NULL,NULL,NULL,NULL,NULL,NULL,NULL,NULL,NULL,NULL,NULL
"184672","c82ae9170b4f07ceda697b4aa7caad5950d184152f6b655028a713de68360b210e21ced55088fd94cdcdc9412089509295c96d21973d0a46a860cfac0de47249","JA351591","07/17/2017 12:45:00 PM","2","DRIVER","1.0","182652.0",NULL,"AUDI","Q7","IL","2018.0","NONE","PASSENGER","PERSONAL","E","STRAIGHT AHEAD",NULL,NULL,"2.0",NULL,NULL,NULL,NULL,NULL,NULL,"Y",NULL,NULL,NULL,NULL,NULL,NULL,NULL,NULL,NULL,NULL,"SIDE-RIGHT",NULL,NULL,NULL,NULL,NULL,NULL,NULL,NULL,NULL,NULL,NULL,NULL,NULL,NULL,NULL,NULL,NULL,NULL,NULL,NULL,NULL,NULL,NULL,NULL,NULL,NULL,NULL,NULL,NULL,NULL,NULL,NULL,NULL
"184896","b4e96a0eafd6164e04a4cd8f64ffe68273080579ff862ceff4591b3534a032be5f7944ce7c4737c93a208e870a933aa6263336721e4877c95c303d8bceda1799","JA352148","07/17/2017 07:00:00 PM","2","DRIVER","2.0","182858.0",NULL,"NISSAN","NISSAN ALTIMA","IL","2009.0","NONE","PASSENGER","PERSONAL","S","BACKING",NULL,NULL,"3.0",NULL,NULL,NULL,NULL,NULL,NULL,NULL,NULL,NULL,"Y",NULL,NULL,NULL,NULL,NULL,NULL,NULL,"REAR-LEFT",NULL,NULL,NULL,NULL,NULL,NULL,NULL,NULL,NULL,NULL,NULL,NULL,NULL,NULL,NULL,NULL,NULL,NULL,NULL,NULL,NULL,NULL,NULL,NULL,NULL,NULL,NULL,NULL,NULL,NULL,NULL,NULL,NULL
"185205","468c8b5dbfa9467538b6516877ec136b647af091ca0a6cf1f3cf788d208785e5f4bd7acfbe20248f75f51de554defd588089a48ee1859ead1ee7fdea2cf1e8e5","JA353082","07/11/2017 06:43:00 PM","2","DRIVER",NULL,"183163.0",NULL,"DODGE","CARAVAN","IL","2016.0","NONE","VAN/MINI-VAN","PERSONAL","W","STRAIGHT AHEAD",NULL,NULL,"1.0",NULL,NULL,NULL,NULL,NULL,NULL,NULL,NULL,NULL,NULL,NULL,"Y",NULL,NULL,NULL,NULL,NULL,"SIDE-LEFT",NULL,NULL,NULL,NULL,NULL,NULL,NULL,NULL,NULL,NULL,NULL,NULL,NULL,NULL,NULL,NULL,NULL,NULL,NULL,NULL,NULL,NULL,NULL,NULL,NULL,NULL,NULL,NULL,NULL,NULL,NULL,NULL,NULL
"185267","4800cd02524ba8aea41a2c138e8ef350b9b7dbaebe8b648cbfb8b7c0656f51366992985cdd3c645dbc02f385ee9df1612fbf998470ae2bbcac5e27a296e2ac8c","JA353271","07/18/2017 03:09:00 PM","1","DRIVER",NULL,"183241.0",NULL,"GENERAL MOTORS CORP.","TERRAIN","IL","2013.0","UNKNOWN","SPORT UTILITY VEHICLE (SUV)","UNKNOWN/NA","E","STRAIGHT AHEAD",NULL,NULL,"1.0",NULL,NULL,NULL,NULL,"Y","Y",NULL,NULL,NULL,NULL,NULL,"Y",NULL,NULL,NULL,NULL,NULL,"FRONT",NULL,NULL,NULL,NULL,NULL,NULL,NULL,NULL,NULL,NULL,NULL,NULL,NULL,NULL,NULL,NULL,NULL,NULL,NULL,NULL,NULL,NULL,NULL,NULL,NULL,NULL,NULL,NULL,NULL,NULL,NULL,NULL,NULL
"185346","83ebc3cb61c34ce6f9ea555308e5463a7861346b0d796ac93d2ffc724c471668ec9fbff45ab7728bb96fa43de21ebcbf8a1cf7e61fdbb6094e6c723cf82c3cd6","JA353743","07/18/2017 04:35:00 PM","2","DRIVER",NULL,"183283.0",NULL,"FORD","Explorer","IL","2017.0","NONE","PASSENGER","PERSONAL","S","SLOW/STOP IN TRAFFIC",NULL,NULL,"1.0",NULL,NULL,NULL,NULL,NULL,NULL,NULL,NULL,NULL,"Y",NULL,NULL,NULL,NULL,NULL,NULL,NULL,"REAR-LEFT",NULL,NULL,NULL,NULL,NULL,NULL,NULL,NULL,NULL,NULL,NULL,NULL,NULL,NULL,NULL,NULL,NULL,NULL,NULL,NULL,NULL,NULL,NULL,NULL,NULL,NULL,NULL,NULL,NULL,NULL,NULL,NULL,NULL
"185457","f2cb2616ba4dd6863ae91acc89e06abb952d96cf48ac9f0ba074b2f2ab2ae13e05d77e53105987f6a7714a018ffb579e792521837a0f249c25681906febd0e9c","JA353748","07/17/2017 08:45:00 PM","2","DRIVER",NULL,"183395.0",NULL,"JEEP","PATRIOT","IL","2015.0","NONE","SPORT UTILITY VEHICLE (SUV)","PERSONAL","N","STRAIGHT AHEAD",NULL,NULL,"1.0",NULL,NULL,NULL,NULL,NULL,NULL,"Y",NULL,NULL,NULL,NULL,NULL,NULL,NULL,"Y",NULL,NULL,"SIDE-RIGHT",NULL,NULL,NULL,NULL,NULL,NULL,NULL,NULL,NULL,NULL,NULL,NULL,NULL,NULL,NULL,NULL,NULL,NULL,NULL,NULL,NULL,NULL,NULL,NULL,NULL,NULL,NULL,NULL,NULL,NULL,NULL,NULL,NULL
"185989","3b6087787b8eb873694b894e08a1e998bcb29927226cbb87b0e2761844113f428ec4f0fc3d332683f4dd76f4bb6561badd226dc1566bebbfe63d0d4dbc599a7f","JA355494","07/20/2017 04:50:00 AM","5","PARKED",NULL,"183892.0",NULL,"VOLKSWAGEN","UNKNOWN","IL","2013.0","NONE","PASSENGER","NOT IN USE","E","PARKED",NULL,NULL,"0.0",NULL,NULL,NULL,NULL,NULL,NULL,NULL,NULL,"Y",NULL,NULL,NULL,NULL,NULL,NULL,NULL,NULL,"REAR",NULL,NULL,NULL,NULL,NULL,NULL,NULL,NULL,NULL,NULL,NULL,NULL,NULL,NULL,NULL,NULL,NULL,NULL,NULL,NULL,NULL,NULL,NULL,NULL,NULL,NULL,NULL,NULL,NULL,NULL,NULL,NULL,NULL
"186096","66c90e18518513770baf299ee971d33aa942b954a2c92d34fb2ed876a9afe313c44cd528d29372a835c2dce069e5e141c4c2743c4cca83e7e64c92585d7df510","JA355703","07/20/2017 09:58:00 AM","2","DRIVER",NULL,"184001.0",NULL,"TOYOTA MOTOR COMPANY, LTD.","CAMRY","IL","2015.0","NONE","PASSENGER","PERSONAL","S","STRAIGHT AHEAD",NULL,NULL,"1.0",NULL,NULL,NULL,NULL,NULL,NULL,NULL,NULL,"Y",NULL,NULL,NULL,NULL,NULL,NULL,NULL,NULL,"REAR",NULL,NULL,NULL,NULL,NULL,NULL,NULL,NULL,NULL,NULL,NULL,NULL,NULL,NULL,NULL,NULL,NULL,NULL,NULL,NULL,NULL,NULL,NULL,NULL,NULL,NULL,NULL,NULL,NULL,NULL,NULL,NULL,NULL
"186581","74d9efa67f6bde41d905e8bb488d51042dc593fd6406a5498b4a5d87f6717b5fa198ae549e2168367403dae59637e443396eb27bcea72c8659c83d27909288d6","JA357203","07/21/2017 10:09:00 AM","2","DRIVER","1.0","184465.0",NULL,"TOYOTA MOTOR COMPANY, LTD.","CAMRY","IL","2014.0","NONE","PASSENGER","PERSONAL","W","SLOW/STOP IN TRAFFIC",NULL,NULL,"2.0",NULL,NULL,NULL,NULL,NULL,NULL,NULL,NULL,"Y",NULL,NULL,NULL,NULL,NULL,NULL,NULL,NULL,"REAR",NULL,NULL,NULL,NULL,NULL,NULL,NULL,NULL,NULL,NULL,NULL,NULL,NULL,NULL,NULL,NULL,NULL,NULL,NULL,NULL,NULL,NULL,NULL,NULL,NULL,NULL,NULL,NULL,NULL,NULL,NULL,NULL,NULL
"187072","c64e2c9999a39c2af837bfaf7d6126523c9e392fb5274ac282eb9a529b25fd25ed24cb72b7f07fd0f36360ba264aa7e34768de86c756a9bc797efb1443f6f876","JA358126","07/21/2017 10:25:00 PM","3","DRIVER",NULL,"184932.0",NULL,"NISSAN","NISSAN ALTIMA","IL","2013.0","NONE","PASSENGER","PERSONAL","W","STRAIGHT AHEAD",NULL,NULL,"1.0",NULL,NULL,NULL,NULL,NULL,NULL,NULL,"Y","Y","Y",NULL,NULL,NULL,NULL,NULL,NULL,NULL,"REAR",NULL,NULL,NULL,NULL,NULL,NULL,NULL,NULL,NULL,NULL,NULL,NULL,NULL,NULL,NULL,NULL,NULL,NULL,NULL,NULL,NULL,NULL,NULL,NULL,NULL,NULL,NULL,NULL,NULL,NULL,NULL,NULL,NULL
"187272","9a29e78406a0ff8347e1fe2e412244cdd6eee5170d9aaef9ed322f922e2903673a9c4583b6527cb1687cc4e65cfd5b9bdf0214690bdd9bac2e85c1f26c82f19c","JA358824","07/22/2017 12:15:00 AM","2","PARKED",NULL,"185130.0",NULL,"TOYOTA MOTOR COMPANY, LTD.","COROLLA","IL","2013.0","UNKNOWN","PASSENGER","NOT IN USE","S","PARKED",NULL,NULL,"0.0",NULL,NULL,NULL,NULL,NULL,NULL,NULL,NULL,NULL,NULL,"Y",NULL,NULL,NULL,NULL,NULL,NULL,"SIDE-LEFT",NULL,NULL,NULL,NULL,NULL,NULL,NULL,NULL,NULL,NULL,NULL,NULL,NULL,NULL,NULL,NULL,NULL,NULL,NULL,NULL,NULL,NULL,NULL,NULL,NULL,NULL,NULL,NULL,NULL,NULL,NULL,NULL,NULL
"187448","3e68c89a0eefbc33642d92e7206b273d305380b0dc6432781505e57370af6f07ffeea2e914543f27c7eb4df67d9bcfa531b4141c8725f026033c33f142974483","JA359220","07/22/2017 03:26:00 AM","2","PARKED",NULL,"185281.0",NULL,"GENERAL MOTORS CORP.","ACADIA","IL","2010.0","NONE","SPORT UTILITY VEHICLE (SUV)","PERSONAL","W","PARKED",NULL,NULL,"0.0",NULL,NULL,NULL,NULL,NULL,NULL,NULL,NULL,NULL,"Y",NULL,NULL,NULL,NULL,NULL,NULL,NULL,"REAR-LEFT",NULL,NULL,NULL,NULL,NULL,NULL,NULL,NULL,NULL,NULL,NULL,NULL,NULL,NULL,NULL,NULL,NULL,NULL,NULL,NULL,NULL,NULL,NULL,NULL,NULL,NULL,NULL,NULL,NULL,NULL,NULL,NULL,NULL
"187877","c7cd827073d5c82ce47e17b395a75249c616b685ec439c0533fcaf387e66dd6782a3ed8c83bf4a8d29f24fe7acc5c729d86fa987b85e5dbc0e2f71aad0905c79","JA360452","07/23/2017 04:00:00 PM","2","PARKED",NULL,"185685.0",NULL,"DODGE","JOURNEY","IL","2012.0","NONE","VAN/MINI-VAN","PERSONAL","N","PARKED",NULL,NULL,"0.0",NULL,NULL,NULL,NULL,NULL,NULL,NULL,NULL,NULL,"Y","Y","Y",NULL,NULL,NULL,NULL,NULL,"SIDE-LEFT",NULL,NULL,NULL,NULL,NULL,NULL,NULL,NULL,NULL,NULL,NULL,NULL,NULL,NULL,NULL,NULL,NULL,NULL,NULL,NULL,NULL,NULL,NULL,NULL,NULL,NULL,NULL,NULL,NULL,NULL,NULL,NULL,NULL
"187887","8432b07936c112d16c173fec888b0d58cb193132a1d86cbecedf531d12e1f436487350b60aab7c9dfc4b84725882ec9788156a9af5616989e912299203171977","JA360481","07/23/2017 11:00:00 AM","2","PARKED",NULL,"185699.0",NULL,"HONDA","CIVIC","TN","2013.0","NONE","PASSENGER","PERSONAL","W","PARKED",NULL,NULL,"0.0",NULL,NULL,NULL,NULL,NULL,NULL,NULL,NULL,NULL,NULL,"Y","Y",NULL,NULL,NULL,NULL,NULL,"FRONT-LEFT",NULL,NULL,NULL,NULL,NULL,NULL,NULL,NULL,NULL,NULL,NULL,NULL,NULL,NULL,NULL,NULL,NULL,NULL,NULL,NULL,NULL,NULL,NULL,NULL,NULL,NULL,NULL,NULL,NULL,NULL,NULL,NULL,NULL
"187974","cad160dfa17a3e7b9e862e44303b572ef7f2087c041a469950adcdf543f540cd86e446f9e85841821cdcd668c7dcd7bcd2a23725aaef2850c7cd1c58779290a6","JA359982","07/23/2017 12:15:00 PM","3","DRIVER",NULL,"185792.0",NULL,"SUBARU","FORESTER","IL","2010.0","UNKNOWN","SPORT UTILITY VEHICLE (SUV)","PERSONAL","W","SLOW/STOP IN TRAFFIC",NULL,NULL,"1.0",NULL,NULL,NULL,NULL,NULL,NULL,NULL,NULL,"Y",NULL,NULL,NULL,NULL,NULL,NULL,NULL,NULL,"REAR",NULL,NULL,NULL,NULL,NULL,NULL,NULL,NULL,NULL,NULL,NULL,NULL,NULL,NULL,NULL,NULL,NULL,NULL,NULL,NULL,NULL,NULL,NULL,NULL,NULL,NULL,NULL,NULL,NULL,NULL,NULL,NULL,NULL
"188196","aef6ab99e8933a6ef8a322f24e79fcf0d4fa238a8062a4d4687a826c30b6bfbae8edf5cb5ca3cd5c7bfb73e5ff018bb41272d7c8445addec64526ec3cbd2f9e2","JA361492","07/24/2017 02:00:00 PM","2","DRIVER","1.0","186010.0",NULL,"MAZDA","Mazda 3","IL","2009.0","NONE","PASSENGER","PERSONAL","W","PASSING/OVERTAKING",NULL,NULL,"2.0",NULL,NULL,NULL,NULL,NULL,"Y",NULL,NULL,NULL,NULL,NULL,NULL,NULL,NULL,NULL,NULL,NULL,"FRONT-RIGHT",NULL,NULL,NULL,NULL,NULL,NULL,NULL,NULL,NULL,NULL,NULL,NULL,NULL,NULL,NULL,NULL,NULL,NULL,NULL,NULL,NULL,NULL,NULL,NULL,NULL,NULL,NULL,NULL,NULL,NULL,NULL,NULL,NULL
"189466","e2b956c5c4fae1e066a63ed52888f92d884270351e452f05fdf4ccc7e21e3daf77bac4a2ed979d72902828b9ef2615855b1a8c2e9f585c9b6e085830de1e0d14","JA365075","07/13/2017 10:30:00 AM","2","PARKED",NULL,"187211.0",NULL,"CHEVROLET","CAMARO","IL","2014.0","NONE","PASSENGER","PERSONAL","UNKNOWN","PARKED",NULL,NULL,"0.0",NULL,NULL,NULL,NULL,NULL,"Y","Y","Y",NULL,NULL,NULL,NULL,NULL,NULL,NULL,NULL,NULL,"SIDE-RIGHT",NULL,NULL,NULL,NULL,NULL,NULL,NULL,NULL,NULL,NULL,NULL,NULL,NULL,NULL,NULL,NULL,NULL,NULL,NULL,NULL,NULL,NULL,NULL,NULL,NULL,NULL,NULL,NULL,NULL,NULL,NULL,NULL,NULL
"190387","1f57e9f74bf30174eaafd7e56c47054f3a33b2299f1599b0ef6397bade892bab7218e5b4eba851051099e0c7c4c9d4e22765bf12113226469ef4a97c2b6dc7ca","JA367486","07/28/2017 06:25:00 PM","2","DRIVER",NULL,"188093.0",NULL,"GENERAL MOTORS CORP.","TERRAIN","IL","2012.0","NONE","PASSENGER","PERSONAL","N","STRAIGHT AHEAD",NULL,NULL,"1.0",NULL,NULL,NULL,NULL,NULL,NULL,NULL,"Y",NULL,NULL,NULL,NULL,NULL,NULL,NULL,NULL,NULL,"REAR-RIGHT",NULL,NULL,NULL,NULL,NULL,NULL,NULL,NULL,NULL,NULL,NULL,NULL,NULL,NULL,NULL,NULL,NULL,NULL,NULL,NULL,NULL,NULL,NULL,NULL,NULL,NULL,NULL,NULL,NULL,NULL,NULL,NULL,NULL
"190506","c059c796ff906621fec8763dab3cb2053d3db8954b1e03ae074ba2f502ce99c93b650fea7da0615e0b13d81701a9d4ce5a3ef1c328d07d19c38ea103cacc2c9c","JA367747","07/28/2017 09:50:00 PM","2","DRIVER",NULL,"188213.0",NULL,"LINCOLN-CONTINENTAL","NAVIGATOR","IL","2010.0","NONE","PASSENGER","PERSONAL","N","OTHER",NULL,NULL,"1.0",NULL,NULL,NULL,NULL,"Y",NULL,NULL,NULL,NULL,NULL,NULL,NULL,NULL,NULL,NULL,NULL,NULL,"FRONT",NULL,NULL,NULL,NULL,NULL,NULL,NULL,NULL,NULL,NULL,NULL,NULL,NULL,NULL,NULL,NULL,NULL,NULL,NULL,NULL,NULL,NULL,NULL,NULL,NULL,NULL,NULL,NULL,NULL,NULL,NULL,NULL,NULL
"190613","cdbe1e8e5178864630b7585564f79207e351f2cbd209502c2ce489fd82caac9d7cb4b7a07462721f7582de48a1e8222c4d9bfb1f6a4755e65e50cfb3a6f2db0a","JA364234","07/26/2017 01:30:00 PM","1","DRIVER",NULL,"188317.0",NULL,"FORD","FIESTA","IL","2017.0","NONE","PASSENGER","PERSONAL","N","STRAIGHT AHEAD","Y",NULL,"1.0",NULL,"CITY OF CHICAGO","DOTY ROAD",NULL,"Y",NULL,NULL,NULL,NULL,NULL,NULL,NULL,NULL,NULL,NULL,NULL,NULL,"FRONT",NULL,NULL,NULL,NULL,NULL,NULL,NULL,NULL,NULL,NULL,NULL,NULL,NULL,NULL,NULL,NULL,NULL,NULL,NULL,NULL,NULL,NULL,NULL,NULL,NULL,NULL,NULL,NULL,NULL,NULL,NULL,NULL,NULL
"190752","d4ead4d9a92d2367ff790d01453893494f4b24de7e913a82c403d206890cbfef9b5b7b9e601f684662cdb598b29d706902080cb04e17434b5dea91182646850a","JA368367","07/29/2017 11:15:00 AM","2","DRIVER",NULL,"188450.0",NULL,"NISSAN","NISSAN ALTIMA","IL","2010.0","NONE","PASSENGER","OTHER","W","TURNING LEFT",NULL,NULL,"1.0",NULL,NULL,NULL,NULL,NULL,NULL,NULL,"Y",NULL,NULL,NULL,NULL,NULL,NULL,NULL,NULL,NULL,"REAR-RIGHT",NULL,NULL,NULL,NULL,NULL,NULL,NULL,NULL,NULL,NULL,NULL,NULL,NULL,NULL,NULL,NULL,NULL,NULL,NULL,NULL,NULL,NULL,NULL,NULL,NULL,NULL,NULL,NULL,NULL,NULL,NULL,NULL,NULL
"191981","9714a00ad60e0ee946405886e277d9a1bed15eb7d1adfc96950f35dccdf9a10d64f26cc4d12db8f3aaaf29ba432fdaeaa1b326f80d76ab32e888ec345502537a","JA371428","07/31/2017 01:45:00 PM","2","PARKED",NULL,"189598.0",NULL,"TOYOTA MOTOR COMPANY, LTD.","CAMRY","IL","2011.0","NONE","PASSENGER","NOT IN USE","UNKNOWN","PARKED",NULL,NULL,"0.0",NULL,NULL,NULL,NULL,NULL,NULL,NULL,NULL,NULL,"Y",NULL,NULL,NULL,NULL,NULL,NULL,NULL,"REAR-LEFT",NULL,NULL,NULL,NULL,NULL,NULL,NULL,NULL,NULL,NULL,NULL,NULL,NULL,NULL,NULL,NULL,NULL,NULL,NULL,NULL,NULL,NULL,NULL,NULL,NULL,NULL,NULL,NULL,NULL,NULL,NULL,NULL,NULL
"192002","37af4bee35b975511f2bd429b73f039eb6a59a35fa4ad879dc3be83d3a49a3d49e43609bce923c8ad86c46f37b3a17f1a13c111f9645e88da0eb9ef0e8332a43","JA371568","07/31/2017 04:15:00 PM","1","DRIVER",NULL,"189614.0",NULL,"HYUNDAI","ELANTRA","IL","2013.0","UNKNOWN","PASSENGER","PERSONAL","N","STRAIGHT AHEAD",NULL,NULL,"1.0",NULL,NULL,NULL,NULL,NULL,NULL,NULL,NULL,NULL,NULL,"Y",NULL,NULL,NULL,NULL,NULL,NULL,"SIDE-LEFT",NULL,NULL,NULL,NULL,NULL,NULL,NULL,NULL,NULL,NULL,NULL,NULL,NULL,NULL,NULL,NULL,NULL,NULL,NULL,NULL,NULL,NULL,NULL,NULL,NULL,NULL,NULL,NULL,NULL,NULL,NULL,NULL,NULL
"192160","13ffacdd666b7753ee866d13c0d21a943608a0f9dda1897689813b8138879f5150e859241c6d33cdf0df7254309bde93eead927ed49c75f4db54aab2574c826d","JA371805","07/31/2017 05:43:00 PM","2","PARKED",NULL,"189765.0",NULL,"HONDA","ACCORD","IL","2009.0","NONE","PASSENGER","NOT IN USE","N","PARKED",NULL,NULL,"0.0",NULL,NULL,NULL,NULL,NULL,NULL,NULL,"Y","Y",NULL,NULL,NULL,NULL,NULL,NULL,NULL,NULL,"REAR",NULL,NULL,NULL,NULL,NULL,NULL,NULL,NULL,NULL,NULL,NULL,NULL,NULL,NULL,NULL,NULL,NULL,NULL,NULL,NULL,NULL,NULL,NULL,NULL,NULL,NULL,NULL,NULL,NULL,NULL,NULL,NULL,NULL
"192377","b7089afa4d7df8c353013e09d6e74ff04e4095927b0e2db8ee94b81536dde45262116b3e8b6816ddf2fa91990923e1a5c9036671b2f1109bd38a614f94cffba1","JA357290","07/21/2017 10:10:00 AM","2","DRIVER",NULL,"189966.0",NULL,"HONDA","CIVIC","IL","2013.0","NONE","PASSENGER","PERSONAL","W","STRAIGHT AHEAD",NULL,NULL,"1.0",NULL,NULL,NULL,NULL,NULL,NULL,"Y","Y",NULL,NULL,NULL,NULL,NULL,NULL,NULL,NULL,NULL,"SIDE-RIGHT",NULL,NULL,NULL,NULL,NULL,NULL,NULL,NULL,NULL,NULL,NULL,NULL,NULL,NULL,NULL,NULL,NULL,NULL,NULL,NULL,NULL,NULL,NULL,NULL,NULL,NULL,NULL,NULL,NULL,NULL,NULL,NULL,NULL
"192451","6e560d07998fc0a502a7a7747958c44f3b9c6e62670d11dd7ae83abf4fd099b472cc89d911cc3ab10d5be5621dc2aa914daf8ed08da58b2c16c58c81b7c2e59b","JA372656","08/01/2017 12:15:00 PM","2","PARKED",NULL,"190037.0",NULL,"FORD","ESCAPE (SUV)","IL","2014.0","UNKNOWN","UNKNOWN/NA","UNKNOWN/NA","S","PARKED",NULL,NULL,"0.0",NULL,NULL,NULL,NULL,"Y",NULL,NULL,NULL,NULL,NULL,NULL,NULL,NULL,NULL,NULL,NULL,NULL,"FRONT",NULL,NULL,NULL,NULL,NULL,NULL,NULL,NULL,NULL,NULL,NULL,NULL,NULL,NULL,NULL,NULL,NULL,NULL,NULL,NULL,NULL,NULL,NULL,NULL,NULL,NULL,NULL,NULL,NULL,NULL,NULL,NULL,NULL
"192597","ba2fa7034fd2bb03004df8b58e9ad7a2c31340653a6a36e42e99b3a58962b0eef2eb77cbceff0faf827c3fafac15a082cae66cdb559e0664babeb85d19fe63a5","JA372885","08/01/2017 03:25:00 PM","1","DRIVER",NULL,"190174.0",NULL,"FORD","F150","IL","2013.0","NONE","TRUCK - SINGLE UNIT","CONSTRUCTION/MAINTENANCE","E","STRAIGHT AHEAD","Y",NULL,"1.0",NULL,"CPD","IMPOUND GARAGE","N","Y",NULL,NULL,NULL,NULL,NULL,NULL,NULL,NULL,NULL,NULL,NULL,NULL,"FRONT",NULL,NULL,NULL,NULL,NULL,NULL,NULL,NULL,NULL,NULL,NULL,NULL,NULL,NULL,NULL,NULL,NULL,NULL,NULL,NULL,NULL,NULL,NULL,NULL,NULL,NULL,NULL,NULL,NULL,NULL,NULL,NULL,NULL