"CRASH_UNIT_ID","CRASH_RECORD_ID","RD_NO","CRASH_DATE","UNIT_NO","UNIT_TYPE","NUM_PASSENGERS","VEHICLE_ID","CMRC_VEH_I","MAKE","MODEL","LIC_PLATE_STATE","VEHICLE_YEAR","VEHICLE_DEFECT","VEHICLE_TYPE","VEHICLE_USE","TRAVEL_DIRECTION","MANEUVER","TOWED_I","FIRE_I","OCCUPANT_CNT","EXCEED_SPEED_LIMIT_I","TOWED_BY","TOWED_TO","AREA_00_I","AREA_01_I","AREA_02_I","AREA_03_I","AREA_04_I","AREA_05_I","AREA_06_I","AREA_07_I","AREA_08_I","AREA_09_I","AREA_10_I","AREA_11_I","AREA_12_I","AREA_99_I","FIRST_CONTACT_POINT","CMV_ID","USDOT_NO","CCMC_NO","ILCC_NO","COMMERCIAL_SRC","GVWR","CARRIER_NAME","CARRIER_STATE","CARRIER_CITY","HAZMAT_PLACARDS_I","HAZMAT_NAME","UN_NO","HAZMAT_PRESENT_I","HAZMAT_REPORT_I","HAZMAT_REPORT_NO","MCS_REPORT_I","MCS_REPORT_NO","HAZMAT_VIO_CAUSE_CRASH_I","MCS_VIO_CAUSE_CRASH_I","IDOT_PERMIT_NO","WIDE_LOAD_I","TRAILER1_WIDTH","TRAILER2_WIDTH","TRAILER1_LENGTH","TRAILER2_LENGTH","TOTAL_VEHICLE_LENGTH","AXLE_CNT","VEHICLE_CONFIG","CARGO_BODY_TYPE","LOAD_TYPE","HAZMAT_OUT_OF_SERVICE_I","MCS_OUT_OF_SERVICE_I","HAZMAT_CLASS"
"192658","d3dec98c21f4f08b358899122339304679752992398bb0e32b3aeea8ab0baadcb4c3943e5edbd3a6c159f0be9e3398d884df018dd75864396829001a0df72649","JA373086","08/01/2017 05:15:00 PM","2","DRIVER",NULL,"190235.0",NULL,"TOYOTA MOTOR COMPANY, LTD.","CAMRY","IL","2010.0","NONE","PASSENGER","PERSONAL","N","TURNING LEFT",NULL,NULL,"1.0",NULL,NULL,NULL,NULL,NULL,NULL,NULL,NULL,"Y","Y",NULL,NULL,NULL,NULL,NULL,NULL,NULL,"REAR-LEFT",NULL,NULL,NULL,NULL,NULL,NULL,NULL,NULL,NULL,NULL,NULL,NULL,NULL,NULL,NULL,NULL,NULL,NULL,NULL,NULL,NULL,NULL,NULL,NULL,NULL,NULL,NULL,NULL,NULL,NULL,NULL,NULL,NULL
"192957","d16dfc5bcb8d2ad45bfde530389f2b305b0e54fd01a66f40cc4b1ab03567107c86c1ae3f3fb25fe383ef077f20b00649f8c1283623026b1f2f1a878c9b4aeaf8","JA373807","08/02/2017 08:00:00 AM","2","DRIVER",NULL,"190535.0",NULL,"NISSAN","NISSAN ALTIMA","IL","2015.0","NONE","PASSENGER","PERSONAL","W","STRAIGHT AHEAD",NULL,NULL,"1.0",NULL,NULL,NULL,NULL,NULL,"Y",NULL,NULL,NULL,NULL,NULL,NULL,NULL,NULL,NULL,NULL,NULL,"FRONT-RIGHT",NULL,NULL,NULL,NULL,NULL,NULL,NULL,NULL,NULL,NULL,NULL,NULL,NULL,NULL,NULL,NULL,NULL,NULL,NULL,NULL,NULL,NULL,NULL,NULL,NULL,NULL,NULL,NULL,NULL,NULL,NULL,NULL,NULL
"193200","962bd4984f6f53e5da99810946d97e0d77ab7ef15e759e4e37c9dfbfed3b36531293b2acdbda6360d028706dd15109a549c2f0f4dc6f30300b6f666af8fb1b3b","JA374400","08/02/2017 03:15:00 PM","1","DRIVER",NULL,"190756.0",NULL,"CHEVROLET","Express (full-size van)","IL","2016.0","NONE","VAN/MINI-VAN","OTHER","S","STRAIGHT AHEAD",NULL,NULL,"1.0",NULL,NULL,NULL,NULL,NULL,NULL,"Y",NULL,NULL,NULL,NULL,NULL,NULL,NULL,NULL,NULL,NULL,"SIDE-RIGHT",NULL,NULL,NULL,NULL,NULL,NULL,NULL,NULL,NULL,NULL,NULL,NULL,NULL,NULL,NULL,NULL,NULL,NULL,NULL,NULL,NULL,NULL,NULL,NULL,NULL,NULL,NULL,NULL,NULL,NULL,NULL,NULL,NULL
"193574","e4f0e398d737e55db3597c01bebe4f437befba01bc1cb32d2a28254f97d46bb5bb2019bf7d4a5900820fff7234c88ef8e4f44784590d92d619ebfa56b654541d","JA375353","08/03/2017 11:10:00 AM","2","DRIVER","1.0","191112.0",NULL,"SUBARU","UNKNOWN","IL","2016.0","NONE","PASSENGER","PERSONAL","W","STRAIGHT AHEAD",NULL,NULL,"2.0",NULL,NULL,NULL,NULL,NULL,NULL,NULL,"Y","Y","Y",NULL,NULL,NULL,NULL,NULL,NULL,NULL,"REAR",NULL,NULL,NULL,NULL,NULL,NULL,NULL,NULL,NULL,NULL,NULL,NULL,NULL,NULL,NULL,NULL,NULL,NULL,NULL,NULL,NULL,NULL,NULL,NULL,NULL,NULL,NULL,NULL,NULL,NULL,NULL,NULL,NULL
"193835","1a1351e70df1d02a15d34e159cf1f3fb1b95e81e3b9b56e9ad3fe1cbd25296f31b77a41578a515afd463a97bb899f4ebf0e54a7b44cd50b55e31e9d99478ae0d","JA375961","08/03/2017 05:54:00 PM","2","DRIVER","1.0","191371.0",NULL,"HONDA","CIVIC","IL","2015.0","UNKNOWN","PASSENGER","PERSONAL","W","STRAIGHT AHEAD",NULL,NULL,"2.0",NULL,NULL,NULL,NULL,NULL,NULL,NULL,NULL,NULL,NULL,"Y",NULL,NULL,NULL,NULL,NULL,NULL,"SIDE-LEFT",NULL,NULL,NULL,NULL,NULL,NULL,NULL,NULL,NULL,NULL,NULL,NULL,NULL,NULL,NULL,NULL,NULL,NULL,NULL,NULL,NULL,NULL,NULL,NULL,NULL,NULL,NULL,NULL,NULL,NULL,NULL,NULL,NULL
"193888","acd4ff49ca6b46789823489dbfdb2862e749c535d8cf407ef4203ffdc18dd71e23aba65bd067dc5a95fd52579bb6b5c2419b3a29fdc3f962b1298e4af9ef0c80","JA376098","08/03/2017 07:15:00 PM","2","DRIVER",NULL,"191421.0",NULL,"JEEP","Liberty","IL","2016.0","UNKNOWN","SPORT UTILITY VEHICLE (SUV)","PERSONAL","W","STRAIGHT AHEAD",NULL,NULL,"1.0",NULL,NULL,NULL,NULL,"Y",NULL,NULL,NULL,NULL,NULL,NULL,"Y",NULL,NULL,NULL,NULL,NULL,"FRONT-LEFT",NULL,NULL,NULL,NULL,NULL,NULL,NULL,NULL,NULL,NULL,NULL,NULL,NULL,NULL,NULL,NULL,NULL,NULL,NULL,NULL,NULL,NULL,NULL,NULL,NULL,NULL,NULL,NULL,NULL,NULL,NULL,NULL,NULL
"194102","5859decb89c2035d9310a9f60f40177ab33c659841138b2a44d32ebdc9fa7923aa476bb24da0993f057322f3af06d21ded771cb4c727aeb9fef2d48a8214dc84","JA376707","08/04/2017 01:00:00 AM","2","PARKED",NULL,"191619.0",NULL,"HONDA","CIVIC","IL","2013.0","NONE","PASSENGER","PERSONAL","UNKNOWN","PARKED",NULL,NULL,"0.0",NULL,NULL,NULL,NULL,NULL,NULL,NULL,NULL,NULL,NULL,"Y","Y",NULL,NULL,NULL,NULL,NULL,"SIDE-LEFT",NULL,NULL,NULL,NULL,NULL,NULL,NULL,NULL,NULL,NULL,NULL,NULL,NULL,NULL,NULL,NULL,NULL,NULL,NULL,NULL,NULL,NULL,NULL,NULL,NULL,NULL,NULL,NULL,NULL,NULL,NULL,NULL,NULL
"194750","48570c86667073cf7241c52368bfa9b5bc92f2cd82c6080d794144f5075fae064389596e078ce5edf23ba37bbbc71ce67cc1ccc17035bcb934baf914155a50b8","JA378482","08/05/2017 03:24:00 PM","1","DRIVER",NULL,"192223.0",NULL,"LINCOLN-CONTINENTAL","MKX","IL","2009.0","NONE","PASSENGER","PERSONAL","S","STRAIGHT AHEAD",NULL,NULL,"1.0",NULL,NULL,NULL,NULL,"Y",NULL,NULL,NULL,NULL,NULL,NULL,NULL,NULL,NULL,NULL,NULL,NULL,"FRONT",NULL,NULL,NULL,NULL,NULL,NULL,NULL,NULL,NULL,NULL,NULL,NULL,NULL,NULL,NULL,NULL,NULL,NULL,NULL,NULL,NULL,NULL,NULL,NULL,NULL,NULL,NULL,NULL,NULL,NULL,NULL,NULL,NULL
"194948","5eb0751f381efed208a9e176c78c66775ba4517cdde43d79987ad572340e19e53d73d5e984c5797f1936efbaeda6594f4dfda1f3d19b23b52a6bbe3c3b7a8ea3","JA378902","08/05/2017 09:17:00 PM","3","PARKED",NULL,"192434.0",NULL,"FORD","ESCAPE (SUV)","PA","2009.0","NONE","SPORT UTILITY VEHICLE (SUV)","NOT IN USE","UNKNOWN","PARKED","Y",NULL,"0.0",NULL,"UNK","UNK",NULL,NULL,NULL,NULL,NULL,"Y","Y","Y","Y","Y",NULL,NULL,"Y",NULL,"REAR",NULL,NULL,NULL,NULL,NULL,NULL,NULL,NULL,NULL,NULL,NULL,NULL,NULL,NULL,NULL,NULL,NULL,NULL,NULL,NULL,NULL,NULL,NULL,NULL,NULL,NULL,NULL,NULL,NULL,NULL,NULL,NULL,NULL
"194980","609af23ff3484cc1f776b4886ed6b7845d7a22b227d8cc7ec1cc2d8f1c88ee8f25c62f9d00a7b95f54fd68403f704e980dddc47e1f537ea65369eb5eff81d1e3","JA379059","08/06/2017 12:10:00 AM","1","DRIVER",NULL,"192431.0",NULL,"TOYOTA MOTOR COMPANY, LTD.","Highlander(beginning vehicle year 2001)","IL","2012.0","UNKNOWN","SPORT UTILITY VEHICLE (SUV)","PERSONAL","S","TURNING RIGHT","Y",NULL,"1.0",NULL,"PRIVATE TOW","UNKNOWN",NULL,NULL,"Y","Y","Y",NULL,NULL,NULL,NULL,NULL,NULL,NULL,NULL,NULL,"FRONT-RIGHT",NULL,NULL,NULL,NULL,NULL,NULL,NULL,NULL,NULL,NULL,NULL,NULL,NULL,NULL,NULL,NULL,NULL,NULL,NULL,NULL,NULL,NULL,NULL,NULL,NULL,NULL,NULL,NULL,NULL,NULL,NULL,NULL,NULL
"195237","3219b847edf8555073e118ae128319fa8a61fe4dde503bb04f21452413c6a2fc9e3b65f8adc86a6cd05171cb53e0b137638a2fbd5db66b956addca9740d2a947","JA379822","08/06/2017 12:33:00 PM","2","DRIVER",NULL,"192696.0",NULL,"BMW","320i","IL","2013.0","NONE","PASSENGER","PERSONAL","W","STRAIGHT AHEAD",NULL,NULL,"1.0",NULL,NULL,NULL,NULL,NULL,NULL,NULL,NULL,NULL,NULL,"Y","Y",NULL,NULL,NULL,NULL,NULL,"SIDE-LEFT",NULL,NULL,NULL,NULL,NULL,NULL,NULL,NULL,NULL,NULL,NULL,NULL,NULL,NULL,NULL,NULL,NULL,NULL,NULL,NULL,NULL,NULL,NULL,NULL,NULL,NULL,NULL,NULL,NULL,NULL,NULL,NULL,NULL
"196618","07901c74e45f67a34fbfaf105ff81ddf140fdc24559927e27eec6ddcfbaf8cc65b8a14d2de7ea3de013b02ba77a1140034635727ebe537dbd4f78b3d7368df27","JA347482","07/14/2017 10:30:00 AM","3","DRIVER",NULL,"193992.0",NULL,"HONDA","ACCORD","IL","2015.0","NONE","PASSENGER","PERSONAL","E","STRAIGHT AHEAD","Y",NULL,"1.0",NULL,NULL,NULL,NULL,NULL,NULL,NULL,"Y",NULL,NULL,NULL,NULL,NULL,NULL,NULL,NULL,NULL,"REAR-RIGHT",NULL,NULL,NULL,NULL,NULL,NULL,NULL,NULL,NULL,NULL,NULL,NULL,NULL,NULL,NULL,NULL,NULL,NULL,NULL,NULL,NULL,NULL,NULL,NULL,NULL,NULL,NULL,NULL,NULL,NULL,NULL,NULL,NULL
"196712","12e506409e17505af6d93fcc489a4bd24be6a848428e535571fb9c2ac63d790a2b93fdf6c37b03e496f0b420b4b34a78936cfa61ccfd3d68686f0649d8c3419b","JA384006","08/09/2017 09:25:00 AM","1","DRIVER",NULL,"194088.0",NULL,"HYUNDAI","SONATA","IL","2013.0","NONE","PASSENGER","PERSONAL","E","ENTERING TRAFFIC LANE FROM PARKING",NULL,NULL,"1.0",NULL,NULL,NULL,NULL,"Y",NULL,NULL,NULL,NULL,NULL,NULL,"Y",NULL,NULL,NULL,NULL,NULL,"FRONT-LEFT",NULL,NULL,NULL,NULL,NULL,NULL,NULL,NULL,NULL,NULL,NULL,NULL,NULL,NULL,NULL,NULL,NULL,NULL,NULL,NULL,NULL,NULL,NULL,NULL,NULL,NULL,NULL,NULL,NULL,NULL,NULL,NULL,NULL
"196758","eb6267d244c36e467483dbfaab9c6c77dbd2479978034982998efc92594f130efc7a2caeab59f0932b050983186aebd875a52440975ff10d6ef96767c596571b","JA384120","08/08/2017 02:20:00 PM","1","DRIVER",NULL,"194124.0",NULL,"FORD","FUSION","IL","2017.0","UNKNOWN","PASSENGER","PERSONAL","E","LEAVING TRAFFIC LANE TO PARK",NULL,NULL,"1.0",NULL,NULL,NULL,NULL,NULL,NULL,NULL,NULL,NULL,NULL,NULL,"Y",NULL,NULL,NULL,NULL,NULL,"FRONT-LEFT",NULL,NULL,NULL,NULL,NULL,NULL,NULL,NULL,NULL,NULL,NULL,NULL,NULL,NULL,NULL,NULL,NULL,NULL,NULL,NULL,NULL,NULL,NULL,NULL,NULL,NULL,NULL,NULL,NULL,NULL,NULL,NULL,NULL
"197240","ff4d57065023380cf2a1944c67c29a4967feec945cffdbff328e48e309b92cd66b1f18cff4703d18b4095773cd2dc80cf3cad81bc1115c60713947791270ebe1","JA385333","08/10/2017 11:15:00 AM","2","DRIVER",NULL,"194583.0",NULL,"NISSAN","NISSAN ALTIMA","IL","2012.0","NONE","PASSENGER","PERSONAL","UNKNOWN","TURNING RIGHT",NULL,NULL,"1.0",NULL,NULL,NULL,NULL,NULL,NULL,NULL,NULL,NULL,"Y",NULL,NULL,NULL,NULL,NULL,NULL,NULL,"REAR-LEFT",NULL,NULL,NULL,NULL,NULL,NULL,NULL,NULL,NULL,NULL,NULL,NULL,NULL,NULL,NULL,NULL,NULL,NULL,NULL,NULL,NULL,NULL,NULL,NULL,NULL,NULL,NULL,NULL,NULL,NULL,NULL,NULL,NULL
"197364","bcfdf34d548fa618eb5da3df188f67db020075e66c9301196537b6ea69d7c7e60c21576b4e3fab27c5f39853331bcf3a17691c6bcdebca10db7921559f237f57","JA385695","08/10/2017 02:48:00 PM","2","DRIVER",NULL,"194703.0",NULL,"JEEP","CHEROKEE","IL","2015.0","NONE","OTHER","PERSONAL","N","STRAIGHT AHEAD",NULL,NULL,"1.0",NULL,NULL,NULL,NULL,"Y","Y",NULL,"Y","Y","Y",NULL,"Y",NULL,NULL,NULL,NULL,NULL,"REAR",NULL,NULL,NULL,NULL,NULL,NULL,NULL,NULL,NULL,NULL,NULL,NULL,NULL,NULL,NULL,NULL,NULL,NULL,NULL,NULL,NULL,NULL,NULL,NULL,NULL,NULL,NULL,NULL,NULL,NULL,NULL,NULL,NULL
"197437","ec208e12a88848593ec5eaf36fd39ae907ab6cbedabfc0c85511a3082586dde2a271518e46daf0e0c98d0b670e6953a95519cfa48a3567a59c1f15111531e55a","JA385878","08/10/2017 05:45:00 PM","2","PARKED",NULL,"194766.0",NULL,"LEXUS","UNKNOWN","IL","2008.0","NONE","PASSENGER","NOT IN USE","S","PARKED",NULL,NULL,"0.0",NULL,NULL,NULL,NULL,NULL,NULL,NULL,NULL,NULL,NULL,NULL,"Y",NULL,NULL,NULL,NULL,NULL,"FRONT-LEFT",NULL,NULL,NULL,NULL,NULL,NULL,NULL,NULL,NULL,NULL,NULL,NULL,NULL,NULL,NULL,NULL,NULL,NULL,NULL,NULL,NULL,NULL,NULL,NULL,NULL,NULL,NULL,NULL,NULL,NULL,NULL,NULL,NULL
"197567","d19bc8116ac798fb16521745fe8bd9887f2a6910639c2d62a7d9f3220d6bd3c9b5f93474937188d6685bcba6d0a23985c4652d76ad342f64452761973a58fe02","JA386171","08/10/2017 09:45:00 PM","1","DRIVER",NULL,"194894.0",NULL,"MAZDA","323","IL","2012.0","NONE","PASSENGER","PERSONAL","E","TURNING LEFT",NULL,NULL,"1.0",NULL,NULL,NULL,NULL,NULL,NULL,NULL,NULL,NULL,NULL,NULL,"Y",NULL,NULL,NULL,NULL,NULL,"FRONT-LEFT",NULL,NULL,NULL,NULL,NULL,NULL,NULL,NULL,NULL,NULL,NULL,NULL,NULL,NULL,NULL,NULL,NULL,NULL,NULL,NULL,NULL,NULL,NULL,NULL,NULL,NULL,NULL,NULL,NULL,NULL,NULL,NULL,NULL
"198100","ba1d8fe94f9494b2fbd9101cd4fbb8fbc36c062311b57c7093b612b0cfbe8194787b902019d8bdb035515c0911096b4f4311fdf11aaab9519ec4a159cb9eee0a","JA387565","08/11/2017 11:00:00 PM","2","PARKED","2.0","195381.0",NULL,"CHEVROLET","MALIBU (CHEVELLE)","IL","2012.0","NONE","PASSENGER","PERSONAL","S","PARKED",NULL,NULL,"2.0",NULL,NULL,NULL,NULL,NULL,NULL,NULL,"Y",NULL,NULL,NULL,NULL,NULL,NULL,NULL,NULL,NULL,"REAR-RIGHT",NULL,NULL,NULL,NULL,NULL,NULL,NULL,NULL,NULL,NULL,NULL,NULL,NULL,NULL,NULL,NULL,NULL,NULL,NULL,NULL,NULL,NULL,NULL,NULL,NULL,NULL,NULL,NULL,NULL,NULL,NULL,NULL,NULL
"198589","c5396ea5d7664049f355ac2ad2db52732a2c31f16c93c2a71d5a2da65a6bc23f4dd0c15319ce005ccf953a077778330929943cf23a1c22f2bdd4e5af1517be7b","JA388718","08/12/2017 09:00:00 PM","1","DRIVER","1.0","195848.0",NULL,"SUBARU","OUTBACK","IL","2015.0","UNKNOWN","SPORT UTILITY VEHICLE (SUV)","PERSONAL","UNKNOWN","BACKING",NULL,NULL,"2.0",NULL,NULL,NULL,NULL,NULL,NULL,NULL,NULL,"Y",NULL,NULL,NULL,NULL,NULL,NULL,NULL,NULL,"REAR",NULL,NULL,NULL,NULL,NULL,NULL,NULL,NULL,NULL,NULL,NULL,NULL,NULL,NULL,NULL,NULL,NULL,NULL,NULL,NULL,NULL,NULL,NULL,NULL,NULL,NULL,NULL,NULL,NULL,NULL,NULL,NULL,NULL
"198675","557e435e381d6d3b617cba0b54f1ca275877514713a78f1fb4416e17b8d0a48be799ae4935da61735e927f0671b533af65e4a10d164a9c4a63c61dde170fa862","JA388929","08/13/2017 12:24:00 AM","1","DRIVER",NULL,"195925.0",NULL,"FORD","MUSTANG","IL","2016.0","UNKNOWN","PASSENGER","PERSONAL","E","STRAIGHT AHEAD",NULL,NULL,"1.0","N",NULL,NULL,"N","Y","Y",NULL,NULL,NULL,NULL,NULL,NULL,NULL,NULL,NULL,NULL,NULL,"FRONT",NULL,NULL,NULL,NULL,NULL,NULL,NULL,NULL,NULL,NULL,NULL,NULL,NULL,NULL,NULL,NULL,NULL,NULL,NULL,NULL,NULL,NULL,NULL,NULL,NULL,NULL,NULL,NULL,NULL,NULL,NULL,NULL,NULL
"198804","1c9ddcdbb23ff2bf092fa688670aead94f124d496a911c48a474018e6a4da5695db3e94ef5e4a268863bbee7d83e52959c2f7c9fadf89bd09eb06e2e002d7a73","JA389286","08/12/2017 11:15:00 PM","2","DRIVER","1.0","196038.0",NULL,"CHEVROLET","CRUZE","IL","2014.0","NONE","PASSENGER","PERSONAL","S","SLOW/STOP IN TRAFFIC",NULL,NULL,"2.0",NULL,NULL,NULL,NULL,"Y",NULL,NULL,NULL,NULL,NULL,NULL,"Y",NULL,NULL,NULL,NULL,NULL,"FRONT-LEFT",NULL,NULL,NULL,NULL,NULL,NULL,NULL,NULL,NULL,NULL,NULL,NULL,NULL,NULL,NULL,NULL,NULL,NULL,NULL,NULL,NULL,NULL,NULL,NULL,NULL,NULL,NULL,NULL,NULL,NULL,NULL,NULL,NULL
"198859","d1d6909c70d4cd941324e639f7cd8cb8a17d57692f9446070854098a98c1d9c0de38df9671bacd28eca3a16e7d36494ffed7c8808cf34f7a02336d9755c5d0df","JA389421","08/13/2017 12:30:00 AM","2","DRIVER",NULL,"196100.0",NULL,"MERCEDES-BENZ","UNKNOWN","IL","2015.0","NONE","SPORT UTILITY VEHICLE (SUV)","PERSONAL","W","SLOW/STOP IN TRAFFIC",NULL,NULL,"1.0",NULL,NULL,NULL,NULL,NULL,NULL,NULL,NULL,"Y",NULL,NULL,NULL,NULL,NULL,NULL,NULL,NULL,"REAR",NULL,NULL,NULL,NULL,NULL,NULL,NULL,NULL,NULL,NULL,NULL,NULL,NULL,NULL,NULL,NULL,NULL,NULL,NULL,NULL,NULL,NULL,NULL,NULL,NULL,NULL,NULL,NULL,NULL,NULL,NULL,NULL,NULL
"199108","f046a5eef203d4bf0ff80d3e012407ac5689a5e0739aa5fe4d368e1404f38e56fd84468cf000fb347538550606d44a667cec8dab46a6a938575ff2ba31c53bb4","JA390007","08/13/2017 09:00:00 PM","1","DRIVER",NULL,"196334.0",NULL,"TOYOTA MOTOR COMPANY, LTD.","CAMRY","IL","2014.0","UNKNOWN","PASSENGER","TAXI/FOR HIRE","S","STRAIGHT AHEAD",NULL,NULL,"1.0",NULL,NULL,NULL,NULL,NULL,NULL,NULL,NULL,NULL,NULL,NULL,"N",NULL,NULL,NULL,NULL,"Y","FRONT",NULL,NULL,NULL,NULL,NULL,NULL,NULL,NULL,NULL,NULL,NULL,NULL,NULL,NULL,NULL,NULL,NULL,NULL,NULL,NULL,NULL,NULL,NULL,NULL,NULL,NULL,NULL,NULL,NULL,NULL,NULL,NULL,NULL
"199112","a5de6ebeb3794139de1fd51d4615d8e27e5f566d295fd685e7522922d34b1c2fb7f64450fc1be26e0285390be07fd7fcf9883bfd64c792470084bfecfe1e895b","JA390049","08/13/2017 10:58:00 PM","1","DRIVER",NULL,"196329.0",NULL,"HONDA","Element","IL","2014.0","UNKNOWN","PASSENGER","PERSONAL","W","TURNING RIGHT",NULL,NULL,"1.0",NULL,NULL,NULL,"Y",NULL,NULL,NULL,NULL,NULL,NULL,NULL,NULL,NULL,NULL,NULL,NULL,NULL,"FRONT-RIGHT",NULL,NULL,NULL,NULL,NULL,NULL,NULL,NULL,NULL,NULL,NULL,NULL,NULL,NULL,NULL,NULL,NULL,NULL,NULL,NULL,NULL,NULL,NULL,NULL,NULL,NULL,NULL,NULL,NULL,NULL,NULL,NULL,NULL
"199147","160fd9d6b515dbd1c4cf98d715cc6da3f2b98e289d917f2e2a10d0695cddd37d27ae5f8aaf889f31e853c6af275123d768079fca63b4c1bf4b1d8b877f3f2e13","JA390253","08/14/2017 06:21:00 AM","1","DRIVER","1.0","196360.0",NULL,"FORD","EXPLORER","IL","2017.0","NONE","OTHER","OTHER","E","BACKING",NULL,NULL,"2.0",NULL,NULL,NULL,NULL,NULL,NULL,"Y","Y",NULL,NULL,NULL,NULL,NULL,NULL,NULL,NULL,NULL,"REAR-LEFT",NULL,NULL,NULL,NULL,NULL,NULL,NULL,NULL,NULL,NULL,NULL,NULL,NULL,NULL,NULL,NULL,NULL,NULL,NULL,NULL,NULL,NULL,NULL,NULL,NULL,NULL,NULL,NULL,NULL,NULL,NULL,NULL,NULL
"199341","3893034dec305477d180325f71a1b151a5f7cd966e8dd732288f81c996fcc44a9ee96c5a75f92fde88d9d09c98ae6e9c4eda3e61681162b2b14dbd655bb0131d","JA390768","08/14/2017 02:20:00 PM","2","DRIVER",NULL,"196547.0",NULL,"MERCEDES-BENZ","ML350","IL","2015.0","NONE","SPORT UTILITY VEHICLE (SUV)","PERSONAL","N","STRAIGHT AHEAD",NULL,NULL,"1.0",NULL,NULL,NULL,NULL,NULL,NULL,NULL,"Y","Y","Y",NULL,NULL,NULL,NULL,NULL,NULL,NULL,"REAR",NULL,NULL,NULL,NULL,NULL,NULL,NULL,NULL,NULL,NULL,NULL,NULL,NULL,NULL,NULL,NULL,NULL,NULL,NULL,NULL,NULL,NULL,NULL,NULL,NULL,NULL,NULL,NULL,NULL,NULL,NULL,NULL,NULL
"199384","c5f94a04fc7e05af972363ff85842c03a2f727bfbb0962ebd2ebfa3aeeae821af9b9c8210c16123b65f94deb71521b6d5422cc1899cd9335a38b731c48055987","JA390882","08/14/2017 03:50:00 PM","2","DRIVER",NULL,"196592.0",NULL,"NISSAN","NISSAN ALTIMA","IL","2008.0","UNKNOWN","PASSENGER","PERSONAL","UNKNOWN","STRAIGHT AHEAD",NULL,NULL,"1.0",NULL,NULL,NULL,NULL,NULL,NULL,NULL,NULL,"Y",NULL,NULL,NULL,NULL,NULL,NULL,NULL,NULL,"REAR",NULL,NULL,NULL,NULL,NULL,NULL,NULL,NULL,NULL,NULL,NULL,NULL,NULL,NULL,NULL,NULL,NULL,NULL,NULL,NULL,NULL,NULL,NULL,NULL,NULL,NULL,NULL,NULL,NULL,NULL,NULL,NULL,NULL
"199625","41fbe54e612786a531b0faef71b6751a1c6683ebeae6cc008d392df61966dd17121011069d7a01fffd138815ae2d21d7ffaf5d8ba56423d9fbae2759e477b8b9","JA391513","08/15/2017 12:20:00 AM","2","DRIVER",NULL,"196807.0",NULL,"DODGE","RAM 1500 PU","IL","2014.0","NONE","PICKUP","UNKNOWN/NA","S","STRAIGHT AHEAD",NULL,NULL,"1.0",NULL,NULL,NULL,NULL,NULL,"Y","Y",NULL,NULL,NULL,NULL,NULL,NULL,NULL,NULL,NULL,NULL,"FRONT-RIGHT",NULL,NULL,NULL,NULL,NULL,NULL,NULL,NULL,NULL,NULL,NULL,NULL,NULL,NULL,NULL,NULL,NULL,NULL,NULL,NULL,NULL,NULL,NULL,NULL,NULL,NULL,NULL,NULL,NULL,NULL,NULL,NULL,NULL
"199708","f53e1d41bcc46cf5a3aff1a5cd6000ce3ed1b511cbbb9f6c1263069ab22af4fe17e985c32ab5e903575d2341df436f0e5f528788fd2b52ca9acc384de89a2779","JA391758","08/15/2017 08:30:00 AM","1","DRIVER",NULL,"196887.0",NULL,"HONDA","ACCORD","IL","2011.0","UNKNOWN","PASSENGER","UNKNOWN/NA","E","UNKNOWN/NA",NULL,NULL,"1.0",NULL,NULL,NULL,NULL,NULL,NULL,NULL,NULL,NULL,NULL,NULL,NULL,NULL,NULL,NULL,NULL,"Y","FRONT",NULL,NULL,NULL,NULL,NULL,NULL,NULL,NULL,NULL,NULL,NULL,NULL,NULL,NULL,NULL,NULL,NULL,NULL,NULL,NULL,NULL,NULL,NULL,NULL,NULL,NULL,NULL,NULL,NULL,NULL,NULL,NULL,NULL
"199775","da1fdd344397e5f816d6f3f5b84703381c3f0e5d9337eeebc9d29b39d4ba01bd3d1241ede49bcd18f32ca81787c2995aca3c3f361340c1b77bf619a9df54cd3e","JA391910","08/15/2017 10:58:00 AM","2","DRIVER",NULL,"196944.0",NULL,"CHEVROLET","Colorado","IL","2015.0","NONE","PICKUP","PERSONAL","E","STRAIGHT AHEAD",NULL,NULL,"1.0",NULL,NULL,NULL,NULL,NULL,"Y","Y","Y",NULL,NULL,NULL,NULL,NULL,NULL,NULL,NULL,NULL,"SIDE-RIGHT",NULL,NULL,NULL,NULL,NULL,NULL,NULL,NULL,NULL,NULL,NULL,NULL,NULL,NULL,NULL,NULL,NULL,NULL,NULL,NULL,NULL,NULL,NULL,NULL,NULL,NULL,NULL,NULL,NULL,NULL,NULL,NULL,NULL
"199985","0338cfd51534268ecd4ecf7cefea7ae9ace4db7d17d18c7ea4252589f4fadacef7b0b3281d492f3c920652f89addca570cb860c070982b39be507bbd11535d74","JA392373","08/15/2017 03:40:00 PM","2","DRIVER","1.0","197144.0",NULL,"CWC FEATHER-LITE, EL RENO, OKLAHOMA","CWC FEATHER-LITE, EL RENO, OKLAHOMA","IL","2015.0","NONE","PICKUP","OTHER","W","STRAIGHT AHEAD",NULL,NULL,"2.0",NULL,NULL,NULL,NULL,NULL,NULL,NULL,NULL,"Y",NULL,NULL,NULL,NULL,NULL,NULL,NULL,NULL,"REAR",NULL,NULL,NULL,NULL,NULL,NULL,NULL,NULL,NULL,NULL,NULL,NULL,NULL,NULL,NULL,NULL,NULL,NULL,NULL,NULL,NULL,NULL,NULL,NULL,NULL,NULL,NULL,NULL,NULL,NULL,NULL,NULL,NULL