"CRASH_UNIT_ID","CRASH_RECORD_ID","RD_NO","CRASH_DATE","UNIT_NO","UNIT_TYPE","NUM_PASSENGERS","VEHICLE_ID","CMRC_VEH_I","MAKE","MODEL","LIC_PLATE_STATE","VEHICLE_YEAR","VEHICLE_DEFECT","VEHICLE_TYPE","VEHICLE_USE","TRAVEL_DIRECTION","MANEUVER","TOWED_I","FIRE_I","OCCUPANT_CNT","EXCEED_SPEED_LIMIT_I","TOWED_BY","TOWED_TO","AREA_00_I","AREA_01_I","AREA_02_I","AREA_03_I","AREA_04_I","AREA_05_I","AREA_06_I","AREA_07_I","AREA_08_I","AREA_09_I","AREA_10_I","AREA_11_I","AREA_12_I","AREA_99_I","FIRST_CONTACT_POINT","CMV_ID","USDOT_NO","CCMC_NO","ILCC_NO","COMMERCIAL_SRC","GVWR","CARRIER_NAME","CARRIER_STATE","CARRIER_CITY","HAZMAT_PLACARDS_I","HAZMAT_NAME","UN_NO","HAZMAT_PRESENT_I","HAZMAT_REPORT_I","HAZMAT_REPORT_NO","MCS_REPORT_I","MCS_REPORT_NO","HAZMAT_VIO_CAUSE_CRASH_I","MCS_VIO_CAUSE_CRASH_I","IDOT_PERMIT_NO","WIDE_LOAD_I","TRAILER1_WIDTH","TRAILER2_WIDTH","TRAILER1_LENGTH","TRAILER2_LENGTH","TOTAL_VEHICLE_LENGTH","AXLE_CNT","VEHICLE_CONFIG","CARGO_BODY_TYPE","LOAD_TYPE","HAZMAT_OUT_OF_SERVICE_I","MCS_OUT_OF_SERVICE_I","HAZMAT_CLASS"
"226916","abcbea0ad6ab091ccd644cca8740954e9c2e94c0615e312cc66ca089a6d54576be9fe0d26758ebca6ee99a64b3cd201f85fa9febdcf5d9091bfa3928c172ae14","JA449872","09/28/2017 08:15:00 AM","1","DRIVER",NULL,"222332.0",NULL,"VOLKSWAGEN","JETTA","IL","2011.0","NONE","PASSENGER","PERSONAL","N","TURNING LEFT",NULL,NULL,"1.0",NULL,NULL,NULL,NULL,NULL,"Y",NULL,NULL,NULL,NULL,NULL,NULL,NULL,NULL,NULL,NULL,NULL,"FRONT-RIGHT",NULL,NULL,NULL,NULL,NULL,NULL,NULL,NULL,NULL,NULL,NULL,NULL,NULL,NULL,NULL,NULL,NULL,NULL,NULL,NULL,NULL,NULL,NULL,NULL,NULL,NULL,NULL,NULL,NULL,NULL,NULL,NULL,NULL
"227041","c0421e4e8da5cb84b921e773f5f752fb9814153b03732827fe83e352f0d9d3647a473a08c2c29fddaf77b4fc69be905640a5d02755ac9efa0c26c52ce0f1d400","JA450111","09/25/2017 01:10:00 PM","2","DRIVER",NULL,"222448.0",NULL,"HYUNDAI","AZERA","IL","2016.0","NONE","PASSENGER","PERSONAL","W","STRAIGHT AHEAD",NULL,NULL,"1.0",NULL,NULL,NULL,NULL,NULL,"Y","Y","Y",NULL,NULL,NULL,NULL,NULL,NULL,NULL,NULL,NULL,"SIDE-RIGHT",NULL,NULL,NULL,NULL,NULL,NULL,NULL,NULL,NULL,NULL,NULL,NULL,NULL,NULL,NULL,NULL,NULL,NULL,NULL,NULL,NULL,NULL,NULL,NULL,NULL,NULL,NULL,NULL,NULL,NULL,NULL,NULL,NULL
"227067","d31e26888fe28a61100466b428fc534934245f4b239039cd8fdc196be5c6430571493f9e009e553e1a3aac63bed4a4e2019d672fa5bfc9bfb28bf376d57cce25","JA450186","09/28/2017 01:12:00 PM","2","DRIVER",NULL,"222469.0",NULL,"CHEVROLET","UNKNOWN","IL","2014.0","NONE","PASSENGER","PERSONAL","E","SLOW/STOP IN TRAFFIC",NULL,NULL,"1.0",NULL,NULL,NULL,NULL,NULL,NULL,NULL,NULL,"Y",NULL,NULL,NULL,NULL,NULL,NULL,NULL,NULL,"REAR",NULL,NULL,NULL,NULL,NULL,NULL,NULL,NULL,NULL,NULL,NULL,NULL,NULL,NULL,NULL,NULL,NULL,NULL,NULL,NULL,NULL,NULL,NULL,NULL,NULL,NULL,NULL,NULL,NULL,NULL,NULL,NULL,NULL
"227078","9a2bd06c3a976af6e1b668e285a06e8a85f008ff565c87b533ed711c8c45d46a4598110c8def33aee3bc5cfe7f02ad034f5b157d702cf9acac59cd5d3450f49b","JA450213","09/28/2017 01:30:00 PM","2","DRIVER",NULL,"222481.0",NULL,"DODGE","UNKNOWN","IL","2015.0","NONE","OTHER VEHICLE WITH TRAILER","TOW TRUCK","N","SLOW/STOP IN TRAFFIC",NULL,NULL,"1.0",NULL,NULL,NULL,"Y",NULL,NULL,NULL,NULL,NULL,NULL,NULL,NULL,NULL,NULL,NULL,NULL,NULL,"REAR",NULL,NULL,NULL,NULL,NULL,NULL,NULL,NULL,NULL,NULL,NULL,NULL,NULL,NULL,NULL,NULL,NULL,NULL,NULL,NULL,NULL,NULL,NULL,NULL,NULL,NULL,NULL,NULL,NULL,NULL,NULL,NULL,NULL
"228441","371a930b54e1f6adddca983d9c73081f31eed0cb50641d749b7a08417800650b68e3f5e364653c3e980ac3b353f537cbab3368dcc4f65d0946cdb21def6c01ae","JA452675","09/30/2017 11:14:00 AM","1","DRIVER",NULL,"223761.0",NULL,"PONTIAC","Vibe (sport wagon)","IL","2008.0","NONE","SPORT UTILITY VEHICLE (SUV)","PERSONAL","W","STRAIGHT AHEAD","Y",NULL,"1.0",NULL,"PRIVATE","OWNER'S REQUEST",NULL,"Y",NULL,NULL,NULL,NULL,NULL,NULL,NULL,NULL,NULL,NULL,NULL,NULL,"FRONT-RIGHT",NULL,NULL,NULL,NULL,NULL,NULL,NULL,NULL,NULL,NULL,NULL,NULL,NULL,NULL,NULL,NULL,NULL,NULL,NULL,NULL,NULL,NULL,NULL,NULL,NULL,NULL,NULL,NULL,NULL,NULL,NULL,NULL,NULL
"228804","63d83365497144d83a39d6c56cffa6eb108801e2f8514551fe132edbac6667387731a5d564799005d5b2059881c3a6c04ea6d98eea330d216472c7c9e09466be","JA453344","09/30/2017 08:05:00 PM","2","DRIVER",NULL,"224106.0",NULL,"JEEP","CHEROKEE","IL","2014.0","UNKNOWN","PASSENGER","PERSONAL","N","STRAIGHT AHEAD","Y",NULL,"1.0",NULL,"unknown","unknown",NULL,NULL,NULL,NULL,NULL,NULL,NULL,NULL,NULL,NULL,NULL,NULL,NULL,"Y","UNKNOWN",NULL,NULL,NULL,NULL,NULL,NULL,NULL,NULL,NULL,NULL,NULL,NULL,NULL,NULL,NULL,NULL,NULL,NULL,NULL,NULL,NULL,NULL,NULL,NULL,NULL,NULL,NULL,NULL,NULL,NULL,NULL,NULL,NULL
"229098","76af2aac3a228f103d2fa6c5b1b21eb7fca0ed3e2e978e2b8be63b40dac0af782148b564aae22f2a698d673940f785d786f55b2e7f1d8298bc7fe1e7ba2d519e","JA454028","09/30/2017 05:00:00 PM","1","DRIVER",NULL,"224375.0",NULL,"KIA MOTORS CORP","Sedona","XX","2015.0","UNKNOWN","VAN/MINI-VAN","UNKNOWN/NA","N","STRAIGHT AHEAD",NULL,NULL,"1.0",NULL,NULL,NULL,NULL,NULL,"Y","Y",NULL,NULL,NULL,NULL,NULL,NULL,NULL,NULL,NULL,NULL,"FRONT-RIGHT",NULL,NULL,NULL,NULL,NULL,NULL,NULL,NULL,NULL,NULL,NULL,NULL,NULL,NULL,NULL,NULL,NULL,NULL,NULL,NULL,NULL,NULL,NULL,NULL,NULL,NULL,NULL,NULL,NULL,NULL,NULL,NULL,NULL
"229235","0eb530761b70268b4e8556fcdf2b39921613ccd5b3db9dabf50168f11973910cca937695ecd3b3b9e1e1fa86a2bafa27bd0b542a886d4b612a9eb50f8288fde0","JA454300","10/01/2017 04:00:00 PM","1","DRIVER",NULL,"224507.0",NULL,"HONDA","CIVIC","IL","2017.0","UNKNOWN","PASSENGER","PERSONAL","S","STRAIGHT AHEAD",NULL,NULL,"1.0",NULL,NULL,NULL,NULL,"Y",NULL,NULL,NULL,NULL,NULL,NULL,NULL,NULL,NULL,NULL,NULL,NULL,"FRONT",NULL,NULL,NULL,NULL,NULL,NULL,NULL,NULL,NULL,NULL,NULL,NULL,NULL,NULL,NULL,NULL,NULL,NULL,NULL,NULL,NULL,NULL,NULL,NULL,NULL,NULL,NULL,NULL,NULL,NULL,NULL,NULL,NULL
"229517","92f7c5056d1a4ce2d182ff5fa7ae918c2d8d0a292cc3e8ec729936388cea4a47bc98a9fc0bcc1455cbd5b1943e88d5e84523c2e335af9218dfcd6519e7e37e22","JA454866","10/02/2017 07:20:00 AM","2","PARKED",NULL,"224770.0",NULL,"HONDA","UNKNOWN","IL","2017.0","NONE","PASSENGER","PERSONAL","S","PARKED",NULL,NULL,"0.0",NULL,NULL,NULL,NULL,NULL,NULL,NULL,NULL,NULL,"Y","Y",NULL,NULL,NULL,NULL,NULL,NULL,"SIDE-LEFT",NULL,NULL,NULL,NULL,NULL,NULL,NULL,NULL,NULL,NULL,NULL,NULL,NULL,NULL,NULL,NULL,NULL,NULL,NULL,NULL,NULL,NULL,NULL,NULL,NULL,NULL,NULL,NULL,NULL,NULL,NULL,NULL,NULL
"229793","6d8ed738953fdcce32deddbf72b8d36e3f36f04572b2d3ac95fe5fc63ef5c0487d84e59ad836568f4b3d67735af402346dc0defa9e05b9ce76d001e6dc24eaa8","JA455258","10/02/2017 12:57:00 PM","2","DRIVER",NULL,"225019.0",NULL,"LINCOLN-CONTINENTAL","MKT","IL","2014.0","NONE","PASSENGER","PERSONAL","N","MERGING",NULL,NULL,"1.0",NULL,NULL,NULL,NULL,NULL,NULL,NULL,NULL,NULL,NULL,NULL,"Y",NULL,NULL,NULL,NULL,NULL,"FRONT-LEFT",NULL,NULL,NULL,NULL,NULL,NULL,NULL,NULL,NULL,NULL,NULL,NULL,NULL,NULL,NULL,NULL,NULL,NULL,NULL,NULL,NULL,NULL,NULL,NULL,NULL,NULL,NULL,NULL,NULL,NULL,NULL,NULL,NULL
"229884","d842fbb6161ac61a26a50ce37a741f7a33445679205efdbec0b77fb4c71b445b2d324f2f55b2e36d9ec45e65df3081b5754bfa10ee86ff5f680d10cad117c26c","JA455494","10/02/2017 04:30:00 PM","1","DRIVER",NULL,"225093.0",NULL,"CHRYSLER","TOWN & COUNTRY","IL","2016.0","NONE","VAN/MINI-VAN","PERSONAL","E","SLOW/STOP - LEFT TURN",NULL,NULL,"1.0",NULL,NULL,NULL,NULL,NULL,"Y",NULL,NULL,NULL,NULL,NULL,NULL,NULL,NULL,NULL,NULL,NULL,"FRONT-RIGHT",NULL,NULL,NULL,NULL,NULL,NULL,NULL,NULL,NULL,NULL,NULL,NULL,NULL,NULL,NULL,NULL,NULL,NULL,NULL,NULL,NULL,NULL,NULL,NULL,NULL,NULL,NULL,NULL,NULL,NULL,NULL,NULL,NULL
"230029","34ab8ff5193e9fc141ad146a86fddfbbaa79d1741234ae187318cf6c5990bbeee9b2225927750017e66de865da49955763b2d854e990b9b9630887ec7c18ec56","JA455863","10/02/2017 04:30:00 AM","2","DRIVER",NULL,"225240.0",NULL,"TOYOTA MOTOR COMPANY, LTD.","CAMRY","IL","2008.0","UNKNOWN","PASSENGER","PERSONAL","E","STRAIGHT AHEAD",NULL,NULL,"1.0",NULL,NULL,NULL,NULL,NULL,"Y","Y",NULL,NULL,NULL,NULL,NULL,NULL,NULL,NULL,NULL,NULL,"SIDE-RIGHT",NULL,NULL,NULL,NULL,NULL,NULL,NULL,NULL,NULL,NULL,NULL,NULL,NULL,NULL,NULL,NULL,NULL,NULL,NULL,NULL,NULL,NULL,NULL,NULL,NULL,NULL,NULL,NULL,NULL,NULL,NULL,NULL,NULL
"230233","0d40a5704c5465bd7cbce41486d6b2b3694ac7cd3db51a0777cd11505c856bb189e4772dae6032833254ddd361ee267a6867e5ecedb3ca35cd80c2e150441d0e","JA456283","10/03/2017 09:05:00 AM","2","DRIVER","1.0","225429.0",NULL,"CHEVROLET","IMPALA","IL","2008.0","NONE","PASSENGER","PERSONAL","W","STRAIGHT AHEAD",NULL,NULL,"2.0",NULL,NULL,NULL,NULL,NULL,NULL,NULL,NULL,"Y",NULL,NULL,NULL,NULL,NULL,NULL,NULL,NULL,"REAR",NULL,NULL,NULL,NULL,NULL,NULL,NULL,NULL,NULL,NULL,NULL,NULL,NULL,NULL,NULL,NULL,NULL,NULL,NULL,NULL,NULL,NULL,NULL,NULL,NULL,NULL,NULL,NULL,NULL,NULL,NULL,NULL,NULL
"230835","bd8d00e19699ae10cc77b6c1ed8406c504a4396195221c68869c5abc6d72c3655fb87b2b8a26ad7262e4a9637492486cd03d625ae3123eae5af37800e740fc91","JA457459","10/04/2017 12:05:00 AM","2","PARKED",NULL,"225989.0",NULL,"HYUNDAI","TUCSON","IL","2016.0","NONE","PASSENGER","PERSONAL","N","PARKED",NULL,NULL,"0.0",NULL,NULL,NULL,NULL,NULL,NULL,NULL,NULL,NULL,"Y",NULL,NULL,NULL,NULL,NULL,NULL,NULL,"REAR-LEFT",NULL,NULL,NULL,NULL,NULL,NULL,NULL,NULL,NULL,NULL,NULL,NULL,NULL,NULL,NULL,NULL,NULL,NULL,NULL,NULL,NULL,NULL,NULL,NULL,NULL,NULL,NULL,NULL,NULL,NULL,NULL,NULL,NULL
"230945","e31a642ee3bad742b983e1457809a3066d4f9492e2d701631c63307b4c180f7a7c91a1d784a335496a11f71e9c9a85e329555fd07e70aa62ab2635b4ed07a7fc","JA457717","10/04/2017 08:30:00 AM","1","DRIVER",NULL,"226093.0",NULL,"FIAT","FIAT","NY","2012.0","UNKNOWN","PASSENGER","PERSONAL","S","STRAIGHT AHEAD",NULL,NULL,"1.0",NULL,NULL,NULL,NULL,NULL,NULL,NULL,NULL,NULL,NULL,NULL,NULL,NULL,NULL,NULL,NULL,"Y","FRONT",NULL,NULL,NULL,NULL,NULL,NULL,NULL,NULL,NULL,NULL,NULL,NULL,NULL,NULL,NULL,NULL,NULL,NULL,NULL,NULL,NULL,NULL,NULL,NULL,NULL,NULL,NULL,NULL,NULL,NULL,NULL,NULL,NULL
"231514","95fd4bbb5c56cccb1b0d784381cb44a687bc5fad66b297c9a41003f3fbd8fd65a50b958d9a985b443b2a36df6852ba17153c5a553d482ff0e992869664ed2f05","JA457896","10/04/2017 08:00:00 AM","2","DRIVER",NULL,"226629.0",NULL,"TOYOTA MOTOR COMPANY, LTD.","CAMRY","IL","2013.0","NONE","PASSENGER","PERSONAL","N","STRAIGHT AHEAD",NULL,NULL,"1.0",NULL,NULL,NULL,NULL,NULL,"Y",NULL,NULL,NULL,NULL,NULL,"N",NULL,NULL,NULL,NULL,NULL,"FRONT-RIGHT",NULL,NULL,NULL,NULL,NULL,NULL,NULL,NULL,NULL,NULL,NULL,NULL,NULL,NULL,NULL,NULL,NULL,NULL,NULL,NULL,NULL,NULL,NULL,NULL,NULL,NULL,NULL,NULL,NULL,NULL,NULL,NULL,NULL
"231993","f67ccadbe73740be1781d5545a071114d25146926cfe197b07c08081e6651fc890046b4096a17c27969dba87d9b89a92f1e65ef62f25366af9691e0cb3844cfe","JA459801","10/05/2017 06:30:00 PM","1","DRIVER",NULL,"227057.0",NULL,"INFINITI","UNKNOWN","IL","2013.0","NONE","SPORT UTILITY VEHICLE (SUV)","PERSONAL","E","SLOW/STOP IN TRAFFIC",NULL,NULL,"1.0",NULL,NULL,NULL,NULL,"Y",NULL,NULL,NULL,NULL,NULL,NULL,NULL,NULL,NULL,NULL,NULL,NULL,"FRONT",NULL,NULL,NULL,NULL,NULL,NULL,NULL,NULL,NULL,NULL,NULL,NULL,NULL,NULL,NULL,NULL,NULL,NULL,NULL,NULL,NULL,NULL,NULL,NULL,NULL,NULL,NULL,NULL,NULL,NULL,NULL,NULL,NULL
"232012","831edf71fd1bdb544808c365507dff57843224d57c6948ca86a16f193f857cfbb6dd04a481621a145ff3fe56ea1e659b262df5cfae14bef1bca0fb9c584a21d8","JA459790","10/05/2017 06:40:00 PM","4","PARKED",NULL,"227104.0",NULL,"NISSAN","NISSAN ALTIMA","IL","2010.0","NONE","PASSENGER","NOT IN USE","S","PARKED",NULL,NULL,"0.0",NULL,NULL,NULL,NULL,NULL,NULL,NULL,NULL,"Y",NULL,NULL,NULL,NULL,NULL,NULL,NULL,NULL,"REAR",NULL,NULL,NULL,NULL,NULL,NULL,NULL,NULL,NULL,NULL,NULL,NULL,NULL,NULL,NULL,NULL,NULL,NULL,NULL,NULL,NULL,NULL,NULL,NULL,NULL,NULL,NULL,NULL,NULL,NULL,NULL,NULL,NULL
"232078","c42bdcaf2f308fcdbb7fe8c90f29d49829c095d54b8f5f35812669c732b2c9bb362da587b4c0b7e413e490f10754b74731cdfd3191fdacc043c9169d4f19a40a","JA460084","10/05/2017 08:39:00 PM","2","DRIVER","1.0","227155.0",NULL,"KIA MOTORS CORP","Optima","IL","2012.0","BRAKES","PASSENGER","PERSONAL","W","STRAIGHT AHEAD",NULL,NULL,"2.0",NULL,NULL,NULL,NULL,"Y","Y",NULL,NULL,NULL,NULL,NULL,"Y",NULL,NULL,NULL,NULL,NULL,"FRONT-RIGHT",NULL,NULL,NULL,NULL,NULL,NULL,NULL,NULL,NULL,NULL,NULL,NULL,NULL,NULL,NULL,NULL,NULL,NULL,NULL,NULL,NULL,NULL,NULL,NULL,NULL,NULL,NULL,NULL,NULL,NULL,NULL,NULL,NULL
"232231","4c3aa3b717b8e8ec2664fbf0f59a43b0964cd94c6b2f298900394a336aa35295fbddca29ec315b89c8df55e9d6e81903a73d59323090e2a2f314476ce30717c3","JA460342","10/06/2017 07:50:00 AM","1","DRIVER",NULL,"227305.0",NULL,"TOYOTA MOTOR COMPANY, LTD.","TACOMA","IL","2015.0","NONE","SPORT UTILITY VEHICLE (SUV)","OTHER","N","CHANGING LANES",NULL,NULL,"1.0",NULL,NULL,NULL,NULL,NULL,NULL,"Y",NULL,NULL,NULL,NULL,NULL,NULL,NULL,NULL,NULL,NULL,"SIDE-RIGHT",NULL,NULL,NULL,NULL,NULL,NULL,NULL,NULL,NULL,NULL,NULL,NULL,NULL,NULL,NULL,NULL,NULL,NULL,NULL,NULL,NULL,NULL,NULL,NULL,NULL,NULL,NULL,NULL,NULL,NULL,NULL,NULL,NULL
"232354","0c384dc8b3a13af192f915ebc6f392f937590c0fd6c0675112418289a2d712e24ea27f5c1c8b36715c07d221b2822eb08081b4ac5e3416e50fef5644f201f1de","JA460588","10/06/2017 11:38:00 AM","2","DRIVER",NULL,"227420.0",NULL,"FORD","Explorer","IL","2017.0","NONE","SPORT UTILITY VEHICLE (SUV)","PERSONAL","W","TURNING RIGHT",NULL,NULL,"1.0",NULL,NULL,NULL,NULL,NULL,NULL,"Y",NULL,NULL,NULL,NULL,NULL,NULL,NULL,NULL,NULL,NULL,"SIDE-RIGHT",NULL,NULL,NULL,NULL,NULL,NULL,NULL,NULL,NULL,NULL,NULL,NULL,NULL,NULL,NULL,NULL,NULL,NULL,NULL,NULL,NULL,NULL,NULL,NULL,NULL,NULL,NULL,NULL,NULL,NULL,NULL,NULL,NULL
"232364","5e9d5fb65a643f4250132de65d09726c4d67036ef268b3cd28d51e82f5e1d562b5eaaf2ddeff200ed300b2f6de0efbd76d57891c7ebcec80bcf976cac2cf6ee0","JA460537","10/06/2017 11:01:00 AM","2","DRIVER",NULL,"227436.0",NULL,"NISSAN","Murano","IL","2017.0","UNKNOWN","SPORT UTILITY VEHICLE (SUV)","PERSONAL","S","SLOW/STOP IN TRAFFIC",NULL,NULL,"1.0",NULL,NULL,NULL,NULL,NULL,NULL,NULL,NULL,"Y",NULL,NULL,NULL,NULL,NULL,NULL,NULL,NULL,"REAR-RIGHT",NULL,NULL,NULL,NULL,NULL,NULL,NULL,NULL,NULL,NULL,NULL,NULL,NULL,NULL,NULL,NULL,NULL,NULL,NULL,NULL,NULL,NULL,NULL,NULL,NULL,NULL,NULL,NULL,NULL,NULL,NULL,NULL,NULL
"232496","347ac8eb8a2fd5e1358e777c8de560c8a69f2cd14efc41f96f5e4b8fcb8f2c829117df60d918cb46b914eea6e37109021d473879b544c8c75e55960db8f146e5","JA460822","10/06/2017 02:20:00 PM","2","DRIVER",NULL,"227554.0",NULL,"HONDA","ACCORD","IL","2009.0","NONE","PASSENGER","PERSONAL","SE","STRAIGHT AHEAD",NULL,NULL,"1.0",NULL,NULL,NULL,NULL,NULL,NULL,NULL,NULL,"Y",NULL,NULL,NULL,NULL,NULL,NULL,NULL,NULL,"REAR",NULL,NULL,NULL,NULL,NULL,NULL,NULL,NULL,NULL,NULL,NULL,NULL,NULL,NULL,NULL,NULL,NULL,NULL,NULL,NULL,NULL,NULL,NULL,NULL,NULL,NULL,NULL,NULL,NULL,NULL,NULL,NULL,NULL
"233617","6a2133de03867d3f8d4edd5f3786f844a39adb19d8abca0f5ef7693c624e9aa47a5836c067b0c1e515e0f9b15d40e0b4734fff935f3cc19a6d94853adbe5d6b8","JA462553","10/07/2017 07:10:00 PM","2","DRIVER",NULL,"228597.0",NULL,"CHEVROLET","IMPALA",NULL,"2009.0","NONE","PASSENGER","PERSONAL","E","STRAIGHT AHEAD",NULL,NULL,"1.0",NULL,NULL,NULL,NULL,NULL,NULL,"Y",NULL,NULL,NULL,NULL,NULL,NULL,NULL,NULL,NULL,NULL,"SIDE-RIGHT",NULL,NULL,NULL,NULL,NULL,NULL,NULL,NULL,NULL,NULL,NULL,NULL,NULL,NULL,NULL,NULL,NULL,NULL,NULL,NULL,NULL,NULL,NULL,NULL,NULL,NULL,NULL,NULL,NULL,NULL,NULL,NULL,NULL
"233803","9529ab9dc18556e6dfa79f9692e60d4f81702641f07fe7abaece2ff5081ad2d9351d01c3fe5e87aba977d2f513cafc116eb4c8472839eae8d01c4b98873fbe94","JA462893","10/08/2017 05:10:00 AM","2","PARKED",NULL,"228775.0",NULL,"FORD","UNKNOWN","IL","2016.0","UNKNOWN","PASSENGER","NOT IN USE","UNKNOWN","PARKED","Y",NULL,"0.0",NULL,NULL,NULL,NULL,NULL,NULL,NULL,"Y","Y","Y",NULL,NULL,NULL,NULL,NULL,NULL,NULL,"REAR",NULL,NULL,NULL,NULL,NULL,NULL,NULL,NULL,NULL,NULL,NULL,NULL,NULL,NULL,NULL,NULL,NULL,NULL,NULL,NULL,NULL,NULL,NULL,NULL,NULL,NULL,NULL,NULL,NULL,NULL,NULL,NULL,NULL
"233927","a1a996722baa3ae53307af82b374cdb1bfc37701a94f0bdbdd2b04b94d5614bb92cf4aebdb70494a90af6b0473a439c10e91a6d73b32df3adb16c93236ac3d40","JA463143","10/08/2017 11:45:00 AM","2","DRIVER",NULL,"228890.0",NULL,"KIA MOTORS CORP","SOUL","IL","2014.0","NONE","PASSENGER","TAXI/FOR HIRE","E","STRAIGHT AHEAD",NULL,NULL,"1.0",NULL,NULL,NULL,NULL,NULL,NULL,NULL,NULL,"Y",NULL,NULL,NULL,NULL,NULL,NULL,NULL,NULL,"REAR",NULL,NULL,NULL,NULL,NULL,NULL,NULL,NULL,NULL,NULL,NULL,NULL,NULL,NULL,NULL,NULL,NULL,NULL,NULL,NULL,NULL,NULL,NULL,NULL,NULL,NULL,NULL,NULL,NULL,NULL,NULL,NULL,NULL
"234345","c561e732bc87d187aa7aed2fc2f482434b906222b7680919163a23b15e9b59abcb30a5d914ed9a1eba4d41b413a15d90fb4c0bf56de8b65d55256caa9f09bb3f","JA463917","10/08/2017 11:45:00 PM","2","DRIVER","1.0","229293.0",NULL,"FORD","Explorer","IL","2017.0","UNKNOWN","SPORT UTILITY VEHICLE (SUV)","POLICE","E","U-TURN",NULL,NULL,"2.0",NULL,NULL,NULL,NULL,NULL,NULL,NULL,NULL,NULL,NULL,NULL,"Y",NULL,NULL,NULL,NULL,NULL,"FRONT-LEFT",NULL,NULL,NULL,NULL,NULL,NULL,NULL,NULL,NULL,NULL,NULL,NULL,NULL,NULL,NULL,NULL,NULL,NULL,NULL,NULL,NULL,NULL,NULL,NULL,NULL,NULL,NULL,NULL,NULL,NULL,NULL,NULL,NULL
"234710","8812aba406a464f71fad5689fcc331ce768704d4d15eaf31a00ae5047329c5709cfe18570d6324c407d51be2e061293600ae42b98d426d75fcf83f60060a337a","JA464704","10/09/2017 02:00:00 PM","2","PARKED",NULL,"229626.0",NULL,"HYUNDAI","SONATA","IL","2015.0","NONE","PASSENGER","PERSONAL","W","PARKED",NULL,NULL,"0.0",NULL,NULL,NULL,NULL,NULL,NULL,NULL,"Y","Y","Y",NULL,NULL,NULL,NULL,NULL,NULL,NULL,"REAR",NULL,NULL,NULL,NULL,NULL,NULL,NULL,NULL,NULL,NULL,NULL,NULL,NULL,NULL,NULL,NULL,NULL,NULL,NULL,NULL,NULL,NULL,NULL,NULL,NULL,NULL,NULL,NULL,NULL,NULL,NULL,NULL,NULL
"235545","cee100d54f6d5bef67e1749f3b45166731ffd01fe276fe04033e4852dcc709892cf21d00fd16eed7f31cb3680b4998bb4533de719172e1ab58f80a5a262db434","JA466263","10/10/2017 04:00:00 PM","1","DRIVER",NULL,"230409.0",NULL,"CHRYSLER","200","IL","2015.0","NONE","PASSENGER","UNKNOWN/NA","S","STRAIGHT AHEAD",NULL,NULL,"1.0",NULL,NULL,NULL,NULL,"N",NULL,NULL,NULL,NULL,NULL,NULL,"Y",NULL,NULL,NULL,NULL,NULL,"FRONT-LEFT",NULL,NULL,NULL,NULL,NULL,NULL,NULL,NULL,NULL,NULL,NULL,NULL,NULL,NULL,NULL,NULL,NULL,NULL,NULL,NULL,NULL,NULL,NULL,NULL,NULL,NULL,NULL,NULL,NULL,NULL,NULL,NULL,NULL
"235971","66e6ef5d75bce38a2e8bd591f41df80fc999dc8aeef8f4eedbef95dc1d3ee4a9f17fd8e67a91858f49e39a686e5479af1bc128b25e939a1371d58fb7de0c542b","JA466794","10/11/2017 08:45:00 AM","2","DRIVERLESS","1.0","230783.0",NULL,"INTERCONSULT MFG. CO.","INTERCONSULT MFG. CO.","IL","2008.0","NONE","TRUCK - SINGLE UNIT","NOT IN USE","E","PARKED",NULL,NULL,"1.0",NULL,NULL,NULL,"Y",NULL,NULL,NULL,NULL,NULL,"Y",NULL,"Y",NULL,NULL,NULL,NULL,NULL,"REAR-LEFT",NULL,NULL,NULL,NULL,NULL,NULL,NULL,NULL,NULL,NULL,NULL,NULL,NULL,NULL,NULL,NULL,NULL,NULL,NULL,NULL,NULL,NULL,NULL,NULL,NULL,NULL,NULL,NULL,NULL,NULL,NULL,NULL,NULL
"236043","eda412f2f3a0d1f1ee3d00c7355b974f0775da85202eac8e32161ca2fe2b7664767e7652e6ab046658b9a61fa98c60f5052dc87043aa85b9e96d20c6f3cd6f5d","JA466837","10/11/2017 08:10:00 AM","2","DRIVER","1.0","230836.0",NULL,"CHRYSLER","200","IL","2016.0","NONE","PASSENGER","PERSONAL","W","STRAIGHT AHEAD",NULL,NULL,"2.0",NULL,NULL,NULL,NULL,NULL,NULL,NULL,NULL,"Y",NULL,NULL,NULL,NULL,NULL,NULL,NULL,NULL,"REAR",NULL,NULL,NULL,NULL,NULL,NULL,NULL,NULL,NULL,NULL,NULL,NULL,NULL,NULL,NULL,NULL,NULL,NULL,NULL,NULL,NULL,NULL,NULL,NULL,NULL,NULL,NULL,NULL,NULL,NULL,NULL,NULL,NULL
"236158","17965aa1a8a485fcea16ab65836ce10a8afd232c54a473f85d6156f69b604cec0c649cb2fb60db0eef81aaef49042dad30fe57e5859cd305842bde3171cc276d","JA467034","10/11/2017 11:30:00 AM","1","DRIVER",NULL,"230925.0",NULL,"FORD","FORD-TRUCK,VAN,SUV, ETC","IL","2014.0","UNKNOWN","VAN/MINI-VAN","UNKNOWN/NA","N","STRAIGHT AHEAD","Y",NULL,"1.0",NULL,"personal tow","unk","Y","Y",NULL,NULL,NULL,NULL,NULL,NULL,NULL,NULL,NULL,NULL,NULL,NULL,"FRONT",NULL,NULL,NULL,NULL,NULL,NULL,NULL,NULL,NULL,NULL,NULL,NULL,NULL,NULL,NULL,NULL,NULL,NULL,NULL,NULL,NULL,NULL,NULL,NULL,NULL,NULL,NULL,NULL,NULL,NULL,NULL,NULL,NULL