"CRASH_UNIT_ID","CRASH_RECORD_ID","RD_NO","CRASH_DATE","UNIT_NO","UNIT_TYPE","NUM_PASSENGERS","VEHICLE_ID","CMRC_VEH_I","MAKE","MODEL","LIC_PLATE_STATE","VEHICLE_YEAR","VEHICLE_DEFECT","VEHICLE_TYPE","VEHICLE_USE","TRAVEL_DIRECTION","MANEUVER","TOWED_I","FIRE_I","OCCUPANT_CNT","EXCEED_SPEED_LIMIT_I","TOWED_BY","TOWED_TO","AREA_00_I","AREA_01_I","AREA_02_I","AREA_03_I","AREA_04_I","AREA_05_I","AREA_06_I","AREA_07_I","AREA_08_I","AREA_09_I","AREA_10_I","AREA_11_I","AREA_12_I","AREA_99_I","FIRST_CONTACT_POINT","CMV_ID","USDOT_NO","CCMC_NO","ILCC_NO","COMMERCIAL_SRC","GVWR","CARRIER_NAME","CARRIER_STATE","CARRIER_CITY","HAZMAT_PLACARDS_I","HAZMAT_NAME","UN_NO","HAZMAT_PRESENT_I","HAZMAT_REPORT_I","HAZMAT_REPORT_NO","MCS_REPORT_I","MCS_REPORT_NO","HAZMAT_VIO_CAUSE_CRASH_I","MCS_VIO_CAUSE_CRASH_I","IDOT_PERMIT_NO","WIDE_LOAD_I","TRAILER1_WIDTH","TRAILER2_WIDTH","TRAILER1_LENGTH","TRAILER2_LENGTH","TOTAL_VEHICLE_LENGTH","AXLE_CNT","VEHICLE_CONFIG","CARGO_BODY_TYPE","LOAD_TYPE","HAZMAT_OUT_OF_SERVICE_I","MCS_OUT_OF_SERVICE_I","HAZMAT_CLASS"
"245661","c7e319e4731e1d567739274b5bf682dd774c41f7d35cb9062d89d1099d257450e35c4fe3ae2202f792dfc30d9fdc13c737a530351fb696910acb1f39c7812cbe","JA483905","10/24/2017 11:37:00 AM","2","DRIVER",NULL,"239680.0",NULL,"CHRYSLER","Caravan","IL","2010.0","NONE","PASSENGER","PERSONAL","W","STRAIGHT AHEAD",NULL,NULL,"1.0",NULL,NULL,NULL,NULL,"Y","Y",NULL,NULL,NULL,NULL,NULL,"Y",NULL,NULL,NULL,NULL,NULL,"FRONT-LEFT",NULL,NULL,NULL,NULL,NULL,NULL,NULL,NULL,NULL,NULL,NULL,NULL,NULL,NULL,NULL,NULL,NULL,NULL,NULL,NULL,NULL,NULL,NULL,NULL,NULL,NULL,NULL,NULL,NULL,NULL,NULL,NULL,NULL
"245700","a52c85b70523b73287d9fd8f1ffeb860fd32421dd1f99d50c1407f14335d41b2607d27e67fcfd43a163790dad1f42c10a1933942b2602b777a3ff8a3f9688ad1","JA483952","10/24/2017 12:52:00 PM","2","DRIVER",NULL,"239696.0",NULL,"DODGE","CARAVAN","IL","2014.0","NONE","PASSENGER","OTHER","S","STRAIGHT AHEAD",NULL,NULL,"1.0",NULL,NULL,NULL,NULL,"Y","Y",NULL,NULL,NULL,NULL,NULL,NULL,NULL,NULL,NULL,NULL,NULL,"FRONT-RIGHT",NULL,NULL,NULL,NULL,NULL,NULL,NULL,NULL,NULL,NULL,NULL,NULL,NULL,NULL,NULL,NULL,NULL,NULL,NULL,NULL,NULL,NULL,NULL,NULL,NULL,NULL,NULL,NULL,NULL,NULL,NULL,NULL,NULL
"245798","c16744f404cba67c08e1e013426845dc575ac68484b4989804c7e75106b9599311e2a54898f318704771d41afd082ee73c45328ec2ed8cf1200a612e28d5ebc2","JA484175","10/24/2017 12:45:00 PM","1","DRIVER",NULL,"239798.0",NULL,"KIA MOTORS CORP","SOUL","IL","2017.0","NONE","PASSENGER","PERSONAL","SE","TURNING RIGHT",NULL,NULL,"1.0",NULL,NULL,NULL,NULL,NULL,"Y",NULL,NULL,NULL,NULL,NULL,NULL,NULL,NULL,NULL,NULL,NULL,"FRONT-RIGHT",NULL,NULL,NULL,NULL,NULL,NULL,NULL,NULL,NULL,NULL,NULL,NULL,NULL,NULL,NULL,NULL,NULL,NULL,NULL,NULL,NULL,NULL,NULL,NULL,NULL,NULL,NULL,NULL,NULL,NULL,NULL,NULL,NULL
"245956","ab9c3b35b0b33f24b742a2abef55025bc0c72a4675341113f44922172d3739b99e3ea77a50232f64d89e339f2c0fcf689e3ef9589beecd1383e6e5fd6da94283","JA484411","10/20/2017 05:00:00 PM","2","DRIVER",NULL,"239951.0",NULL,"MERCEDES-BENZ","ML350","TX","2011.0","NONE","SPORT UTILITY VEHICLE (SUV)","PERSONAL","S","STRAIGHT AHEAD",NULL,NULL,"1.0",NULL,NULL,NULL,NULL,NULL,"Y","Y","Y",NULL,NULL,NULL,NULL,NULL,NULL,NULL,NULL,NULL,"SIDE-RIGHT",NULL,NULL,NULL,NULL,NULL,NULL,NULL,NULL,NULL,NULL,NULL,NULL,NULL,NULL,NULL,NULL,NULL,NULL,NULL,NULL,NULL,NULL,NULL,NULL,NULL,NULL,NULL,NULL,NULL,NULL,NULL,NULL,NULL
"246290","ca55ddeea63f60fb35bd5349137130b96c95f62c520566d709ac30aee4bf4ef915568eee2998f507d6b9fb58d63a7bbc5027b9ba0600d1f2430517986b9a3339","JA484812","10/24/2017 10:45:00 PM","2","DRIVER",NULL,"240245.0",NULL,"KIA MOTORS CORP","SORENTO","IL","2017.0","NONE","PASSENGER","PERSONAL","N","STRAIGHT AHEAD",NULL,NULL,"1.0",NULL,NULL,NULL,NULL,NULL,NULL,NULL,NULL,"Y",NULL,NULL,NULL,NULL,NULL,NULL,NULL,NULL,"REAR",NULL,NULL,NULL,NULL,NULL,NULL,NULL,NULL,NULL,NULL,NULL,NULL,NULL,NULL,NULL,NULL,NULL,NULL,NULL,NULL,NULL,NULL,NULL,NULL,NULL,NULL,NULL,NULL,NULL,NULL,NULL,NULL,NULL
"247513","6960c51b836f4f040c0ed5ff02bc712dce00468c5abd615f24e295b9223ed00a4671fee6e3d9b8a537fcd5050bfc15032df6a3a3ce8269eeb7bb20469a6b4b91","JA487114","10/26/2017 05:15:00 PM","1","DRIVER",NULL,"241417.0",NULL,"CHEVROLET","MALIBU (CHEVELLE)","IL","2010.0","NONE","PASSENGER","PERSONAL","S","STRAIGHT AHEAD",NULL,NULL,"1.0",NULL,NULL,NULL,NULL,NULL,"Y",NULL,NULL,NULL,NULL,NULL,NULL,NULL,NULL,NULL,NULL,NULL,"FRONT-RIGHT",NULL,NULL,NULL,NULL,NULL,NULL,NULL,NULL,NULL,NULL,NULL,NULL,NULL,NULL,NULL,NULL,NULL,NULL,NULL,NULL,NULL,NULL,NULL,NULL,NULL,NULL,NULL,NULL,NULL,NULL,NULL,NULL,NULL
"247656","c181333acd0e8319a4a692c26a7f0bc4518fc9a6e8a89c098f4421e8bea882679cb0cdb657044eda74c712c959749ef3b6852ef750b8e07a31ce4b30a4f0eae5","JA487362","10/26/2017 04:00:00 PM","2","PARKED",NULL,"241548.0",NULL,"CHEVROLET","SUBURBAN","IL","2014.0","UNKNOWN","SPORT UTILITY VEHICLE (SUV)","TAXI/FOR HIRE","N","PARKED",NULL,NULL,"0.0",NULL,NULL,NULL,NULL,NULL,NULL,NULL,NULL,NULL,NULL,NULL,"Y",NULL,NULL,NULL,NULL,NULL,"FRONT-LEFT",NULL,NULL,NULL,NULL,NULL,NULL,NULL,NULL,NULL,NULL,NULL,NULL,NULL,NULL,NULL,NULL,NULL,NULL,NULL,NULL,NULL,NULL,NULL,NULL,NULL,NULL,NULL,NULL,NULL,NULL,NULL,NULL,NULL
"248022","5b98834746ef73ea16ab2c8615bb36b6b9711611df571f98cecfdda4a185b1e47bac512a5d781086bc1188bfd579181cd1293bd7db5f8d449980ac54b49fa100","JA488231","10/27/2017 02:45:00 PM","1","DRIVER",NULL,"241906.0",NULL,"DODGE","CALIBER","IL","2008.0","NONE","PASSENGER","PERSONAL","NW","TURNING LEFT","Y",NULL,"1.0",NULL,NULL,NULL,NULL,NULL,NULL,NULL,"Y","Y","N",NULL,NULL,NULL,NULL,NULL,NULL,NULL,"REAR-RIGHT",NULL,NULL,NULL,NULL,NULL,NULL,NULL,NULL,NULL,NULL,NULL,NULL,NULL,NULL,NULL,NULL,NULL,NULL,NULL,NULL,NULL,NULL,NULL,NULL,NULL,NULL,NULL,NULL,NULL,NULL,NULL,NULL,NULL
"248350","c0684ac803cd420ad147280b25cc3abbfb545ebf1bfea11c3f8366246c159eec0bf6b855192dd3451128db5720932e4802fbc5ecb166793c5428e631f9a70448","JA488740","10/27/2017 07:45:00 PM","1","DRIVER","1.0","242222.0",NULL,"FORD","ECONOLINE E350","IL","2008.0","OTHER","BUS UP TO 15 PASS.","OTHER","S","STRAIGHT AHEAD","Y",NULL,"2.0",NULL,"OWNER",NULL,NULL,NULL,NULL,NULL,"Y",NULL,NULL,NULL,NULL,NULL,NULL,NULL,NULL,NULL,"REAR-RIGHT",NULL,NULL,NULL,NULL,NULL,NULL,NULL,NULL,NULL,NULL,NULL,NULL,NULL,NULL,NULL,NULL,NULL,NULL,NULL,NULL,NULL,NULL,NULL,NULL,NULL,NULL,NULL,NULL,NULL,NULL,NULL,NULL,NULL
"248596","b7bafaeafe0cbe779dc886b80188013ab7687730ecd87381e5b5d1e9dbb1816e44aa7c2768cc401c58371a33fb1be7faae3f8ffd00ddf9e6d25aed070a89de0e","JA489143","10/27/2017 10:30:00 PM","2","PARKED",NULL,"242434.0",NULL,"CHEVROLET","EQUINOX","IL","2014.0","NONE","SPORT UTILITY VEHICLE (SUV)","PERSONAL","N","PARKED",NULL,NULL,"0.0",NULL,NULL,NULL,NULL,NULL,NULL,NULL,NULL,NULL,"Y","Y","Y",NULL,NULL,NULL,NULL,NULL,"SIDE-LEFT",NULL,NULL,NULL,NULL,NULL,NULL,NULL,NULL,NULL,NULL,NULL,NULL,NULL,NULL,NULL,NULL,NULL,NULL,NULL,NULL,NULL,NULL,NULL,NULL,NULL,NULL,NULL,NULL,NULL,NULL,NULL,NULL,NULL
"248656","c4cbe70431df0535ff63b4de5e8750684166543d77a2e40bc47cb49ee7260c4ec1037fc33b98be4fddf4eb2be0ea6e2fd1e94fa51ee05d85a19ef168e660fa2d","JA489313","10/28/2017 09:30:00 AM","2","PARKED",NULL,"242493.0",NULL,"DODGE","CHALLENGER","IL","2017.0","NONE","PASSENGER","PERSONAL","S","PARKED",NULL,NULL,"0.0",NULL,NULL,NULL,NULL,NULL,NULL,NULL,NULL,NULL,"Y","Y","Y",NULL,NULL,NULL,NULL,NULL,"SIDE-LEFT",NULL,NULL,NULL,NULL,NULL,NULL,NULL,NULL,NULL,NULL,NULL,NULL,NULL,NULL,NULL,NULL,NULL,NULL,NULL,NULL,NULL,NULL,NULL,NULL,NULL,NULL,NULL,NULL,NULL,NULL,NULL,NULL,NULL
"249099","eb264db81b727534af26e7f6c7d69fa9ceddfc63fe7b0509391afab6a3ae854afc94f896d9bfb4e2d21db45c266b9cbac18115efdad6f1ec4854e4e041909b25","JA490168","10/29/2017 12:15:00 AM","1","DRIVER",NULL,"242912.0",NULL,"CHEVROLET","UNKNOWN","IL","2014.0","UNKNOWN","PASSENGER","PERSONAL","SW","ENTERING TRAFFIC LANE FROM PARKING",NULL,NULL,"1.0",NULL,NULL,NULL,NULL,NULL,"Y",NULL,NULL,NULL,NULL,NULL,NULL,NULL,NULL,NULL,NULL,NULL,"FRONT-RIGHT",NULL,NULL,NULL,NULL,NULL,NULL,NULL,NULL,NULL,NULL,NULL,NULL,NULL,NULL,NULL,NULL,NULL,NULL,NULL,NULL,NULL,NULL,NULL,NULL,NULL,NULL,NULL,NULL,NULL,NULL,NULL,NULL,NULL
"249519","c1a487f85d8a8fe89adac46cf0e7c281dbe501f92029bdcab921da7a8ad76852f2f1ae233b07381e1a3cd768e1d4ccdf51b6c3d0a59ec583eff164d9e4f3a14b","JA490853","10/29/2017 04:25:00 PM","1","DRIVER",NULL,"243309.0",NULL,"CHEVROLET","MALIBU (CHEVELLE)","IL","2013.0","NONE","PASSENGER","PERSONAL","N","STRAIGHT AHEAD",NULL,NULL,"1.0",NULL,NULL,NULL,NULL,NULL,NULL,NULL,"Y",NULL,NULL,NULL,NULL,NULL,NULL,NULL,NULL,NULL,"REAR-RIGHT",NULL,NULL,NULL,NULL,NULL,NULL,NULL,NULL,NULL,NULL,NULL,NULL,NULL,NULL,NULL,NULL,NULL,NULL,NULL,NULL,NULL,NULL,NULL,NULL,NULL,NULL,NULL,NULL,NULL,NULL,NULL,NULL,NULL
"249540","47f0e8dc0d018d6471baf8280cb8cf356ff48150aaa84d363cacc4b03a686268e5ec4eac225a8dbfe6f416aadb9768eaa47f73fc4aced7a3728b6af0cb6c1fb7","JA490940","10/29/2017 04:50:00 PM","2","DRIVER","1.0","243328.0",NULL,"MAZDA","Mazda 3","MO","2012.0","NONE","PASSENGER","PERSONAL","S","SLOW/STOP IN TRAFFIC",NULL,NULL,"2.0",NULL,NULL,NULL,NULL,NULL,NULL,NULL,NULL,"Y",NULL,NULL,NULL,NULL,NULL,NULL,NULL,NULL,"REAR",NULL,NULL,NULL,NULL,NULL,NULL,NULL,NULL,NULL,NULL,NULL,NULL,NULL,NULL,NULL,NULL,NULL,NULL,NULL,NULL,NULL,NULL,NULL,NULL,NULL,NULL,NULL,NULL,NULL,NULL,NULL,NULL,NULL
"249921","e3e9eeebf4aab4e126596145573a9404f2967152752f04ee75cdfe760932581249cf4c3591a07bb67d0afb1685fbf13ac84f5ed1b89c9fdfca752cb42bf75fd4","JA491605","10/30/2017 10:30:00 AM","1","DRIVER",NULL,"244288.0",NULL,"CHEVROLET","IMPALA","IL","2018.0","UNKNOWN","PASSENGER","PERSONAL","NW","TURNING LEFT","Y",NULL,"1.0",NULL,"CPD","POUND",NULL,NULL,NULL,"Y",NULL,NULL,NULL,NULL,NULL,NULL,NULL,NULL,NULL,NULL,"SIDE-RIGHT",NULL,NULL,NULL,NULL,NULL,NULL,NULL,NULL,NULL,NULL,NULL,NULL,NULL,NULL,NULL,NULL,NULL,NULL,NULL,NULL,NULL,NULL,NULL,NULL,NULL,NULL,NULL,NULL,NULL,NULL,NULL,NULL,NULL
"250148","32b5a8a2b102595bcaf4af6943843ec12ae0d1a9e99350614ad9b3f289d7afcb3b436c3dc1b7b1da4c8269f348e17dd1f337cfb0499b98c463ca6b926cb759c2","JA492090","10/30/2017 03:30:00 PM","2","DRIVER",NULL,"243878.0",NULL,"INFINITI","G37",NULL,"2009.0","UNKNOWN","PASSENGER","PERSONAL","N","STRAIGHT AHEAD",NULL,NULL,"1.0",NULL,NULL,NULL,NULL,NULL,NULL,NULL,NULL,"Y",NULL,NULL,NULL,NULL,NULL,NULL,NULL,NULL,"REAR",NULL,NULL,NULL,NULL,NULL,NULL,NULL,NULL,NULL,NULL,NULL,NULL,NULL,NULL,NULL,NULL,NULL,NULL,NULL,NULL,NULL,NULL,NULL,NULL,NULL,NULL,NULL,NULL,NULL,NULL,NULL,NULL,NULL
"250878","b6d92cfeefc0b6f88b192b03cbbab15c15dd2d3a934269cb0eeba1268854aa9cd2a16464efeea5ec10e86bce29e7060f8c47990024dadd72fb7a24f739befc8a","JA493490","10/31/2017 04:52:00 PM","2","DRIVER","1.0","244569.0",NULL,"FORD","EXPLORER","IL","2015.0","UNKNOWN","SPORT UTILITY VEHICLE (SUV)","PERSONAL","S","STRAIGHT AHEAD",NULL,NULL,"2.0",NULL,NULL,NULL,NULL,"Y","Y",NULL,NULL,NULL,NULL,NULL,"Y",NULL,NULL,NULL,NULL,NULL,"FRONT",NULL,NULL,NULL,NULL,NULL,NULL,NULL,NULL,NULL,NULL,NULL,NULL,NULL,NULL,NULL,NULL,NULL,NULL,NULL,NULL,NULL,NULL,NULL,NULL,NULL,NULL,NULL,NULL,NULL,NULL,NULL,NULL,NULL
"250898","817639e4df0c681e2285837259ce4258f6d081340e82c73c3d34b5138a3040596ab19d4fe135e8e1b6bb3fb1df9e827eec3c23190ea24b6b6e08584d33e9cb73","JA493510","10/31/2017 04:46:00 PM","1","DRIVER",NULL,"244549.0",NULL,"ACURA","ACURA","IL","2013.0","NONE","PASSENGER","PERSONAL","S","STRAIGHT AHEAD",NULL,NULL,"1.0",NULL,NULL,NULL,NULL,"Y",NULL,NULL,NULL,NULL,NULL,NULL,NULL,NULL,NULL,NULL,NULL,NULL,"FRONT",NULL,NULL,NULL,NULL,NULL,NULL,NULL,NULL,NULL,NULL,NULL,NULL,NULL,NULL,NULL,NULL,NULL,NULL,NULL,NULL,NULL,NULL,NULL,NULL,NULL,NULL,NULL,NULL,NULL,NULL,NULL,NULL,NULL
"250948","6a3aeb02f8e2b0d3bf06589c91c0ccb3dc9a10939def3c2fbdc061fd3b926b0ee32289c88e410174233e6e94cb9afc669d00933aeb0341fbba0bd634f99df510","JA493579","10/29/2017 12:12:00 AM","2","DRIVER",NULL,"244607.0",NULL,"CHEVROLET","CHEVROLET","IL","2015.0","NONE","PASSENGER","PERSONAL","W","OTHER",NULL,NULL,"1.0",NULL,NULL,NULL,NULL,NULL,"Y","Y",NULL,NULL,NULL,NULL,NULL,NULL,NULL,NULL,NULL,NULL,"FRONT-RIGHT",NULL,NULL,NULL,NULL,NULL,NULL,NULL,NULL,NULL,NULL,NULL,NULL,NULL,NULL,NULL,NULL,NULL,NULL,NULL,NULL,NULL,NULL,NULL,NULL,NULL,NULL,NULL,NULL,NULL,NULL,NULL,NULL,NULL
"250976","71b5d7b22bb9e5e211777932d8fc52af6e35f09d770cceb9effe9889b5e40cc22b914ca1c71f6cca3e18a360572b6eacaec79bb54529d5db614a58fb6c155289","JA493550","10/31/2017 05:45:00 PM","1","DRIVER",NULL,"244629.0",NULL,"NISSAN","Murano","IL","2012.0","UNKNOWN","PASSENGER","PERSONAL","E","SKIDDING/CONTROL LOSS",NULL,NULL,"1.0",NULL,NULL,NULL,NULL,"Y","Y",NULL,NULL,NULL,NULL,NULL,NULL,NULL,NULL,NULL,NULL,NULL,"FRONT",NULL,NULL,NULL,NULL,NULL,NULL,NULL,NULL,NULL,NULL,NULL,NULL,NULL,NULL,NULL,NULL,NULL,NULL,NULL,NULL,NULL,NULL,NULL,NULL,NULL,NULL,NULL,NULL,NULL,NULL,NULL,NULL,NULL
"251468","93661da05c1db801f4f9c61fe2b481e52d3562673dda8dad2611ef9d354e8240bf7f5fb70b6779944c047ae83a6ba1a88cf6a9bca5ffee72e4e4ef2a8320af22","JA494610","11/01/2017 02:35:00 PM","2","DRIVER",NULL,"245091.0",NULL,"HONDA","UNKNOWN","IL","2014.0","NONE","PASSENGER","PERSONAL","W","STRAIGHT AHEAD",NULL,NULL,"1.0",NULL,NULL,NULL,NULL,NULL,NULL,NULL,NULL,NULL,NULL,"Y",NULL,NULL,NULL,NULL,NULL,NULL,"REAR-LEFT",NULL,NULL,NULL,NULL,NULL,NULL,NULL,NULL,NULL,NULL,NULL,NULL,NULL,NULL,NULL,NULL,NULL,NULL,NULL,NULL,NULL,NULL,NULL,NULL,NULL,NULL,NULL,NULL,NULL,NULL,NULL,NULL,NULL
"251765","3a49c89ccd72397b7dc658dd1c75f043322d92c6c9df95c0a8d238df6f9175900461306eed3c1ed6f693cde84df667ec754eaa23043843d1712a9810137f230d","JA495056","11/01/2017 07:45:00 PM","1","DRIVER",NULL,"245363.0",NULL,"TOYOTA MOTOR COMPANY, LTD.","RAV4 (sport utility)","IL","2015.0","NONE","PASSENGER","PERSONAL","S","STRAIGHT AHEAD",NULL,NULL,"1.0",NULL,NULL,NULL,NULL,NULL,NULL,NULL,NULL,NULL,NULL,NULL,"Y",NULL,NULL,NULL,NULL,NULL,"FRONT-LEFT",NULL,NULL,NULL,NULL,NULL,NULL,NULL,NULL,NULL,NULL,NULL,NULL,NULL,NULL,NULL,NULL,NULL,NULL,NULL,NULL,NULL,NULL,NULL,NULL,NULL,NULL,NULL,NULL,NULL,NULL,NULL,NULL,NULL
"251879","4c7fc04e787dfcdf602e312e4f52ff1ad03a431e4c5d25066c065a9f522d945b0e0a4ad037039f243f822b442cb34cc740b8c17b32f995f8f999cfa415298a8e","JA495267","11/01/2017 11:19:00 PM","1","DRIVER",NULL,"245459.0",NULL,"FORD","UNKNOWN","IL","2017.0","UNKNOWN","VAN/MINI-VAN","UNKNOWN/NA","E","UNKNOWN/NA",NULL,NULL,"1.0",NULL,NULL,NULL,NULL,NULL,NULL,NULL,NULL,NULL,NULL,NULL,NULL,NULL,NULL,NULL,NULL,"Y","UNKNOWN",NULL,NULL,NULL,NULL,NULL,NULL,NULL,NULL,NULL,NULL,NULL,NULL,NULL,NULL,NULL,NULL,NULL,NULL,NULL,NULL,NULL,NULL,NULL,NULL,NULL,NULL,NULL,NULL,NULL,NULL,NULL,NULL,NULL
"252201","a8e01905f28d8f66f275b215555a60e9e59234650ea85340ae0e2db67eb9cf6a28129ce7589c76a84530411453324e880eebb33d3915b688a1e6b97fb14dfb88","JA495775","11/02/2017 11:30:00 AM","2","DRIVER",NULL,"245767.0",NULL,"BLUEBIRD INTERNATIONAL","UNKNOWN","IL","2011.0","NONE","TRACTOR W/ SEMI-TRAILER","CONSTRUCTION/MAINTENANCE","N","STRAIGHT AHEAD",NULL,NULL,"1.0",NULL,NULL,NULL,NULL,NULL,"Y",NULL,NULL,NULL,NULL,NULL,NULL,NULL,NULL,NULL,NULL,NULL,"FRONT-RIGHT",NULL,NULL,NULL,NULL,NULL,NULL,NULL,NULL,NULL,NULL,NULL,NULL,NULL,NULL,NULL,NULL,NULL,NULL,NULL,NULL,NULL,NULL,NULL,NULL,NULL,NULL,NULL,NULL,NULL,NULL,NULL,NULL,NULL
"252398","b3ef6bed17532e7d2fa632b45ba8418395ab3fa17b978ac4d992ca1d008dd1b2ca1ecaafeca7fd8efca31399fd31efec734fa4aeafa45c8c72b3f4620f53ed92","JA496119","11/01/2017 06:15:00 PM","2","DRIVER",NULL,"245953.0",NULL,"TOYOTA MOTOR COMPANY, LTD.","Prius","IL","2015.0","NONE","PASSENGER","PERSONAL","S","STRAIGHT AHEAD",NULL,NULL,"1.0",NULL,NULL,NULL,NULL,NULL,NULL,NULL,"Y",NULL,NULL,NULL,NULL,NULL,NULL,NULL,NULL,NULL,"REAR-RIGHT",NULL,NULL,NULL,NULL,NULL,NULL,NULL,NULL,NULL,NULL,NULL,NULL,NULL,NULL,NULL,NULL,NULL,NULL,NULL,NULL,NULL,NULL,NULL,NULL,NULL,NULL,NULL,NULL,NULL,NULL,NULL,NULL,NULL
"252495","9f895919c7afdfbb405ddd0b994129af5640e98149f36cb32c985a1f1ce9b1ef6e8cfb873d54e4a27a0b6078f432952ca3d55150e734a6b9004f368d63831583","JA496214","11/02/2017 04:54:00 PM","1","DRIVER",NULL,"246043.0",NULL,"SUBARU","LEGACY","IL","2009.0","NONE","PASSENGER","PERSONAL","E","U-TURN",NULL,NULL,"1.0",NULL,NULL,NULL,"Y",NULL,NULL,NULL,NULL,NULL,NULL,NULL,"Y",NULL,NULL,NULL,NULL,NULL,"FRONT-LEFT",NULL,NULL,NULL,NULL,NULL,NULL,NULL,NULL,NULL,NULL,NULL,NULL,NULL,NULL,NULL,NULL,NULL,NULL,NULL,NULL,NULL,NULL,NULL,NULL,NULL,NULL,NULL,NULL,NULL,NULL,NULL,NULL,NULL
"252614","52374b7e34df8c10206f577abd07ff47cff1ce2030b4f153df2d36a871d47bd18f21227c34abb225bd3204f04c687210511931488a2fccc874168f2ac9929d4f","JA494024","11/01/2017 06:30:00 AM","2","DRIVER",NULL,"246139.0",NULL,"LINCOLN-CONTINENTAL","MKZ","IL","2017.0","NONE","PASSENGER","PERSONAL","NW","TURNING LEFT",NULL,NULL,"1.0",NULL,NULL,NULL,NULL,"Y","Y",NULL,NULL,NULL,NULL,NULL,NULL,NULL,NULL,NULL,NULL,NULL,"FRONT-RIGHT",NULL,NULL,NULL,NULL,NULL,NULL,NULL,NULL,NULL,NULL,NULL,NULL,NULL,NULL,NULL,NULL,NULL,NULL,NULL,NULL,NULL,NULL,NULL,NULL,NULL,NULL,NULL,NULL,NULL,NULL,NULL,NULL,NULL
"252798","61a16b341c76d312fc81e6266c668fe817b4cb4e5594ff2679f7604d5f006e6c404e55b7883c533b6422b907db09de3e3443629195ae1b5d7ca90914b6fd8903","JA496723","11/03/2017 12:10:00 AM","1","DRIVER",NULL,"246309.0",NULL,"VOLKSWAGEN","JETTA","OH","2012.0","NONE","PASSENGER","PERSONAL","S","BACKING",NULL,NULL,"1.0",NULL,NULL,NULL,NULL,NULL,NULL,NULL,NULL,"Y",NULL,NULL,NULL,NULL,NULL,NULL,NULL,NULL,"REAR",NULL,NULL,NULL,NULL,NULL,NULL,NULL,NULL,NULL,NULL,NULL,NULL,NULL,NULL,NULL,NULL,NULL,NULL,NULL,NULL,NULL,NULL,NULL,NULL,NULL,NULL,NULL,NULL,NULL,NULL,NULL,NULL,NULL
"253365","9d178e2600e31fb395e63f9be2462a397d1a6e338bc9d0ea05c40a6ee05bba6d2ab7db4a1337a5b5bac96948d67df0ee406bb1aaa09f0e69dbf4774ae3f9af49","JA497785","11/02/2017 07:30:00 PM","2","DRIVER",NULL,"246853.0",NULL,"HONDA","ACCORD","IL","2012.0","NONE","PASSENGER","PERSONAL","N","STRAIGHT AHEAD",NULL,NULL,"1.0",NULL,NULL,NULL,NULL,NULL,"Y","Y",NULL,NULL,NULL,NULL,NULL,NULL,NULL,NULL,NULL,NULL,"SIDE-RIGHT",NULL,NULL,NULL,NULL,NULL,NULL,NULL,NULL,NULL,NULL,NULL,NULL,NULL,NULL,NULL,NULL,NULL,NULL,NULL,NULL,NULL,NULL,NULL,NULL,NULL,NULL,NULL,NULL,NULL,NULL,NULL,NULL,NULL
"253468","05438929b73d05f155d264ca0bd6979f280f592be99ba1d8c39ace6c48d0883b9333a96b9795e957cb74b0932b0f59dab6cffcafeff4d7d9a64fa19725e206c8","JA497979","11/03/2017 10:13:00 PM","2","DRIVER",NULL,"246953.0",NULL,"JEEP","CHEROKEE","IL","2011.0","NONE","PASSENGER","PERSONAL","S","STRAIGHT AHEAD","Y",NULL,"1.0",NULL,NULL,NULL,NULL,"Y","Y","Y",NULL,NULL,NULL,NULL,"Y",NULL,NULL,NULL,NULL,NULL,"FRONT-LEFT",NULL,NULL,NULL,NULL,NULL,NULL,NULL,NULL,NULL,NULL,NULL,NULL,NULL,NULL,NULL,NULL,NULL,NULL,NULL,NULL,NULL,NULL,NULL,NULL,NULL,NULL,NULL,NULL,NULL,NULL,NULL,NULL,NULL
"253740","b14c4f16ee4d24ecc0ea089446d6337a507cd6d39d9508b682af66edbf79ad2991af2301025eaaca8a8310b3338ac4c1af680658d5ed8673927597ecf9021bdf","JA498423","11/01/2017 01:00:00 PM","2","PARKED",NULL,"247201.0",NULL,"TOYOTA MOTOR COMPANY, LTD.","CAMRY","MI","2017.0","UNKNOWN","PASSENGER","OTHER","UNKNOWN","PARKED",NULL,NULL,"0.0",NULL,NULL,NULL,NULL,NULL,NULL,NULL,NULL,"Y",NULL,NULL,NULL,NULL,NULL,NULL,NULL,NULL,"REAR-RIGHT",NULL,NULL,NULL,NULL,NULL,NULL,NULL,NULL,NULL,NULL,NULL,NULL,NULL,NULL,NULL,NULL,NULL,NULL,NULL,NULL,NULL,NULL,NULL,NULL,NULL,NULL,NULL,NULL,NULL,NULL,NULL,NULL,NULL
"253948","3f2c8b3fbb86d53d9377857f63806b478347be5007daf45089be61c945b907590e79a5350dff0b77f5021ac14b365bd7c290d20ecc393e64a818fe52a1278632","JA498445","11/04/2017 09:42:00 AM","2","DRIVER",NULL,"247402.0",NULL,"MITSUBISHI","Endeavor","IL","2011.0","NONE","SPORT UTILITY VEHICLE (SUV)","PERSONAL","E","SLOW/STOP IN TRAFFIC",NULL,NULL,"1.0",NULL,NULL,NULL,NULL,NULL,NULL,NULL,NULL,"Y",NULL,NULL,NULL,NULL,NULL,NULL,NULL,NULL,"REAR",NULL,NULL,NULL,NULL,NULL,NULL,NULL,NULL,NULL,NULL,NULL,NULL,NULL,NULL,NULL,NULL,NULL,NULL,NULL,NULL,NULL,NULL,NULL,NULL,NULL,NULL,NULL,NULL,NULL,NULL,NULL,NULL,NULL