"CRASH_UNIT_ID","CRASH_RECORD_ID","RD_NO","CRASH_DATE","UNIT_NO","UNIT_TYPE","NUM_PASSENGERS","VEHICLE_ID","CMRC_VEH_I","MAKE","MODEL","LIC_PLATE_STATE","VEHICLE_YEAR","VEHICLE_DEFECT","VEHICLE_TYPE","VEHICLE_USE","TRAVEL_DIRECTION","MANEUVER","TOWED_I","FIRE_I","OCCUPANT_CNT","EXCEED_SPEED_LIMIT_I","TOWED_BY","TOWED_TO","AREA_00_I","AREA_01_I","AREA_02_I","AREA_03_I","AREA_04_I","AREA_05_I","AREA_06_I","AREA_07_I","AREA_08_I","AREA_09_I","AREA_10_I","AREA_11_I","AREA_12_I","AREA_99_I","FIRST_CONTACT_POINT","CMV_ID","USDOT_NO","CCMC_NO","ILCC_NO","COMMERCIAL_SRC","GVWR","CARRIER_NAME","CARRIER_STATE","CARRIER_CITY","HAZMAT_PLACARDS_I","HAZMAT_NAME","UN_NO","HAZMAT_PRESENT_I","HAZMAT_REPORT_I","HAZMAT_REPORT_NO","MCS_REPORT_I","MCS_REPORT_NO","HAZMAT_VIO_CAUSE_CRASH_I","MCS_VIO_CAUSE_CRASH_I","IDOT_PERMIT_NO","WIDE_LOAD_I","TRAILER1_WIDTH","TRAILER2_WIDTH","TRAILER1_LENGTH","TRAILER2_LENGTH","TOTAL_VEHICLE_LENGTH","AXLE_CNT","VEHICLE_CONFIG","CARGO_BODY_TYPE","LOAD_TYPE","HAZMAT_OUT_OF_SERVICE_I","MCS_OUT_OF_SERVICE_I","HAZMAT_CLASS"
"254033","35ea14a211edeaabc98336eeabf3442a5212e8ff458b866d0f6bab3239fe15836a37287898b7af71fec7b149d9fceb12be09919488a0ef4f347a395b5b722ef5","JA486903","10/26/2017 03:00:00 PM","1","DRIVER",NULL,"247456.0",NULL,"TOYOTA MOTOR COMPANY, LTD.","Highlander(beginning vehicle year 2001)","IL","2015.0","NONE","SPORT UTILITY VEHICLE (SUV)","PERSONAL","S","STRAIGHT AHEAD",NULL,NULL,"1.0",NULL,NULL,NULL,NULL,NULL,NULL,NULL,NULL,NULL,NULL,NULL,"Y",NULL,NULL,NULL,NULL,NULL,"FRONT-LEFT",NULL,NULL,NULL,NULL,NULL,NULL,NULL,NULL,NULL,NULL,NULL,NULL,NULL,NULL,NULL,NULL,NULL,NULL,NULL,NULL,NULL,NULL,NULL,NULL,NULL,NULL,NULL,NULL,NULL,NULL,NULL,NULL,NULL
"254066","a44bd192b0c46e5f26d9ad9930143da93b638e5a9532d9dbc8a081b0e4de7a1eef56e569f328deb4fe7242e23882b75b4dbbf1569b95aef189ee9d93d8244702","JA498817","11/04/2017 02:45:00 PM","2","DRIVER","1.0","247501.0","Y","FORD","UNKNOWN","IL","2016.0","UNKNOWN","OTHER","AMBULANCE","N","SLOW/STOP IN TRAFFIC",NULL,NULL,"2.0",NULL,NULL,NULL,NULL,NULL,NULL,NULL,NULL,NULL,"Y",NULL,NULL,NULL,NULL,NULL,NULL,NULL,"REAR-LEFT","1804.0",NULL,NULL,NULL,"DRIVER","9000","LIFELINE AMBULANCE, LLC","IL","SKOKIE",NULL,NULL,NULL,NULL,NULL,NULL,NULL,NULL,NULL,NULL,NULL,NULL,NULL,NULL,NULL,NULL,NULL,NULL,NULL,NULL,NULL,NULL,NULL,NULL
"254155","852657ec919e0bde638d98ba9758ade83f4a3fcdbf92f515376bee45e73ce0e871f5ca2dd6ca3b2c2ea6b3541748aeb00da0678e3bd5c38ac27bba86050eb5d8","JA498997","11/04/2017 06:20:00 PM","2","DRIVER",NULL,"247584.0",NULL,"TOYOTA MOTOR COMPANY, LTD.","CAMRY","IL","2013.0","UNKNOWN","PASSENGER","TAXI/FOR HIRE","W","STRAIGHT AHEAD",NULL,NULL,"1.0",NULL,NULL,NULL,NULL,NULL,"Y",NULL,NULL,NULL,NULL,NULL,NULL,NULL,NULL,NULL,NULL,NULL,"FRONT-RIGHT",NULL,NULL,NULL,NULL,NULL,NULL,NULL,NULL,NULL,NULL,NULL,NULL,NULL,NULL,NULL,NULL,NULL,NULL,NULL,NULL,NULL,NULL,NULL,NULL,NULL,NULL,NULL,NULL,NULL,NULL,NULL,NULL,NULL
"254570","1b74288bac80d392ddf0f54255e8634181388952c4a48f9f9a081469af2362d656f735591789d0b3aa621222f020bacb00a866b7af863c2aa58b5d772f13dbe1","JA499775","11/04/2017 02:15:00 PM","2","DRIVER",NULL,"247970.0",NULL,"HONDA","CRV",NULL,"2014.0","NONE","SPORT UTILITY VEHICLE (SUV)","PERSONAL","E","SLOW/STOP IN TRAFFIC",NULL,NULL,"1.0",NULL,NULL,NULL,NULL,NULL,NULL,NULL,NULL,"Y",NULL,NULL,NULL,NULL,NULL,NULL,NULL,NULL,"REAR",NULL,NULL,NULL,NULL,NULL,NULL,NULL,NULL,NULL,NULL,NULL,NULL,NULL,NULL,NULL,NULL,NULL,NULL,NULL,NULL,NULL,NULL,NULL,NULL,NULL,NULL,NULL,NULL,NULL,NULL,NULL,NULL,NULL
"254586","186b0e02f6a0c492c3dc9c3b5191bdb6f374ce7a696015109ef7a3d1a6b38800c99f2a94abc116b5d4ccbc85447351342c5f13510edaa3317bac69daad42e2ed","JA499809","11/05/2017 11:54:00 AM","1","DRIVER",NULL,"247995.0",NULL,"NISSAN","SENTRA (DATSUN AND NISSAN HAVE MERGED)","IL","2010.0","NONE","PASSENGER","PERSONAL","S","TURNING RIGHT",NULL,NULL,"1.0",NULL,NULL,NULL,NULL,"Y",NULL,NULL,NULL,NULL,NULL,NULL,NULL,NULL,NULL,NULL,NULL,NULL,"FRONT",NULL,NULL,NULL,NULL,NULL,NULL,NULL,NULL,NULL,NULL,NULL,NULL,NULL,NULL,NULL,NULL,NULL,NULL,NULL,NULL,NULL,NULL,NULL,NULL,NULL,NULL,NULL,NULL,NULL,NULL,NULL,NULL,NULL
"255075","bfc36d7dd5f4051973276e0eea978e8a129fd1a8089f6bf0fb5a96bc17708118a1bcbbf79d2734efd44bf815ece1dbc3898c3e138a25e6489c5dd0cb77108dfe","JA500747","11/06/2017 08:15:00 AM","2","PARKED",NULL,"248440.0",NULL,"TOYOTA MOTOR COMPANY, LTD.","CAMRY","IL","2014.0","NONE","PASSENGER","NOT IN USE","N","PARKED",NULL,NULL,"0.0",NULL,NULL,NULL,NULL,NULL,NULL,NULL,NULL,"Y",NULL,NULL,NULL,NULL,NULL,NULL,NULL,NULL,"REAR",NULL,NULL,NULL,NULL,NULL,NULL,NULL,NULL,NULL,NULL,NULL,NULL,NULL,NULL,NULL,NULL,NULL,NULL,NULL,NULL,NULL,NULL,NULL,NULL,NULL,NULL,NULL,NULL,NULL,NULL,NULL,NULL,NULL
"255081","91e799c4e53298b249aacccdef5b5790273d4623d25eed8496a0541417fd53c57f439b4aec48fe6d8d6a7cb2d20875d3ae5ca63b23392907a7ee14f05c9aa1c8","JA500751","11/06/2017 08:00:00 AM","2","PARKED",NULL,"248435.0",NULL,"AUDI","A4","IL","2014.0","NONE","PASSENGER","PERSONAL","N","PARKED",NULL,NULL,"0.0",NULL,NULL,NULL,NULL,NULL,NULL,NULL,NULL,NULL,"Y","Y","Y",NULL,NULL,NULL,NULL,NULL,"SIDE-LEFT",NULL,NULL,NULL,NULL,NULL,NULL,NULL,NULL,NULL,NULL,NULL,NULL,NULL,NULL,NULL,NULL,NULL,NULL,NULL,NULL,NULL,NULL,NULL,NULL,NULL,NULL,NULL,NULL,NULL,NULL,NULL,NULL,NULL
"255205","a6b055bd1da3b01d0d63b19ac28dbad137ab37c4be1d604d3509f9f5d697dec5c22318ad62aa8e08b54dc54197dc08084406aa2060716136b1cd20634855f192","JA500943","11/06/2017 10:57:00 AM","2","DRIVER",NULL,"248556.0",NULL,"TOYOTA MOTOR COMPANY, LTD.","CAMRY","IL","2017.0","NONE","PASSENGER","PERSONAL","S","STRAIGHT AHEAD",NULL,NULL,"1.0",NULL,NULL,NULL,NULL,"Y","Y","Y",NULL,NULL,NULL,NULL,NULL,NULL,NULL,NULL,NULL,NULL,"FRONT-RIGHT",NULL,NULL,NULL,NULL,NULL,NULL,NULL,NULL,NULL,NULL,NULL,NULL,NULL,NULL,NULL,NULL,NULL,NULL,NULL,NULL,NULL,NULL,NULL,NULL,NULL,NULL,NULL,NULL,NULL,NULL,NULL,NULL,NULL
"255638","207c2e79e2f4c2da8434f911202b2b01144c3a35978aad908fe38929f3b022707edb2a6ca0402753e1990722e95b1a5690082b78804b450830c83e218a00a4eb","JA501752","11/06/2017 05:48:00 PM","2","DRIVER",NULL,"248968.0",NULL,"DODGE","DART","IL","2016.0","UNKNOWN","PASSENGER","PERSONAL","W","STRAIGHT AHEAD",NULL,NULL,"1.0",NULL,NULL,NULL,NULL,NULL,NULL,NULL,NULL,NULL,"Y",NULL,NULL,NULL,NULL,NULL,NULL,NULL,"REAR-LEFT",NULL,NULL,NULL,NULL,NULL,NULL,NULL,NULL,NULL,NULL,NULL,NULL,NULL,NULL,NULL,NULL,NULL,NULL,NULL,NULL,NULL,NULL,NULL,NULL,NULL,NULL,NULL,NULL,NULL,NULL,NULL,NULL,NULL
"255668","49bc0f064a690ef293efab25e0fe40b4aa311b9a0abb415eb8b8478fe660d3c53b96b29a2af56aca31306986e1f7e51b6b013607b530381b32c17a13f5171666","JA496662","11/02/2017 10:27:00 PM","1","DRIVER",NULL,"248996.0",NULL,"TOYOTA MOTOR COMPANY, LTD.","UNKNOWN","IL","2012.0","NONE","VAN/MINI-VAN","PERSONAL","E","ENTERING TRAFFIC LANE FROM PARKING",NULL,NULL,"1.0",NULL,NULL,NULL,NULL,"Y","Y",NULL,NULL,NULL,NULL,NULL,"Y",NULL,NULL,NULL,NULL,NULL,"FRONT-LEFT",NULL,NULL,NULL,NULL,NULL,NULL,NULL,NULL,NULL,NULL,NULL,NULL,NULL,NULL,NULL,NULL,NULL,NULL,NULL,NULL,NULL,NULL,NULL,NULL,NULL,NULL,NULL,NULL,NULL,NULL,NULL,NULL,NULL
"255773","3e563994bbb3398628a0ca301b79bfa065179ed3cbdd885a1cf08784daee5bb6a6ac6753bc5e07ab343b210c56605b55665a1b9b9f1b11b96fd0dd4b96902910","JA502113","11/07/2017 07:35:00 AM","1","DRIVER",NULL,"249089.0",NULL,"HONDA","CIVIC","IL","2015.0","NONE","PASSENGER","UNKNOWN/NA","S","STRAIGHT AHEAD",NULL,NULL,"1.0",NULL,NULL,NULL,NULL,NULL,"Y",NULL,NULL,NULL,NULL,NULL,NULL,NULL,NULL,NULL,"Y","N","FRONT-RIGHT",NULL,NULL,NULL,NULL,NULL,NULL,NULL,NULL,NULL,NULL,NULL,NULL,NULL,NULL,NULL,NULL,NULL,NULL,NULL,NULL,NULL,NULL,NULL,NULL,NULL,NULL,NULL,NULL,NULL,NULL,NULL,NULL,NULL
"256201","a35720991c1609a316cda94dc7d97dfe429a80d655974586d5e8ca6ad479314f2a38c09ce365a3822a488e2e6e495fda6878be7ee042a83489934672c038a791","JA502828","11/07/2017 04:28:00 PM","1","DRIVER",NULL,"249488.0",NULL,"CHRYSLER","Pacifica (Sport Wagon)","IL","2008.0","UNKNOWN","VAN/MINI-VAN","UNKNOWN/NA","S","STRAIGHT AHEAD","Y",NULL,"1.0",NULL,NULL,NULL,NULL,NULL,"Y","Y","Y",NULL,NULL,NULL,NULL,NULL,NULL,NULL,NULL,NULL,"UNKNOWN",NULL,NULL,NULL,NULL,NULL,NULL,NULL,NULL,NULL,NULL,NULL,NULL,NULL,NULL,NULL,NULL,NULL,NULL,NULL,NULL,NULL,NULL,NULL,NULL,NULL,NULL,NULL,NULL,NULL,NULL,NULL,NULL,NULL
"256353","d6cfd2f4f6aaca1cdf2ee1346de24fa607ee286487523da7fe556a920853efc501fdc0447c2ff9efd2a10934f8bc36cb6fe1425a29e7bf22c5477c196ffa1993","JA503070","11/06/2017 06:00:00 PM","2","DRIVER","1.0","249648.0",NULL,"MERCEDES-BENZ","G55","IL","2016.0","NONE","PASSENGER","PERSONAL","S","OTHER",NULL,NULL,"2.0",NULL,NULL,NULL,NULL,NULL,NULL,NULL,NULL,"Y",NULL,NULL,NULL,NULL,NULL,NULL,NULL,NULL,"REAR",NULL,NULL,NULL,NULL,NULL,NULL,NULL,NULL,NULL,NULL,NULL,NULL,NULL,NULL,NULL,NULL,NULL,NULL,NULL,NULL,NULL,NULL,NULL,NULL,NULL,NULL,NULL,NULL,NULL,NULL,NULL,NULL,NULL
"256988","c98fdf13c562fe9c328d199de6d3585c57f1ee801800dc0c5380be17979f113d7222db4a9974c8529dbe756cf4688314076f34a1f3dd1d8308555035a06773c5","JA504321","11/08/2017 06:36:00 PM","2","DRIVER",NULL,"250238.0",NULL,"MAZDA","UNKNOWN","IL","2016.0","NONE","PASSENGER","PERSONAL","N","SLOW/STOP IN TRAFFIC",NULL,NULL,"1.0",NULL,NULL,NULL,NULL,NULL,NULL,NULL,"Y",NULL,NULL,NULL,NULL,NULL,NULL,NULL,NULL,NULL,"REAR-RIGHT",NULL,NULL,NULL,NULL,NULL,NULL,NULL,NULL,NULL,NULL,NULL,NULL,NULL,NULL,NULL,NULL,NULL,NULL,NULL,NULL,NULL,NULL,NULL,NULL,NULL,NULL,NULL,NULL,NULL,NULL,NULL,NULL,NULL
"257022","7f082ddab96636b861690ecabdcabb867c97808242b7b146aeefc510456c17242de20d5765a934f42eda208c7be592ef9d6ef364a52b5288b57c74159815b780","JA504310","11/08/2017 06:47:00 PM","2","DRIVER",NULL,"250280.0",NULL,"JEEP","CHEROKEE","IL","2016.0","NONE","PASSENGER","PERSONAL","S","STRAIGHT AHEAD",NULL,NULL,"1.0",NULL,NULL,NULL,NULL,"Y",NULL,NULL,NULL,NULL,NULL,NULL,"Y",NULL,NULL,NULL,NULL,NULL,"FRONT-LEFT",NULL,NULL,NULL,NULL,NULL,NULL,NULL,NULL,NULL,NULL,NULL,NULL,NULL,NULL,NULL,NULL,NULL,NULL,NULL,NULL,NULL,NULL,NULL,NULL,NULL,NULL,NULL,NULL,NULL,NULL,NULL,NULL,NULL
"257473","a2640f81220a7af146bd211e2f24702b8004824ef476f0952d2f454dea5a23695a411aca8f7f92603d39f6f611f67790c5db8c280a2450e0cd8bf49becfb3aef","JA505328","11/09/2017 02:55:00 PM","1","DRIVER",NULL,"250705.0",NULL,"CHEVROLET","CRUZE","IL","2014.0","NONE","PASSENGER","PERSONAL","S","STRAIGHT AHEAD",NULL,NULL,"1.0",NULL,NULL,NULL,NULL,"Y","Y",NULL,NULL,NULL,NULL,NULL,NULL,NULL,NULL,NULL,NULL,NULL,"FRONT",NULL,NULL,NULL,NULL,NULL,NULL,NULL,NULL,NULL,NULL,NULL,NULL,NULL,NULL,NULL,NULL,NULL,NULL,NULL,NULL,NULL,NULL,NULL,NULL,NULL,NULL,NULL,NULL,NULL,NULL,NULL,NULL,NULL
"257488","2fd9305c562c11b9521c183b517b727ca968acba610d6e106cfbe234b950291b566162c54ff333b696fdfa7fafdc3812fba4ff3109069ebb01e1bf10c0b878ee","JA465617","10/10/2017 10:45:00 AM","1","DRIVER",NULL,"250718.0","Y","FREIGHTLINER CORP.","FREIGHTLINER CORP.","IN","2009.0","NONE","TRUCK - SINGLE UNIT","COMMERCIAL - SINGLE UNIT","E","LEAVING TRAFFIC LANE TO PARK",NULL,NULL,"1.0",NULL,NULL,NULL,"Y",NULL,NULL,NULL,NULL,NULL,NULL,NULL,NULL,NULL,NULL,NULL,NULL,NULL,"REAR-RIGHT","1860.0",NULL,NULL,NULL,"PAPERS",NULL,"TWO MEN AND A TRUCK","MI","LANSING",NULL,NULL,NULL,"N","N",NULL,"N",NULL,"N","N",NULL,NULL,NULL,NULL,NULL,NULL,NULL,NULL,"SINGLE UNIT TRUCK, 2 AXLES, 6 TIRES","VAN/ENCLOSED BOX","OTHER","N","N",NULL
"257632","8612ef385cfb48b42fe6202a219b71c8fd3415446b00565acd24c9725d72ee489ed5e9f02b3e9063b9ffd1565a94872cad6261a454b5083a939f1c481f465e69","JA505520","11/09/2017 05:00:00 PM","2","DRIVER",NULL,"250856.0",NULL,"BMW","535 SERIES","IL","2014.0","UNKNOWN","PASSENGER","PERSONAL","S","OTHER",NULL,NULL,"1.0",NULL,NULL,NULL,NULL,NULL,NULL,NULL,NULL,NULL,NULL,"Y",NULL,NULL,NULL,NULL,NULL,NULL,"SIDE-LEFT",NULL,NULL,NULL,NULL,NULL,NULL,NULL,NULL,NULL,NULL,NULL,NULL,NULL,NULL,NULL,NULL,NULL,NULL,NULL,NULL,NULL,NULL,NULL,NULL,NULL,NULL,NULL,NULL,NULL,NULL,NULL,NULL,NULL
"257747","d5cb162a27b74fc1ed595e59b8148f72a854fd7525489bf4e6185f01524cff2ed73870ae66e80f5f760bc03217a266b0061cc40a4a472e11c9371d4c6c3c9de8","JA505795","11/09/2017 09:45:00 PM","1","DRIVER",NULL,"250965.0",NULL,"TOYOTA MOTOR COMPANY, LTD.","RAV4 (sport utility)","IL","2015.0","NONE","PASSENGER","PERSONAL","E","STRAIGHT AHEAD",NULL,NULL,"1.0",NULL,NULL,NULL,NULL,NULL,NULL,NULL,NULL,NULL,NULL,NULL,NULL,NULL,NULL,NULL,NULL,NULL,"FRONT",NULL,NULL,NULL,NULL,NULL,NULL,NULL,NULL,NULL,NULL,NULL,NULL,NULL,NULL,NULL,NULL,NULL,NULL,NULL,NULL,NULL,NULL,NULL,NULL,NULL,NULL,NULL,NULL,NULL,NULL,NULL,NULL,NULL
"257829","940ea3697ecc8199bb5810a050fc307f5b185096325174493330f3574f9056ae32a26470e570760d6063c5265c1a6ac9cb10404d4d61ab86e1d644c0e2bf44de","JA505928","11/10/2017 02:20:00 AM","2","DRIVER","1.0","251020.0",NULL,"HYUNDAI","SONATA","IL","2009.0","NONE","PASSENGER","PERSONAL","W","STRAIGHT AHEAD",NULL,NULL,"2.0",NULL,NULL,NULL,NULL,"Y",NULL,NULL,NULL,NULL,NULL,NULL,NULL,NULL,NULL,NULL,NULL,NULL,"FRONT",NULL,NULL,NULL,NULL,NULL,NULL,NULL,NULL,NULL,NULL,NULL,NULL,NULL,NULL,NULL,NULL,NULL,NULL,NULL,NULL,NULL,NULL,NULL,NULL,NULL,NULL,NULL,NULL,NULL,NULL,NULL,NULL,NULL
"258258","933820d2e865b53491ff974adf97accf7009268d4816fae3a77e196e3911f3283c38031c1e77c92e87425bf40aacd67bd3887b2841b3d3261315166f827cab4e","JA506402","11/10/2017 12:00:00 PM","1","DRIVER",NULL,"251412.0",NULL,"DODGE","CHARGER","IL","2009.0","NONE","PASSENGER","PERSONAL","N","STRAIGHT AHEAD",NULL,NULL,"1.0",NULL,NULL,NULL,NULL,NULL,NULL,NULL,NULL,NULL,NULL,NULL,"Y",NULL,NULL,NULL,NULL,NULL,"FRONT-LEFT",NULL,NULL,NULL,NULL,NULL,NULL,NULL,NULL,NULL,NULL,NULL,NULL,NULL,NULL,NULL,NULL,NULL,NULL,NULL,NULL,NULL,NULL,NULL,NULL,NULL,NULL,NULL,NULL,NULL,NULL,NULL,NULL,NULL
"258775","9f7209ce0db39244886add5037d5e568d8bcb73e2f9fd3be76df18fd8c068a78a3f23b63dac01187fe7507f3a4aaaa300ba0fe806d40693c87a29b36b435e3fd","JA507123","11/10/2017 08:29:00 PM","2","PARKED",NULL,"251905.0",NULL,"DODGE","RAM 1500 PU","IL","2014.0","UNKNOWN","PICKUP","PERSONAL","UNKNOWN","PARKED",NULL,NULL,"0.0",NULL,NULL,NULL,NULL,NULL,NULL,NULL,NULL,NULL,NULL,NULL,"Y",NULL,NULL,NULL,NULL,NULL,"FRONT-LEFT",NULL,NULL,NULL,NULL,NULL,NULL,NULL,NULL,NULL,NULL,NULL,NULL,NULL,NULL,NULL,NULL,NULL,NULL,NULL,NULL,NULL,NULL,NULL,NULL,NULL,NULL,NULL,NULL,NULL,NULL,NULL,NULL,NULL
"259592","453f5375293b2915d68c40d9378c4ff851ab1241a8eb3ec548cb823801c38247390baeb0e1be6f956000c472031860a7958dfea5f7798c6a72a055c8752ceec8","JA508307","11/11/2017 05:20:00 PM","2","PARKED",NULL,"252659.0",NULL,"HONDA","CIVIC","AL","2012.0","NONE","PASSENGER","NOT IN USE","W","PARKED",NULL,NULL,"0.0",NULL,NULL,NULL,NULL,NULL,NULL,NULL,NULL,NULL,"Y","Y","Y",NULL,NULL,NULL,NULL,NULL,"UNKNOWN",NULL,NULL,NULL,NULL,NULL,NULL,NULL,NULL,NULL,NULL,NULL,NULL,NULL,NULL,NULL,NULL,NULL,NULL,NULL,NULL,NULL,NULL,NULL,NULL,NULL,NULL,NULL,NULL,NULL,NULL,NULL,NULL,NULL
"260294","91d95b81bab59b30769e20ec47a9859154b666f6db43750a78d040fa4afda46b3edfb100a6d3e0220dc6ebc13f1afeb57bbbf5b4b50f7dde82e0dd7f82b5dd01","JA509474","11/12/2017 09:48:00 PM","5","DRIVERLESS",NULL,"253324.0",NULL,"HONDA","ACCORD","IL","2008.0","NONE","PASSENGER","PERSONAL","N","PARKED",NULL,NULL,"0.0",NULL,NULL,NULL,NULL,"Y","Y",NULL,"Y","Y","Y","Y","Y",NULL,"Y","Y",NULL,NULL,"TOTAL (ALL AREAS)",NULL,NULL,NULL,NULL,NULL,NULL,NULL,NULL,NULL,NULL,NULL,NULL,NULL,NULL,NULL,NULL,NULL,NULL,NULL,NULL,NULL,NULL,NULL,NULL,NULL,NULL,NULL,NULL,NULL,NULL,NULL,NULL,NULL
"260376","a53ea2387aabc1e51c4106e1275fa3d3e6e280a1f36542691648d15bf94c427514587ba4a8484b7d7defa1a064b5804dbb4a72a3746643faee32cccd492a96d2","JA509659","11/13/2017 04:00:00 AM","2","PARKED",NULL,"253394.0",NULL,"CADILLAC","UNKNOWN","IL","2010.0","UNKNOWN","PASSENGER","NOT IN USE","UNKNOWN","PARKED",NULL,NULL,"0.0",NULL,NULL,NULL,NULL,"Y",NULL,NULL,NULL,NULL,NULL,NULL,NULL,NULL,NULL,NULL,NULL,NULL,"FRONT",NULL,NULL,NULL,NULL,NULL,NULL,NULL,NULL,NULL,NULL,NULL,NULL,NULL,NULL,NULL,NULL,NULL,NULL,NULL,NULL,NULL,NULL,NULL,NULL,NULL,NULL,NULL,NULL,NULL,NULL,NULL,NULL,NULL
"260565","23390b620efb1bc699be61028c0d5312d822ebd36fe85c0a06d6642d0db60d660fb9f442756a50ce4bd74eef33ac2919a6760a8fde48fe1634754424637050b3","JA509910","11/13/2017 08:20:00 AM","2","DRIVER",NULL,"253567.0",NULL,"FORD","ESCAPE (SUV)","IL","2012.0","NONE","SPORT UTILITY VEHICLE (SUV)","TAXI/FOR HIRE","N","STRAIGHT AHEAD",NULL,NULL,"1.0",NULL,NULL,NULL,NULL,NULL,NULL,NULL,NULL,NULL,NULL,"Y",NULL,NULL,NULL,NULL,NULL,NULL,"SIDE-LEFT",NULL,NULL,NULL,NULL,NULL,NULL,NULL,NULL,NULL,NULL,NULL,NULL,NULL,NULL,NULL,NULL,NULL,NULL,NULL,NULL,NULL,NULL,NULL,NULL,NULL,NULL,NULL,NULL,NULL,NULL,NULL,NULL,NULL
"261171","482f1d113d7bb6da4a761f6d0c2afe27445b6ea9de77306875b4bb32342d657c4acd5663eca73340e6b2a724fb6b2ef606b7f16ab8bcc48737f41d8a7482da0f","JA511037","11/14/2017 05:40:00 AM","2","DRIVER",NULL,"254137.0",NULL,"LAND ROVER","Discovery","TN","2017.0","NONE","SPORT UTILITY VEHICLE (SUV)","OTHER","N","SLOW/STOP IN TRAFFIC",NULL,NULL,"1.0",NULL,NULL,NULL,NULL,NULL,NULL,NULL,NULL,NULL,NULL,NULL,NULL,NULL,NULL,NULL,NULL,NULL,"REAR",NULL,NULL,NULL,NULL,NULL,NULL,NULL,NULL,NULL,NULL,NULL,NULL,NULL,NULL,NULL,NULL,NULL,NULL,NULL,NULL,NULL,NULL,NULL,NULL,NULL,NULL,NULL,NULL,NULL,NULL,NULL,NULL,NULL
"261265","0e257389e3545582b7c6b2438f69c75917fd990e34d8be12ab8f39c3c0d9c48465068b677a664cb304e114073079968085299010c0f43f57e3f15789992d3d46","JA511116","11/14/2017 08:06:00 AM","2","DRIVER",NULL,"254237.0",NULL,"BMW","3 SERIES","IL","2017.0","NONE","PASSENGER","PERSONAL","N","STRAIGHT AHEAD","Y",NULL,"1.0",NULL,NULL,NULL,NULL,"Y","Y",NULL,NULL,NULL,NULL,"Y","Y",NULL,NULL,NULL,NULL,NULL,"FRONT-RIGHT",NULL,NULL,NULL,NULL,NULL,NULL,NULL,NULL,NULL,NULL,NULL,NULL,NULL,NULL,NULL,NULL,NULL,NULL,NULL,NULL,NULL,NULL,NULL,NULL,NULL,NULL,NULL,NULL,NULL,NULL,NULL,NULL,NULL
"261381","fb004779987a695e1065fca3469e777115cd6c1d4546cdd981743663a7f5133bd6627b76c672e0f74b925ba074bdcc494792d7226c6a375d7447903da2b5237a","JA510787","11/13/2017 10:15:00 AM","1","DRIVER",NULL,"254336.0",NULL,"UNKNOWN","UNKNOWN","IL","2015.0","UNKNOWN","TRUCK - SINGLE UNIT","OTHER","E","STRAIGHT AHEAD",NULL,NULL,"1.0",NULL,NULL,NULL,"Y",NULL,NULL,NULL,NULL,NULL,NULL,NULL,NULL,NULL,NULL,NULL,NULL,NULL,"UNKNOWN",NULL,NULL,NULL,NULL,NULL,NULL,NULL,NULL,NULL,NULL,NULL,NULL,NULL,NULL,NULL,NULL,NULL,NULL,NULL,NULL,NULL,NULL,NULL,NULL,NULL,NULL,NULL,NULL,NULL,NULL,NULL,NULL,NULL
"262031","5480b7c54ce274ec62a5f665d00e6f4f5ed9b0e6044049df6e57570e63fb2ec0ff3c429e773c3b6054dca73c9ee710e0abddb36226aad69dd5fe7c4e2955f9f8","JA512535","11/15/2017 10:04:00 AM","1","DRIVER",NULL,"254951.0",NULL,"UNKNOWN","UNKNOWN","IL","2017.0","UNKNOWN","TRUCK - SINGLE UNIT","OTHER","E","PASSING/OVERTAKING",NULL,NULL,"1.0",NULL,NULL,NULL,NULL,NULL,NULL,"Y",NULL,NULL,NULL,NULL,NULL,NULL,NULL,NULL,NULL,NULL,"FRONT-RIGHT",NULL,NULL,NULL,NULL,NULL,NULL,NULL,NULL,NULL,NULL,NULL,NULL,NULL,NULL,NULL,NULL,NULL,NULL,NULL,NULL,NULL,NULL,NULL,NULL,NULL,NULL,NULL,NULL,NULL,NULL,NULL,NULL,NULL
"262147","34c3021d6a0e553fce82ad056153c008a327a349eee59a924e253a24354aebc1a5f9599c4817d5ef906b17cc6e6b671dee23f5823fc0668b363fb146eff2c819","JA512694","11/15/2017 11:50:00 AM","1","DRIVER",NULL,"255053.0",NULL,"CHEVROLET","IMPALA","IL","2012.0","NONE","PASSENGER","PERSONAL","N","ENTERING TRAFFIC LANE FROM PARKING","Y",NULL,"1.0",NULL,"UNKNOWN","UNKNOWN",NULL,NULL,NULL,NULL,NULL,NULL,NULL,"Y","Y",NULL,NULL,NULL,NULL,NULL,"FRONT-LEFT",NULL,NULL,NULL,NULL,NULL,NULL,NULL,NULL,NULL,NULL,NULL,NULL,NULL,NULL,NULL,NULL,NULL,NULL,NULL,NULL,NULL,NULL,NULL,NULL,NULL,NULL,NULL,NULL,NULL,NULL,NULL,NULL,NULL