"CRASH_UNIT_ID","CRASH_RECORD_ID","RD_NO","CRASH_DATE","UNIT_NO","UNIT_TYPE","NUM_PASSENGERS","VEHICLE_ID","CMRC_VEH_I","MAKE","MODEL","LIC_PLATE_STATE","VEHICLE_YEAR","VEHICLE_DEFECT","VEHICLE_TYPE","VEHICLE_USE","TRAVEL_DIRECTION","MANEUVER","TOWED_I","FIRE_I","OCCUPANT_CNT","EXCEED_SPEED_LIMIT_I","TOWED_BY","TOWED_TO","AREA_00_I","AREA_01_I","AREA_02_I","AREA_03_I","AREA_04_I","AREA_05_I","AREA_06_I","AREA_07_I","AREA_08_I","AREA_09_I","AREA_10_I","AREA_11_I","AREA_12_I","AREA_99_I","FIRST_CONTACT_POINT","CMV_ID","USDOT_NO","CCMC_NO","ILCC_NO","COMMERCIAL_SRC","GVWR","CARRIER_NAME","CARRIER_STATE","CARRIER_CITY","HAZMAT_PLACARDS_I","HAZMAT_NAME","UN_NO","HAZMAT_PRESENT_I","HAZMAT_REPORT_I","HAZMAT_REPORT_NO","MCS_REPORT_I","MCS_REPORT_NO","HAZMAT_VIO_CAUSE_CRASH_I","MCS_VIO_CAUSE_CRASH_I","IDOT_PERMIT_NO","WIDE_LOAD_I","TRAILER1_WIDTH","TRAILER2_WIDTH","TRAILER1_LENGTH","TRAILER2_LENGTH","TOTAL_VEHICLE_LENGTH","AXLE_CNT","VEHICLE_CONFIG","CARGO_BODY_TYPE","LOAD_TYPE","HAZMAT_OUT_OF_SERVICE_I","MCS_OUT_OF_SERVICE_I","HAZMAT_CLASS"
"270473","221f0777b48ee92ba0378e9a6f60045c82068c21cde6474939beeb283c7df035f3183755c2e23dc6df5bef6569af2d24c8ed589ae295e4510bd386e7840f2533","JA528631","11/28/2017 05:00:00 PM","1","DRIVER","2.0","262876.0",NULL,"TOYOTA MOTOR COMPANY, LTD.","UNKNOWN","IL","2008.0","UNKNOWN","PASSENGER","UNKNOWN/NA","N","STRAIGHT AHEAD",NULL,NULL,"3.0",NULL,NULL,NULL,NULL,"Y",NULL,NULL,NULL,NULL,NULL,NULL,NULL,NULL,NULL,NULL,NULL,NULL,"FRONT",NULL,NULL,NULL,NULL,NULL,NULL,NULL,NULL,NULL,NULL,NULL,NULL,NULL,NULL,NULL,NULL,NULL,NULL,NULL,NULL,NULL,NULL,NULL,NULL,NULL,NULL,NULL,NULL,NULL,NULL,NULL,NULL,NULL
"270488","a5a8c99c9b26487e21f93b7b4dd5d70cf4a4ed800e53613e088a4062cf6c5d2786612a1c8b82bcfdccf95ffa4a4659e5f32592da250c1a3459f14938a11d9476","JA528464","11/28/2017 02:40:00 PM","2","DRIVER","2.0","262899.0",NULL,"NISSAN","VERSA","IL","2016.0","NONE","PASSENGER","PERSONAL","W","STRAIGHT AHEAD","Y",NULL,"3.0",NULL,"private","unknown",NULL,"Y",NULL,"Y",NULL,NULL,NULL,NULL,NULL,NULL,NULL,NULL,NULL,NULL,"SIDE-RIGHT",NULL,NULL,NULL,NULL,NULL,NULL,NULL,NULL,NULL,NULL,NULL,NULL,NULL,NULL,NULL,NULL,NULL,NULL,NULL,NULL,NULL,NULL,NULL,NULL,NULL,NULL,NULL,NULL,NULL,NULL,NULL,NULL,NULL
"270799","09c63fc6be02137db7c0b817f792dd6c0fc234142a8619f48b20588534da14c22e712baf5130868e866d53eb343de89199dca2fc3cb51e7b952332d9fd6c00b6","JA529341","11/24/2017 12:45:00 PM","1","DRIVER",NULL,"263178.0",NULL,"VOLKSWAGEN","PASSAT","IL","2013.0","NONE","PASSENGER","PERSONAL","N","STRAIGHT AHEAD",NULL,NULL,"1.0",NULL,NULL,NULL,NULL,"Y",NULL,NULL,NULL,NULL,NULL,NULL,NULL,NULL,NULL,NULL,NULL,NULL,"FRONT",NULL,NULL,NULL,NULL,NULL,NULL,NULL,NULL,NULL,NULL,NULL,NULL,NULL,NULL,NULL,NULL,NULL,NULL,NULL,NULL,NULL,NULL,NULL,NULL,NULL,NULL,NULL,NULL,NULL,NULL,NULL,NULL,NULL
"271249","5250eabaeee11788e24876854e368b2396e0c8e808c7afb3cfd9ff4b9ea7f211321f2229ae170fd187d507dd4c9647c61c033169d128de9c09303c263575368d","JA530181","11/29/2017 06:11:00 PM","2","DRIVER",NULL,"263688.0",NULL,"NISSAN","ALTRA-EV","IL","2013.0","NONE","PASSENGER","PERSONAL","S","STRAIGHT AHEAD",NULL,NULL,"1.0",NULL,NULL,NULL,NULL,NULL,NULL,"Y",NULL,NULL,NULL,NULL,NULL,NULL,NULL,NULL,NULL,NULL,"REAR-RIGHT",NULL,NULL,NULL,NULL,NULL,NULL,NULL,NULL,NULL,NULL,NULL,NULL,NULL,NULL,NULL,NULL,NULL,NULL,NULL,NULL,NULL,NULL,NULL,NULL,NULL,NULL,NULL,NULL,NULL,NULL,NULL,NULL,NULL
"271645","5f411ac3af45b8a4194c757e07ba7f4e16e2faf7942249ba09e1d12cc3303ea3855ef768cc85280c58d0f2fe3959e7c23dd95afd52c4bab599157b7074bc05cd","JA531123","11/30/2017 02:00:00 PM","1","DRIVER",NULL,"263976.0",NULL,"FORD","EDGE","IL","2010.0","UNKNOWN","SPORT UTILITY VEHICLE (SUV)","PERSONAL","SE","STRAIGHT AHEAD",NULL,NULL,"1.0",NULL,NULL,NULL,NULL,"Y",NULL,NULL,NULL,NULL,NULL,NULL,NULL,NULL,NULL,NULL,NULL,NULL,"FRONT",NULL,NULL,NULL,NULL,NULL,NULL,NULL,NULL,NULL,NULL,NULL,NULL,NULL,NULL,NULL,NULL,NULL,NULL,NULL,NULL,NULL,NULL,NULL,NULL,NULL,NULL,NULL,NULL,NULL,NULL,NULL,NULL,NULL
"271885","5bd125b172070b248058ba55a7c896182d9b289f89c9109f3c5f5824f3fcdf1e8f6b6013860d9cd1ddce7f30e358c64782f60ebbfffac083c6b3efc3739860f1","JA531515","11/30/2017 06:50:00 PM","1","DRIVER",NULL,"264202.0",NULL,"HYUNDAI","Santa Fe","IL","2008.0","NONE","VAN/MINI-VAN","PERSONAL","S","STRAIGHT AHEAD",NULL,NULL,"1.0",NULL,NULL,NULL,NULL,"Y",NULL,NULL,NULL,NULL,NULL,NULL,NULL,NULL,NULL,NULL,NULL,NULL,"FRONT",NULL,NULL,NULL,NULL,NULL,NULL,NULL,NULL,NULL,NULL,NULL,NULL,NULL,NULL,NULL,NULL,NULL,NULL,NULL,NULL,NULL,NULL,NULL,NULL,NULL,NULL,NULL,NULL,NULL,NULL,NULL,NULL,NULL
"272001","31b5392340b687625273617ed8c621b4e497a74057a6cdc0e2cb6f62c13c42456a9f1be74bac108277b8164d57b53f734d4c505c133f363f5f113b60436a124a","JA531829","12/01/2017 01:16:00 AM","1","DRIVER","1.0","264322.0",NULL,"FORD","FUSION","IL","2014.0","NONE","PASSENGER","PERSONAL","W","UNKNOWN/NA","Y",NULL,"2.0",NULL,"city","city impound",NULL,NULL,NULL,NULL,NULL,NULL,NULL,NULL,NULL,NULL,NULL,"Y",NULL,NULL,"FRONT-LEFT",NULL,NULL,NULL,NULL,NULL,NULL,NULL,NULL,NULL,NULL,NULL,NULL,NULL,NULL,NULL,NULL,NULL,NULL,NULL,NULL,NULL,NULL,NULL,NULL,NULL,NULL,NULL,NULL,NULL,NULL,NULL,NULL,NULL
"272068","5a9ca1912b81ba09600662063a99d3dd20b16add0468fce79b65a648b10d2e24076eca9adc2c47d04306fc51de626e4e2121ef0c97d8abe7d656f97da55a8a3a","JA532003","11/30/2017 08:10:00 PM","1","DRIVER","1.0","264380.0",NULL,"VOLVO","XC90","IL","2014.0","NONE","SPORT UTILITY VEHICLE (SUV)","PERSONAL","S","TURNING LEFT",NULL,NULL,"2.0",NULL,NULL,NULL,NULL,NULL,NULL,"Y",NULL,NULL,NULL,NULL,NULL,NULL,NULL,NULL,NULL,NULL,"SIDE-RIGHT",NULL,NULL,NULL,NULL,NULL,NULL,NULL,NULL,NULL,NULL,NULL,NULL,NULL,NULL,NULL,NULL,NULL,NULL,NULL,NULL,NULL,NULL,NULL,NULL,NULL,NULL,NULL,NULL,NULL,NULL,NULL,NULL,NULL
"272137","bb347e07950bc5863c315fbd2c09f6827e4ca5d706d2b358e6b6b2b3f6c66bbb29ade7e4ededd1ddc87c0375f209fa096bde2cf94d123fb9f74d3ca52f164892","JA532062","12/01/2017 09:30:00 AM","2","DRIVER",NULL,"264453.0",NULL,"TOYOTA MOTOR COMPANY, LTD.","Prius","IL","2013.0","NONE","PASSENGER","TAXI/FOR HIRE","W","STRAIGHT AHEAD","Y",NULL,"1.0",NULL,"owner","home",NULL,"Y",NULL,NULL,NULL,NULL,NULL,NULL,"Y",NULL,NULL,NULL,NULL,NULL,"FRONT-LEFT",NULL,NULL,NULL,NULL,NULL,NULL,NULL,NULL,NULL,NULL,NULL,NULL,NULL,NULL,NULL,NULL,NULL,NULL,NULL,NULL,NULL,NULL,NULL,NULL,NULL,NULL,NULL,NULL,NULL,NULL,NULL,NULL,NULL
"272362","8f69bbaaa31a7927883adfa0db0519c57cc89a0bf54aac735cd1d8dbdf7bc8c8ec29bf0e8556892d45e39c12bca22e9f0b58888a2e5cec2199d8ddf4956d905d","JA532568","12/01/2017 09:35:00 AM","2","DRIVER",NULL,"264661.0",NULL,"TOYOTA MOTOR COMPANY, LTD.","CAMRY","IL","2011.0","NONE","PASSENGER","TAXI/FOR HIRE","N","SLOW/STOP IN TRAFFIC",NULL,NULL,"1.0",NULL,NULL,NULL,NULL,NULL,NULL,NULL,NULL,"Y",NULL,NULL,NULL,NULL,NULL,NULL,NULL,NULL,"REAR",NULL,NULL,NULL,NULL,NULL,NULL,NULL,NULL,NULL,NULL,NULL,NULL,NULL,NULL,NULL,NULL,NULL,NULL,NULL,NULL,NULL,NULL,NULL,NULL,NULL,NULL,NULL,NULL,NULL,NULL,NULL,NULL,NULL
"272857","7058d45d5886393763c15319c2001a66e6f7877d870d63fb60355184d127775d803c4fe18293a37ccc8494aef0a7cd547a1e9b670158cb7eb905ef4efe3d4bd3","JA533424","12/02/2017 08:30:00 AM","2","PARKED",NULL,"265121.0",NULL,"CADILLAC","CTS","IL","2010.0","NONE","PASSENGER","NOT IN USE","UNKNOWN","PARKED",NULL,NULL,"0.0",NULL,NULL,NULL,NULL,"Y",NULL,NULL,NULL,NULL,NULL,NULL,NULL,NULL,NULL,NULL,NULL,NULL,"FRONT-LEFT",NULL,NULL,NULL,NULL,NULL,NULL,NULL,NULL,NULL,NULL,NULL,NULL,NULL,NULL,NULL,NULL,NULL,NULL,NULL,NULL,NULL,NULL,NULL,NULL,NULL,NULL,NULL,NULL,NULL,NULL,NULL,NULL,NULL
"273211","3c89f6c0d94cb4d2de049348f60f1013bf9a29ebe713a471fa9f60ded59dc501d84ea6660fe40952f5dd3d11422c592bcfaab736fc91bb02600ef905cc152a2c","JA534101","12/02/2017 06:00:00 PM","2","PARKED","2.0","265450.0",NULL,"HONDA","CRV","IL","2016.0","NONE","SPORT UTILITY VEHICLE (SUV)","NOT IN USE","UNKNOWN","PARKED",NULL,NULL,"2.0",NULL,NULL,NULL,NULL,NULL,NULL,"Y",NULL,NULL,NULL,NULL,NULL,NULL,NULL,NULL,NULL,NULL,"SIDE-RIGHT",NULL,NULL,NULL,NULL,NULL,NULL,NULL,NULL,NULL,NULL,NULL,NULL,NULL,NULL,NULL,NULL,NULL,NULL,NULL,NULL,NULL,NULL,NULL,NULL,NULL,NULL,NULL,NULL,NULL,NULL,NULL,NULL,NULL
"273259","823d91d729398ba64d78e68a8bca954efa7866525741ae88dab9683dbc01aaf31b27dacd7641d6e6ba86722bb2c5a2ffcc6d7c0e9c6d729b51d1e2fde8e1babc","JA534181","12/02/2017 03:15:00 PM","1","DRIVER",NULL,"265491.0",NULL,"TOYOTA MOTOR COMPANY, LTD.","CAMRY","IL","2016.0","NONE","PASSENGER","TAXI/FOR HIRE","E","STRAIGHT AHEAD",NULL,NULL,"1.0",NULL,NULL,NULL,NULL,NULL,"Y",NULL,NULL,NULL,NULL,NULL,NULL,NULL,NULL,NULL,NULL,NULL,"FRONT-RIGHT",NULL,NULL,NULL,NULL,NULL,NULL,NULL,NULL,NULL,NULL,NULL,NULL,NULL,NULL,NULL,NULL,NULL,NULL,NULL,NULL,NULL,NULL,NULL,NULL,NULL,NULL,NULL,NULL,NULL,NULL,NULL,NULL,NULL
"273367","51b72d0441d2cd8cbebde9fef9ebcb0ba2fe925ef1d4889acdd36b834bd0231aa96245c73ae79f19dcfaec2674837d76c17ab72d15ca54a0084b97e59fb8d729","JA534328","12/02/2017 09:00:00 PM","2","DRIVER",NULL,"265572.0",NULL,"TOYOTA MOTOR COMPANY, LTD.","COROLLA","IL","2015.0","NONE","PASSENGER","RIDESHARE SERVICE","N","STRAIGHT AHEAD",NULL,NULL,"1.0",NULL,NULL,NULL,NULL,NULL,NULL,NULL,"Y","Y",NULL,NULL,NULL,NULL,NULL,NULL,NULL,NULL,"REAR",NULL,NULL,NULL,NULL,NULL,NULL,NULL,NULL,NULL,NULL,NULL,NULL,NULL,NULL,NULL,NULL,NULL,NULL,NULL,NULL,NULL,NULL,NULL,NULL,NULL,NULL,NULL,NULL,NULL,NULL,NULL,NULL,NULL
"273796","50d928614f079ebcd342b552da2c47c1cf91e25c13359d68c6b7cd4863ac1da5e068d990760e5f4788f8dbba4e6bae6f7c8ce228e55c2bf4d285bd96894199a5","JA535067","12/03/2017 02:45:00 PM","3","PARKED",NULL,"265986.0",NULL,"VOLKSWAGEN","JETTA","IL","2011.0","UNKNOWN","PASSENGER","PERSONAL","S","PARKED",NULL,NULL,"0.0",NULL,NULL,NULL,NULL,NULL,NULL,NULL,NULL,NULL,NULL,"Y",NULL,NULL,NULL,NULL,NULL,NULL,"REAR-LEFT",NULL,NULL,NULL,NULL,NULL,NULL,NULL,NULL,NULL,NULL,NULL,NULL,NULL,NULL,NULL,NULL,NULL,NULL,NULL,NULL,NULL,NULL,NULL,NULL,NULL,NULL,NULL,NULL,NULL,NULL,NULL,NULL,NULL
"273957","ed1020e1440372958094dfbcd099197bbbe5c4cb9e3ed31c1e6292ebdcda24631566289138f661a0671e494aee215522420817f3dcc4f8113f9ff040ac288e79","JA535281","12/03/2017 06:00:00 PM","2","DRIVER","1.0","266136.0",NULL,"JEEP","Wagoneer (for vehicle years 1989 to present)","IL","2014.0","NONE","PASSENGER","PERSONAL","W","STRAIGHT AHEAD","Y",NULL,"2.0",NULL,NULL,NULL,NULL,NULL,NULL,"Y",NULL,NULL,NULL,NULL,NULL,NULL,NULL,NULL,NULL,NULL,"SIDE-RIGHT",NULL,NULL,NULL,NULL,NULL,NULL,NULL,NULL,NULL,NULL,NULL,NULL,NULL,NULL,NULL,NULL,NULL,NULL,NULL,NULL,NULL,NULL,NULL,NULL,NULL,NULL,NULL,NULL,NULL,NULL,NULL,NULL,NULL
"274244","af64f0c894e70c15e2cbdd739903e864128dd0bcc7f87fee9a67066a24448d31ab682aa16b7d30065adf641bfbf24561755305d5927675d22734f0a2cbcfb794","JA535939","12/04/2017 10:16:00 AM","1","DRIVER",NULL,"266393.0",NULL,"ACURA","ACURA","IL","2008.0","NONE","PASSENGER","PERSONAL","E","OTHER",NULL,NULL,"1.0",NULL,NULL,NULL,NULL,NULL,NULL,"Y",NULL,NULL,NULL,NULL,NULL,NULL,NULL,NULL,NULL,NULL,"SIDE-RIGHT",NULL,NULL,NULL,NULL,NULL,NULL,NULL,NULL,NULL,NULL,NULL,NULL,NULL,NULL,NULL,NULL,NULL,NULL,NULL,NULL,NULL,NULL,NULL,NULL,NULL,NULL,NULL,NULL,NULL,NULL,NULL,NULL,NULL
"274309","ae4be2856dcc5655121bddf49700f737dd0a4685e4512b9347d9bcec0e2b1884f5888b32b076958fce17296ba7058dadb22c3846293297c7d7ce77744e736de5","JA536200","12/04/2017 01:40:00 PM","2","DRIVER",NULL,"266463.0",NULL,"MAZDA","UNKNOWN","IL","2009.0","UNKNOWN","PASSENGER","PERSONAL","W","STRAIGHT AHEAD","Y",NULL,"1.0",NULL,NULL,NULL,NULL,NULL,"Y",NULL,NULL,NULL,NULL,NULL,NULL,NULL,NULL,NULL,NULL,NULL,"FRONT-RIGHT",NULL,NULL,NULL,NULL,NULL,NULL,NULL,NULL,NULL,NULL,NULL,NULL,NULL,NULL,NULL,NULL,NULL,NULL,NULL,NULL,NULL,NULL,NULL,NULL,NULL,NULL,NULL,NULL,NULL,NULL,NULL,NULL,NULL
"274484","25030e76699ab7c2c4a09dc545b453a539d10741a55cac8e4d11bd7bbc35e242d8d03375b7489d7decfcfe155a07dcdb76bde4c655af192b573d87bc7bbcafed","JA536498","12/04/2017 05:00:00 PM","2","DRIVER",NULL,"266637.0",NULL,"FORD","UNKNOWN","IL","2014.0","UNKNOWN","UNKNOWN/NA","UNKNOWN/NA","E","PASSING/OVERTAKING",NULL,NULL,"1.0",NULL,NULL,NULL,NULL,NULL,"Y","Y","Y",NULL,NULL,NULL,NULL,NULL,NULL,NULL,NULL,NULL,"FRONT-RIGHT",NULL,NULL,NULL,NULL,NULL,NULL,NULL,NULL,NULL,NULL,NULL,NULL,NULL,NULL,NULL,NULL,NULL,NULL,NULL,NULL,NULL,NULL,NULL,NULL,NULL,NULL,NULL,NULL,NULL,NULL,NULL,NULL,NULL
"274748","f4c9bae30ca4f9f124077de4013fc890dbbddefdd534dba1a75edb3ad893fd829a6f9f2695584572c71c65711eb3dd1c049c460c76b2186f4e3506c8bd5fdb68","JA537028","12/04/2017 11:30:00 PM","1","DRIVER","2.0","266878.0",NULL,"CHEVROLET","UNKNOWN","IL","2017.0","NONE","PICKUP","PERSONAL","S","STRAIGHT AHEAD",NULL,NULL,"3.0",NULL,NULL,NULL,NULL,"Y",NULL,NULL,NULL,NULL,NULL,NULL,"Y",NULL,NULL,NULL,NULL,NULL,"FRONT",NULL,NULL,NULL,NULL,NULL,NULL,NULL,NULL,NULL,NULL,NULL,NULL,NULL,NULL,NULL,NULL,NULL,NULL,NULL,NULL,NULL,NULL,NULL,NULL,NULL,NULL,NULL,NULL,NULL,NULL,NULL,NULL,NULL
"275077","5c56e6cf77ed4fbb4071e6035ab3a968e91872b70c9ebdc9617d474574a7c21844fa793a47f5964ec03ab4fa239ff910ef31d0afefb41bd3f99f2c1720d35d0a","JA537572","12/05/2017 12:30:00 PM","1","DRIVER",NULL,"267191.0",NULL,"MERCEDES-BENZ","Sprinter","IL","2010.0","NONE","VAN/MINI-VAN","OTHER","W","STRAIGHT AHEAD",NULL,NULL,"1.0",NULL,NULL,NULL,"Y",NULL,NULL,NULL,NULL,NULL,NULL,NULL,NULL,NULL,NULL,NULL,NULL,NULL,"FRONT",NULL,NULL,NULL,NULL,NULL,NULL,NULL,NULL,NULL,NULL,NULL,NULL,NULL,NULL,NULL,NULL,NULL,NULL,NULL,NULL,NULL,NULL,NULL,NULL,NULL,NULL,NULL,NULL,NULL,NULL,NULL,NULL,NULL
"275136","af8835dcb82177a489bce3ad51a72e65606c7d47202fd322088e5e0290232769ec2343171b120027be7119113ef65aa66aced42a48cd3530ad53c3fe5f7543ec","JA537678","12/05/2017 01:15:00 PM","2","DRIVER",NULL,"267242.0",NULL,"FORD","EDGE","IL","2015.0","NONE","PASSENGER","PERSONAL","E","STRAIGHT AHEAD",NULL,NULL,"1.0",NULL,NULL,NULL,NULL,NULL,NULL,NULL,NULL,"Y","Y",NULL,NULL,NULL,NULL,NULL,NULL,NULL,"REAR-LEFT",NULL,NULL,NULL,NULL,NULL,NULL,NULL,NULL,NULL,NULL,NULL,NULL,NULL,NULL,NULL,NULL,NULL,NULL,NULL,NULL,NULL,NULL,NULL,NULL,NULL,NULL,NULL,NULL,NULL,NULL,NULL,NULL,NULL
"275235","65d52b3408f024f602ecfa0facef63def5d4a3a262d4aa2319e09e151543ccbf57e8657d90896fef1ac8e9cfd46d5963dc9ebdec77fc998e4804655e5ae230f6","JA537823","12/05/2017 03:30:00 PM","2","DRIVER",NULL,"267346.0","Y","MACK TRUCKS, INC.","UNKNOWN","IL","2013.0","NONE","TRACTOR W/ SEMI-TRAILER","COMMERCIAL - SINGLE UNIT","NE","TURNING RIGHT",NULL,NULL,"1.0",NULL,NULL,NULL,NULL,NULL,"Y","Y",NULL,NULL,NULL,NULL,NULL,NULL,NULL,NULL,NULL,NULL,"FRONT-RIGHT","2080.0","0212942",NULL,NULL,NULL,"80000","LARRY'S CARTAGE","IL","HAZEL CREST",NULL,NULL,NULL,NULL,NULL,NULL,NULL,NULL,NULL,NULL,NULL,NULL,"97-102",NULL,"53.0",NULL,"75.0","5.0","TRACTOR/SEMI-TRAILER","FLATBED",NULL,NULL,NULL,NULL
"275252","97f9f45092689f28843094620353500595e7ac35efd5176e470371f30540aa7b7fb7d4a1b9165129afa512d01c214259a4e67a657832ec77aab958b4060d6ad3","JA537781","12/05/2017 02:29:00 PM","3","DRIVER",NULL,"267402.0",NULL,"FORD","UNKNOWN","IL","2015.0","OTHER","OTHER VEHICLE WITH TRAILER","UNKNOWN/NA","S","STRAIGHT AHEAD",NULL,NULL,"1.0",NULL,NULL,NULL,NULL,NULL,NULL,NULL,NULL,NULL,NULL,NULL,NULL,NULL,NULL,NULL,"Y",NULL,"OTHER",NULL,NULL,NULL,NULL,NULL,NULL,NULL,NULL,NULL,NULL,NULL,NULL,NULL,NULL,NULL,NULL,NULL,NULL,NULL,NULL,NULL,NULL,NULL,NULL,NULL,NULL,NULL,NULL,NULL,NULL,NULL,NULL,NULL
"275314","79b9777b7197411885da4cd4da90649bce1512d6fcd2f7997f2d180130a669c79133673a706d4de8f47905d9c64ddca6202a06773f259e24db5972bf08d4514e","JA537951","12/05/2017 03:00:00 PM","2","DRIVER",NULL,"267427.0",NULL,"PONTIAC","G6","IL","2008.0","NONE","PASSENGER","NOT IN USE","W","CHANGING LANES",NULL,NULL,"1.0",NULL,NULL,NULL,NULL,NULL,"Y","Y",NULL,NULL,NULL,NULL,NULL,NULL,NULL,NULL,NULL,NULL,"FRONT-RIGHT",NULL,NULL,NULL,NULL,NULL,NULL,NULL,NULL,NULL,NULL,NULL,NULL,NULL,NULL,NULL,NULL,NULL,NULL,NULL,NULL,NULL,NULL,NULL,NULL,NULL,NULL,NULL,NULL,NULL,NULL,NULL,NULL,NULL
"275764","4b33ca46c1f7d68b8dc701fb07823916c01a7755fe006fb5ee248db1f508e7f3629d808b0907791aebe9a772353d99c6f2ae7381ff1ee4abbdb4c6417e2cfb62","JA538770","12/06/2017 10:15:00 AM","2","PARKED","1.0","267848.0",NULL,"FORD","FUSION","IL","2014.0","NONE","PASSENGER","NOT IN USE","E","PARKED",NULL,NULL,"1.0",NULL,NULL,NULL,NULL,NULL,NULL,NULL,NULL,"Y","Y",NULL,NULL,NULL,NULL,NULL,NULL,NULL,"REAR-LEFT",NULL,NULL,NULL,NULL,NULL,NULL,NULL,NULL,NULL,NULL,NULL,NULL,NULL,NULL,NULL,NULL,NULL,NULL,NULL,NULL,NULL,NULL,NULL,NULL,NULL,NULL,NULL,NULL,NULL,NULL,NULL,NULL,NULL
"275883","9d54592c761690eb60f4494a1ecf42100b6e501140a068380a16691d31379a0d9b8eea3e0d5a98305f715666fc0839459ca187618614fdf41c7431f59f42d2ab","JA539031","12/06/2017 11:55:00 AM","2","DRIVER",NULL,"267966.0",NULL,"NISSAN","NISSAN ALTIMA","IL","2016.0","NONE","PASSENGER","PERSONAL","W","SLOW/STOP IN TRAFFIC",NULL,NULL,"1.0",NULL,NULL,NULL,NULL,NULL,NULL,NULL,"Y","Y",NULL,NULL,NULL,NULL,NULL,NULL,NULL,NULL,"REAR-RIGHT",NULL,NULL,NULL,NULL,NULL,NULL,NULL,NULL,NULL,NULL,NULL,NULL,NULL,NULL,NULL,NULL,NULL,NULL,NULL,NULL,NULL,NULL,NULL,NULL,NULL,NULL,NULL,NULL,NULL,NULL,NULL,NULL,NULL
"276403","c9a43b13c46d8c904febfede7bf368dd3e200d45a5c38f9177ade8ed49d581db04768bd4dda359050da618edd4a12d57a1067962de3e09c5370092763b7043e1","JA539902","12/07/2017 07:40:00 AM","1","DRIVER",NULL,"268444.0",NULL,"HONDA","CRV",NULL,"2010.0","UNKNOWN","SPORT UTILITY VEHICLE (SUV)","UNKNOWN/NA","S","SLOW/STOP IN TRAFFIC",NULL,NULL,"1.0",NULL,NULL,NULL,NULL,"Y",NULL,NULL,NULL,NULL,NULL,NULL,NULL,NULL,NULL,NULL,NULL,NULL,"FRONT",NULL,NULL,NULL,NULL,NULL,NULL,NULL,NULL,NULL,NULL,NULL,NULL,NULL,NULL,NULL,NULL,NULL,NULL,NULL,NULL,NULL,NULL,NULL,NULL,NULL,NULL,NULL,NULL,NULL,NULL,NULL,NULL,NULL
"276727","9212ca850ebd8735c56c3543311055d4b0ac375360aedef5c7b12a728a12888c251388ad9a5c221afa2007a372940386241fa8f98ed3361682696bf1e1052f1a","JA540378","11/30/2017 02:40:00 PM","2","PARKED",NULL,"268770.0",NULL,"DODGE","CARAVAN","IL","2009.0","NONE","VAN/MINI-VAN","PERSONAL","S","PARKED",NULL,NULL,"0.0",NULL,NULL,NULL,NULL,NULL,NULL,NULL,NULL,NULL,NULL,NULL,"Y",NULL,NULL,NULL,NULL,NULL,"FRONT-LEFT",NULL,NULL,NULL,NULL,NULL,NULL,NULL,NULL,NULL,NULL,NULL,NULL,NULL,NULL,NULL,NULL,NULL,NULL,NULL,NULL,NULL,NULL,NULL,NULL,NULL,NULL,NULL,NULL,NULL,NULL,NULL,NULL,NULL
"276754","23da87e1559eecd25710c16b7a71e86ddfe52606fd5de27a18ae134f14b6daf079f853aefd33ebd48f855058805e1284b2388018cfa7196aa23b76d820c110b8","JA540517","12/07/2017 03:40:00 PM","1","DRIVER","2.0","268777.0",NULL,"HONDA","HONDA","IL","2016.0","NONE","SPORT UTILITY VEHICLE (SUV)","PERSONAL","W","STRAIGHT AHEAD",NULL,NULL,"3.0",NULL,NULL,NULL,NULL,NULL,NULL,"Y",NULL,NULL,NULL,NULL,NULL,NULL,NULL,NULL,NULL,NULL,"SIDE-RIGHT",NULL,NULL,NULL,NULL,NULL,NULL,NULL,NULL,NULL,NULL,NULL,NULL,NULL,NULL,NULL,NULL,NULL,NULL,NULL,NULL,NULL,NULL,NULL,NULL,NULL,NULL,NULL,NULL,NULL,NULL,NULL,NULL,NULL
"277118","2879deea56f70465329631a37de209909d5e6b4d7f603a3805ecadd3e8fbf48c48f4fa5dee574aabe4d2e35b9d1c4ca1afdb8f26bb1cbcdf60e7d2b0dfd9eb23","JA541078","12/08/2017 07:55:00 AM","2","DRIVER",NULL,"269132.0",NULL,"BMW","UNKNOWN","IL","2012.0","NONE","PASSENGER","PERSONAL","E","STRAIGHT AHEAD",NULL,NULL,"1.0",NULL,NULL,NULL,NULL,"Y","Y",NULL,NULL,NULL,NULL,NULL,NULL,NULL,NULL,NULL,NULL,NULL,"FRONT-RIGHT",NULL,NULL,NULL,NULL,NULL,NULL,NULL,NULL,NULL,NULL,NULL,NULL,NULL,NULL,NULL,NULL,NULL,NULL,NULL,NULL,NULL,NULL,NULL,NULL,NULL,NULL,NULL,NULL,NULL,NULL,NULL,NULL,NULL
"277215","657ea29eee9da08f996da629cab7e7378fc679c5984a299d116b6d0f56bd875f199bb45ffdd2415bbab8959ff0f49c164cefe251e77e0db9337b26c00dbbf2d4","JA538717","12/07/2017 09:45:00 AM","2","DRIVER",NULL,"269218.0",NULL,"FORD","UNKNOWN","IL","2010.0","NONE","PASSENGER","TAXI/FOR HIRE","W","MERGING",NULL,NULL,"1.0",NULL,NULL,NULL,NULL,NULL,"Y",NULL,NULL,NULL,NULL,NULL,NULL,NULL,NULL,NULL,NULL,NULL,"FRONT-RIGHT",NULL,NULL,NULL,NULL,NULL,NULL,NULL,NULL,NULL,NULL,NULL,NULL,NULL,NULL,NULL,NULL,NULL,NULL,NULL,NULL,NULL,NULL,NULL,NULL,NULL,NULL,NULL,NULL,NULL,NULL,NULL,NULL,NULL