"CRASH_UNIT_ID","CRASH_RECORD_ID","RD_NO","CRASH_DATE","UNIT_NO","UNIT_TYPE","NUM_PASSENGERS","VEHICLE_ID","CMRC_VEH_I","MAKE","MODEL","LIC_PLATE_STATE","VEHICLE_YEAR","VEHICLE_DEFECT","VEHICLE_TYPE","VEHICLE_USE","TRAVEL_DIRECTION","MANEUVER","TOWED_I","FIRE_I","OCCUPANT_CNT","EXCEED_SPEED_LIMIT_I","TOWED_BY","TOWED_TO","AREA_00_I","AREA_01_I","AREA_02_I","AREA_03_I","AREA_04_I","AREA_05_I","AREA_06_I","AREA_07_I","AREA_08_I","AREA_09_I","AREA_10_I","AREA_11_I","AREA_12_I","AREA_99_I","FIRST_CONTACT_POINT","CMV_ID","USDOT_NO","CCMC_NO","ILCC_NO","COMMERCIAL_SRC","GVWR","CARRIER_NAME","CARRIER_STATE","CARRIER_CITY","HAZMAT_PLACARDS_I","HAZMAT_NAME","UN_NO","HAZMAT_PRESENT_I","HAZMAT_REPORT_I","HAZMAT_REPORT_NO","MCS_REPORT_I","MCS_REPORT_NO","HAZMAT_VIO_CAUSE_CRASH_I","MCS_VIO_CAUSE_CRASH_I","IDOT_PERMIT_NO","WIDE_LOAD_I","TRAILER1_WIDTH","TRAILER2_WIDTH","TRAILER1_LENGTH","TRAILER2_LENGTH","TOTAL_VEHICLE_LENGTH","AXLE_CNT","VEHICLE_CONFIG","CARGO_BODY_TYPE","LOAD_TYPE","HAZMAT_OUT_OF_SERVICE_I","MCS_OUT_OF_SERVICE_I","HAZMAT_CLASS"
"277386","b23aa4d093883f78079f2fa194eeda89a152c2ac12297ba7b0de90f006c7489c115ab9602cc2c15faed5b506f4c2495fcf24c38af2b0b54ad38ca833f4d1815d","JA541544","12/08/2017 02:50:00 PM","2","PARKED",NULL,"269436.0",NULL,"CHEVROLET","IMPALA","IL","2010.0","NONE","PASSENGER","NOT IN USE","UNKNOWN","PARKED",NULL,NULL,"0.0",NULL,NULL,NULL,NULL,NULL,NULL,NULL,NULL,NULL,"Y",NULL,NULL,NULL,NULL,NULL,NULL,"Y","REAR-LEFT",NULL,NULL,NULL,NULL,NULL,NULL,NULL,NULL,NULL,NULL,NULL,NULL,NULL,NULL,NULL,NULL,NULL,NULL,NULL,NULL,NULL,NULL,NULL,NULL,NULL,NULL,NULL,NULL,NULL,NULL,NULL,NULL,NULL
"277786","6f8501fa956bfcfc3e47d04225a841f2cfce1fcf21e4677f9149d945342feb167e0e41ac8c8696c15132213b8db1a5d9d056190b2a9481bb339d239ef3503a54","JA542092","12/08/2017 09:35:00 PM","2","DRIVER","2.0","269751.0",NULL,"CHEVROLET","MALIBU (CHEVELLE)","IL","2017.0","NONE","PASSENGER","RIDESHARE SERVICE","N","STRAIGHT AHEAD","Y",NULL,"3.0",NULL,"UNK","UNK",NULL,NULL,"Y",NULL,NULL,NULL,NULL,NULL,"N",NULL,NULL,NULL,NULL,NULL,"FRONT-RIGHT",NULL,NULL,NULL,NULL,NULL,NULL,NULL,NULL,NULL,NULL,NULL,NULL,NULL,NULL,NULL,NULL,NULL,NULL,NULL,NULL,NULL,NULL,NULL,NULL,NULL,NULL,NULL,NULL,NULL,NULL,NULL,NULL,NULL
"278080","edba6f00f5c3c6ef17c68adf810c5a5642d7a2dc8dd2f2fc740da4c1e7b9d237a0c8d6abfc8876cc2f0610bd829504acd99aefc352d2eb776ff02b79fa5accbf","JA542584","12/09/2017 09:48:00 AM","2","DRIVER","1.0","270021.0",NULL,"CHEVROLET","IMPALA","IL","2010.0","UNKNOWN","PASSENGER","PERSONAL","N","STRAIGHT AHEAD","Y",NULL,"2.0",NULL,"PRIVATE TOW","UNKNOWN",NULL,"Y",NULL,NULL,NULL,"Y",NULL,NULL,NULL,NULL,NULL,NULL,NULL,NULL,"REAR",NULL,NULL,NULL,NULL,NULL,NULL,NULL,NULL,NULL,NULL,NULL,NULL,NULL,NULL,NULL,NULL,NULL,NULL,NULL,NULL,NULL,NULL,NULL,NULL,NULL,NULL,NULL,NULL,NULL,NULL,NULL,NULL,NULL
"278210","51632d490a7def79b050efe332e2b318d462169061d606f55ae8803edc0a2af3a59a45f0b8b0cfb29f841ab938f59cbd411e2ca2c6e1e844c736b3b59512b78f","JA542770","12/09/2017 11:30:00 AM","2","PARKED",NULL,"270144.0",NULL,"NISSAN","Pathfinder","IL","2013.0","UNKNOWN","SPORT UTILITY VEHICLE (SUV)","PERSONAL","N","PARKED",NULL,NULL,"0.0",NULL,NULL,NULL,NULL,NULL,NULL,NULL,NULL,NULL,NULL,NULL,"Y",NULL,NULL,NULL,NULL,NULL,"FRONT-LEFT",NULL,NULL,NULL,NULL,NULL,NULL,NULL,NULL,NULL,NULL,NULL,NULL,NULL,NULL,NULL,NULL,NULL,NULL,NULL,NULL,NULL,NULL,NULL,NULL,NULL,NULL,NULL,NULL,NULL,NULL,NULL,NULL,NULL
"278541","5e4a45a4534e1cd5433ef8e55a308e67aac6011d05c5b5a4287716574919641b9f75e66731625a1da4866186e3969d21901d55470d3c1744abe7e584d11b9733","JA543247","12/07/2017 07:45:00 AM","2","DRIVER",NULL,"270461.0",NULL,"DODGE","CARAVAN","CA","2018.0","UNKNOWN","VAN/MINI-VAN","UNKNOWN/NA","E","SLOW/STOP IN TRAFFIC",NULL,NULL,"1.0",NULL,NULL,NULL,NULL,"Y",NULL,NULL,NULL,"Y",NULL,NULL,NULL,NULL,NULL,NULL,NULL,NULL,"REAR",NULL,NULL,NULL,NULL,NULL,NULL,NULL,NULL,NULL,NULL,NULL,NULL,NULL,NULL,NULL,NULL,NULL,NULL,NULL,NULL,NULL,NULL,NULL,NULL,NULL,NULL,NULL,NULL,NULL,NULL,NULL,NULL,NULL
"279213","bf5f75599bbd32ebe65a333770345f2ac2fda9960df3ebaf85c6ff65d4043ccf87a48a970d64daaabd9c2980d4f7bb92d8bc9de3e47346bc03da6577cbddd26f","JA544358","12/10/2017 10:00:00 AM","2","PARKED",NULL,"271091.0",NULL,"NISSAN","NISSAN MAXIMA","IL","2017.0","UNKNOWN","PASSENGER","OTHER","UNKNOWN","PARKED",NULL,NULL,"0.0",NULL,NULL,NULL,NULL,NULL,"Y",NULL,NULL,NULL,NULL,NULL,NULL,NULL,NULL,NULL,NULL,NULL,"UNKNOWN",NULL,NULL,NULL,NULL,NULL,NULL,NULL,NULL,NULL,NULL,NULL,NULL,NULL,NULL,NULL,NULL,NULL,NULL,NULL,NULL,NULL,NULL,NULL,NULL,NULL,NULL,NULL,NULL,NULL,NULL,NULL,NULL,NULL
"279722","2ecad8dd8a00666d2e5838cbd3ac9c24cd2c0baaf4ef5a3649ba47392127971f41cf2c9e1f895ba53cafff2c2fe45c2825ddbf5d1cd5ba716dda1f4eefaf24a4","JA545476","12/11/2017 04:45:00 PM","1","DRIVER",NULL,"271576.0",NULL,"JEEP","Grand Cherokee (for vehicle years 1989 to present)","IL","2013.0","UNKNOWN","SPORT UTILITY VEHICLE (SUV)","UNKNOWN/NA","W","UNKNOWN/NA",NULL,NULL,"1.0",NULL,NULL,NULL,NULL,NULL,NULL,NULL,NULL,NULL,NULL,NULL,NULL,NULL,NULL,NULL,NULL,"Y","UNKNOWN",NULL,NULL,NULL,NULL,NULL,NULL,NULL,NULL,NULL,NULL,NULL,NULL,NULL,NULL,NULL,NULL,NULL,NULL,NULL,NULL,NULL,NULL,NULL,NULL,NULL,NULL,NULL,NULL,NULL,NULL,NULL,NULL,NULL
"280160","655f219f8965e6d12164f24353e07e207a5040dcae3f32b4f27b8f0b7a8aec6390e577951ed17c833acdc3ea39acb2d14663d712d71323bdb9d03b3b9a5efaf4","JA546046","12/12/2017 01:00:00 AM","1","DRIVER",NULL,"271994.0",NULL,"NISSAN","ROGUE","MO","2017.0","NONE","PASSENGER","OTHER","W","STRAIGHT AHEAD","Y",NULL,"1.0",NULL,"ENR","103 DODTY",NULL,"Y",NULL,NULL,NULL,NULL,NULL,NULL,NULL,NULL,NULL,NULL,NULL,NULL,"FRONT",NULL,NULL,NULL,NULL,NULL,NULL,NULL,NULL,NULL,NULL,NULL,NULL,NULL,NULL,NULL,NULL,NULL,NULL,NULL,NULL,NULL,NULL,NULL,NULL,NULL,NULL,NULL,NULL,NULL,NULL,NULL,NULL,NULL
"280195","a08e1164c31d452526c7fed657d5e9d22f48b7bbeef40ff974b0b8e752b70f84d192e0437cf86c5210b803910352d9117ce4f5bad68fa5539ebf62225a423d6e","JA546351","12/12/2017 12:50:00 PM","1","DRIVER","1.0","272027.0",NULL,"TOYOTA MOTOR COMPANY, LTD.","CAMRY","IL","2013.0","NONE","PASSENGER","TAXI/FOR HIRE","W","BACKING",NULL,NULL,"2.0",NULL,NULL,NULL,"Y",NULL,NULL,NULL,NULL,NULL,NULL,NULL,NULL,NULL,NULL,NULL,NULL,NULL,"NONE",NULL,NULL,NULL,NULL,NULL,NULL,NULL,NULL,NULL,NULL,NULL,NULL,NULL,NULL,NULL,NULL,NULL,NULL,NULL,NULL,NULL,NULL,NULL,NULL,NULL,NULL,NULL,NULL,NULL,NULL,NULL,NULL,NULL
"280327","59c45d7b9629cc37ce414b4c04f9bee54553d260227ddf8e750b3ff6466449ea05e9ea4b9ab66f3898871ca0e3fedcc89c8253af3b04b47aed4fb2d787c6839f","JA546590","12/11/2017 05:40:00 PM","2","DRIVER",NULL,"272159.0",NULL,"HONDA","UNKNOWN","IL","2015.0","NONE","SPORT UTILITY VEHICLE (SUV)","PERSONAL","N","SLOW/STOP IN TRAFFIC",NULL,NULL,"1.0",NULL,NULL,NULL,NULL,NULL,NULL,NULL,"N","Y","N",NULL,NULL,NULL,NULL,NULL,NULL,NULL,"REAR",NULL,NULL,NULL,NULL,NULL,NULL,NULL,NULL,NULL,NULL,NULL,NULL,NULL,NULL,NULL,NULL,NULL,NULL,NULL,NULL,NULL,NULL,NULL,NULL,NULL,NULL,NULL,NULL,NULL,NULL,NULL,NULL,NULL
"281052","623f230660c958d2ad603e2aaf51b845178411bb466997aaf81422c057807bd695aac0a0f3cb496e9be07e772507e123821031c3a4df1d65609e90628ca6c533","JA547948","12/13/2017 03:00:00 PM","2","PARKED","1.0","272841.0",NULL,"KIA MOTORS CORP","UNKNOWN","IL","2017.0","UNKNOWN","PASSENGER","PERSONAL","E","PARKED",NULL,NULL,"1.0",NULL,NULL,NULL,NULL,NULL,NULL,"Y",NULL,NULL,NULL,NULL,NULL,NULL,NULL,NULL,NULL,NULL,"SIDE-RIGHT",NULL,NULL,NULL,NULL,NULL,NULL,NULL,NULL,NULL,NULL,NULL,NULL,NULL,NULL,NULL,NULL,NULL,NULL,NULL,NULL,NULL,NULL,NULL,NULL,NULL,NULL,NULL,NULL,NULL,NULL,NULL,NULL,NULL
"281413","7cd435b544169476f5578562817766e3a1ed30799e29397f0039d1e2c7d33c979663b88f1c76af42d1c8d3231e111dbe7209fadbf5c99bc7c185419c37f4d21a","JA548556","12/14/2017 08:00:00 AM","2","DRIVER",NULL,"273186.0",NULL,"CHEVROLET","IMPALA","IL","2011.0","NONE","PASSENGER","OTHER","W","STRAIGHT AHEAD",NULL,NULL,"1.0",NULL,NULL,NULL,NULL,NULL,NULL,"Y",NULL,NULL,NULL,NULL,NULL,NULL,NULL,NULL,NULL,NULL,"SIDE-RIGHT",NULL,NULL,NULL,NULL,NULL,NULL,NULL,NULL,NULL,NULL,NULL,NULL,NULL,NULL,NULL,NULL,NULL,NULL,NULL,NULL,NULL,NULL,NULL,NULL,NULL,NULL,NULL,NULL,NULL,NULL,NULL,NULL,NULL
"281459","a1a8878ad941ec895952dfc48a5218d8c0e514d514652b28a02bae0254d4be8d16af611c43e624777f8a7178ce3ee39eec844e3a565109bbce6109fd5d60f1b4","JA548599","12/14/2017 08:25:00 AM","2","DRIVER",NULL,"273246.0",NULL,"HYUNDAI","ELANTRA","IL","2015.0","NONE","PASSENGER","PERSONAL","N","STRAIGHT AHEAD","Y",NULL,"1.0",NULL,NULL,NULL,NULL,"Y",NULL,NULL,NULL,NULL,NULL,NULL,NULL,NULL,NULL,NULL,NULL,NULL,"FRONT",NULL,NULL,NULL,NULL,NULL,NULL,NULL,NULL,NULL,NULL,NULL,NULL,NULL,NULL,NULL,NULL,NULL,NULL,NULL,NULL,NULL,NULL,NULL,NULL,NULL,NULL,NULL,NULL,NULL,NULL,NULL,NULL,NULL
"281675","a435223cd47a392125d0c7f54139892b5798f84218b57c515059e03073fbfa59d59fb61b6a2cabab243517529cc1a984b066e84a1e0b694b2302f29b593c61b0","JA549096","12/14/2017 01:30:00 PM","1","DRIVER",NULL,"273428.0",NULL,"KIA MOTORS CORP","Optima","IL","2015.0","UNKNOWN","PASSENGER","UNKNOWN/NA","E","SLOW/STOP IN TRAFFIC",NULL,NULL,"1.0",NULL,NULL,NULL,NULL,"Y",NULL,NULL,NULL,NULL,NULL,NULL,NULL,NULL,NULL,NULL,NULL,NULL,"FRONT",NULL,NULL,NULL,NULL,NULL,NULL,NULL,NULL,NULL,NULL,NULL,NULL,NULL,NULL,NULL,NULL,NULL,NULL,NULL,NULL,NULL,NULL,NULL,NULL,NULL,NULL,NULL,NULL,NULL,NULL,NULL,NULL,NULL
"282073","fdc7c7f6471456dde8c8fe0f55fe93406bd23224224429f54f11d7dbec98bdf8ef757d72a7852306cdf8d6a5fd1705700c9f0a3a2eddf68d760681e4a3144417","JA549730","12/15/2017 01:57:00 AM","1","DRIVER","1.0","273809.0",NULL,"TOYOTA MOTOR COMPANY, LTD.","CAMRY","IL","2014.0","NONE","PASSENGER","TAXI/FOR HIRE","W","LEAVING TRAFFIC LANE TO PARK",NULL,NULL,"2.0",NULL,NULL,NULL,NULL,NULL,NULL,NULL,NULL,NULL,NULL,"Y",NULL,NULL,NULL,NULL,NULL,NULL,"SIDE-LEFT",NULL,NULL,NULL,NULL,NULL,NULL,NULL,NULL,NULL,NULL,NULL,NULL,NULL,NULL,NULL,NULL,NULL,NULL,NULL,NULL,NULL,NULL,NULL,NULL,NULL,NULL,NULL,NULL,NULL,NULL,NULL,NULL,NULL
"282936","29a74c181220962a32a079e90afa5fcd177d00836ff38f6fdf7d990da6e8c906a00d78eeb0f5142374908fe17bee97e356d68f67642e50260173048072f53d5b","JA548582","12/14/2017 08:10:00 AM","1","DRIVER",NULL,"274637.0",NULL,"JEEP","Liberty","IL","2014.0","NONE","PASSENGER","PERSONAL","S","STRAIGHT AHEAD","Y",NULL,"1.0",NULL,"unk",NULL,NULL,"Y","Y",NULL,NULL,NULL,NULL,NULL,"Y",NULL,NULL,"Y",NULL,NULL,"FRONT",NULL,NULL,NULL,NULL,NULL,NULL,NULL,NULL,NULL,NULL,NULL,NULL,NULL,NULL,NULL,NULL,NULL,NULL,NULL,NULL,NULL,NULL,NULL,NULL,NULL,NULL,NULL,NULL,NULL,NULL,NULL,NULL,NULL
"283136","69b406feb3140ef9d134445a414c7d4d755c944337a98c423eaedb603ff73b9facc4d47d83c6378d66447d182202d54f06777426add09602c9da8ed81bda336d","JA551508","12/16/2017 12:40:00 PM","1","DRIVER",NULL,"274824.0",NULL,"NISSAN","SENTRA (DATSUN AND NISSAN HAVE MERGED)","IL","2011.0","NONE","PASSENGER","PERSONAL","W","U-TURN",NULL,NULL,"1.0",NULL,NULL,NULL,"Y",NULL,NULL,NULL,NULL,NULL,NULL,NULL,NULL,NULL,NULL,NULL,NULL,NULL,"FRONT",NULL,NULL,NULL,NULL,NULL,NULL,NULL,NULL,NULL,NULL,NULL,NULL,NULL,NULL,NULL,NULL,NULL,NULL,NULL,NULL,NULL,NULL,NULL,NULL,NULL,NULL,NULL,NULL,NULL,NULL,NULL,NULL,NULL
"283358","5ad984676ed4eed4d622d6f0535d31598ae5d39a46937ddbf7f24ba857a66926fe0f0e7c50aa7ae85b493c7186cf51f92d97f4df39e237d85a12ed2db6c5ca1a","JA551840","12/16/2017 05:35:00 PM","2","DRIVER",NULL,"275046.0",NULL,"TOYOTA MOTOR COMPANY, LTD.","CAMRY","IL","2011.0","UNKNOWN","PASSENGER","PERSONAL","N","STRAIGHT AHEAD","Y",NULL,"1.0",NULL,"PRIVATE",NULL,NULL,"Y","Y",NULL,NULL,NULL,NULL,NULL,"Y",NULL,NULL,NULL,NULL,NULL,"FRONT",NULL,NULL,NULL,NULL,NULL,NULL,NULL,NULL,NULL,NULL,NULL,NULL,NULL,NULL,NULL,NULL,NULL,NULL,NULL,NULL,NULL,NULL,NULL,NULL,NULL,NULL,NULL,NULL,NULL,NULL,NULL,NULL,NULL
"283641","75b7e2d91879587e20e6bba4d05ea79c89726ad722c0da5ca45498b5665843e831c6528a11e49fb8b08be93dfe858fe95a4432b02b4a1d70d58b052682ae61e6","JA552350","12/17/2017 03:30:00 AM","2","DRIVER",NULL,"275307.0",NULL,"FORD","FUSION","IL","2008.0","UNKNOWN","PASSENGER","PERSONAL","N","STRAIGHT AHEAD",NULL,NULL,"1.0",NULL,NULL,NULL,NULL,"N","N",NULL,NULL,"Y",NULL,NULL,NULL,NULL,NULL,NULL,NULL,NULL,"REAR",NULL,NULL,NULL,NULL,NULL,NULL,NULL,NULL,NULL,NULL,NULL,NULL,NULL,NULL,NULL,NULL,NULL,NULL,NULL,NULL,NULL,NULL,NULL,NULL,NULL,NULL,NULL,NULL,NULL,NULL,NULL,NULL,NULL
"283800","4ca17a185f0763f86f0d253ec091a2a373a3e143faaf866ddf2cb078103026fd635eb67b40363912c9675bfc96729f8343e91a81b9413564c2ea00d1c2f42a1d","JA552634","12/17/2017 11:35:00 AM","2","DRIVER","2.0","275462.0",NULL,"SUBARU","LEGACY","IL","2015.0","NONE","PASSENGER","PERSONAL","N","SLOW/STOP IN TRAFFIC",NULL,NULL,"3.0",NULL,NULL,NULL,NULL,NULL,NULL,NULL,"Y","Y","Y",NULL,NULL,NULL,NULL,NULL,NULL,NULL,"REAR",NULL,NULL,NULL,NULL,NULL,NULL,NULL,NULL,NULL,NULL,NULL,NULL,NULL,NULL,NULL,NULL,NULL,NULL,NULL,NULL,NULL,NULL,NULL,NULL,NULL,NULL,NULL,NULL,NULL,NULL,NULL,NULL,NULL
"284374","5ee5d4b08582e25afce4b3b05b17f1d8b2db4f9f15ccdb22217e3506fcbe6050a767ca76ade5070003a777ea706f18cf912f4105dfbad66246388be3a7b99afd","JA553670","12/17/2017 01:00:00 PM","2","DRIVER",NULL,"276033.0",NULL,"CADILLAC","UNKNOWN",NULL,"2014.0","NONE","PASSENGER","PERSONAL","N","STRAIGHT AHEAD",NULL,NULL,"1.0",NULL,NULL,NULL,NULL,NULL,NULL,NULL,NULL,"Y",NULL,NULL,NULL,NULL,NULL,NULL,NULL,NULL,"REAR",NULL,NULL,NULL,NULL,NULL,NULL,NULL,NULL,NULL,NULL,NULL,NULL,NULL,NULL,NULL,NULL,NULL,NULL,NULL,NULL,NULL,NULL,NULL,NULL,NULL,NULL,NULL,NULL,NULL,NULL,NULL,NULL,NULL
"284857","053e40a492db1cac6a5e75fc2ab25c66106bee4b12bf553cfa1563a37cf27f8e819748df0098d58b5e3cdced75483cab95cdd7f3cc25aa339f5e16bb0768f073","JA554526","12/18/2017 07:00:00 PM","1","DRIVER",NULL,"276469.0",NULL,"LEXUS","GX460","IL","2012.0","UNKNOWN","PASSENGER","PERSONAL","E","STRAIGHT AHEAD",NULL,NULL,"1.0",NULL,NULL,NULL,NULL,"Y","Y",NULL,NULL,NULL,NULL,NULL,NULL,NULL,NULL,NULL,NULL,NULL,"FRONT-RIGHT",NULL,NULL,NULL,NULL,NULL,NULL,NULL,NULL,NULL,NULL,NULL,NULL,NULL,NULL,NULL,NULL,NULL,NULL,NULL,NULL,NULL,NULL,NULL,NULL,NULL,NULL,NULL,NULL,NULL,NULL,NULL,NULL,NULL
"284863","dfd711f8d2dff532009c988703945c7a5939234ac411a81ec6c979fbbe355829ad1bb0a931244982ebb93224aaa47064660aee4133e3380e6c3ce3cb28ee3880","JA554570","12/18/2017 05:15:00 PM","1","DRIVER",NULL,"276470.0",NULL,"JEEP","Wrangler (for vehicle years 1989 to present)","IL","2015.0","UNKNOWN","PASSENGER","UNKNOWN/NA","NE","TURNING LEFT",NULL,NULL,"1.0",NULL,NULL,NULL,NULL,"Y",NULL,NULL,NULL,NULL,NULL,NULL,NULL,NULL,NULL,NULL,NULL,NULL,"FRONT",NULL,NULL,NULL,NULL,NULL,NULL,NULL,NULL,NULL,NULL,NULL,NULL,NULL,NULL,NULL,NULL,NULL,NULL,NULL,NULL,NULL,NULL,NULL,NULL,NULL,NULL,NULL,NULL,NULL,NULL,NULL,NULL,NULL
"285057","97bc9dae6c63e0d9b80d80d0d46611f6fb2fb6b42960a88ea43f30f217fef1aacc35c9da1bd8c2517a485d4fc769f39f465aeed05cf1da188c0f200ef64f9785","JA554987","12/19/2017 07:56:00 AM","1","DRIVER",NULL,"276654.0",NULL,"LINCOLN-CONTINENTAL","NAVIGATOR","IL","2015.0","NONE","SPORT UTILITY VEHICLE (SUV)","PERSONAL","E","STRAIGHT AHEAD",NULL,NULL,"1.0",NULL,NULL,NULL,NULL,"Y",NULL,NULL,NULL,NULL,NULL,NULL,NULL,NULL,NULL,NULL,NULL,NULL,"FRONT",NULL,NULL,NULL,NULL,NULL,NULL,NULL,NULL,NULL,NULL,NULL,NULL,NULL,NULL,NULL,NULL,NULL,NULL,NULL,NULL,NULL,NULL,NULL,NULL,NULL,NULL,NULL,NULL,NULL,NULL,NULL,NULL,NULL
"285387","54cbbdfd4f9b35ca0bceafde26b6aaafb38cd9c8eaa919e3d1ab2b5455df26d4b06aa47233ef372e52de5311b460d542650dfcbce904a9827c14776d22109872","JA541621","12/08/2017 02:55:00 PM","1","DRIVER",NULL,"276964.0",NULL,"CHEVROLET","CHEVROLET-TRUCK,VAN,SUV,ETC","IL","2010.0","UNKNOWN","VAN/MINI-VAN","UNKNOWN/NA","E","TURNING RIGHT",NULL,NULL,"1.0",NULL,NULL,NULL,NULL,NULL,NULL,NULL,NULL,NULL,"N",NULL,NULL,NULL,NULL,NULL,NULL,NULL,"REAR",NULL,NULL,NULL,NULL,NULL,NULL,NULL,NULL,NULL,NULL,NULL,NULL,NULL,NULL,NULL,NULL,NULL,NULL,NULL,NULL,NULL,NULL,NULL,NULL,NULL,NULL,NULL,NULL,NULL,NULL,NULL,NULL,NULL
"286091","2fc0332c502ac38adef9d6248fe97e49ae831ab51618c60e67cce7c032a53b69046408cbfcddc880c12373dc4d52ce3f0651be5dbc60865056f3638a7304a849","JA557011","12/20/2017 10:00:00 AM","2","DRIVERLESS",NULL,"277637.0",NULL,"NISSAN","NISSAN MAXIMA","IL","2008.0","NONE","PASSENGER","PERSONAL","N","PARKED IN TRAFFIC LANE",NULL,NULL,"0.0",NULL,NULL,NULL,NULL,NULL,NULL,NULL,NULL,NULL,NULL,"Y","Y",NULL,NULL,NULL,NULL,NULL,"FRONT-LEFT",NULL,NULL,NULL,NULL,NULL,NULL,NULL,NULL,NULL,NULL,NULL,NULL,NULL,NULL,NULL,NULL,NULL,NULL,NULL,NULL,NULL,NULL,NULL,NULL,NULL,NULL,NULL,NULL,NULL,NULL,NULL,NULL,NULL
"286762","4afd77c69451786a236ade68c75e34667a367ae57259f1cb86eea9b4cbb3bf9b25b21a02a3fbb663ac51cc84c16c6d79dd604402be2e0303f1aa0599557a5078","JA558304","12/21/2017 04:00:00 PM","1","DRIVER","1.0","278262.0",NULL,"MERCEDES-BENZ","E320","WI","2008.0","BRAKES","PASSENGER","PERSONAL","E","STRAIGHT AHEAD","Y",NULL,"2.0",NULL,NULL,NULL,NULL,NULL,"Y","Y","Y",NULL,NULL,NULL,NULL,NULL,NULL,NULL,NULL,NULL,"SIDE-RIGHT",NULL,NULL,NULL,NULL,NULL,NULL,NULL,NULL,NULL,NULL,NULL,NULL,NULL,NULL,NULL,NULL,NULL,NULL,NULL,NULL,NULL,NULL,NULL,NULL,NULL,NULL,NULL,NULL,NULL,NULL,NULL,NULL,NULL
"286994","fa3bbff2e98e108815f3c3841d30b2358d4e2e0837ac6cad689d1103d0451ea867b0da53b45d23b4fb7bad229371057cc1cbc8afa7490ebff715fe1d7e83345a","JA558752","12/20/2017 04:34:00 PM","2","DRIVER","1.0","278483.0",NULL,"MITSUBISHI","MIRAGE","IL","2017.0","NONE","PASSENGER","PERSONAL","W","STRAIGHT AHEAD",NULL,NULL,"2.0",NULL,NULL,NULL,NULL,NULL,NULL,NULL,NULL,NULL,NULL,NULL,NULL,NULL,NULL,NULL,NULL,NULL,"REAR",NULL,NULL,NULL,NULL,NULL,NULL,NULL,NULL,NULL,NULL,NULL,NULL,NULL,NULL,NULL,NULL,NULL,NULL,NULL,NULL,NULL,NULL,NULL,NULL,NULL,NULL,NULL,NULL,NULL,NULL,NULL,NULL,NULL
"287310","21d48ff4031a6c9fb670a095b073c010dacdc8f52edc8c1ca36930baf74e79ce26c3e6734534907fdc5bf96f4a7cc63675c61b34bff96c40cf86231b05f60366","JA559373","12/22/2017 01:05:00 PM","2","DRIVER",NULL,"278789.0",NULL,"DODGE","RAM 1500 PU","IL","2017.0","NONE","PICKUP","PERSONAL","S","STARTING IN TRAFFIC",NULL,NULL,"1.0",NULL,NULL,NULL,NULL,NULL,NULL,NULL,NULL,NULL,NULL,"Y","Y",NULL,NULL,NULL,NULL,NULL,"SIDE-LEFT",NULL,NULL,NULL,NULL,NULL,NULL,NULL,NULL,NULL,NULL,NULL,NULL,NULL,NULL,NULL,NULL,NULL,NULL,NULL,NULL,NULL,NULL,NULL,NULL,NULL,NULL,NULL,NULL,NULL,NULL,NULL,NULL,NULL
"287645","b4209145b16041656ca0a5b345f35ff66aa83d15018993576e4f1ddc60075452eaf3ae61f1d0ee4fb4fae8e72f7b1157f1a7620d50be0c0d469339d25267fcec","JA559925","12/22/2017 12:30:00 PM","2","DRIVER",NULL,"279113.0",NULL,"TOYOTA MOTOR COMPANY, LTD.","CAMRY","IL","2010.0","NONE","PASSENGER","PERSONAL","E","STRAIGHT AHEAD",NULL,NULL,"1.0",NULL,NULL,NULL,NULL,NULL,NULL,NULL,NULL,NULL,NULL,NULL,"Y",NULL,NULL,NULL,NULL,NULL,"FRONT-LEFT",NULL,NULL,NULL,NULL,NULL,NULL,NULL,NULL,NULL,NULL,NULL,NULL,NULL,NULL,NULL,NULL,NULL,NULL,NULL,NULL,NULL,NULL,NULL,NULL,NULL,NULL,NULL,NULL,NULL,NULL,NULL,NULL,NULL
"287924","f35298d0948d40d76775660be56dc5087b701bec0667c9a8d901a318471a6d7fe1cee3168e4b1706a61329cefed6361a404b94de6b8b7e7520c6b67ac159c588","JA560444","12/21/2017 08:05:00 PM","1","DRIVER",NULL,"279378.0",NULL,"TOYOTA MOTOR COMPANY, LTD.","Prius","IL","2009.0","UNKNOWN","PASSENGER","PERSONAL","N","CHANGING LANES",NULL,NULL,"1.0",NULL,NULL,NULL,NULL,NULL,"Y","Y",NULL,NULL,NULL,NULL,NULL,NULL,NULL,NULL,NULL,NULL,"FRONT-RIGHT",NULL,NULL,NULL,NULL,NULL,NULL,NULL,NULL,NULL,NULL,NULL,NULL,NULL,NULL,NULL,NULL,NULL,NULL,NULL,NULL,NULL,NULL,NULL,NULL,NULL,NULL,NULL,NULL,NULL,NULL,NULL,NULL,NULL