"CRASH_UNIT_ID","CRASH_RECORD_ID","RD_NO","CRASH_DATE","UNIT_NO","UNIT_TYPE","NUM_PASSENGERS","VEHICLE_ID","CMRC_VEH_I","MAKE","MODEL","LIC_PLATE_STATE","VEHICLE_YEAR","VEHICLE_DEFECT","VEHICLE_TYPE","VEHICLE_USE","TRAVEL_DIRECTION","MANEUVER","TOWED_I","FIRE_I","OCCUPANT_CNT","EXCEED_SPEED_LIMIT_I","TOWED_BY","TOWED_TO","AREA_00_I","AREA_01_I","AREA_02_I","AREA_03_I","AREA_04_I","AREA_05_I","AREA_06_I","AREA_07_I","AREA_08_I","AREA_09_I","AREA_10_I","AREA_11_I","AREA_12_I","AREA_99_I","FIRST_CONTACT_POINT","CMV_ID","USDOT_NO","CCMC_NO","ILCC_NO","COMMERCIAL_SRC","GVWR","CARRIER_NAME","CARRIER_STATE","CARRIER_CITY","HAZMAT_PLACARDS_I","HAZMAT_NAME","UN_NO","HAZMAT_PRESENT_I","HAZMAT_REPORT_I","HAZMAT_REPORT_NO","MCS_REPORT_I","MCS_REPORT_NO","HAZMAT_VIO_CAUSE_CRASH_I","MCS_VIO_CAUSE_CRASH_I","IDOT_PERMIT_NO","WIDE_LOAD_I","TRAILER1_WIDTH","TRAILER2_WIDTH","TRAILER1_LENGTH","TRAILER2_LENGTH","TOTAL_VEHICLE_LENGTH","AXLE_CNT","VEHICLE_CONFIG","CARGO_BODY_TYPE","LOAD_TYPE","HAZMAT_OUT_OF_SERVICE_I","MCS_OUT_OF_SERVICE_I","HAZMAT_CLASS"
"304134","ce37bb0e9de4ab8c025c99e66262e29dcfb4657d1a3fb057bfd70730d2762cfca6d50b489c681c18d677e5edc5560854d7359477ec1bb37e77b64696142f5dc5","JB116653","01/15/2018 07:30:00 AM","2","PARKED",NULL,"294567.0",NULL,"FORD","EXPLORER","IL","2012.0","NONE","PASSENGER","NOT IN USE","S","PARKED",NULL,NULL,"0.0",NULL,NULL,NULL,NULL,NULL,NULL,NULL,NULL,NULL,"Y","Y",NULL,NULL,NULL,NULL,NULL,NULL,"REAR-LEFT",NULL,NULL,NULL,NULL,NULL,NULL,NULL,NULL,NULL,NULL,NULL,NULL,NULL,NULL,NULL,NULL,NULL,NULL,NULL,NULL,NULL,NULL,NULL,NULL,NULL,NULL,NULL,NULL,NULL,NULL,NULL,NULL,NULL
"304137","b3b95566e6fd98693ca12343ff1312d30c116ef48000848fbce0b0aac829e1dc101e05bd3daf75acf311b5661e149b18d126ff2a71e23b556a172a12bc9cbebb","JB116663","01/14/2018 10:30:00 AM","1","DRIVER",NULL,"294571.0",NULL,"TOYOTA MOTOR COMPANY, LTD.","CAMRY","IL","2015.0","NONE","PASSENGER","TAXI/FOR HIRE","W","STRAIGHT AHEAD",NULL,NULL,"1.0",NULL,NULL,NULL,NULL,NULL,NULL,"Y",NULL,NULL,NULL,NULL,NULL,NULL,NULL,NULL,NULL,NULL,"SIDE-RIGHT",NULL,NULL,NULL,NULL,NULL,NULL,NULL,NULL,NULL,NULL,NULL,NULL,NULL,NULL,NULL,NULL,NULL,NULL,NULL,NULL,NULL,NULL,NULL,NULL,NULL,NULL,NULL,NULL,NULL,NULL,NULL,NULL,NULL
"304314","b655c7f46bcc3412bdef4b69db8cde7e15f0c336918e8d3926547ebda7d317831bfc5f45747d9ef5b628c91cb86d9cb8b1a868adb587f61ce490eee303fb24cc","JB116982","01/11/2018 01:30:00 PM","2","DRIVER","1.0","294734.0",NULL,"FORD","Explorer","IL","2013.0","NONE","PASSENGER","PERSONAL","W","TURNING LEFT",NULL,NULL,"2.0",NULL,NULL,NULL,NULL,NULL,"Y",NULL,NULL,NULL,NULL,NULL,NULL,NULL,NULL,NULL,NULL,NULL,"FRONT-RIGHT",NULL,NULL,NULL,NULL,NULL,NULL,NULL,NULL,NULL,NULL,NULL,NULL,NULL,NULL,NULL,NULL,NULL,NULL,NULL,NULL,NULL,NULL,NULL,NULL,NULL,NULL,NULL,NULL,NULL,NULL,NULL,NULL,NULL
"305072","ab9aafe972fabeee09b535310bc9b76e71c4dd3cdc7d96ab279ff714ff26d0c31ca4e2dd345dbfe955b5096a53519abd69c15f5b88fd0f259013b9da055b620d","JB118274","01/16/2018 05:00:00 PM","1","DRIVER",NULL,"295460.0",NULL,"CHEVROLET","EQUINOX","IL","2015.0","NONE","SPORT UTILITY VEHICLE (SUV)","PERSONAL","E","STRAIGHT AHEAD",NULL,NULL,"1.0",NULL,NULL,NULL,NULL,NULL,"Y",NULL,NULL,NULL,NULL,NULL,NULL,NULL,NULL,NULL,NULL,NULL,"FRONT-RIGHT",NULL,NULL,NULL,NULL,NULL,NULL,NULL,NULL,NULL,NULL,NULL,NULL,NULL,NULL,NULL,NULL,NULL,NULL,NULL,NULL,NULL,NULL,NULL,NULL,NULL,NULL,NULL,NULL,NULL,NULL,NULL,NULL,NULL
"305273","a5699aafdb307e1751deea8c56b882dd6dd025793dc3fdbe91cd8a5eb3de17cb694bb7a44499c6cf9dfd78391e70f71c973ec30380417599b3ad47cc7c80fc4c","JB118614","01/16/2018 07:55:00 AM","1","DRIVER",NULL,"295637.0",NULL,"CHEVROLET","EQUINOX","IL","2013.0","UNKNOWN","PASSENGER","UNKNOWN/NA","S","STRAIGHT AHEAD",NULL,NULL,"1.0",NULL,NULL,NULL,NULL,"Y",NULL,NULL,NULL,NULL,NULL,NULL,NULL,NULL,NULL,NULL,NULL,NULL,"FRONT",NULL,NULL,NULL,NULL,NULL,NULL,NULL,NULL,NULL,NULL,NULL,NULL,NULL,NULL,NULL,NULL,NULL,NULL,NULL,NULL,NULL,NULL,NULL,NULL,NULL,NULL,NULL,NULL,NULL,NULL,NULL,NULL,NULL
"306238","fe7d15ccc2a717ba623140ea59df9030c81261d2ed718e84e20a431b8d5aaeee40a7edf68e6cf45a73429fb80f265c19b4d70e487bc0a90744fc87af76e5ae85","JB120075","01/18/2018 05:40:00 AM","3","DRIVER",NULL,"296551.0",NULL,"HONDA","CRV","IL","2017.0","NONE","PASSENGER","PERSONAL","W","SLOW/STOP IN TRAFFIC",NULL,NULL,"1.0",NULL,NULL,NULL,NULL,NULL,NULL,NULL,NULL,"Y",NULL,NULL,NULL,NULL,NULL,NULL,NULL,NULL,"REAR",NULL,NULL,NULL,NULL,NULL,NULL,NULL,NULL,NULL,NULL,NULL,NULL,NULL,NULL,NULL,NULL,NULL,NULL,NULL,NULL,NULL,NULL,NULL,NULL,NULL,NULL,NULL,NULL,NULL,NULL,NULL,NULL,NULL
"306372","83a46d317f8e2d7870731d65e603b2b522205f0214e9d4979d0b139e70e1b90eddd166294d87c6cfe2209a1cd723216e8f17d690985ed713f76bfe22a2bc7ba8","JB120238","01/18/2018 09:15:00 AM","1","DRIVER",NULL,"296666.0",NULL,"TOYOTA MOTOR COMPANY, LTD.","RAV4 (sport utility)","IL","2016.0","UNKNOWN","PASSENGER","PERSONAL","S","STRAIGHT AHEAD",NULL,NULL,"1.0",NULL,NULL,NULL,NULL,"Y",NULL,NULL,NULL,NULL,NULL,NULL,NULL,NULL,NULL,NULL,NULL,NULL,"FRONT",NULL,NULL,NULL,NULL,NULL,NULL,NULL,NULL,NULL,NULL,NULL,NULL,NULL,NULL,NULL,NULL,NULL,NULL,NULL,NULL,NULL,NULL,NULL,NULL,NULL,NULL,NULL,NULL,NULL,NULL,NULL,NULL,NULL
"306393","59cb059eb537bcb63fc438baa690d85f12a5479d23361c4fb1bbec50d493318364c18b898e2df2e648071c062571865080f797d7e8c4512f38dd9066323d15b3","JB120253","01/18/2018 09:10:00 AM","2","DRIVER",NULL,"296694.0",NULL,"DODGE","UNKNOWN","IL","2016.0","NONE","PASSENGER","PERSONAL","S","STRAIGHT AHEAD",NULL,NULL,"1.0",NULL,NULL,NULL,NULL,"Y","Y",NULL,NULL,NULL,NULL,NULL,"Y",NULL,NULL,NULL,NULL,NULL,"FRONT",NULL,NULL,NULL,NULL,NULL,NULL,NULL,NULL,NULL,NULL,NULL,NULL,NULL,NULL,NULL,NULL,NULL,NULL,NULL,NULL,NULL,NULL,NULL,NULL,NULL,NULL,NULL,NULL,NULL,NULL,NULL,NULL,NULL
"306464","c3cc4ed34b57e05c28fc043847a4824a72fe7ab022dc8c440c1becc91883b53ec68942eaa9821552409ec869d22185ec859a44cf8091b9d0e3021c39bdadefdb","JB120341","01/18/2018 09:00:00 AM","2","DRIVER",NULL,"296768.0",NULL,"MACK TRUCKS, INC.","MACK TRUCKS, INC.","WI","2016.0","NONE","TRACTOR W/ SEMI-TRAILER","MASS TRANSIT","E","TURNING LEFT",NULL,NULL,"1.0",NULL,NULL,NULL,NULL,NULL,"Y",NULL,NULL,NULL,NULL,NULL,NULL,NULL,NULL,NULL,NULL,NULL,"FRONT-RIGHT",NULL,NULL,NULL,NULL,NULL,NULL,NULL,NULL,NULL,NULL,NULL,NULL,NULL,NULL,NULL,NULL,NULL,NULL,NULL,NULL,NULL,NULL,NULL,NULL,NULL,NULL,NULL,NULL,NULL,NULL,NULL,NULL,NULL
"306515","bc200550a111f9c0790da9aa6770584235ae91b88c64e37e657e2c4755f84b798af2f3ca1896354d7c03a047ad5505b2b3680cffc379023acd6c156d04509591","JB120349","01/18/2018 09:28:00 AM","2","PARKED",NULL,"296817.0",NULL,"NISSAN","NISSAN ALTIMA","IL","2008.0","NONE","PASSENGER","PERSONAL","W","PARKED",NULL,NULL,"0.0",NULL,NULL,NULL,NULL,"Y","Y",NULL,NULL,NULL,NULL,"Y","Y",NULL,NULL,NULL,NULL,NULL,"FRONT-LEFT",NULL,NULL,NULL,NULL,NULL,NULL,NULL,NULL,NULL,NULL,NULL,NULL,NULL,NULL,NULL,NULL,NULL,NULL,NULL,NULL,NULL,NULL,NULL,NULL,NULL,NULL,NULL,NULL,NULL,NULL,NULL,NULL,NULL
"306929","fc744873a4dd4ca083ff9731b4c158f744ee92166513d23677a4c19dd38fcc1e182925c8b6baa9ffd70e19b75252e17ef05f1136e52f76c04c4db91541537169","JB121212","01/18/2018 10:15:00 PM","2","DRIVER",NULL,"297224.0",NULL,"DODGE","RAM 1500 PU","AL","2016.0","NONE","PICKUP","PERSONAL","S","STRAIGHT AHEAD",NULL,NULL,"1.0",NULL,NULL,NULL,NULL,NULL,NULL,NULL,NULL,NULL,NULL,NULL,"Y",NULL,NULL,NULL,NULL,NULL,"FRONT-LEFT",NULL,NULL,NULL,NULL,NULL,NULL,NULL,NULL,NULL,NULL,NULL,NULL,NULL,NULL,NULL,NULL,NULL,NULL,NULL,NULL,NULL,NULL,NULL,NULL,NULL,NULL,NULL,NULL,NULL,NULL,NULL,NULL,NULL
"307591","7bd04cc1a4568a04c8ffbfc4bba260869f16110e109380c6cc31120be9b458879c2264bff18fad7664a94c4bd45a57c20e6968a3cbe06b5b3b1f4913733baaf0","JB122245","01/19/2018 05:30:00 PM","2","DRIVER",NULL,"297857.0",NULL,"VOLKSWAGEN","VOLKSWAGEN","IL","2008.0","UNKNOWN","PASSENGER","PERSONAL","W","SLOW/STOP IN TRAFFIC",NULL,NULL,"1.0",NULL,NULL,NULL,NULL,NULL,NULL,NULL,NULL,"Y",NULL,NULL,NULL,NULL,NULL,NULL,NULL,NULL,"REAR",NULL,NULL,NULL,NULL,NULL,NULL,NULL,NULL,NULL,NULL,NULL,NULL,NULL,NULL,NULL,NULL,NULL,NULL,NULL,NULL,NULL,NULL,NULL,NULL,NULL,NULL,NULL,NULL,NULL,NULL,NULL,NULL,NULL
"308367","9680f93e6c4d14c1ea51172d07cc89bf0bc50f1dabccfabdecbfbb8cfd642b52fa14be9223a5b375776b9fa91ab38ba737248f929d525c88f1e8b09b66dc05bb","JB123542","01/20/2018 08:00:00 PM","2","DRIVER",NULL,"298568.0",NULL,"TOYOTA MOTOR COMPANY, LTD.","CAMRY","IL","2010.0","UNKNOWN","PASSENGER","PERSONAL","N","STRAIGHT AHEAD",NULL,NULL,"1.0",NULL,NULL,NULL,NULL,"Y",NULL,NULL,NULL,"Y",NULL,NULL,NULL,NULL,NULL,NULL,NULL,NULL,"REAR",NULL,NULL,NULL,NULL,NULL,NULL,NULL,NULL,NULL,NULL,NULL,NULL,NULL,NULL,NULL,NULL,NULL,NULL,NULL,NULL,NULL,NULL,NULL,NULL,NULL,NULL,NULL,NULL,NULL,NULL,NULL,NULL,NULL
"308429","952e822295edd874a946641bd302a481fbe384a3c3bf7ce556d9fef2a549e38014e26eb89affd3d1817b6477191e686c9075a805148b4d50e926a61572373652","JB123702","01/20/2018 11:29:00 PM","1","DRIVER",NULL,"298606.0",NULL,"JEEP","PATRIOT","IL","2017.0","NONE","SPORT UTILITY VEHICLE (SUV)","PERSONAL","N","U-TURN","Y",NULL,"1.0",NULL,"ON THE SCENE RECOVERY","4440 W ADDISON ST",NULL,"Y","Y",NULL,NULL,NULL,NULL,NULL,"Y",NULL,NULL,NULL,NULL,NULL,"FRONT-LEFT",NULL,NULL,NULL,NULL,NULL,NULL,NULL,NULL,NULL,NULL,NULL,NULL,NULL,NULL,NULL,NULL,NULL,NULL,NULL,NULL,NULL,NULL,NULL,NULL,NULL,NULL,NULL,NULL,NULL,NULL,NULL,NULL,NULL
"308677","3f9c42508d4856181ccd5c1cdb219fe31d5510c05fa156ccbe91c9eae839619c7cec3f40143345e2017b2bb1418a627a8697ddaa58d77d3c7a4a76641acd2778","JB124295","01/21/2018 02:10:00 PM","1","DRIVER",NULL,"298861.0",NULL,"SATURN","Vue","IL","2008.0","UNKNOWN","PASSENGER","PERSONAL","NW","BACKING",NULL,NULL,"1.0",NULL,NULL,NULL,NULL,NULL,NULL,NULL,NULL,"Y",NULL,NULL,NULL,NULL,NULL,NULL,NULL,NULL,"REAR",NULL,NULL,NULL,NULL,NULL,NULL,NULL,NULL,NULL,NULL,NULL,NULL,NULL,NULL,NULL,NULL,NULL,NULL,NULL,NULL,NULL,NULL,NULL,NULL,NULL,NULL,NULL,NULL,NULL,NULL,NULL,NULL,NULL
"308681","e795481ffeb0931e82faf86eecdaf293f087bec051d9e42866603a16c9b596debbca1d4a7fdcf8b5dd4eb273134bea0c6926cf9d792c5b65344eb5b813ba2b57","JB124312","01/21/2018 03:20:00 PM","1","DRIVER",NULL,"298882.0",NULL,"HONDA","HONDA","IL","2014.0","OTHER","UNKNOWN/NA","UNKNOWN/NA","N","BACKING",NULL,NULL,"1.0",NULL,NULL,NULL,NULL,NULL,NULL,NULL,NULL,"Y",NULL,NULL,NULL,NULL,NULL,NULL,NULL,NULL,"REAR",NULL,NULL,NULL,NULL,NULL,NULL,NULL,NULL,NULL,NULL,NULL,NULL,NULL,NULL,NULL,NULL,NULL,NULL,NULL,NULL,NULL,NULL,NULL,NULL,NULL,NULL,NULL,NULL,NULL,NULL,NULL,NULL,NULL
"308798","74dd6d45e0d219d3bd1fa40eb548616ce8d461e121f606f75c390c591856ef5879024d2d33ae0488e4b66072d2aff802a1d725241670a4681efed042c62f73be","JB124537","01/21/2018 06:40:00 PM","2","DRIVER","1.0","298984.0",NULL,"CHEVROLET","TAHOE","IL","2009.0","NONE","PASSENGER","PERSONAL","N","TURNING LEFT",NULL,NULL,"2.0",NULL,NULL,NULL,NULL,NULL,"Y",NULL,NULL,NULL,NULL,NULL,NULL,NULL,NULL,NULL,NULL,NULL,"FRONT-RIGHT",NULL,NULL,NULL,NULL,NULL,NULL,NULL,NULL,NULL,NULL,NULL,NULL,NULL,NULL,NULL,NULL,NULL,NULL,NULL,NULL,NULL,NULL,NULL,NULL,NULL,NULL,NULL,NULL,NULL,NULL,NULL,NULL,NULL
"309106","e45388c5a3888df108c649d57daf947fe4dd0b75b3eabc76af1834725358d790b954f1b1c196e8a9e320f149dd8162595e3839fc46c096066f9dde21e4a67380","JB125129","01/22/2018 10:50:00 AM","1","DRIVER",NULL,"299257.0",NULL,"HONDA","ACCORD","IL","2016.0","NONE","PASSENGER","PERSONAL","W","TURNING LEFT","Y",NULL,"1.0",NULL,NULL,NULL,"N","Y",NULL,NULL,NULL,NULL,NULL,NULL,NULL,NULL,NULL,NULL,NULL,NULL,"FRONT",NULL,NULL,NULL,NULL,NULL,NULL,NULL,NULL,NULL,NULL,NULL,NULL,NULL,NULL,NULL,NULL,NULL,NULL,NULL,NULL,NULL,NULL,NULL,NULL,NULL,NULL,NULL,NULL,NULL,NULL,NULL,NULL,NULL
"309520","de5eb62f1804bf5dad6832e98c66034601ba4bc8547126df96bb5b2980cb57f077df13a2c68eea8daca011ec371cbb3561515a6a13f40c1cd6ad6cc4409e7521","JB126005","01/22/2018 08:30:00 AM","2","DRIVER",NULL,"299644.0",NULL,"JEEP","Grand Cherokee (for vehicle years 1989 to present)","IL","2010.0","NONE","PASSENGER","PERSONAL","S","STRAIGHT AHEAD",NULL,NULL,"1.0",NULL,NULL,NULL,NULL,NULL,NULL,NULL,NULL,NULL,NULL,NULL,"Y",NULL,NULL,NULL,NULL,NULL,"FRONT-LEFT",NULL,NULL,NULL,NULL,NULL,NULL,NULL,NULL,NULL,NULL,NULL,NULL,NULL,NULL,NULL,NULL,NULL,NULL,NULL,NULL,NULL,NULL,NULL,NULL,NULL,NULL,NULL,NULL,NULL,NULL,NULL,NULL,NULL
"309523","9a552ffece310667d04bbdc207d9a619be9e9e12512154bb0d76484defffc85c77e7562db802155f564616424e602a672e55889113cc5954943c27fa5b5fd9a6","JB126036","01/22/2018 06:00:00 PM","1","DRIVER",NULL,"299643.0","Y","UNKNOWN","UNKNOWN","IL","2008.0","NONE","BUS OVER 15 PASS.","CTA","W","STRAIGHT AHEAD",NULL,NULL,"1.0",NULL,NULL,NULL,"Y",NULL,NULL,"Y",NULL,NULL,NULL,NULL,NULL,NULL,NULL,NULL,NULL,NULL,"SIDE-RIGHT","2452.0",NULL,NULL,NULL,NULL,NULL,"CHICAGO TRANSIT AUTHORITY","IL","CHICAGO",NULL,NULL,NULL,"N","N",NULL,"N",NULL,"N","N",NULL,NULL,NULL,NULL,NULL,NULL,NULL,NULL,"BUS","BUS",NULL,"N","N",NULL
"309609","6b914a466537384ac94193989395bbf41d448fd8e3cf8d631b30244df0f6489f301bfee0ce0e335415431b4bb2917247823e3fbd28106758314f5f32b1bdef2e","JB126212","01/23/2018 06:17:00 AM","1","DRIVER",NULL,"299727.0",NULL,"JEEP","Grand Cherokee (for vehicle years 1989 to present)","IN","2014.0","UNKNOWN","SPORT UTILITY VEHICLE (SUV)","UNKNOWN/NA","W","UNKNOWN/NA","Y",NULL,"1.0",NULL,"private tow","repair shop",NULL,"Y",NULL,NULL,NULL,"N",NULL,NULL,NULL,NULL,NULL,NULL,NULL,NULL,"FRONT",NULL,NULL,NULL,NULL,NULL,NULL,NULL,NULL,NULL,NULL,NULL,NULL,NULL,NULL,NULL,NULL,NULL,NULL,NULL,NULL,NULL,NULL,NULL,NULL,NULL,NULL,NULL,NULL,NULL,NULL,NULL,NULL,NULL
"310059","17c7411393e3720b8824da9a13543fc227dfbfc0e6c929589251308e994856b408f86ca52d4ad2c4b8f3caaa0c3f44faa449fad960ee18ab6e74519ff2217285","JB127027","01/23/2018 04:25:00 PM","2","DRIVER",NULL,"300146.0",NULL,"TOYOTA MOTOR COMPANY, LTD.","CAMRY",NULL,"2014.0","NONE","PASSENGER","PERSONAL","S","STRAIGHT AHEAD",NULL,NULL,"1.0",NULL,NULL,NULL,NULL,NULL,NULL,NULL,"Y",NULL,NULL,NULL,NULL,NULL,NULL,NULL,NULL,NULL,"REAR-RIGHT",NULL,NULL,NULL,NULL,NULL,NULL,NULL,NULL,NULL,NULL,NULL,NULL,NULL,NULL,NULL,NULL,NULL,NULL,NULL,NULL,NULL,NULL,NULL,NULL,NULL,NULL,NULL,NULL,NULL,NULL,NULL,NULL,NULL
"310724","5fbbaddd15976056cead4e729de0804124de105060953ceff85419e52412559ed52d0bb87872dd68fd67733da7fb514af4a6c17245de7060455d7de3590efc91","JB128352","01/24/2018 05:30:00 PM","2","DRIVER","1.0","300777.0",NULL,"NISSAN","NISSAN ALTIMA","IL","2016.0","UNKNOWN","PASSENGER","TAXI/FOR HIRE","N","STRAIGHT AHEAD",NULL,NULL,"2.0",NULL,NULL,NULL,NULL,NULL,"Y",NULL,NULL,NULL,NULL,NULL,NULL,NULL,NULL,NULL,NULL,NULL,"FRONT-RIGHT",NULL,NULL,NULL,NULL,NULL,NULL,NULL,NULL,NULL,NULL,NULL,NULL,NULL,NULL,NULL,NULL,NULL,NULL,NULL,NULL,NULL,NULL,NULL,NULL,NULL,NULL,NULL,NULL,NULL,NULL,NULL,NULL,NULL
"310941","580f13074b337b86a840b5294e42d8749e6743614de6ad4cd2781614cbb2b261580770696f699b807dc100f1ba89de9182d10be489c6b639abdb1791516aad82","JB128837","01/25/2018 08:12:00 AM","1","DRIVER",NULL,"300979.0",NULL,"NISSAN","NISSAN ALTIMA","IL","2015.0","NONE","PASSENGER","PERSONAL","S","PASSING/OVERTAKING",NULL,NULL,"1.0",NULL,NULL,NULL,NULL,NULL,"Y",NULL,NULL,NULL,NULL,NULL,"Y",NULL,NULL,NULL,NULL,NULL,"FRONT-RIGHT",NULL,NULL,NULL,NULL,NULL,NULL,NULL,NULL,NULL,NULL,NULL,NULL,NULL,NULL,NULL,NULL,NULL,NULL,NULL,NULL,NULL,NULL,NULL,NULL,NULL,NULL,NULL,NULL,NULL,NULL,NULL,NULL,NULL
"310997","c96d45b97d84870889794a68fdec8fca20af3d88190221e2e7cff07379072af6485d315d5afa9ee6d8e23d66660ab952acb8de81faaa9d3c89e734c1a630a53e","JB128983","01/25/2018 11:10:00 AM","2","DRIVER",NULL,"301040.0",NULL,"HONDA","Odyssey (minivan)","IL","2009.0","NONE","VAN/MINI-VAN","PERSONAL","S","STRAIGHT AHEAD",NULL,NULL,"1.0",NULL,NULL,NULL,NULL,NULL,"Y","Y","Y",NULL,NULL,NULL,NULL,NULL,NULL,NULL,NULL,NULL,"SIDE-RIGHT",NULL,NULL,NULL,NULL,NULL,NULL,NULL,NULL,NULL,NULL,NULL,NULL,NULL,NULL,NULL,NULL,NULL,NULL,NULL,NULL,NULL,NULL,NULL,NULL,NULL,NULL,NULL,NULL,NULL,NULL,NULL,NULL,NULL
"311119","1e1bfacea35592505caaa8a9c011825b3ce9c16525301ebb55292ef9af0fea2ce5c174a56de7ed77bb27e61101c319936479dec18ffe01896159e10eb383be3a","JB129234","01/25/2018 01:40:00 PM","2","DRIVER",NULL,"301152.0",NULL,"TOYOTA MOTOR COMPANY, LTD.","YARIS","IL","2012.0","NONE","PASSENGER","PERSONAL","W","STRAIGHT AHEAD",NULL,NULL,"1.0",NULL,NULL,NULL,NULL,NULL,"Y",NULL,NULL,NULL,NULL,NULL,NULL,NULL,NULL,NULL,NULL,NULL,"FRONT-RIGHT",NULL,NULL,NULL,NULL,NULL,NULL,NULL,NULL,NULL,NULL,NULL,NULL,NULL,NULL,NULL,NULL,NULL,NULL,NULL,NULL,NULL,NULL,NULL,NULL,NULL,NULL,NULL,NULL,NULL,NULL,NULL,NULL,NULL
"311156","434b10b706ccae99d3618cabe9c07321e0f43ea1324f6d5f0a1ae20cfb0b09a38ca84e32fd04b1dd250013796be436e6a2fea06b0dd84473d7ebdf8c4cd59565","JB129292","01/25/2018 12:30:00 PM","2","DRIVER",NULL,"301204.0",NULL,"CHEVROLET","UNKNOWN","IL","2013.0","NONE","PASSENGER","PERSONAL","N","TURNING ON RED",NULL,NULL,"1.0",NULL,NULL,NULL,NULL,NULL,NULL,NULL,NULL,NULL,NULL,NULL,"Y",NULL,NULL,NULL,NULL,NULL,"FRONT-LEFT",NULL,NULL,NULL,NULL,NULL,NULL,NULL,NULL,NULL,NULL,NULL,NULL,NULL,NULL,NULL,NULL,NULL,NULL,NULL,NULL,NULL,NULL,NULL,NULL,NULL,NULL,NULL,NULL,NULL,NULL,NULL,NULL,NULL
"311341","505c8bcfcf6fec7d2dccb32fe2f8dc4160258fa2f984dac485634b943155f4386a315182f10f5b6d99e2d5bc7120d580dc7802fe5707dfc2aef0845c8f0b5966","JB129632","01/25/2018 07:20:00 PM","1","DRIVER",NULL,"301366.0",NULL,"AUDI","A8","IL","2017.0","NONE","PASSENGER","PERSONAL","W","STRAIGHT AHEAD","Y",NULL,"1.0",NULL,"GEICO","GARAGE",NULL,NULL,"Y",NULL,"Y",NULL,NULL,NULL,NULL,NULL,"Y",NULL,NULL,NULL,"FRONT-RIGHT",NULL,NULL,NULL,NULL,NULL,NULL,NULL,NULL,NULL,NULL,NULL,NULL,NULL,NULL,NULL,NULL,NULL,NULL,NULL,NULL,NULL,NULL,NULL,NULL,NULL,NULL,NULL,NULL,NULL,NULL,NULL,NULL,NULL
"311424","5972d3b8a74115b13dc4965b7410daa4b104dfcd1997312533e67c606f5a576cd7d6a0b95431384bd843ceb75c255f4562fe5f80b1014cfbabd6646bb87b24f9","JB129851","01/25/2018 10:56:00 PM","1","DRIVER","2.0","301437.0",NULL,"CHEVROLET","IMPALA","IL","2008.0","UNKNOWN","PASSENGER","PERSONAL","W","STRAIGHT AHEAD","Y",NULL,"3.0",NULL,"CITY OF CHICAGO","POUND 3",NULL,"Y","Y",NULL,NULL,NULL,"N","N","N",NULL,NULL,NULL,NULL,NULL,"FRONT-RIGHT",NULL,NULL,NULL,NULL,NULL,NULL,NULL,NULL,NULL,NULL,NULL,NULL,NULL,NULL,NULL,NULL,NULL,NULL,NULL,NULL,NULL,NULL,NULL,NULL,NULL,NULL,NULL,NULL,NULL,NULL,NULL,NULL,NULL
"311551","77255ff7ee6871a9093c120779302d0a1f4211f0740aa4cf219105b5febf734c5d84779ea236e69570961e8815791fa4b3ee4b66e75589904f900b77f2e0f700","JB130074","01/26/2018 09:15:00 AM","1","DRIVER",NULL,"301560.0",NULL,"TOYOTA MOTOR COMPANY, LTD.","Prius",NULL,"2013.0","NONE","PASSENGER","TAXI/FOR HIRE","E","CHANGING LANES",NULL,NULL,"1.0",NULL,NULL,NULL,NULL,NULL,NULL,NULL,NULL,NULL,NULL,NULL,"Y",NULL,NULL,NULL,NULL,NULL,"FRONT-LEFT",NULL,NULL,NULL,NULL,NULL,NULL,NULL,NULL,NULL,NULL,NULL,NULL,NULL,NULL,NULL,NULL,NULL,NULL,NULL,NULL,NULL,NULL,NULL,NULL,NULL,NULL,NULL,NULL,NULL,NULL,NULL,NULL,NULL
"311830","bd4e90897fa0f769762b5da54a9ad0802023cb53998f3bc4e87981dbf2983527fb1962c2022a17aab5dde68e6eec1ced8b945abe08d1e1407a6e2c907c1f5a31","JB130530","01/26/2018 02:30:00 PM","3","DRIVER","1.0","301829.0",NULL,"TOYOTA MOTOR COMPANY, LTD.","RAV4 (sport utility)","IL","2015.0","NONE","PASSENGER","OTHER","S","STRAIGHT AHEAD",NULL,NULL,"2.0",NULL,NULL,NULL,NULL,NULL,NULL,"Y",NULL,NULL,NULL,NULL,NULL,NULL,NULL,NULL,NULL,NULL,"SIDE-RIGHT",NULL,NULL,NULL,NULL,NULL,NULL,NULL,NULL,NULL,NULL,NULL,NULL,NULL,NULL,NULL,NULL,NULL,NULL,NULL,NULL,NULL,NULL,NULL,NULL,NULL,NULL,NULL,NULL,NULL,NULL,NULL,NULL,NULL