"CRASH_UNIT_ID","CRASH_RECORD_ID","RD_NO","CRASH_DATE","UNIT_NO","UNIT_TYPE","NUM_PASSENGERS","VEHICLE_ID","CMRC_VEH_I","MAKE","MODEL","LIC_PLATE_STATE","VEHICLE_YEAR","VEHICLE_DEFECT","VEHICLE_TYPE","VEHICLE_USE","TRAVEL_DIRECTION","MANEUVER","TOWED_I","FIRE_I","OCCUPANT_CNT","EXCEED_SPEED_LIMIT_I","TOWED_BY","TOWED_TO","AREA_00_I","AREA_01_I","AREA_02_I","AREA_03_I","AREA_04_I","AREA_05_I","AREA_06_I","AREA_07_I","AREA_08_I","AREA_09_I","AREA_10_I","AREA_11_I","AREA_12_I","AREA_99_I","FIRST_CONTACT_POINT","CMV_ID","USDOT_NO","CCMC_NO","ILCC_NO","COMMERCIAL_SRC","GVWR","CARRIER_NAME","CARRIER_STATE","CARRIER_CITY","HAZMAT_PLACARDS_I","HAZMAT_NAME","UN_NO","HAZMAT_PRESENT_I","HAZMAT_REPORT_I","HAZMAT_REPORT_NO","MCS_REPORT_I","MCS_REPORT_NO","HAZMAT_VIO_CAUSE_CRASH_I","MCS_VIO_CAUSE_CRASH_I","IDOT_PERMIT_NO","WIDE_LOAD_I","TRAILER1_WIDTH","TRAILER2_WIDTH","TRAILER1_LENGTH","TRAILER2_LENGTH","TOTAL_VEHICLE_LENGTH","AXLE_CNT","VEHICLE_CONFIG","CARGO_BODY_TYPE","LOAD_TYPE","HAZMAT_OUT_OF_SERVICE_I","MCS_OUT_OF_SERVICE_I","HAZMAT_CLASS"
"319204","52f83bc0ac32e0af1d070e4f18fe19f9ad98137d2a6b475f4a79d08b904b5b450d1112b3c6b5c8c1419ebc84dd79a957a94b053f095b5ed9ecfe45d5e945f0d6","JB143864","02/07/2018 07:30:00 AM","1","DRIVER",NULL,"308720.0",NULL,"MAZDA","UNKNOWN","IL","2014.0","NONE","PASSENGER","PERSONAL","NE","ENTER FROM DRIVE/ALLEY",NULL,NULL,"1.0",NULL,NULL,NULL,NULL,"Y",NULL,NULL,NULL,NULL,NULL,NULL,NULL,NULL,NULL,NULL,NULL,NULL,"FRONT",NULL,NULL,NULL,NULL,NULL,NULL,NULL,NULL,NULL,NULL,NULL,NULL,NULL,NULL,NULL,NULL,NULL,NULL,NULL,NULL,NULL,NULL,NULL,NULL,NULL,NULL,NULL,NULL,NULL,NULL,NULL,NULL,NULL
"320000","caff88238d17c77e479a59eb7b62274f8b50756902e24aee67e8b43943a59b0c795445b85ed652a1993c1ea4dfbcbdd00cc361c3c6eee458715c26a04278e6a2","JB145301","02/08/2018 12:00:00 PM","2","PARKED",NULL,"309492.0",NULL,"JEEP","PATRIOT","IL","2017.0","NONE","SPORT UTILITY VEHICLE (SUV)","PERSONAL","S","PARKED",NULL,NULL,"0.0",NULL,NULL,NULL,NULL,NULL,NULL,"Y",NULL,NULL,NULL,NULL,NULL,NULL,NULL,NULL,NULL,NULL,"SIDE-RIGHT",NULL,NULL,NULL,NULL,NULL,NULL,NULL,NULL,NULL,NULL,NULL,NULL,NULL,NULL,NULL,NULL,NULL,NULL,NULL,NULL,NULL,NULL,NULL,NULL,NULL,NULL,NULL,NULL,NULL,NULL,NULL,NULL,NULL
"320050","85502b0fa6d5750d16d737e3e5e9e4215b4dfe752b78012fc0cfe896354af9ccb61ddfb31b10d2cd2637c4dc65ac8586c4915ec7bd6199f1f0141ee8311e24f4","JB145315","02/08/2018 12:30:00 PM","2","DRIVER",NULL,"309530.0",NULL,"KIA MOTORS CORP","SORENTO","IL","2017.0","NONE","SPORT UTILITY VEHICLE (SUV)","PERSONAL","N","STRAIGHT AHEAD","Y",NULL,"1.0",NULL,"enterprise",NULL,NULL,"Y","Y",NULL,NULL,NULL,NULL,NULL,"Y",NULL,NULL,NULL,NULL,NULL,"FRONT-LEFT",NULL,NULL,NULL,NULL,NULL,NULL,NULL,NULL,NULL,NULL,NULL,NULL,NULL,NULL,NULL,NULL,NULL,NULL,NULL,NULL,NULL,NULL,NULL,NULL,NULL,NULL,NULL,NULL,NULL,NULL,NULL,NULL,NULL
"320520","4759103b015ce22f16be275d5df65657bd22b632505dc510ba88bafbb986259d1cadcc54cf751d6adc35cf10723bae37afb0845cbba2830fa73b33d3c6640603","JB146072","02/09/2018 12:30:00 AM","2","DRIVER",NULL,"309960.0",NULL,"FORD","MUSTANG","IL","2012.0","NONE","PASSENGER","PERSONAL","S","STRAIGHT AHEAD",NULL,NULL,"1.0",NULL,NULL,NULL,NULL,NULL,NULL,NULL,NULL,NULL,"Y","Y","Y",NULL,NULL,NULL,NULL,NULL,"FRONT-LEFT",NULL,NULL,NULL,NULL,NULL,NULL,NULL,NULL,NULL,NULL,NULL,NULL,NULL,NULL,NULL,NULL,NULL,NULL,NULL,NULL,NULL,NULL,NULL,NULL,NULL,NULL,NULL,NULL,NULL,NULL,NULL,NULL,NULL
"320729","fb82b6297a07e2b00a8087615eceb1d2fd6bac40f5976e35b87824b14b2a471e9eaca6de395a901193c5398922f188d0c13d61b0506b097885a2f5a4171fd212","JB146440","02/09/2018 01:23:00 PM","2","DRIVER",NULL,"310160.0",NULL,"JEEP","Wrangler (for vehicle years 1989 to present)","IL","2017.0","UNKNOWN","SPORT UTILITY VEHICLE (SUV)","PERSONAL","S","OTHER",NULL,NULL,"1.0",NULL,NULL,NULL,NULL,NULL,NULL,NULL,NULL,"Y",NULL,NULL,NULL,NULL,NULL,NULL,"Y",NULL,"REAR",NULL,NULL,NULL,NULL,NULL,NULL,NULL,NULL,NULL,NULL,NULL,NULL,NULL,NULL,NULL,NULL,NULL,NULL,NULL,NULL,NULL,NULL,NULL,NULL,NULL,NULL,NULL,NULL,NULL,NULL,NULL,NULL,NULL
"320816","1eed69407ae4ee6edbf2b70955ddc9a759870804da3d04e2c3534baec7742bcfea4f8a415662590fb952c13a4c4d39063e131c2aeed8d6066e1bfa7c2bbed22d","JB146606","02/09/2018 04:05:00 PM","2","DRIVER",NULL,"310247.0",NULL,"JEEP","Wrangler (for vehicle years 1989 to present)","IL","2014.0","NONE","SPORT UTILITY VEHICLE (SUV)","PERSONAL","W","STRAIGHT AHEAD",NULL,NULL,"1.0",NULL,NULL,NULL,NULL,NULL,NULL,NULL,NULL,NULL,NULL,NULL,NULL,NULL,NULL,NULL,NULL,NULL,"REAR-RIGHT",NULL,NULL,NULL,NULL,NULL,NULL,NULL,NULL,NULL,NULL,NULL,NULL,NULL,NULL,NULL,NULL,NULL,NULL,NULL,NULL,NULL,NULL,NULL,NULL,NULL,NULL,NULL,NULL,NULL,NULL,NULL,NULL,NULL
"320860","b7b5922b14501b74cf216f837eff028206538b0b61ce41e1de3bfa9fb626920dd05e94d600acb039781eee18fd11dda75f4490c05e720018b773ce61ace8c518","JB146681","02/09/2018 05:00:00 PM","1","DRIVER",NULL,"310293.0",NULL,"TOYOTA MOTOR COMPANY, LTD.","CAMRY","IL","2009.0","UNKNOWN","PASSENGER","PERSONAL","S","STRAIGHT AHEAD",NULL,NULL,"1.0",NULL,NULL,NULL,NULL,NULL,"Y",NULL,NULL,NULL,NULL,NULL,"N",NULL,NULL,NULL,NULL,NULL,"FRONT-RIGHT",NULL,NULL,NULL,NULL,NULL,NULL,NULL,NULL,NULL,NULL,NULL,NULL,NULL,NULL,NULL,NULL,NULL,NULL,NULL,NULL,NULL,NULL,NULL,NULL,NULL,NULL,NULL,NULL,NULL,NULL,NULL,NULL,NULL
"320906","589996a5d07ebcb9279d196b3e16d92b5de92f3c4a7e5769ae9a7d9b1e0b3115f9d0248b44bfd6738ad585fe3263b6c1456d19a191cb080794ef35323728826c","JB146747","02/09/2018 05:40:00 AM","1","DRIVER",NULL,"310335.0",NULL,"CHEVROLET","IMPALA","IL","2017.0","UNKNOWN","PASSENGER","UNKNOWN/NA","E","UNKNOWN/NA",NULL,NULL,"1.0",NULL,NULL,NULL,NULL,NULL,"Y",NULL,NULL,NULL,NULL,NULL,NULL,NULL,NULL,NULL,NULL,NULL,"FRONT-RIGHT",NULL,NULL,NULL,NULL,NULL,NULL,NULL,NULL,NULL,NULL,NULL,NULL,NULL,NULL,NULL,NULL,NULL,NULL,NULL,NULL,NULL,NULL,NULL,NULL,NULL,NULL,NULL,NULL,NULL,NULL,NULL,NULL,NULL
"321002","464d0edd1bad064c62ddc64a81c478510d63e8036d9efac447247af4e2e2c14fe79f8f93776d62679ed65515f855aacf04d58f5c06429c7e315ed796b9b0cd44","JB146940","02/10/2018 12:40:00 AM","2","PARKED",NULL,"310426.0",NULL,"TOYOTA MOTOR COMPANY, LTD.","Highlander(beginning vehicle year 2001)","IL","2012.0","NONE","SPORT UTILITY VEHICLE (SUV)","NOT IN USE","N","PARKED",NULL,NULL,"0.0",NULL,NULL,NULL,NULL,NULL,NULL,NULL,NULL,NULL,NULL,NULL,"Y",NULL,NULL,NULL,NULL,NULL,"FRONT-LEFT",NULL,NULL,NULL,NULL,NULL,NULL,NULL,NULL,NULL,NULL,NULL,NULL,NULL,NULL,NULL,NULL,NULL,NULL,NULL,NULL,NULL,NULL,NULL,NULL,NULL,NULL,NULL,NULL,NULL,NULL,NULL,NULL,NULL
"321292","57ca5a6a95e740bf5fbc1850c4c0e910d1162e1a7d03f2092c2236b6eb857fc7e3a9f23c23cf3926deabeff54c71241abf4cff0d1800346bd90fde1cdeba4813","JB147408","02/10/2018 11:00:00 AM","1","DRIVER",NULL,"310695.0",NULL,"CHEVROLET","MALIBU (CHEVELLE)","IL","2010.0","UNKNOWN","PASSENGER","PERSONAL","W","STRAIGHT AHEAD",NULL,NULL,"1.0",NULL,NULL,NULL,NULL,"Y",NULL,NULL,NULL,NULL,NULL,NULL,"Y",NULL,NULL,NULL,NULL,NULL,"FRONT-LEFT",NULL,NULL,NULL,NULL,NULL,NULL,NULL,NULL,NULL,NULL,NULL,NULL,NULL,NULL,NULL,NULL,NULL,NULL,NULL,NULL,NULL,NULL,NULL,NULL,NULL,NULL,NULL,NULL,NULL,NULL,NULL,NULL,NULL
"321370","9caa0ac380cdf75e5bab891cdd4bd4c24d8fa4a9be2e36a40c6ca7e959a208cee6ce990129ca5fafbc12f26dd2ee949bc8244bd894961d4abbc804433b6502fe","JB147536","02/10/2018 05:00:00 PM","2","DRIVER",NULL,"310768.0",NULL,"CHEVROLET","EQUINOX","IA","2011.0","NONE","PASSENGER","PERSONAL","N","SLOW/STOP IN TRAFFIC",NULL,NULL,"1.0",NULL,NULL,NULL,NULL,NULL,NULL,NULL,NULL,"Y",NULL,NULL,NULL,NULL,NULL,NULL,NULL,NULL,"REAR",NULL,NULL,NULL,NULL,NULL,NULL,NULL,NULL,NULL,NULL,NULL,NULL,NULL,NULL,NULL,NULL,NULL,NULL,NULL,NULL,NULL,NULL,NULL,NULL,NULL,NULL,NULL,NULL,NULL,NULL,NULL,NULL,NULL
"321725","fa8e6dc508b1088064a2763daede2ec3beb5d997079a020461839cc9a83866ce8f0a85fa7c984a3a125d43dfbaa206119db632cbdc23a4dc3dcff91824353ead","JB148189","02/11/2018 11:40:00 AM","1","DRIVER",NULL,"311114.0","N","FORD","CLUB WAGON E150","IL","2010.0","WHEELS","TRUCK - SINGLE UNIT","COMMERCIAL - MULTI-UNIT","S","STRAIGHT AHEAD","Y",NULL,"1.0",NULL,NULL,NULL,NULL,NULL,NULL,NULL,"Y",NULL,NULL,NULL,NULL,NULL,NULL,NULL,NULL,NULL,"SIDE-RIGHT",NULL,NULL,NULL,NULL,NULL,NULL,NULL,NULL,NULL,NULL,NULL,NULL,NULL,NULL,NULL,NULL,NULL,NULL,NULL,NULL,NULL,NULL,NULL,NULL,NULL,NULL,NULL,NULL,NULL,NULL,NULL,NULL,NULL
"321763","ad43c927972cdec8c3585e4109382f34b003f6bf572c50eb9ca8620303492f373ec43f886d4b027b7b92f13a41e461923c29ee7ce9aa809c27dfb44a30e6d00c","JB148277","02/11/2018 01:45:00 PM","2","PARKED",NULL,"311145.0",NULL,"TOYOTA MOTOR COMPANY, LTD.","COROLLA","IL","2013.0","NONE","PASSENGER","NOT IN USE","N","PARKED",NULL,NULL,"0.0",NULL,NULL,NULL,NULL,NULL,NULL,NULL,NULL,NULL,"Y",NULL,NULL,NULL,NULL,NULL,NULL,NULL,"REAR-LEFT",NULL,NULL,NULL,NULL,NULL,NULL,NULL,NULL,NULL,NULL,NULL,NULL,NULL,NULL,NULL,NULL,NULL,NULL,NULL,NULL,NULL,NULL,NULL,NULL,NULL,NULL,NULL,NULL,NULL,NULL,NULL,NULL,NULL
"322796","e0d5d80dd9f4bf6893a6af2879f9664639413c7e7a1f6e0352eab39a00b54ab598d4d742262a5537c15b8cec687e18d19cdca15756cdb5ac309370883ebd5c13","JB149611","02/10/2018 04:00:00 PM","2","PARKED",NULL,"312100.0",NULL,"FORD","FUSION","IL","2016.0","NONE","PASSENGER","PERSONAL","N","PARKED",NULL,NULL,"0.0",NULL,NULL,NULL,NULL,NULL,NULL,NULL,NULL,NULL,NULL,NULL,"Y",NULL,NULL,NULL,NULL,NULL,"FRONT-LEFT",NULL,NULL,NULL,NULL,NULL,NULL,NULL,NULL,NULL,NULL,NULL,NULL,NULL,NULL,NULL,NULL,NULL,NULL,NULL,NULL,NULL,NULL,NULL,NULL,NULL,NULL,NULL,NULL,NULL,NULL,NULL,NULL,NULL
"322999","6210fd994dc72253cfd79d49e2a91b951e9854cea1fbc875234191b6e4b9f81ee4c9670c681999bbec37ce8b1b73423691c7c6824117a9a81272df38d27d7519","JB150155","02/13/2018 07:20:00 AM","1","DRIVER","2.0","312296.0",NULL,"HYUNDAI","ELANTRA","IL","2011.0","NONE","PASSENGER","PERSONAL","E","TURNING RIGHT",NULL,NULL,"3.0",NULL,NULL,NULL,NULL,NULL,"Y",NULL,NULL,NULL,NULL,NULL,NULL,NULL,NULL,NULL,NULL,NULL,"FRONT-RIGHT",NULL,NULL,NULL,NULL,NULL,NULL,NULL,NULL,NULL,NULL,NULL,NULL,NULL,NULL,NULL,NULL,NULL,NULL,NULL,NULL,NULL,NULL,NULL,NULL,NULL,NULL,NULL,NULL,NULL,NULL,NULL,NULL,NULL
"323124","31708f842171d9ca0bc8de75477cd25af4a5b9d8a0893b262bd4d8ca6eefd938e3e9e23b0fe06fbc882e2596f00b534c887c9030582609bc37b20c369422ab5b","JB150242","02/13/2018 08:20:00 AM","2","DRIVER",NULL,"312418.0",NULL,"JEEP","PATRIOT","IL","2011.0","NONE","SPORT UTILITY VEHICLE (SUV)","PERSONAL","E","SLOW/STOP IN TRAFFIC",NULL,NULL,"1.0",NULL,NULL,NULL,NULL,NULL,"Y",NULL,NULL,NULL,NULL,NULL,NULL,NULL,NULL,NULL,NULL,NULL,"FRONT-RIGHT",NULL,NULL,NULL,NULL,NULL,NULL,NULL,NULL,NULL,NULL,NULL,NULL,NULL,NULL,NULL,NULL,NULL,NULL,NULL,NULL,NULL,NULL,NULL,NULL,NULL,NULL,NULL,NULL,NULL,NULL,NULL,NULL,NULL
"323245","974442bdf669e7df52300c073ad29ac2c8f77513c376c7b4e0d83336274365257fadffa80603f5fde33b355bc8851ede6f51351c3da9641f11d0e35645f3f633","JB150517","02/13/2018 12:30:00 PM","1","DRIVER",NULL,"312532.0",NULL,"""ALLISON'S FIBERGLASS MFG., INC (PORT ORANGE., FLORIDA).""","""ALLISON'S FIBERGLASS MFG., INC (PORT ORANGE., FLORIDA).""","IL","2014.0","NONE","BUS OVER 15 PASS.","OTHER TRANSIT","S","TURNING LEFT",NULL,NULL,"1.0",NULL,NULL,NULL,"Y",NULL,NULL,NULL,NULL,NULL,NULL,NULL,NULL,NULL,NULL,NULL,NULL,NULL,"REAR-LEFT",NULL,NULL,NULL,NULL,NULL,NULL,NULL,NULL,NULL,NULL,NULL,NULL,NULL,NULL,NULL,NULL,NULL,NULL,NULL,NULL,NULL,NULL,NULL,NULL,NULL,NULL,NULL,NULL,NULL,NULL,NULL,NULL,NULL
"323394","87c02458c9c852b803d37258ae407de7bb5e8aa3d2f102544e2f8ed04968a7c77f818b20c767704837ea956c6044787c6d96bb737298ee8669178ef69366d614","JB113585","01/12/2018 12:30:00 PM","1","DRIVER","1.0","312670.0",NULL,"HONDA","CRV","IL","2017.0","NONE","SPORT UTILITY VEHICLE (SUV)","PERSONAL","E","TURNING LEFT","Y",NULL,"2.0",NULL,NULL,NULL,NULL,NULL,NULL,NULL,NULL,NULL,"Y",NULL,"Y",NULL,NULL,NULL,NULL,NULL,"FRONT-LEFT",NULL,NULL,NULL,NULL,NULL,NULL,NULL,NULL,NULL,NULL,NULL,NULL,NULL,NULL,NULL,NULL,NULL,NULL,NULL,NULL,NULL,NULL,NULL,NULL,NULL,NULL,NULL,NULL,NULL,NULL,NULL,NULL,NULL
"323620","0e1fe4f5ad777d82c6834b8072c111393f677cd3173d870fa0725e5bc7a05cb77107e306da193c85bac0a878ccadbc28c8330e2b1665b22f9169eb1bdda654f7","JB150991","02/13/2018 06:20:00 PM","1","DRIVER",NULL,"312896.0",NULL,"HONDA","CIVIC","IL","2013.0","NONE","PASSENGER","PERSONAL","E","TURNING LEFT",NULL,NULL,"1.0",NULL,NULL,NULL,NULL,NULL,"Y",NULL,NULL,NULL,NULL,NULL,NULL,NULL,NULL,NULL,NULL,NULL,"FRONT-LEFT",NULL,NULL,NULL,NULL,NULL,NULL,NULL,NULL,NULL,NULL,NULL,NULL,NULL,NULL,NULL,NULL,NULL,NULL,NULL,NULL,NULL,NULL,NULL,NULL,NULL,NULL,NULL,NULL,NULL,NULL,NULL,NULL,NULL
"324040","ec938e189c03b6361b12b94bbc1257dab6418f524e5a7134f7a4ed0c3c17862be78d8dafb52b87d9f0b5a04ef29e1795060f5334fe1e281196347e7e1b9e93da","JB151809","02/14/2018 12:10:00 PM","2","PARKED",NULL,"313318.0",NULL,"DODGE","CARAVAN","IL","2016.0","NONE","VAN/MINI-VAN","OTHER TRANSIT","E","PARKED",NULL,NULL,"0.0",NULL,NULL,NULL,NULL,NULL,NULL,NULL,NULL,"Y",NULL,NULL,NULL,NULL,NULL,NULL,NULL,NULL,"REAR",NULL,NULL,NULL,NULL,NULL,NULL,NULL,NULL,NULL,NULL,NULL,NULL,NULL,NULL,NULL,NULL,NULL,NULL,NULL,NULL,NULL,NULL,NULL,NULL,NULL,NULL,NULL,NULL,NULL,NULL,NULL,NULL,NULL
"324246","d193b1de4feaa2f84de1bcfcea53d4a78666f9d51388bb03d4054e86ae390a864f3030cb1af5cfccd438320f5852b194fc067ab51101196afc42767c5710083b","JB152087","02/14/2018 04:00:00 PM","1","DRIVER",NULL,"313478.0",NULL,"NISSAN","UNKNOWN","IL","2008.0","NONE","PASSENGER","UNKNOWN/NA","S","STRAIGHT AHEAD",NULL,NULL,"1.0",NULL,NULL,NULL,NULL,NULL,NULL,NULL,NULL,NULL,NULL,NULL,NULL,NULL,NULL,NULL,NULL,NULL,"UNKNOWN",NULL,NULL,NULL,NULL,NULL,NULL,NULL,NULL,NULL,NULL,NULL,NULL,NULL,NULL,NULL,NULL,NULL,NULL,NULL,NULL,NULL,NULL,NULL,NULL,NULL,NULL,NULL,NULL,NULL,NULL,NULL,NULL,NULL
"324459","9b9d43acb400bd4fffbdf1a28c4e0753f582e4b645cee52f30284ea9618bdb7a50169b53f89143aa34fa72a9d35e70996ec553f0f088bb86e5ee31d8f0ac9163","JB152511","02/14/2018 09:50:00 PM","1","DRIVER",NULL,"313693.0",NULL,"HYUNDAI","UNKNOWN","IL","2017.0","NONE","PASSENGER","PERSONAL","S","PASSING/OVERTAKING",NULL,NULL,"1.0",NULL,NULL,NULL,NULL,NULL,"Y",NULL,NULL,NULL,NULL,NULL,NULL,NULL,NULL,NULL,NULL,NULL,"FRONT-LEFT",NULL,NULL,NULL,NULL,NULL,NULL,NULL,NULL,NULL,NULL,NULL,NULL,NULL,NULL,NULL,NULL,NULL,NULL,NULL,NULL,NULL,NULL,NULL,NULL,NULL,NULL,NULL,NULL,NULL,NULL,NULL,NULL,NULL
"324710","cc8f94884e555b60ebb6dd8db3d91cb9887ae1e8d907e2e46b6b5101c117faf4ab2260e4e9ab563f15fd2f8e50b35cac7647e326c4fcd2184a5afdfd14811519","JB153023","02/15/2018 09:15:00 AM","2","DRIVER",NULL,"313933.0",NULL,"CHEVROLET","CAMARO","IL","2015.0","NONE","PASSENGER","PERSONAL","W","STRAIGHT AHEAD",NULL,NULL,"1.0",NULL,NULL,NULL,NULL,NULL,NULL,NULL,NULL,NULL,"Y",NULL,NULL,NULL,NULL,NULL,NULL,NULL,"FRONT-LEFT",NULL,NULL,NULL,NULL,NULL,NULL,NULL,NULL,NULL,NULL,NULL,NULL,NULL,NULL,NULL,NULL,NULL,NULL,NULL,NULL,NULL,NULL,NULL,NULL,NULL,NULL,NULL,NULL,NULL,NULL,NULL,NULL,NULL
"324771","ab164989fccab75c9c329ca1f61299ca5bbb16c3f801bf640cf4c6271df7322041ec9fbc4be9efd0f043696db5d0eba4aeeac7eb7847f30a8af2a1ed62dd0dae","JB153093","02/14/2018 02:00:00 PM","2","PARKED",NULL,"313986.0",NULL,"FORD","Focus","IL","2013.0","NONE","PASSENGER","NOT IN USE","W","PARKED",NULL,NULL,"0.0",NULL,NULL,NULL,NULL,NULL,"Y","Y","Y",NULL,NULL,NULL,NULL,NULL,NULL,NULL,NULL,NULL,"UNKNOWN",NULL,NULL,NULL,NULL,NULL,NULL,NULL,NULL,NULL,NULL,NULL,NULL,NULL,NULL,NULL,NULL,NULL,NULL,NULL,NULL,NULL,NULL,NULL,NULL,NULL,NULL,NULL,NULL,NULL,NULL,NULL,NULL,NULL
"325055","47173c1e1b09cea8e779846ac6e4c654608343b43100178157050012c7296497c9fc9726d2d53652b614c266aff59a3dfd8d4f801f21d5943e4bafd173cc5a80","JB153550","02/15/2018 05:45:00 PM","2","DRIVER",NULL,"314258.0",NULL,"NISSAN","NISSAN","IL","2012.0","UNKNOWN","UNKNOWN/NA","UNKNOWN/NA","E","OTHER",NULL,NULL,"1.0",NULL,NULL,NULL,NULL,"Y",NULL,NULL,NULL,NULL,NULL,NULL,"Y",NULL,NULL,NULL,NULL,NULL,"FRONT-LEFT",NULL,NULL,NULL,NULL,NULL,NULL,NULL,NULL,NULL,NULL,NULL,NULL,NULL,NULL,NULL,NULL,NULL,NULL,NULL,NULL,NULL,NULL,NULL,NULL,NULL,NULL,NULL,NULL,NULL,NULL,NULL,NULL,NULL
"325463","645a501cf168777f39ee30c7f0ea07a643479499be0510eede522b7b55c8d32a331d27ec94776de65e6f3067b4f63df6b37f2c154b089cbb6ef767f6a470b8ae","JB154448","02/16/2018 02:03:00 PM","1","DRIVER",NULL,"314639.0",NULL,"MERCEDES-BENZ","C300","IL","2013.0","UNKNOWN","PICKUP","PERSONAL","S","TURNING RIGHT",NULL,NULL,"1.0",NULL,NULL,NULL,NULL,NULL,NULL,NULL,NULL,NULL,NULL,NULL,"Y",NULL,NULL,NULL,NULL,NULL,"FRONT-LEFT",NULL,NULL,NULL,NULL,NULL,NULL,NULL,NULL,NULL,NULL,NULL,NULL,NULL,NULL,NULL,NULL,NULL,NULL,NULL,NULL,NULL,NULL,NULL,NULL,NULL,NULL,NULL,NULL,NULL,NULL,NULL,NULL,NULL
"325553","fa24edee44b810d941b2848c44ff77995f4f47066503f924424cffbf2f5d077a5bf3e80fc764a0f4e91da1b4c5d7e85360e0593a8c5875bb1681cd15a8b6d9da","JB154524","02/16/2018 03:30:00 PM","2","PARKED",NULL,"314727.0",NULL,"FORD","EXPEDITION","IL","2017.0","NONE","SPORT UTILITY VEHICLE (SUV)","NOT IN USE","S","PARKED",NULL,NULL,"0.0",NULL,NULL,NULL,NULL,NULL,NULL,NULL,NULL,"Y","Y",NULL,NULL,NULL,NULL,NULL,NULL,NULL,"REAR-LEFT",NULL,NULL,NULL,NULL,NULL,NULL,NULL,NULL,NULL,NULL,NULL,NULL,NULL,NULL,NULL,NULL,NULL,NULL,NULL,NULL,NULL,NULL,NULL,NULL,NULL,NULL,NULL,NULL,NULL,NULL,NULL,NULL,NULL
"325561","7bd6a1577c79e307a243ce556790acc8d1632b8d3a940cc222d81cdcee0cdcf32e82f5ddc4113e31cb11e0339fe7042f68e29bc347173b9c4881b0e32403bb6f","JB154577","02/16/2018 03:45:00 PM","2","DRIVER",NULL,"314712.0",NULL,"FORD","Focus",NULL,"2013.0","NONE","PASSENGER","PERSONAL","NW","STRAIGHT AHEAD",NULL,NULL,"1.0",NULL,NULL,NULL,NULL,NULL,"Y",NULL,NULL,NULL,NULL,NULL,"Y",NULL,NULL,NULL,NULL,NULL,"FRONT-LEFT",NULL,NULL,NULL,NULL,NULL,NULL,NULL,NULL,NULL,NULL,NULL,NULL,NULL,NULL,NULL,NULL,NULL,NULL,NULL,NULL,NULL,NULL,NULL,NULL,NULL,NULL,NULL,NULL,NULL,NULL,NULL,NULL,NULL
"325806","8466c6000b64b4d820a3060271080cab3e3114579e474dc89834c30c891f806d6985c7ea60cf337ebf17530b4c9bd150eced90a97720a34a5da85cc22c4082a7","JB154819","02/16/2018 07:13:00 PM","1","DRIVER",NULL,"314960.0","Y","FREIGHTLINER CORP.","FREIGHTLINER CORP.","OK","2016.0","NONE","TRACTOR W/ SEMI-TRAILER","COMMERCIAL - MULTI-UNIT","E","SLOW/STOP - LEFT TURN",NULL,NULL,"1.0",NULL,NULL,NULL,NULL,NULL,"Y",NULL,NULL,NULL,NULL,NULL,NULL,NULL,NULL,NULL,NULL,NULL,"FRONT-RIGHT","2666.0","0080806",NULL,NULL,"DRIVER","41000","JB HUNT","AZ","LOWELL",NULL,NULL,NULL,"N","U",NULL,"U",NULL,"N","U",NULL,NULL,"0-96",NULL,"53.0",NULL,NULL,"3.0","TRACTOR/SEMI-TRAILER","VAN/ENCLOSED BOX","OTHER","N","N",NULL
"326125","23fe546f2070975e5d01dff5a5a3b1430dbf50bc66ff768e3cea266b702dff63a5377901dd044d86d2fde3bcf903455f6bfe51d28e72c88bf1c3084271431a2c","JB155393","02/17/2018 11:55:00 AM","2","DRIVER",NULL,"315265.0",NULL,"HONDA","CIVIC","IL","2008.0","NONE","PASSENGER","PERSONAL","S","TURNING LEFT",NULL,NULL,"1.0",NULL,NULL,NULL,NULL,NULL,NULL,NULL,NULL,NULL,"Y","Y",NULL,NULL,NULL,NULL,NULL,NULL,"SIDE-LEFT",NULL,NULL,NULL,NULL,NULL,NULL,NULL,NULL,NULL,NULL,NULL,NULL,NULL,NULL,NULL,NULL,NULL,NULL,NULL,NULL,NULL,NULL,NULL,NULL,NULL,NULL,NULL,NULL,NULL,NULL,NULL,NULL,NULL
"326924","06d91b7244d91df50ef6e67a45157a19f2aadba3c298d3f83ac09622a0a11f94ede722f6e3c8a3151fb2e254a667f5e032c66ff460d17882137e0589bd895015","JB156394","02/18/2018 09:56:00 AM","1","DRIVER",NULL,"316043.0",NULL,"NISSAN","ROGUE","IL","2014.0","NONE","SPORT UTILITY VEHICLE (SUV)","PERSONAL","W","BACKING",NULL,NULL,"1.0",NULL,NULL,NULL,NULL,NULL,NULL,NULL,NULL,"Y",NULL,NULL,NULL,NULL,NULL,NULL,NULL,NULL,"REAR",NULL,NULL,NULL,NULL,NULL,NULL,NULL,NULL,NULL,NULL,NULL,NULL,NULL,NULL,NULL,NULL,NULL,NULL,NULL,NULL,NULL,NULL,NULL,NULL,NULL,NULL,NULL,NULL,NULL,NULL,NULL,NULL,NULL