"CRASH_UNIT_ID","CRASH_RECORD_ID","RD_NO","CRASH_DATE","UNIT_NO","UNIT_TYPE","NUM_PASSENGERS","VEHICLE_ID","CMRC_VEH_I","MAKE","MODEL","LIC_PLATE_STATE","VEHICLE_YEAR","VEHICLE_DEFECT","VEHICLE_TYPE","VEHICLE_USE","TRAVEL_DIRECTION","MANEUVER","TOWED_I","FIRE_I","OCCUPANT_CNT","EXCEED_SPEED_LIMIT_I","TOWED_BY","TOWED_TO","AREA_00_I","AREA_01_I","AREA_02_I","AREA_03_I","AREA_04_I","AREA_05_I","AREA_06_I","AREA_07_I","AREA_08_I","AREA_09_I","AREA_10_I","AREA_11_I","AREA_12_I","AREA_99_I","FIRST_CONTACT_POINT","CMV_ID","USDOT_NO","CCMC_NO","ILCC_NO","COMMERCIAL_SRC","GVWR","CARRIER_NAME","CARRIER_STATE","CARRIER_CITY","HAZMAT_PLACARDS_I","HAZMAT_NAME","UN_NO","HAZMAT_PRESENT_I","HAZMAT_REPORT_I","HAZMAT_REPORT_NO","MCS_REPORT_I","MCS_REPORT_NO","HAZMAT_VIO_CAUSE_CRASH_I","MCS_VIO_CAUSE_CRASH_I","IDOT_PERMIT_NO","WIDE_LOAD_I","TRAILER1_WIDTH","TRAILER2_WIDTH","TRAILER1_LENGTH","TRAILER2_LENGTH","TOTAL_VEHICLE_LENGTH","AXLE_CNT","VEHICLE_CONFIG","CARGO_BODY_TYPE","LOAD_TYPE","HAZMAT_OUT_OF_SERVICE_I","MCS_OUT_OF_SERVICE_I","HAZMAT_CLASS"
"327103","e6f388861efc03dec2498cf47075d9a11c9970541444a95d842dd08d9143bae5c34e2d90c7d75328cb7563bfdf53848e0b24720370c164a35195565232296c02","JB156774","02/18/2018 04:15:00 PM","1","DRIVER","1.0","316206.0",NULL,"HONDA","CRV","IL","2013.0","NONE","PASSENGER","PERSONAL","E","SLOW/STOP - LEFT TURN",NULL,NULL,"2.0",NULL,NULL,NULL,"Y",NULL,NULL,NULL,NULL,NULL,NULL,NULL,NULL,NULL,NULL,NULL,NULL,NULL,"FRONT-LEFT",NULL,NULL,NULL,NULL,NULL,NULL,NULL,NULL,NULL,NULL,NULL,NULL,NULL,NULL,NULL,NULL,NULL,NULL,NULL,NULL,NULL,NULL,NULL,NULL,NULL,NULL,NULL,NULL,NULL,NULL,NULL,NULL,NULL
"327387","4047b8e099bac6486869054750a0abce696559b3c2a3f1ca127242dea3c2d0086feb0e5725243dc5309286e6d8e9812f3f6dfcdc6c24decb3ec0a8a8ee9d9047","JB157365","02/19/2018 10:15:00 AM","1","DRIVER",NULL,"316469.0",NULL,"FORD","F150","IL","2011.0","NONE","VAN/MINI-VAN","OTHER","E","STRAIGHT AHEAD",NULL,NULL,"1.0",NULL,NULL,NULL,NULL,"Y",NULL,NULL,NULL,NULL,NULL,NULL,NULL,NULL,NULL,NULL,NULL,NULL,"FRONT",NULL,NULL,NULL,NULL,NULL,NULL,NULL,NULL,NULL,NULL,NULL,NULL,NULL,NULL,NULL,NULL,NULL,NULL,NULL,NULL,NULL,NULL,NULL,NULL,NULL,NULL,NULL,NULL,NULL,NULL,NULL,NULL,NULL
"327590","39bd1f0c1cdb092e186aabec0289b4db3c826b58093c0fd0a5719b3c681c53af4f2ab6cd7987b15ab61c24db6f403ba2f3654bef57824f82fc7b40c1cbc069d2","JB157760","02/18/2018 09:30:00 AM","2","DRIVER",NULL,"316663.0",NULL,"DODGE","JOURNEY","IL","2014.0","UNKNOWN","PICKUP","PERSONAL","W","SLOW/STOP IN TRAFFIC",NULL,NULL,"1.0",NULL,NULL,NULL,NULL,NULL,NULL,NULL,NULL,"Y",NULL,NULL,NULL,NULL,NULL,NULL,NULL,NULL,"REAR",NULL,NULL,NULL,NULL,NULL,NULL,NULL,NULL,NULL,NULL,NULL,NULL,NULL,NULL,NULL,NULL,NULL,NULL,NULL,NULL,NULL,NULL,NULL,NULL,NULL,NULL,NULL,NULL,NULL,NULL,NULL,NULL,NULL
"328097","36e4eb05352b0a31aba7594277bf5fccdc6146c196f833b78dcbcb9145b171c73740ed44ab557062243273a8acd49312b49fb9c7f481ae4c0e063bcca57556d4","JB158793","02/20/2018 01:05:00 PM","1","DRIVER",NULL,"317141.0",NULL,"HONDA","UNKNOWN","IL","2016.0","NONE","PASSENGER","PERSONAL","E","CHANGING LANES",NULL,NULL,"1.0",NULL,NULL,NULL,NULL,NULL,"Y",NULL,NULL,NULL,NULL,NULL,NULL,NULL,NULL,NULL,NULL,NULL,"FRONT-RIGHT",NULL,NULL,NULL,NULL,NULL,NULL,NULL,NULL,NULL,NULL,NULL,NULL,NULL,NULL,NULL,NULL,NULL,NULL,NULL,NULL,NULL,NULL,NULL,NULL,NULL,NULL,NULL,NULL,NULL,NULL,NULL,NULL,NULL
"328224","9de606918fdab5bb74f1c3d32a2710ed13737f680056d07dc8e6b1c741b081056dfc941ba3e0b876b54bbfac7f17317f1ce7bb2cd192bdc0c5277f4ef7f4c2a1","JB158906","02/20/2018 02:10:00 PM","2","DRIVER","2.0","317280.0",NULL,"FORD","FUSION","IL","2016.0","UNKNOWN","PASSENGER","PERSONAL","E","SLOW/STOP IN TRAFFIC","Y",NULL,"3.0",NULL,"PERSONAL TOW",NULL,NULL,"Y","Y",NULL,"Y","Y","Y",NULL,"Y",NULL,NULL,NULL,NULL,NULL,"TOTAL (ALL AREAS)",NULL,NULL,NULL,NULL,NULL,NULL,NULL,NULL,NULL,NULL,NULL,NULL,NULL,NULL,NULL,NULL,NULL,NULL,NULL,NULL,NULL,NULL,NULL,NULL,NULL,NULL,NULL,NULL,NULL,NULL,NULL,NULL,NULL
"328391","910a871e1c5f6fb2be4eb692eb1bfe958e210a1c6765f4d3a6b1b53e1be3d5e8681a38c4ac2e57e944193c4e38c233ec9a45bb1784d55dd514647a66f34b6d9a","JB159235","02/20/2018 05:35:00 PM","1","DRIVER",NULL,"317408.0",NULL,"NISSAN","SENTRA (DATSUN AND NISSAN HAVE MERGED)","IL","2013.0","NONE","PASSENGER","PERSONAL","E","TURNING LEFT",NULL,NULL,"1.0",NULL,NULL,NULL,NULL,"Y",NULL,NULL,NULL,NULL,NULL,NULL,NULL,NULL,NULL,NULL,NULL,NULL,"FRONT",NULL,NULL,NULL,NULL,NULL,NULL,NULL,NULL,NULL,NULL,NULL,NULL,NULL,NULL,NULL,NULL,NULL,NULL,NULL,NULL,NULL,NULL,NULL,NULL,NULL,NULL,NULL,NULL,NULL,NULL,NULL,NULL,NULL
"328512","246692db4e622e75d912f9c7d5e549d2441293f0f7b2e36b693e2fef35e981db0309f40df2587253c9215dfbd10bdbe04d6c5560761d3c3e4235f2260165c005","JB159326","02/20/2018 06:44:00 PM","2","DRIVER","2.0","317531.0",NULL,"FORD","EDGE","IL","2013.0","NONE","SPORT UTILITY VEHICLE (SUV)","POLICE","S","STRAIGHT AHEAD",NULL,NULL,"3.0",NULL,NULL,NULL,NULL,NULL,NULL,NULL,NULL,NULL,NULL,NULL,"Y",NULL,NULL,NULL,NULL,NULL,"FRONT-LEFT",NULL,NULL,NULL,NULL,NULL,NULL,NULL,NULL,NULL,NULL,NULL,NULL,NULL,NULL,NULL,NULL,NULL,NULL,NULL,NULL,NULL,NULL,NULL,NULL,NULL,NULL,NULL,NULL,NULL,NULL,NULL,NULL,NULL
"328987","82c453f9619d5277b3bcb24753a21a406c38c318508fd52c914a1555ad464d0e7bf621d19e0de2a9af5e30660baf7b4556c260c2dddf6ae19f4eb35c9604d33c","JB160261","02/21/2018 03:10:00 PM","1","DRIVER",NULL,"317979.0",NULL,"VOLVO","XC90","IL","2008.0","UNKNOWN","PASSENGER","UNKNOWN/NA","S","CHANGING LANES",NULL,NULL,"1.0",NULL,NULL,NULL,NULL,NULL,NULL,NULL,NULL,NULL,NULL,NULL,NULL,NULL,NULL,NULL,NULL,"Y","FRONT-RIGHT",NULL,NULL,NULL,NULL,NULL,NULL,NULL,NULL,NULL,NULL,NULL,NULL,NULL,NULL,NULL,NULL,NULL,NULL,NULL,NULL,NULL,NULL,NULL,NULL,NULL,NULL,NULL,NULL,NULL,NULL,NULL,NULL,NULL
"329523","0a7ba44728bcc44e2696ae0dcb53a459a36b88eb0fbd1cd19e3a95d28e0475d0fde670e93f3fb71fd71c6b30f25f8dc52f9b97fc4370756991c42f2785707269","JB161445","02/22/2018 03:25:00 PM","1","DRIVER",NULL,"318478.0",NULL,"HYUNDAI","Accent","KY","2013.0","UNKNOWN","PASSENGER","PERSONAL","W","TURNING LEFT",NULL,NULL,"1.0",NULL,NULL,NULL,NULL,NULL,"Y",NULL,NULL,NULL,NULL,NULL,NULL,NULL,NULL,NULL,NULL,NULL,"FRONT-RIGHT",NULL,NULL,NULL,NULL,NULL,NULL,NULL,NULL,NULL,NULL,NULL,NULL,NULL,NULL,NULL,NULL,NULL,NULL,NULL,NULL,NULL,NULL,NULL,NULL,NULL,NULL,NULL,NULL,NULL,NULL,NULL,NULL,NULL
"330038","fb3cc4dc69ab6572132cfad4f55561f9ce31de4309d5a4c3d42fa2a19c4197854bbf96f282d143efe7995e06732ac1ac7105206875603d7e86d4c92d1e1e2a82","JB162399","02/23/2018 10:58:00 AM","2","DRIVER",NULL,"318981.0",NULL,"HYUNDAI","UNKNOWN","IL","2011.0","NONE","PASSENGER","PERSONAL","W","SLOW/STOP IN TRAFFIC","Y",NULL,"1.0",NULL,"cook county tow",NULL,NULL,NULL,NULL,NULL,"Y","Y",NULL,NULL,NULL,NULL,NULL,NULL,NULL,NULL,"REAR-RIGHT",NULL,NULL,NULL,NULL,NULL,NULL,NULL,NULL,NULL,NULL,NULL,NULL,NULL,NULL,NULL,NULL,NULL,NULL,NULL,NULL,NULL,NULL,NULL,NULL,NULL,NULL,NULL,NULL,NULL,NULL,NULL,NULL,NULL
"330283","5ce6c2b640b2916a0ffe0bbd66ac9970cba4e3610baeba115b46f777069402a2718ecc132c1febd180f4478857aa15623548cd5782f3e50505eaee30c2e1bea1","JB162805","02/23/2018 04:00:00 PM","2","DRIVER",NULL,"319229.0",NULL,"FORD","FUSION","IL","2017.0","NONE","PASSENGER","PERSONAL","E","STRAIGHT AHEAD",NULL,NULL,"1.0",NULL,NULL,NULL,NULL,NULL,"Y",NULL,NULL,NULL,NULL,NULL,NULL,NULL,NULL,NULL,NULL,NULL,"FRONT-RIGHT",NULL,NULL,NULL,NULL,NULL,NULL,NULL,NULL,NULL,NULL,NULL,NULL,NULL,NULL,NULL,NULL,NULL,NULL,NULL,NULL,NULL,NULL,NULL,NULL,NULL,NULL,NULL,NULL,NULL,NULL,NULL,NULL,NULL
"330319","3558e8188ae48bae308dd4887fd6256e08734680e10c70fb035731dd91256eb4d04c18cc622759ecfbf1b76a05d748987a5b4397a882592a5e2d5d6e65a3de87","JB162800","02/23/2018 04:20:00 PM","1","DRIVER","1.0","319242.0",NULL,"TOYOTA MOTOR COMPANY, LTD.","CAMRY","IL","2014.0","NONE","PASSENGER","RIDESHARE SERVICE","E","PASSING/OVERTAKING","Y",NULL,"2.0",NULL,"PRIVATE","UNK",NULL,"Y","Y",NULL,NULL,NULL,NULL,NULL,"Y",NULL,NULL,"N",NULL,NULL,"FRONT",NULL,NULL,NULL,NULL,NULL,NULL,NULL,NULL,NULL,NULL,NULL,NULL,NULL,NULL,NULL,NULL,NULL,NULL,NULL,NULL,NULL,NULL,NULL,NULL,NULL,NULL,NULL,NULL,NULL,NULL,NULL,NULL,NULL
"330373","7ab1bb8831314fc9d2e7131a4398aba0dd7249c69212c74b43abc5700b7de28c5ffaa107ddff376aa7b02a1f1c103c4fe098c9dc1d19e2acbb7b41a1af9f93e7","JB162965","02/23/2018 12:00:00 PM","2","PARKED",NULL,"319299.0",NULL,"CHEVROLET","CHEVROLET-TRUCK,VAN,SUV,ETC","IL","2011.0","UNKNOWN","VAN/MINI-VAN","UNKNOWN/NA","E","PARKED",NULL,NULL,"0.0",NULL,NULL,NULL,NULL,NULL,NULL,NULL,NULL,NULL,NULL,NULL,"Y",NULL,NULL,NULL,NULL,NULL,"FRONT-LEFT",NULL,NULL,NULL,NULL,NULL,NULL,NULL,NULL,NULL,NULL,NULL,NULL,NULL,NULL,NULL,NULL,NULL,NULL,NULL,NULL,NULL,NULL,NULL,NULL,NULL,NULL,NULL,NULL,NULL,NULL,NULL,NULL,NULL
"331157","c2f08735f18198fb08f2ec3507cc330e22e0b25c9cf84b08a0aa543bf6decd90a71474c9df28f43a43efd480defcf1702b9d4993e2553e2845e6517b7eca2749","JB164405","02/25/2018 12:16:00 AM","1","DRIVER",NULL,"320053.0",NULL,"FORD","CROWN VICTORIA","IL","2010.0","NONE","PASSENGER","PERSONAL","W","PASSING/OVERTAKING",NULL,NULL,"1.0",NULL,NULL,NULL,NULL,NULL,NULL,"Y",NULL,NULL,NULL,NULL,NULL,NULL,NULL,NULL,NULL,NULL,"SIDE-RIGHT",NULL,NULL,NULL,NULL,NULL,NULL,NULL,NULL,NULL,NULL,NULL,NULL,NULL,NULL,NULL,NULL,NULL,NULL,NULL,NULL,NULL,NULL,NULL,NULL,NULL,NULL,NULL,NULL,NULL,NULL,NULL,NULL,NULL
"331360","edd0eeb4e6e700415f4bf71cdc68d74364618534d6a19e756b444b6910320af756e2b4f0eb8e20b51f27b7a43770b14c07b3dd456a80beafe5c649e168e71dcf","JB164827","02/25/2018 12:45:00 PM","1","DRIVER",NULL,"320247.0",NULL,"KIA MOTORS CORP","SORENTO","IL","2016.0","UNKNOWN","SPORT UTILITY VEHICLE (SUV)","PERSONAL","E","TURNING LEFT",NULL,NULL,"1.0",NULL,NULL,NULL,NULL,NULL,"Y",NULL,NULL,NULL,NULL,NULL,NULL,NULL,NULL,NULL,NULL,NULL,"FRONT-RIGHT",NULL,NULL,NULL,NULL,NULL,NULL,NULL,NULL,NULL,NULL,NULL,NULL,NULL,NULL,NULL,NULL,NULL,NULL,NULL,NULL,NULL,NULL,NULL,NULL,NULL,NULL,NULL,NULL,NULL,NULL,NULL,NULL,NULL
"331611","47928b09326e0746f08bbdbe230e831b1597b1c2b7f087ee0fce029c6ab0ed6b97aac29030bb51fc07b05e05e28b30b79b7173e95b0ed28583860e7193335559","JB165296","02/25/2018 07:40:00 PM","2","DRIVER","2.0","320484.0",NULL,"TOYOTA MOTOR COMPANY, LTD.","COROLLA","IL","2014.0","NONE","PASSENGER","PERSONAL","E","SLOW/STOP IN TRAFFIC",NULL,NULL,"3.0",NULL,NULL,NULL,NULL,NULL,"Y",NULL,NULL,NULL,NULL,NULL,NULL,NULL,NULL,NULL,NULL,NULL,"FRONT-RIGHT",NULL,NULL,NULL,NULL,NULL,NULL,NULL,NULL,NULL,NULL,NULL,NULL,NULL,NULL,NULL,NULL,NULL,NULL,NULL,NULL,NULL,NULL,NULL,NULL,NULL,NULL,NULL,NULL,NULL,NULL,NULL,NULL,NULL
"331776","136cc8f671add0f0047fc41516dc61e96f428f17f6f89f5b1f60a309f3140e20e6e5a1e8665555d2ab6c793a10934725422fdb525594a8538aad29622875af78","JB165609","02/26/2018 07:24:00 AM","1","DRIVER",NULL,"320632.0",NULL,"INFINITI","G35","IL","2009.0","NONE","PASSENGER","PERSONAL","E","TURNING RIGHT",NULL,NULL,"1.0",NULL,NULL,NULL,NULL,NULL,NULL,"Y","Y",NULL,NULL,NULL,NULL,NULL,NULL,NULL,NULL,NULL,"SIDE-RIGHT",NULL,NULL,NULL,NULL,NULL,NULL,NULL,NULL,NULL,NULL,NULL,NULL,NULL,NULL,NULL,NULL,NULL,NULL,NULL,NULL,NULL,NULL,NULL,NULL,NULL,NULL,NULL,NULL,NULL,NULL,NULL,NULL,NULL
"331853","a2808d21cfa20ee5c9c9d60fb0f9a2f855b269436d3e87b959e3dc11302afa678f2513e968724fb4c54d1a36f8545eefdf713ef2cb3b4b79592bb2386f8e881a","JB165630","02/26/2018 07:34:00 AM","1","DRIVER","1.0","320712.0",NULL,"SUBARU","OUTBACK","IL","2015.0","NONE","SPORT UTILITY VEHICLE (SUV)","PERSONAL","S","ENTER FROM DRIVE/ALLEY",NULL,NULL,"2.0",NULL,NULL,NULL,NULL,NULL,NULL,NULL,NULL,NULL,NULL,NULL,"Y",NULL,NULL,NULL,NULL,NULL,"FRONT-LEFT",NULL,NULL,NULL,NULL,NULL,NULL,NULL,NULL,NULL,NULL,NULL,NULL,NULL,NULL,NULL,NULL,NULL,NULL,NULL,NULL,NULL,NULL,NULL,NULL,NULL,NULL,NULL,NULL,NULL,NULL,NULL,NULL,NULL
"332217","28603e6b195ade4f035da1aaae8744e548fdcfd2b33ac44258c395c1e9a38ab26701ed6ad429f2e10e1339e427d8d021939b21ae36ad3e73348a40000ffb6439","JB166382","02/26/2018 05:00:00 PM","2","DRIVER","1.0","321027.0",NULL,"CHEVROLET","CAMARO","IL","2012.0","NONE","PASSENGER","PERSONAL","E","STRAIGHT AHEAD",NULL,NULL,"2.0",NULL,NULL,NULL,NULL,NULL,NULL,NULL,NULL,NULL,"Y","Y",NULL,NULL,NULL,NULL,NULL,NULL,"SIDE-LEFT",NULL,NULL,NULL,NULL,NULL,NULL,NULL,NULL,NULL,NULL,NULL,NULL,NULL,NULL,NULL,NULL,NULL,NULL,NULL,NULL,NULL,NULL,NULL,NULL,NULL,NULL,NULL,NULL,NULL,NULL,NULL,NULL,NULL
"332600","40fb8c4d0da2f5a76dd2f13ccfd4149cb861c5c44294b578cb9151ce91e4c1dd2812f644b2bed398910f64ffb2d15fa07b445b322ff0bb79f2b82c4899c6d6f3","JB167039","02/27/2018 09:05:00 AM","2","DRIVER",NULL,"321400.0",NULL,"TRANSIT","TRANSIT","IL","2008.0","NONE","BUS OVER 15 PASS.","CTA","E","STRAIGHT AHEAD",NULL,NULL,"1.0",NULL,NULL,NULL,"Y",NULL,NULL,NULL,NULL,NULL,NULL,NULL,NULL,NULL,NULL,NULL,NULL,NULL,"NONE",NULL,NULL,NULL,NULL,NULL,NULL,NULL,NULL,NULL,NULL,NULL,NULL,NULL,NULL,NULL,NULL,NULL,NULL,NULL,NULL,NULL,NULL,NULL,NULL,NULL,NULL,NULL,NULL,NULL,NULL,NULL,NULL,NULL
"332873","f9ee8b845492bd7c74e87cad4a52eebec6cb52f36145d10960a09c9de976ff2df60d2d3890551534b4b12b987ade81659e574f8d018c6b9b81ee0e69a3f24f44","JB167544","02/27/2018 01:00:00 PM","2","PARKED",NULL,"321602.0",NULL,"NISSAN","Murano","IL","2015.0","UNKNOWN","PASSENGER","PERSONAL","W","PARKED IN TRAFFIC LANE",NULL,NULL,"0.0",NULL,NULL,NULL,NULL,NULL,NULL,NULL,NULL,NULL,NULL,NULL,"Y",NULL,NULL,NULL,NULL,NULL,"FRONT-LEFT",NULL,NULL,NULL,NULL,NULL,NULL,NULL,NULL,NULL,NULL,NULL,NULL,NULL,NULL,NULL,NULL,NULL,NULL,NULL,NULL,NULL,NULL,NULL,NULL,NULL,NULL,NULL,NULL,NULL,NULL,NULL,NULL,NULL
"333250","80ae853655ae2bc95bb1243373b284df13e7978b88bec031bb24b35461d4b0447488300be4486bcc75a00171781e76a26ba2352816210289c1e22af1d6c4c6b4","JB168189","02/28/2018 08:10:00 AM","2","DRIVER",NULL,"321945.0",NULL,"NISSAN","Murano","IL","2017.0","NONE","PASSENGER","PERSONAL","W","SLOW/STOP IN TRAFFIC",NULL,NULL,"1.0",NULL,NULL,NULL,NULL,NULL,NULL,NULL,NULL,"Y",NULL,NULL,NULL,NULL,NULL,NULL,NULL,NULL,"REAR",NULL,NULL,NULL,NULL,NULL,NULL,NULL,NULL,NULL,NULL,NULL,NULL,NULL,NULL,NULL,NULL,NULL,NULL,NULL,NULL,NULL,NULL,NULL,NULL,NULL,NULL,NULL,NULL,NULL,NULL,NULL,NULL,NULL
"333324","7bbbd4734b8d80c4717e864995585883b8669bbbdef7eddc9a666e5a20a37d9d5e711bef2f4a9e3da25ac2ec93bd1ddff3ea03ef6f3ccdaf36b48f1d64b50782","JB168373","02/28/2018 09:35:00 AM","2","DRIVER",NULL,"322018.0",NULL,"HONDA","CRV","IL","2012.0","NONE","PASSENGER","PERSONAL","S","STRAIGHT AHEAD",NULL,NULL,"1.0",NULL,NULL,NULL,NULL,"Y",NULL,NULL,NULL,NULL,NULL,NULL,NULL,NULL,NULL,NULL,NULL,NULL,"FRONT",NULL,NULL,NULL,NULL,NULL,NULL,NULL,NULL,NULL,NULL,NULL,NULL,NULL,NULL,NULL,NULL,NULL,NULL,NULL,NULL,NULL,NULL,NULL,NULL,NULL,NULL,NULL,NULL,NULL,NULL,NULL,NULL,NULL
"333344","8997d6aaf277ec8de1a1220317f898d9b2272b3be27291cb65f2c383d1fb6f3485eb5082b3159ba4a1748b3d08215070e3970013c34ca4d752e743159e80ff60","JB168397","02/23/2018 07:00:00 AM","1","DRIVER",NULL,"322038.0",NULL,"JEEP","Grand Cherokee (for vehicle years 1989 to present)","IL","2015.0","NONE","SPORT UTILITY VEHICLE (SUV)","PERSONAL","W","PASSING/OVERTAKING",NULL,NULL,"1.0",NULL,NULL,NULL,NULL,NULL,NULL,NULL,NULL,NULL,"Y",NULL,NULL,NULL,NULL,NULL,NULL,NULL,"REAR-LEFT",NULL,NULL,NULL,NULL,NULL,NULL,NULL,NULL,NULL,NULL,NULL,NULL,NULL,NULL,NULL,NULL,NULL,NULL,NULL,NULL,NULL,NULL,NULL,NULL,NULL,NULL,NULL,NULL,NULL,NULL,NULL,NULL,NULL
"333597","4d8f8e7c21168bda1836aa2ca9433353e1138a9261c27db0f7a2c5b570c68ac7af55452bae1374ee045c44f1818857b8bc0fd6bca031d16e0eca9ad1a3ad07f8","JB168872","02/28/2018 04:52:00 PM","2","DRIVER",NULL,"322285.0",NULL,"CHEVROLET","IMPALA","IL","2016.0","NONE","PASSENGER","PERSONAL","S","SLOW/STOP IN TRAFFIC",NULL,NULL,"1.0",NULL,NULL,NULL,NULL,NULL,NULL,NULL,NULL,NULL,NULL,NULL,"Y",NULL,NULL,NULL,NULL,NULL,"FRONT-LEFT",NULL,NULL,NULL,NULL,NULL,NULL,NULL,NULL,NULL,NULL,NULL,NULL,NULL,NULL,NULL,NULL,NULL,NULL,NULL,NULL,NULL,NULL,NULL,NULL,NULL,NULL,NULL,NULL,NULL,NULL,NULL,NULL,NULL
"333644","416073f44272b00838b99c75ef5c2356057b06a9e6fc0a85c5442612bc79a118ffb5af6adf650c11ec6c52323501d4eeb6ab277aa08767d6dfc0c31dcf8b0be3","JB168878","02/28/2018 04:45:00 PM","1","DRIVER",NULL,"322303.0",NULL,"DODGE","Avenger","IL","2014.0","UNKNOWN","PASSENGER","PERSONAL","E","TURNING LEFT",NULL,NULL,"1.0",NULL,NULL,NULL,"Y",NULL,NULL,NULL,NULL,NULL,NULL,NULL,NULL,NULL,NULL,NULL,NULL,NULL,"FRONT-LEFT",NULL,NULL,NULL,NULL,NULL,NULL,NULL,NULL,NULL,NULL,NULL,NULL,NULL,NULL,NULL,NULL,NULL,NULL,NULL,NULL,NULL,NULL,NULL,NULL,NULL,NULL,NULL,NULL,NULL,NULL,NULL,NULL,NULL
"333890","a7737ee83ffda7342f693f70d524f3ba92b0a9818a380712409c3618271e4f4fe8982a493a7f6ee8b2a5c12e62e1a466f3014bf1a18d4d32a41cc91e3f6070a8","JB169401","03/01/2018 06:45:00 AM","1","DRIVER",NULL,"322545.0",NULL,"SUBARU","IMPREZA","IN","2015.0","UNKNOWN","PASSENGER","PERSONAL","N","STRAIGHT AHEAD",NULL,NULL,"1.0",NULL,NULL,NULL,NULL,"Y","N",NULL,NULL,NULL,NULL,NULL,"Y",NULL,NULL,NULL,NULL,NULL,"FRONT-LEFT",NULL,NULL,NULL,NULL,NULL,NULL,NULL,NULL,NULL,NULL,NULL,NULL,NULL,NULL,NULL,NULL,NULL,NULL,NULL,NULL,NULL,NULL,NULL,NULL,NULL,NULL,NULL,NULL,NULL,NULL,NULL,NULL,NULL
"333915","dbf7835a0e3d45654f0a5888b08d0b74420126d9482da536c4f3e9591c235b4b93602f37ce317d74c3ada83b5ff9409df18868495a39699cbade4027c7a04619","JB169442","03/01/2018 07:50:00 AM","1","DRIVER",NULL,"322560.0",NULL,"VOLKSWAGEN","UNKNOWN","IL","2012.0","UNKNOWN","PASSENGER","UNKNOWN/NA","S","STRAIGHT AHEAD",NULL,NULL,"1.0",NULL,NULL,NULL,NULL,NULL,NULL,NULL,NULL,NULL,NULL,NULL,NULL,NULL,NULL,NULL,NULL,NULL,"FRONT",NULL,NULL,NULL,NULL,NULL,NULL,NULL,NULL,NULL,NULL,NULL,NULL,NULL,NULL,NULL,NULL,NULL,NULL,NULL,NULL,NULL,NULL,NULL,NULL,NULL,NULL,NULL,NULL,NULL,NULL,NULL,NULL,NULL
"333922","d27277abdafa45b4aa84050e021150ffe80a9498d6522d99fb9328991563b8e8f1a5fce7d56d7848e96fc3880f382b927420f856ba8718b059f20d5bbfedbefc","JB169426","03/01/2018 07:45:00 AM","2","DRIVER","2.0","322576.0",NULL,"FORD","EDGE","IL","2017.0","NONE","SPORT UTILITY VEHICLE (SUV)","PERSONAL","S","SLOW/STOP IN TRAFFIC",NULL,NULL,"3.0",NULL,NULL,NULL,NULL,NULL,NULL,NULL,NULL,"Y",NULL,NULL,NULL,NULL,NULL,NULL,NULL,NULL,"REAR",NULL,NULL,NULL,NULL,NULL,NULL,NULL,NULL,NULL,NULL,NULL,NULL,NULL,NULL,NULL,NULL,NULL,NULL,NULL,NULL,NULL,NULL,NULL,NULL,NULL,NULL,NULL,NULL,NULL,NULL,NULL,NULL,NULL
"334237","7130c28ad7ada2d27704e0892d18d04953322f297f62bb2eb582e2eec5965e6e8e53e6519caaf0425bf88b3f8065a5ce6f46215d4da91dfbf56e87dc1519c050","JB169986","03/01/2018 02:00:00 PM","2","DRIVER",NULL,"322886.0",NULL,"DODGE","Avenger","IL","2013.0","NONE","PASSENGER","PERSONAL","W","TURNING LEFT",NULL,NULL,"1.0",NULL,NULL,NULL,NULL,"Y","Y",NULL,NULL,NULL,NULL,NULL,NULL,NULL,NULL,NULL,NULL,NULL,"FRONT-RIGHT",NULL,NULL,NULL,NULL,NULL,NULL,NULL,NULL,NULL,NULL,NULL,NULL,NULL,NULL,NULL,NULL,NULL,NULL,NULL,NULL,NULL,NULL,NULL,NULL,NULL,NULL,NULL,NULL,NULL,NULL,NULL,NULL,NULL
"334290","24dd1d8cad8668a553bf134fbf8bd4e71423398b5b1f2b99034ad6da1c09fe35c426e165855a4bb26e84ed6b2997e17f50e6e754c96558cd9d9d4d08e1fe83ec","JB170006","03/01/2018 03:40:00 PM","1","DRIVER",NULL,"322923.0",NULL,"DODGE","UNKNOWN","IL","2016.0","UNKNOWN","VAN/MINI-VAN","CTA","N","TURNING RIGHT",NULL,NULL,"1.0",NULL,NULL,NULL,NULL,NULL,NULL,NULL,NULL,NULL,NULL,NULL,"Y",NULL,NULL,NULL,NULL,NULL,"FRONT-LEFT",NULL,NULL,NULL,NULL,NULL,NULL,NULL,NULL,NULL,NULL,NULL,NULL,NULL,NULL,NULL,NULL,NULL,NULL,NULL,NULL,NULL,NULL,NULL,NULL,NULL,NULL,NULL,NULL,NULL,NULL,NULL,NULL,NULL
"334322","273daf3c6dba41b9932deb77e0fe57e5efb253e0280584275b6367ddce07377e3936fe9e7e932d112771876642707d945e9781556be33d0195450b6e48f6c512","JB170077","03/01/2018 03:50:00 PM","1","DRIVER",NULL,"322995.0",NULL,"KIA MOTORS CORP","Sportage (sport utility)","IL","2017.0","UNKNOWN","SPORT UTILITY VEHICLE (SUV)","UNKNOWN/NA","SW","BACKING",NULL,NULL,"1.0",NULL,NULL,NULL,NULL,NULL,NULL,NULL,"Y",NULL,NULL,NULL,NULL,NULL,NULL,NULL,NULL,NULL,"REAR-RIGHT",NULL,NULL,NULL,NULL,NULL,NULL,NULL,NULL,NULL,NULL,NULL,NULL,NULL,NULL,NULL,NULL,NULL,NULL,NULL,NULL,NULL,NULL,NULL,NULL,NULL,NULL,NULL,NULL,NULL,NULL,NULL,NULL,NULL