"CRASH_UNIT_ID","CRASH_RECORD_ID","RD_NO","CRASH_DATE","UNIT_NO","UNIT_TYPE","NUM_PASSENGERS","VEHICLE_ID","CMRC_VEH_I","MAKE","MODEL","LIC_PLATE_STATE","VEHICLE_YEAR","VEHICLE_DEFECT","VEHICLE_TYPE","VEHICLE_USE","TRAVEL_DIRECTION","MANEUVER","TOWED_I","FIRE_I","OCCUPANT_CNT","EXCEED_SPEED_LIMIT_I","TOWED_BY","TOWED_TO","AREA_00_I","AREA_01_I","AREA_02_I","AREA_03_I","AREA_04_I","AREA_05_I","AREA_06_I","AREA_07_I","AREA_08_I","AREA_09_I","AREA_10_I","AREA_11_I","AREA_12_I","AREA_99_I","FIRST_CONTACT_POINT","CMV_ID","USDOT_NO","CCMC_NO","ILCC_NO","COMMERCIAL_SRC","GVWR","CARRIER_NAME","CARRIER_STATE","CARRIER_CITY","HAZMAT_PLACARDS_I","HAZMAT_NAME","UN_NO","HAZMAT_PRESENT_I","HAZMAT_REPORT_I","HAZMAT_REPORT_NO","MCS_REPORT_I","MCS_REPORT_NO","HAZMAT_VIO_CAUSE_CRASH_I","MCS_VIO_CAUSE_CRASH_I","IDOT_PERMIT_NO","WIDE_LOAD_I","TRAILER1_WIDTH","TRAILER2_WIDTH","TRAILER1_LENGTH","TRAILER2_LENGTH","TOTAL_VEHICLE_LENGTH","AXLE_CNT","VEHICLE_CONFIG","CARGO_BODY_TYPE","LOAD_TYPE","HAZMAT_OUT_OF_SERVICE_I","MCS_OUT_OF_SERVICE_I","HAZMAT_CLASS"
"334831","c400ed5fc1d3a1628ce2a7aeef4f13e76155783f2bf50539f48bbff50c185cf0f0510985d7fc9e9771cda7c274d3617e1ab5faa6a59e84694a82e31850ea26f8","JB170345","03/01/2018 05:05:00 PM","2","DRIVER",NULL,"323420.0",NULL,"TOYOTA MOTOR COMPANY, LTD.","COROLLA","IL","2016.0","NONE","PASSENGER","PERSONAL","W","STRAIGHT AHEAD",NULL,NULL,"1.0",NULL,NULL,NULL,NULL,"Y",NULL,NULL,NULL,NULL,NULL,NULL,NULL,NULL,NULL,NULL,NULL,NULL,"FRONT",NULL,NULL,NULL,NULL,NULL,NULL,NULL,NULL,NULL,NULL,NULL,NULL,NULL,NULL,NULL,NULL,NULL,NULL,NULL,NULL,NULL,NULL,NULL,NULL,NULL,NULL,NULL,NULL,NULL,NULL,NULL,NULL,NULL
"334841","3a2afd625ced6013e64c1202d6b8eba239412de252537c9a653ddf5ee660ae0b8b9ea75485f3682cf24057ba5ee52c5b54b30e99664a9deace9fec124e9f374e","JB171088","03/02/2018 12:45:00 PM","2","DRIVER",NULL,"323428.0",NULL,"NISSAN","VERSA","IL","2010.0","NONE","PASSENGER","PERSONAL","S","STRAIGHT AHEAD",NULL,NULL,"1.0",NULL,NULL,NULL,NULL,"Y",NULL,NULL,NULL,"Y",NULL,NULL,NULL,NULL,NULL,NULL,NULL,NULL,"REAR",NULL,NULL,NULL,NULL,NULL,NULL,NULL,NULL,NULL,NULL,NULL,NULL,NULL,NULL,NULL,NULL,NULL,NULL,NULL,NULL,NULL,NULL,NULL,NULL,NULL,NULL,NULL,NULL,NULL,NULL,NULL,NULL,NULL
"335071","35748e37ca81c077a39b78586a252e33cb3ec6368ed1b8521314555a50d3fe99dae3db2ebd85359c65d54314ece85690d00d8eeec0b47ce4e6da057b931f76b7","JB171418","03/02/2018 06:38:00 PM","2","DRIVER","1.0","323664.0",NULL,"FORD","ECONOLINE E350","IL","2014.0","NONE","VAN/MINI-VAN","AMBULANCE","S","STRAIGHT AHEAD",NULL,"N","2.0",NULL,NULL,NULL,NULL,"Y",NULL,NULL,NULL,NULL,NULL,NULL,NULL,NULL,NULL,NULL,NULL,NULL,"FRONT",NULL,NULL,NULL,NULL,NULL,NULL,NULL,NULL,NULL,NULL,NULL,NULL,NULL,NULL,NULL,NULL,NULL,NULL,NULL,NULL,NULL,NULL,NULL,NULL,NULL,NULL,NULL,NULL,NULL,NULL,NULL,NULL,NULL
"335372","dd797127fce97a6bc006a7d42680b17938ea30ca6fc87513464507d49c4f8ea683d1f15f80abb243c5470c8b28b0ca1a28589d1772dc0e3716299cda41bdd6f2","JB171972","03/03/2018 09:25:00 AM","1","DRIVER","1.0","323940.0",NULL,"HONDA","CRV","IL","2015.0","NONE","PASSENGER","PERSONAL","W","STRAIGHT AHEAD",NULL,NULL,"2.0",NULL,NULL,NULL,"N","Y",NULL,NULL,NULL,NULL,NULL,NULL,NULL,NULL,NULL,NULL,NULL,NULL,"FRONT",NULL,NULL,NULL,NULL,NULL,NULL,NULL,NULL,NULL,NULL,NULL,NULL,NULL,NULL,NULL,NULL,NULL,NULL,NULL,NULL,NULL,NULL,NULL,NULL,NULL,NULL,NULL,NULL,NULL,NULL,NULL,NULL,NULL
"335450","509d76afd4559b18daa84e03e8f261ce6dcf0e407924b2dc3b5173ad3ccc7cb79ee928a3839e522f75a87e75ff00918b70c78015fd12b70370f11be788ef8828","JB172112","03/03/2018 11:30:00 AM","2","DRIVER",NULL,"324023.0",NULL,"LEXUS","RX350","IL","2013.0","NONE","PASSENGER","PERSONAL","S","STRAIGHT AHEAD",NULL,NULL,"1.0",NULL,NULL,NULL,NULL,NULL,NULL,NULL,NULL,"Y","Y",NULL,NULL,NULL,NULL,NULL,NULL,NULL,"FRONT-LEFT",NULL,NULL,NULL,NULL,NULL,NULL,NULL,NULL,NULL,NULL,NULL,NULL,NULL,NULL,NULL,NULL,NULL,NULL,NULL,NULL,NULL,NULL,NULL,NULL,NULL,NULL,NULL,NULL,NULL,NULL,NULL,NULL,NULL
"336491","443e6068967b0e59195e90f170e4676dd622f826e448b0da023ede9764cd5356762928a94e112acc144da8b76fc014cb9e41cb11b56914c0b52cafc89060c0e6","JB174037","03/05/2018 07:00:00 AM","1","DRIVER",NULL,"325004.0",NULL,"TOYOTA MOTOR COMPANY, LTD.","4RUNNER","IL","2008.0","NONE","SPORT UTILITY VEHICLE (SUV)","PERSONAL","N","SLOW/STOP - LEFT TURN",NULL,NULL,"1.0",NULL,NULL,NULL,NULL,"Y",NULL,NULL,NULL,NULL,NULL,NULL,NULL,NULL,NULL,NULL,NULL,NULL,"FRONT",NULL,NULL,NULL,NULL,NULL,NULL,NULL,NULL,NULL,NULL,NULL,NULL,NULL,NULL,NULL,NULL,NULL,NULL,NULL,NULL,NULL,NULL,NULL,NULL,NULL,NULL,NULL,NULL,NULL,NULL,NULL,NULL,NULL
"336586","91c7dbcdfeb6b79319bc606fafe8d5a1b0e6f00b71fb48ac8ad614b1b578aeedc5d1fa4ffc09074f8368d364baa62a1fa343bcb54b25eaab7ca738e3f11965e9","JB174179","03/05/2018 09:45:00 AM","2","DRIVER",NULL,"325090.0",NULL,"HYUNDAI","SONATA","IL","2012.0","NONE","PASSENGER","TAXI/FOR HIRE","E","STRAIGHT AHEAD",NULL,NULL,"1.0",NULL,NULL,NULL,NULL,NULL,NULL,NULL,NULL,NULL,"Y",NULL,NULL,NULL,NULL,NULL,NULL,NULL,"REAR-LEFT",NULL,NULL,NULL,NULL,NULL,NULL,NULL,NULL,NULL,NULL,NULL,NULL,NULL,NULL,NULL,NULL,NULL,NULL,NULL,NULL,NULL,NULL,NULL,NULL,NULL,NULL,NULL,NULL,NULL,NULL,NULL,NULL,NULL
"336806","1875eba4887bdae1d612839c4bc1f23a1f4c53b4b91bcc7c1387355e9822f9bd38ba58fdc5262286f05b542165876d2bf2eb6b480f034c4f01b6ee8b08c4b94c","JB174562","03/05/2018 03:00:00 PM","2","DRIVER",NULL,"325310.0",NULL,"CHEVROLET","CHEVROLET-TRUCK,VAN,SUV,ETC","IL","2015.0","NONE","VAN/MINI-VAN","OTHER","W","STRAIGHT AHEAD",NULL,NULL,"1.0",NULL,NULL,NULL,NULL,NULL,NULL,NULL,NULL,NULL,"Y",NULL,NULL,NULL,NULL,NULL,NULL,NULL,"REAR-LEFT",NULL,NULL,NULL,NULL,NULL,NULL,NULL,NULL,NULL,NULL,NULL,NULL,NULL,NULL,NULL,NULL,NULL,NULL,NULL,NULL,NULL,NULL,NULL,NULL,NULL,NULL,NULL,NULL,NULL,NULL,NULL,NULL,NULL
"336965","cc6919fe56a7fcbc6ef301a51a4e39abf678cdbc34c68271b64ad337b04b33e1782dca2e5df21dc9a7ede4d70c6869f815a42876accce401f8b4764a0922e020","JB174813","03/05/2018 02:30:00 PM","1","DRIVER",NULL,"325464.0",NULL,"DODGE","UNKNOWN","IL","2013.0","UNKNOWN","PASSENGER","PERSONAL","S","CHANGING LANES",NULL,NULL,"1.0",NULL,NULL,NULL,NULL,NULL,"Y",NULL,NULL,NULL,NULL,NULL,NULL,NULL,NULL,NULL,NULL,NULL,"FRONT-RIGHT",NULL,NULL,NULL,NULL,NULL,NULL,NULL,NULL,NULL,NULL,NULL,NULL,NULL,NULL,NULL,NULL,NULL,NULL,NULL,NULL,NULL,NULL,NULL,NULL,NULL,NULL,NULL,NULL,NULL,NULL,NULL,NULL,NULL
"337292","8d127203146495a79fdee170572373494437c3bb86596791b9f6d52a234702f99e1caab6cc3f03b1674b8f605ef04070ec291113e6e0407e8b56444cb4fa0d22","JA376856","08/04/2017 01:00:00 PM","2","DRIVER",NULL,"325770.0",NULL,"TOYOTA MOTOR COMPANY, LTD.","COROLLA","FL","2016.0","NONE","PASSENGER","PERSONAL","W","STRAIGHT AHEAD",NULL,NULL,"1.0",NULL,NULL,NULL,NULL,NULL,NULL,NULL,NULL,NULL,"Y","Y","Y",NULL,NULL,NULL,NULL,NULL,"SIDE-LEFT",NULL,NULL,NULL,NULL,NULL,NULL,NULL,NULL,NULL,NULL,NULL,NULL,NULL,NULL,NULL,NULL,NULL,NULL,NULL,NULL,NULL,NULL,NULL,NULL,NULL,NULL,NULL,NULL,NULL,NULL,NULL,NULL,NULL
"337839","ebc5b20042db67b4be047ae3a8b33c848b144d778eeaa9a58b6e61766b6cb0aeff4b917bdaf159b0b4e7e2b567e7a5286bec053f6d9583aa3a6c53a10f4e8ff6","JB176408","03/06/2018 02:00:00 PM","2","DRIVER",NULL,"326302.0",NULL,"LINCOLN-CONTINENTAL","UNKNOWN","IL","2017.0","NONE","PASSENGER","PERSONAL","N","SLOW/STOP IN TRAFFIC",NULL,NULL,"1.0",NULL,NULL,NULL,NULL,NULL,NULL,NULL,"Y",NULL,NULL,NULL,NULL,NULL,NULL,NULL,NULL,NULL,"REAR-RIGHT",NULL,NULL,NULL,NULL,NULL,NULL,NULL,NULL,NULL,NULL,NULL,NULL,NULL,NULL,NULL,NULL,NULL,NULL,NULL,NULL,NULL,NULL,NULL,NULL,NULL,NULL,NULL,NULL,NULL,NULL,NULL,NULL,NULL
"338192","e84d3cf3536e86da5a5a7fee3e353a79bc24e6df19472c523d91af263a174f4828f02d12ef26a1041706c5dadd3757505a13a1239a3fea297c137ad0b4fa5b3c","JB177015","03/07/2018 01:20:00 PM","1","DRIVER",NULL,"326631.0",NULL,"TOYOTA MOTOR COMPANY, LTD.","CAMRY","IL","2011.0","UNKNOWN","UNKNOWN/NA","UNKNOWN/NA","W","STRAIGHT AHEAD",NULL,NULL,"1.0",NULL,NULL,NULL,NULL,NULL,NULL,"Y",NULL,NULL,NULL,NULL,NULL,NULL,NULL,NULL,NULL,NULL,"SIDE-RIGHT",NULL,NULL,NULL,NULL,NULL,NULL,NULL,NULL,NULL,NULL,NULL,NULL,NULL,NULL,NULL,NULL,NULL,NULL,NULL,NULL,NULL,NULL,NULL,NULL,NULL,NULL,NULL,NULL,NULL,NULL,NULL,NULL,NULL
"338362","2eebef2f791737c02509d4be418fcf3d9d4b99224f997c2d2318e8a55fc19e9ccefaa85ce46777ce4635c6ea1e590e0fd1c19fa3f05e7b718674ff8c3b9815a5","JB177307","03/07/2018 02:30:00 PM","1","DRIVER",NULL,"326806.0",NULL,"CHRYSLER","UNKNOWN","IL","2017.0","UNKNOWN","PASSENGER","PERSONAL","W","STRAIGHT AHEAD",NULL,NULL,"1.0",NULL,NULL,NULL,NULL,"Y","N",NULL,NULL,NULL,NULL,NULL,"Y",NULL,NULL,NULL,NULL,NULL,"FRONT",NULL,NULL,NULL,NULL,NULL,NULL,NULL,NULL,NULL,NULL,NULL,NULL,NULL,NULL,NULL,NULL,NULL,NULL,NULL,NULL,NULL,NULL,NULL,NULL,NULL,NULL,NULL,NULL,NULL,NULL,NULL,NULL,NULL
"338459","eabc7a61158b321426156abe51178c34952165d15a87cc82533ba686ddeca17df86f79ab47d2f5383b7d571731ae61f0566ffb374da982a0d4fe56534ab41267","JB177489","03/07/2018 07:44:00 PM","1","DRIVER","1.0","326891.0",NULL,"FORD","EXPLORER","IL","2017.0","NONE","SPORT UTILITY VEHICLE (SUV)","POLICE","W","PASSING/OVERTAKING",NULL,NULL,"2.0",NULL,NULL,NULL,NULL,"Y","Y",NULL,NULL,NULL,NULL,NULL,"Y",NULL,NULL,NULL,NULL,NULL,"FRONT",NULL,NULL,NULL,NULL,NULL,NULL,NULL,NULL,NULL,NULL,NULL,NULL,NULL,NULL,NULL,NULL,NULL,NULL,NULL,NULL,NULL,NULL,NULL,NULL,NULL,NULL,NULL,NULL,NULL,NULL,NULL,NULL,NULL
"338463","9cce66d0c106e38a7472821a5fd39c1c204e0f816369543feb0c948b025eaab8f4662a2d75deb54778f49eff98be0d3e415eeb705493a9e3506747d913d5fcc9","JB177503","03/07/2018 07:30:00 PM","2","PARKED",NULL,"326895.0",NULL,"VOLKSWAGEN","PASSAT","IL","2017.0","NONE","PASSENGER","PERSONAL","N","PARKED",NULL,NULL,"0.0",NULL,NULL,NULL,NULL,NULL,NULL,NULL,NULL,NULL,NULL,NULL,"Y",NULL,NULL,NULL,NULL,NULL,"FRONT-LEFT",NULL,NULL,NULL,NULL,NULL,NULL,NULL,NULL,NULL,NULL,NULL,NULL,NULL,NULL,NULL,NULL,NULL,NULL,NULL,NULL,NULL,NULL,NULL,NULL,NULL,NULL,NULL,NULL,NULL,NULL,NULL,NULL,NULL
"338579","605171cd612fb76b82c518c8cd06778dd651ff082fd3e626cec1e4b1c355d81889ae8d8ad686fad70750781826047455e0fc03ec815e672de9420d5d0cf39bbc","JB177770","03/08/2018 07:00:00 AM","1","DRIVER",NULL,"327005.0",NULL,"INTERNATIONAL HARVESTER CO.","UNKNOWN","IL","2016.0","NONE","OTHER","CONSTRUCTION/MAINTENANCE","E","BACKING",NULL,NULL,"1.0",NULL,NULL,NULL,"Y",NULL,NULL,NULL,NULL,NULL,NULL,NULL,NULL,NULL,NULL,NULL,NULL,NULL,"REAR",NULL,NULL,NULL,NULL,NULL,NULL,NULL,NULL,NULL,NULL,NULL,NULL,NULL,NULL,NULL,NULL,NULL,NULL,NULL,NULL,NULL,NULL,NULL,NULL,NULL,NULL,NULL,NULL,NULL,NULL,NULL,NULL,NULL
"338600","a2d149592870cdeff340d5e600a1f823f03ea43a997dbc4f583c5be3f3c61b58b99ae6a2bc76ea1a552b47b45553449892390369dfa718b8f9cf7aecd30c6d05","JB177763","03/08/2018 06:30:00 AM","4","DRIVERLESS",NULL,"327035.0",NULL,"NISSAN","NISSAN ALTIMA","IL","2010.0","NONE","PASSENGER","NOT IN USE","S","PARKED",NULL,NULL,"0.0",NULL,NULL,NULL,NULL,NULL,NULL,NULL,NULL,NULL,"Y","Y","Y",NULL,NULL,NULL,NULL,NULL,"SIDE-LEFT",NULL,NULL,NULL,NULL,NULL,NULL,NULL,NULL,NULL,NULL,NULL,NULL,NULL,NULL,NULL,NULL,NULL,NULL,NULL,NULL,NULL,NULL,NULL,NULL,NULL,NULL,NULL,NULL,NULL,NULL,NULL,NULL,NULL
"338651","eae51ef037ebca3e74fd822856f6ce7614f3119c55ddf5219ce03bc5de01be99932e824e3d79e60d66efa456711ed2597c58f5f6c199995e3144a194bcc5a102","JB177842","03/08/2018 08:12:00 AM","2","DRIVER","1.0","327081.0",NULL,"JEEP","UNKNOWN","IL","2017.0","NONE","SPORT UTILITY VEHICLE (SUV)","PERSONAL","S","PASSING/OVERTAKING",NULL,NULL,"2.0",NULL,NULL,NULL,NULL,NULL,NULL,NULL,"Y",NULL,NULL,NULL,NULL,NULL,NULL,NULL,NULL,NULL,"REAR-RIGHT",NULL,NULL,NULL,NULL,NULL,NULL,NULL,NULL,NULL,NULL,NULL,NULL,NULL,NULL,NULL,NULL,NULL,NULL,NULL,NULL,NULL,NULL,NULL,NULL,NULL,NULL,NULL,NULL,NULL,NULL,NULL,NULL,NULL
"338740","85ac97c3ed96f025d975d2e77f4f7fc666e651ac2210d3b93ace8bdfd325d3d667ee8e1cdce9b86e9a583f78f38b421d2bb19bf153266be29031fd3f27a7789a","JB177999","03/08/2018 09:00:00 AM","2","PARKED",NULL,"327159.0",NULL,"NISSAN","ROGUE","IL","2017.0","OTHER","PASSENGER","PERSONAL","N","PARKED IN TRAFFIC LANE","N",NULL,"0.0",NULL,NULL,NULL,NULL,NULL,"Y","N",NULL,NULL,NULL,NULL,NULL,NULL,NULL,NULL,NULL,NULL,"FRONT-RIGHT",NULL,NULL,NULL,NULL,NULL,NULL,NULL,NULL,NULL,NULL,NULL,NULL,NULL,NULL,NULL,NULL,NULL,NULL,NULL,NULL,NULL,NULL,NULL,NULL,NULL,NULL,NULL,NULL,NULL,NULL,NULL,NULL,NULL
"338845","c07d864262dabe0fc021ba13a6ade9f86014b3026d7ad7b88f8cb408dbd876663bc67520489aaa8bf403d16fba84adb542e4bb4d8b2f48c25e49b1c7bcd7480a","JB178248","03/07/2018 05:10:00 PM","1","DRIVER",NULL,"327257.0",NULL,"SUBARU","UNKNOWN","IL","2015.0","NONE","PASSENGER","PERSONAL","UNKNOWN","BACKING",NULL,NULL,"1.0",NULL,NULL,NULL,NULL,NULL,NULL,NULL,NULL,NULL,"Y",NULL,NULL,NULL,NULL,NULL,NULL,NULL,"REAR-LEFT",NULL,NULL,NULL,NULL,NULL,NULL,NULL,NULL,NULL,NULL,NULL,NULL,NULL,NULL,NULL,NULL,NULL,NULL,NULL,NULL,NULL,NULL,NULL,NULL,NULL,NULL,NULL,NULL,NULL,NULL,NULL,NULL,NULL
"338860","2750f550cd695c1f418ae75f1c39045e5fe1ab07aa1d5bce5228c9a16726cf62d0ddd9f167e2b66256685c19f0c1c2378a8695bcf25d46e7aeb6c42c68095bf5","JB178306","03/08/2018 12:40:00 PM","2","PARKED",NULL,"327274.0",NULL,"HYUNDAI","SONATA","IL","2013.0","NONE","PASSENGER","PERSONAL","UNKNOWN","PARKED",NULL,NULL,"0.0",NULL,NULL,NULL,NULL,NULL,NULL,NULL,NULL,NULL,"Y",NULL,NULL,NULL,NULL,NULL,NULL,NULL,"REAR-LEFT",NULL,NULL,NULL,NULL,NULL,NULL,NULL,NULL,NULL,NULL,NULL,NULL,NULL,NULL,NULL,NULL,NULL,NULL,NULL,NULL,NULL,NULL,NULL,NULL,NULL,NULL,NULL,NULL,NULL,NULL,NULL,NULL,NULL
"338926","36c42b25753c39d7b53190cc5ae37a1f61e057f1e3967c04bcb3df6f670dc1de3abfe781243200e6a1e82945864539f1bcd3e5f1ed97fc7ac187064639dda931","JB178409","03/08/2018 03:36:00 PM","2","DRIVER",NULL,"327334.0",NULL,"HYUNDAI","Santa Fe","IL","2008.0","NONE","SPORT UTILITY VEHICLE (SUV)","PERSONAL","S","STRAIGHT AHEAD",NULL,NULL,"1.0",NULL,NULL,NULL,NULL,NULL,NULL,"Y","Y",NULL,NULL,NULL,NULL,NULL,NULL,NULL,NULL,NULL,"REAR-RIGHT",NULL,NULL,NULL,NULL,NULL,NULL,NULL,NULL,NULL,NULL,NULL,NULL,NULL,NULL,NULL,NULL,NULL,NULL,NULL,NULL,NULL,NULL,NULL,NULL,NULL,NULL,NULL,NULL,NULL,NULL,NULL,NULL,NULL
"339377","1a80ebf09da370680a035051c822e586bd85f476fbd65f2e71ccecc94c00cf9fbcad70e90d6bcc0bf6273c6b02ea9f84a0d2251a08a66b55baf4b89520a36c0c","JB179244","03/09/2018 11:00:00 AM","1","DRIVER",NULL,"327750.0",NULL,"NISSAN","SENTRA (DATSUN AND NISSAN HAVE MERGED)","IL","2016.0","NONE","PASSENGER","PERSONAL","N","CHANGING LANES",NULL,NULL,"1.0",NULL,NULL,NULL,NULL,"Y","Y",NULL,NULL,NULL,NULL,NULL,"Y",NULL,NULL,NULL,NULL,NULL,"FRONT",NULL,NULL,NULL,NULL,NULL,NULL,NULL,NULL,NULL,NULL,NULL,NULL,NULL,NULL,NULL,NULL,NULL,NULL,NULL,NULL,NULL,NULL,NULL,NULL,NULL,NULL,NULL,NULL,NULL,NULL,NULL,NULL,NULL
"339499","4fe0c9c3cbfd9822112829ff489f601eb9685cc9bf3df2dbeaa84aa7cf7f7938fcd049799f54bd688a8d10279fb1bca83dc68afd1f69374e52600d7e22028c11","JB179547","03/06/2018 03:30:00 PM","1","DRIVER",NULL,"327866.0",NULL,"FORD","UNKNOWN","IL","2017.0","NONE","UNKNOWN/NA","PERSONAL","W","STRAIGHT AHEAD",NULL,NULL,"1.0",NULL,NULL,NULL,NULL,NULL,NULL,NULL,NULL,NULL,NULL,NULL,NULL,NULL,NULL,NULL,NULL,"Y","UNKNOWN",NULL,NULL,NULL,NULL,NULL,NULL,NULL,NULL,NULL,NULL,NULL,NULL,NULL,NULL,NULL,NULL,NULL,NULL,NULL,NULL,NULL,NULL,NULL,NULL,NULL,NULL,NULL,NULL,NULL,NULL,NULL,NULL,NULL
"340331","40ba9d4cf91617c0c7db9273e1d10a69037818dcd894fd34cf4f55fa58f547f6c05e420a8e12f7d14f6cc955ec97aa2e4e83b5254730d344b843764399794d71","JB180976","03/10/2018 04:00:00 PM","1","DRIVER",NULL,"328662.0",NULL,"MERCEDES-BENZ","GLK300","IL","2016.0","UNKNOWN","PASSENGER","PERSONAL","N","CHANGING LANES",NULL,NULL,"1.0",NULL,NULL,NULL,NULL,"Y","Y",NULL,NULL,NULL,NULL,"N",NULL,NULL,NULL,NULL,NULL,NULL,"FRONT-RIGHT",NULL,NULL,NULL,NULL,NULL,NULL,NULL,NULL,NULL,NULL,NULL,NULL,NULL,NULL,NULL,NULL,NULL,NULL,NULL,NULL,NULL,NULL,NULL,NULL,NULL,NULL,NULL,NULL,NULL,NULL,NULL,NULL,NULL
"340551","2039026cfb69def8acd6b3bb4ceffef40b6ce8fc754bd529251af1ee23ef686e3ed30886214c8c9dcde53039c2f71d9782c0eb0e51eb848e5ee10fc596c1829e","JB181420","03/11/2018 12:15:00 AM","1","DRIVER",NULL,"328869.0",NULL,"CHEVROLET","EQUINOX","IL","2014.0","UNKNOWN","VAN/MINI-VAN","UNKNOWN/NA","UNKNOWN","UNKNOWN/NA",NULL,NULL,"1.0",NULL,NULL,NULL,NULL,NULL,NULL,NULL,NULL,NULL,NULL,NULL,NULL,NULL,NULL,NULL,NULL,NULL,"FRONT",NULL,NULL,NULL,NULL,NULL,NULL,NULL,NULL,NULL,NULL,NULL,NULL,NULL,NULL,NULL,NULL,NULL,NULL,NULL,NULL,NULL,NULL,NULL,NULL,NULL,NULL,NULL,NULL,NULL,NULL,NULL,NULL,NULL
"340748","f5ae2aa4127181a41a64a9cc8e0f4b552a21ba91aaa7231e647e3c90a7f002153787b5fdefd84f610f68b6ffd9e38732a3456d25dc01a774d856581ca7bfa550","JB181249","03/10/2018 07:50:00 PM","1","DRIVER",NULL,"329058.0",NULL,"CADILLAC","UNKNOWN","IL","2016.0","NONE","PASSENGER","OTHER","S","BACKING",NULL,NULL,"1.0",NULL,NULL,NULL,NULL,NULL,NULL,NULL,NULL,NULL,"Y",NULL,NULL,NULL,NULL,NULL,NULL,NULL,"REAR-LEFT",NULL,NULL,NULL,NULL,NULL,NULL,NULL,NULL,NULL,NULL,NULL,NULL,NULL,NULL,NULL,NULL,NULL,NULL,NULL,NULL,NULL,NULL,NULL,NULL,NULL,NULL,NULL,NULL,NULL,NULL,NULL,NULL,NULL
"340800","25123c4dde3f13930e3c67923f4510b7794207ff2f4aed420dbf0451c9cd256cb6608da6fb3f800e15c64be7c47178a6b4ff14d96f36aaed4446f370010c4080","JB181876","03/11/2018 01:25:00 PM","1","DRIVER","1.0","329103.0",NULL,"TOYOTA MOTOR COMPANY, LTD.","Prius","IL","2014.0","UNKNOWN","PASSENGER","PERSONAL","E","STRAIGHT AHEAD",NULL,NULL,"2.0",NULL,NULL,NULL,NULL,NULL,"Y",NULL,NULL,NULL,NULL,NULL,NULL,NULL,NULL,NULL,NULL,NULL,"FRONT-RIGHT",NULL,NULL,NULL,NULL,NULL,NULL,NULL,NULL,NULL,NULL,NULL,NULL,NULL,NULL,NULL,NULL,NULL,NULL,NULL,NULL,NULL,NULL,NULL,NULL,NULL,NULL,NULL,NULL,NULL,NULL,NULL,NULL,NULL
"340995","e25b4247e367ee725de89c56adad9a51c0c637a82f0a21039b7fd3d3cc86ae74d22e8f8679ec18e9df74df73db4311a1cd3253d91041ba1bf3013aaac10fb4cd","JB182132","03/11/2018 06:10:00 PM","1","DRIVER",NULL,"329294.0",NULL,"HONDA","ACCORD","IL","2013.0","UNKNOWN","PASSENGER","PERSONAL","SW","TURNING LEFT",NULL,NULL,"1.0",NULL,NULL,NULL,"Y",NULL,"Y",NULL,NULL,NULL,NULL,NULL,NULL,NULL,NULL,NULL,NULL,NULL,"FRONT-RIGHT",NULL,NULL,NULL,NULL,NULL,NULL,NULL,NULL,NULL,NULL,NULL,NULL,NULL,NULL,NULL,NULL,NULL,NULL,NULL,NULL,NULL,NULL,NULL,NULL,NULL,NULL,NULL,NULL,NULL,NULL,NULL,NULL,NULL
"341215","47595b6ab1bb2bd46dab89552f8dd64dce61d753e279e664bb233cb73390eaaf4a7040b7b31b5676b09545b5822ec8a4b19ace4fa63bc3d7a59c6e38c7df2704","JB182625","03/12/2018 07:20:00 AM","2","DRIVER",NULL,"329502.0",NULL,"TOYOTA MOTOR COMPANY, LTD.","CAMRY","IL","2010.0","NONE","PASSENGER","PERSONAL","S","SLOW/STOP IN TRAFFIC",NULL,NULL,"1.0",NULL,NULL,NULL,NULL,NULL,NULL,NULL,NULL,NULL,NULL,NULL,"Y",NULL,NULL,NULL,NULL,NULL,"FRONT-LEFT",NULL,NULL,NULL,NULL,NULL,NULL,NULL,NULL,NULL,NULL,NULL,NULL,NULL,NULL,NULL,NULL,NULL,NULL,NULL,NULL,NULL,NULL,NULL,NULL,NULL,NULL,NULL,NULL,NULL,NULL,NULL,NULL,NULL
"341223","3cdd40a839d0dfcf497d1f04cdca9aab1fdd0d7e229927d6385a01cf1c84fbf3fd384072b10c82e4530d4ed2eb7e8161fcbdaffcbe2cfe9a55099b130e41af5d","JB182645","03/12/2018 08:30:00 AM","1","DRIVER",NULL,"329512.0",NULL,"CHEVROLET","TRAVERSE","IL","2012.0","NONE","PASSENGER","PERSONAL","N","STRAIGHT AHEAD",NULL,NULL,"1.0",NULL,NULL,NULL,NULL,"Y",NULL,NULL,NULL,NULL,NULL,NULL,NULL,NULL,NULL,NULL,NULL,NULL,"FRONT",NULL,NULL,NULL,NULL,NULL,NULL,NULL,NULL,NULL,NULL,NULL,NULL,NULL,NULL,NULL,NULL,NULL,NULL,NULL,NULL,NULL,NULL,NULL,NULL,NULL,NULL,NULL,NULL,NULL,NULL,NULL,NULL,NULL