"CRASH_UNIT_ID","CRASH_RECORD_ID","RD_NO","CRASH_DATE","UNIT_NO","UNIT_TYPE","NUM_PASSENGERS","VEHICLE_ID","CMRC_VEH_I","MAKE","MODEL","LIC_PLATE_STATE","VEHICLE_YEAR","VEHICLE_DEFECT","VEHICLE_TYPE","VEHICLE_USE","TRAVEL_DIRECTION","MANEUVER","TOWED_I","FIRE_I","OCCUPANT_CNT","EXCEED_SPEED_LIMIT_I","TOWED_BY","TOWED_TO","AREA_00_I","AREA_01_I","AREA_02_I","AREA_03_I","AREA_04_I","AREA_05_I","AREA_06_I","AREA_07_I","AREA_08_I","AREA_09_I","AREA_10_I","AREA_11_I","AREA_12_I","AREA_99_I","FIRST_CONTACT_POINT","CMV_ID","USDOT_NO","CCMC_NO","ILCC_NO","COMMERCIAL_SRC","GVWR","CARRIER_NAME","CARRIER_STATE","CARRIER_CITY","HAZMAT_PLACARDS_I","HAZMAT_NAME","UN_NO","HAZMAT_PRESENT_I","HAZMAT_REPORT_I","HAZMAT_REPORT_NO","MCS_REPORT_I","MCS_REPORT_NO","HAZMAT_VIO_CAUSE_CRASH_I","MCS_VIO_CAUSE_CRASH_I","IDOT_PERMIT_NO","WIDE_LOAD_I","TRAILER1_WIDTH","TRAILER2_WIDTH","TRAILER1_LENGTH","TRAILER2_LENGTH","TOTAL_VEHICLE_LENGTH","AXLE_CNT","VEHICLE_CONFIG","CARGO_BODY_TYPE","LOAD_TYPE","HAZMAT_OUT_OF_SERVICE_I","MCS_OUT_OF_SERVICE_I","HAZMAT_CLASS"
"341467","1b8388b0e91d5e4afc69ae097fe85693eb4afc9b7fad02914c3d4fdabbce4cc60d2af25bb764dde438284f3d0ecb8b9b4523cf7d57c7cbfcffd16e2a685654f7","JB183106","03/12/2018 02:34:00 PM","2","DRIVER",NULL,"329746.0",NULL,"CHEVROLET","IMPALA","IL","2013.0","UNKNOWN","PASSENGER","OTHER","W","STRAIGHT AHEAD",NULL,NULL,"1.0",NULL,NULL,NULL,NULL,NULL,NULL,NULL,NULL,NULL,"Y","Y",NULL,NULL,NULL,NULL,NULL,NULL,"SIDE-LEFT",NULL,NULL,NULL,NULL,NULL,NULL,NULL,NULL,NULL,NULL,NULL,NULL,NULL,NULL,NULL,NULL,NULL,NULL,NULL,NULL,NULL,NULL,NULL,NULL,NULL,NULL,NULL,NULL,NULL,NULL,NULL,NULL,NULL
"342001","215d17088657151f76dfe426fc6a7ce6b9843e61a96c5743561d3f116e23db51effb20c01b483e25cc94fa1ab927a43a955c223a67219a87d4c0e3ea21703213","JB183928","03/13/2018 09:25:00 AM","2","DRIVER",NULL,"330269.0",NULL,"HYUNDAI","Accent","IL","2014.0","NONE","PASSENGER","PERSONAL","W","STRAIGHT AHEAD","Y",NULL,"1.0",NULL,NULL,NULL,NULL,"Y",NULL,NULL,NULL,NULL,NULL,NULL,"Y",NULL,NULL,NULL,NULL,NULL,"FRONT",NULL,NULL,NULL,NULL,NULL,NULL,NULL,NULL,NULL,NULL,NULL,NULL,NULL,NULL,NULL,NULL,NULL,NULL,NULL,NULL,NULL,NULL,NULL,NULL,NULL,NULL,NULL,NULL,NULL,NULL,NULL,NULL,NULL
"342373","7fa61c6c9c14999398ccdf19e420f37a6f709ab90c0d354ce5eae1cd6c841fe31d3ab300c9034fb829d2991999d09c11ea785d1b0e05d4bebf6486ef68bde1ce","JB184506","03/13/2018 03:20:00 PM","2","DRIVER",NULL,"330649.0",NULL,"MAZDA","UNKNOWN","IL","2018.0","NONE","PASSENGER","PERSONAL","W","SLOW/STOP IN TRAFFIC",NULL,NULL,"1.0",NULL,NULL,NULL,NULL,NULL,NULL,NULL,NULL,"Y",NULL,NULL,NULL,NULL,NULL,NULL,NULL,NULL,"REAR",NULL,NULL,NULL,NULL,NULL,NULL,NULL,NULL,NULL,NULL,NULL,NULL,NULL,NULL,NULL,NULL,NULL,NULL,NULL,NULL,NULL,NULL,NULL,NULL,NULL,NULL,NULL,NULL,NULL,NULL,NULL,NULL,NULL
"342377","dfef5e708d998d3c6767c74d4a3ff728863f6fa6d908648fc6baca10eb2f3e3a2fb9367c0e7710af42cff5c9248fc9499733fe54e96fae71e11032f4763cb98f","JB184672","03/13/2018 04:30:00 PM","2","DRIVER",NULL,"330669.0",NULL,"FORD","Focus",NULL,"2017.0","NONE","PASSENGER","OTHER","S","SLOW/STOP IN TRAFFIC",NULL,NULL,"1.0",NULL,NULL,NULL,NULL,NULL,NULL,NULL,NULL,"Y",NULL,NULL,NULL,NULL,NULL,NULL,NULL,NULL,"NONE",NULL,NULL,NULL,NULL,NULL,NULL,NULL,NULL,NULL,NULL,NULL,NULL,NULL,NULL,NULL,NULL,NULL,NULL,NULL,NULL,NULL,NULL,NULL,NULL,NULL,NULL,NULL,NULL,NULL,NULL,NULL,NULL,NULL
"342505","b34bfd4b541c0561b323d45e04a6cedcddf05bbc46a55c5d632da0d796f2b4ae368da60744fd66772f0a4086e0e78f17ec0f2f9da0799e7a5fdbd07d634f3eda","JB184979","03/13/2018 10:15:00 PM","2","DRIVER",NULL,"330759.0",NULL,"HYUNDAI","SONATA","IL","2017.0","NONE","PASSENGER","RIDESHARE SERVICE","W","STRAIGHT AHEAD",NULL,NULL,"1.0",NULL,NULL,NULL,NULL,NULL,NULL,NULL,NULL,NULL,NULL,NULL,"Y",NULL,NULL,NULL,NULL,NULL,"FRONT-LEFT",NULL,NULL,NULL,NULL,NULL,NULL,NULL,NULL,NULL,NULL,NULL,NULL,NULL,NULL,NULL,NULL,NULL,NULL,NULL,NULL,NULL,NULL,NULL,NULL,NULL,NULL,NULL,NULL,NULL,NULL,NULL,NULL,NULL
"342633","bbb060f2056d4d0994b076d93e93ddeffbf8215033b8ef2ca907cdd779338168fdf79740deea2569e7ccae2c84fc4181c7c5ee177ad9ff2d3a59d2efdf45d8da","JB185250","03/14/2018 10:20:00 AM","1","DRIVER",NULL,"330890.0",NULL,"ISUZU","UNKNOWN","IL","2018.0","NONE","TRUCK - SINGLE UNIT","OTHER","S","OTHER",NULL,NULL,"1.0",NULL,NULL,NULL,"Y",NULL,NULL,NULL,NULL,NULL,NULL,NULL,NULL,NULL,NULL,NULL,NULL,NULL,"ROOF",NULL,NULL,NULL,NULL,NULL,NULL,NULL,NULL,NULL,NULL,NULL,NULL,NULL,NULL,NULL,NULL,NULL,NULL,NULL,NULL,NULL,NULL,NULL,NULL,NULL,NULL,NULL,NULL,NULL,NULL,NULL,NULL,NULL
"343163","12fefd2162ea346fe097a6023ff062eaf64891c278d61cb8653109421447636cd93e2aa1467a72fd12b03ae29f49d25401cd14ab91060131480466611e691c64","JB186358","03/15/2018 07:45:00 AM","2","DRIVER",NULL,"331389.0",NULL,"HONDA","CRV","MI","2013.0","NONE","SPORT UTILITY VEHICLE (SUV)","PERSONAL","W","SLOW/STOP IN TRAFFIC",NULL,NULL,"1.0",NULL,NULL,NULL,NULL,NULL,NULL,NULL,"Y","Y","Y",NULL,NULL,NULL,NULL,NULL,NULL,NULL,"REAR",NULL,NULL,NULL,NULL,NULL,NULL,NULL,NULL,NULL,NULL,NULL,NULL,NULL,NULL,NULL,NULL,NULL,NULL,NULL,NULL,NULL,NULL,NULL,NULL,NULL,NULL,NULL,NULL,NULL,NULL,NULL,NULL,NULL
"343279","5dbd4cd50db48348e508de36b766a7533af3c697bb060d19fdfbf767b645138071ffc5d8d7c0314c9abbcc0ed590a483e09a33ccabb26ba324600b61873c4631","JB186536","03/14/2018 08:00:00 PM","2","PARKED",NULL,"331487.0",NULL,"NISSAN","Quest","IL","2013.0","NONE","VAN/MINI-VAN","PERSONAL","S","PARKED",NULL,NULL,"0.0",NULL,NULL,NULL,NULL,NULL,NULL,NULL,NULL,NULL,"Y",NULL,NULL,NULL,NULL,NULL,NULL,NULL,"REAR-LEFT",NULL,NULL,NULL,NULL,NULL,NULL,NULL,NULL,NULL,NULL,NULL,NULL,NULL,NULL,NULL,NULL,NULL,NULL,NULL,NULL,NULL,NULL,NULL,NULL,NULL,NULL,NULL,NULL,NULL,NULL,NULL,NULL,NULL
"343376","0b955b99db82952c748bf838dbdeff41c871b41204f4edfe68f83d137f38c57ee024fd0a6a799e88fe06ae71048a8cafd6f87a1392c4a99b5208f8bbcf336a7f","JB186704","03/15/2018 01:10:00 PM","2","DRIVER",NULL,"331597.0",NULL,"DODGE","Avenger","IL","2008.0","NONE","PASSENGER","PERSONAL","E","STRAIGHT AHEAD",NULL,NULL,"1.0",NULL,NULL,NULL,NULL,"Y","N",NULL,NULL,NULL,NULL,NULL,"Y",NULL,NULL,NULL,NULL,NULL,"FRONT",NULL,NULL,NULL,NULL,NULL,NULL,NULL,NULL,NULL,NULL,NULL,NULL,NULL,NULL,NULL,NULL,NULL,NULL,NULL,NULL,NULL,NULL,NULL,NULL,NULL,NULL,NULL,NULL,NULL,NULL,NULL,NULL,NULL
"343605","a470dc7f8b08c26c6343783cc9a46ccc8ef00077703e82bc3fc04afeb097af1ddd593cd4d41e9c25145c188fdcaec6fc790c5ce40a9c82f50c6a4ccefdb2f6c2","JB187147","03/14/2018 12:20:00 PM","2","DRIVER",NULL,"331785.0",NULL,"VOLKSWAGEN","TIGUAN","IL","2012.0","NONE","PASSENGER","PERSONAL","E","SLOW/STOP IN TRAFFIC",NULL,NULL,"1.0",NULL,NULL,NULL,NULL,"Y",NULL,NULL,NULL,"Y",NULL,NULL,NULL,NULL,NULL,NULL,NULL,NULL,"REAR",NULL,NULL,NULL,NULL,NULL,NULL,NULL,NULL,NULL,NULL,NULL,NULL,NULL,NULL,NULL,NULL,NULL,NULL,NULL,NULL,NULL,NULL,NULL,NULL,NULL,NULL,NULL,NULL,NULL,NULL,NULL,NULL,NULL
"344603","931475c9299c78aae2e9473e276638ea1f76b1e1b2efb45d84635561d527c6d94f56332808ccf41291d830c08a0a6ba95c9dd58df7d71b4c194fd3ed5797cb5a","JB188857","03/17/2018 02:22:00 AM","1","DRIVER",NULL,"332721.0",NULL,"FORD","EXPLORER","IL","2018.0","NONE","PASSENGER","PERSONAL","N","BACKING",NULL,NULL,"1.0",NULL,NULL,NULL,NULL,NULL,NULL,NULL,NULL,"Y","Y",NULL,NULL,NULL,NULL,NULL,NULL,NULL,"REAR-LEFT",NULL,NULL,NULL,NULL,NULL,NULL,NULL,NULL,NULL,NULL,NULL,NULL,NULL,NULL,NULL,NULL,NULL,NULL,NULL,NULL,NULL,NULL,NULL,NULL,NULL,NULL,NULL,NULL,NULL,NULL,NULL,NULL,NULL
"345245","d05dfbbf77092b2f4cb51e2ac4eaa3b3b0ac33f0b203fc8184e6b65a12bb42a51a7bcf7c45241f5919499bcc8680a8223c62793eb7e7624e6ce1641324f55e84","JB189992","03/18/2018 12:24:00 AM","1","DRIVER",NULL,"333338.0",NULL,"CHEVROLET","IMPALA","IL","2014.0","UNKNOWN","PASSENGER","UNKNOWN/NA","UNKNOWN","UNKNOWN/NA","Y",NULL,"1.0",NULL,"ER towing","103rd Doty",NULL,"Y","Y",NULL,NULL,NULL,NULL,NULL,"Y",NULL,NULL,NULL,NULL,NULL,"FRONT",NULL,NULL,NULL,NULL,NULL,NULL,NULL,NULL,NULL,NULL,NULL,NULL,NULL,NULL,NULL,NULL,NULL,NULL,NULL,NULL,NULL,NULL,NULL,NULL,NULL,NULL,NULL,NULL,NULL,NULL,NULL,NULL,NULL
"345323","03c93665b7848a8b6e49b9d6a41710c3dc8e183be472f16cb1692aec7373a8ed1d6320dcc4a52c19fb83ea037b0c0af09f17a1616901d5086cf46b58cfeb7011","JB190102","03/18/2018 03:00:00 AM","2","DRIVER",NULL,"333414.0","N","FORD","CROWN VICTORIA","IL","2010.0","NONE","OTHER","TAXI/FOR HIRE","NW","STRAIGHT AHEAD",NULL,NULL,"1.0",NULL,NULL,NULL,NULL,NULL,NULL,NULL,NULL,"Y","Y",NULL,NULL,NULL,NULL,NULL,NULL,NULL,"REAR-LEFT",NULL,NULL,NULL,NULL,NULL,NULL,NULL,NULL,NULL,NULL,NULL,NULL,NULL,NULL,NULL,NULL,NULL,NULL,NULL,NULL,NULL,NULL,NULL,NULL,NULL,NULL,NULL,NULL,NULL,NULL,NULL,NULL,NULL
"345876","35329210916410cbbae6bfb558a82e07d18df67db14c47e003b0d22769292eea1d7d69c805158ee6d097ad0d03b0a8cbfc34e9cfbdb12d9bd8a9a22818942e2e","JB191091","03/16/2018 05:08:00 PM","2","DRIVER",NULL,"333924.0",NULL,"MITSUBISHI","LANCER","IL","2013.0","UNKNOWN","PASSENGER","UNKNOWN/NA","S","STRAIGHT AHEAD",NULL,NULL,"1.0",NULL,NULL,NULL,NULL,NULL,NULL,"Y","Y",NULL,NULL,NULL,NULL,NULL,NULL,NULL,NULL,NULL,"SIDE-RIGHT",NULL,NULL,NULL,NULL,NULL,NULL,NULL,NULL,NULL,NULL,NULL,NULL,NULL,NULL,NULL,NULL,NULL,NULL,NULL,NULL,NULL,NULL,NULL,NULL,NULL,NULL,NULL,NULL,NULL,NULL,NULL,NULL,NULL
"346076","35c952ee265168a618f8f949f2e52c941572bb74f5b27a4b75d9d80523f65a854442a5611eec80639f0ec9848213a3628f1aa47eff3c256b12b6b357b5cab3a0","JB191506","03/19/2018 10:40:00 AM","2","PARKED",NULL,"334109.0",NULL,"GENERAL MOTORS CORP.","SAVANNAH","IL","2011.0","NONE","PASSENGER","PERSONAL","E","PARKED",NULL,NULL,"0.0",NULL,NULL,NULL,NULL,NULL,NULL,NULL,NULL,NULL,"Y",NULL,NULL,NULL,NULL,NULL,NULL,NULL,"OTHER",NULL,NULL,NULL,NULL,NULL,NULL,NULL,NULL,NULL,NULL,NULL,NULL,NULL,NULL,NULL,NULL,NULL,NULL,NULL,NULL,NULL,NULL,NULL,NULL,NULL,NULL,NULL,NULL,NULL,NULL,NULL,NULL,NULL
"346585","6c1d19dbd41772c5425bb636592e647b5e3ab39b8710fe48c6e1ddb21e91c941fdeb50e4cdbe1ed1fb7b55121ef5b31656df3c99443dd5d0251dc67acee082f6","JB192395","03/19/2018 10:01:00 PM","2","PARKED",NULL,"334599.0",NULL,"TOYOTA MOTOR COMPANY, LTD.","CAMRY","IL","2010.0","NONE","PASSENGER","PERSONAL","UNKNOWN","PARKED",NULL,NULL,"0.0",NULL,NULL,NULL,NULL,NULL,NULL,"Y",NULL,NULL,NULL,NULL,NULL,NULL,NULL,NULL,NULL,NULL,"FRONT-RIGHT",NULL,NULL,NULL,NULL,NULL,NULL,NULL,NULL,NULL,NULL,NULL,NULL,NULL,NULL,NULL,NULL,NULL,NULL,NULL,NULL,NULL,NULL,NULL,NULL,NULL,NULL,NULL,NULL,NULL,NULL,NULL,NULL,NULL
"347078","462252ed0ff3a1b5d88e435e7b73ae0d24d1c4ab8358c7bf73fde8680b31ef4381c45bba6da7c4df1f8c93e0dbce17a483ab03627725a900d3a9469509a80f8f","JB193415","03/20/2018 06:00:00 PM","2","DRIVER",NULL,"335067.0",NULL,"CHEVROLET","EQUINOX","IL","2011.0","NONE","PASSENGER","PERSONAL","S","STRAIGHT AHEAD",NULL,NULL,"1.0",NULL,NULL,NULL,NULL,NULL,NULL,NULL,"Y","Y","Y",NULL,NULL,NULL,NULL,NULL,NULL,NULL,"REAR",NULL,NULL,NULL,NULL,NULL,NULL,NULL,NULL,NULL,NULL,NULL,NULL,NULL,NULL,NULL,NULL,NULL,NULL,NULL,NULL,NULL,NULL,NULL,NULL,NULL,NULL,NULL,NULL,NULL,NULL,NULL,NULL,NULL
"348004","aa5d6e460eb65b4005524bdb2f4fd0f57a84ffbff87fd81f835b0c1fd45345b71c2f7feb1548dd45b86bc39066a4fe28e6c0a6776df3d75355607305c9eb6c70","JB195267","03/22/2018 08:06:00 AM","1","DRIVER",NULL,"335943.0",NULL,"NISSAN","SENTRA (DATSUN AND NISSAN HAVE MERGED)","IL","2012.0","NONE","PASSENGER","PERSONAL","E","CHANGING LANES",NULL,NULL,"1.0",NULL,NULL,NULL,NULL,NULL,NULL,NULL,NULL,NULL,NULL,"Y",NULL,NULL,NULL,NULL,NULL,NULL,"SIDE-LEFT",NULL,NULL,NULL,NULL,NULL,NULL,NULL,NULL,NULL,NULL,NULL,NULL,NULL,NULL,NULL,NULL,NULL,NULL,NULL,NULL,NULL,NULL,NULL,NULL,NULL,NULL,NULL,NULL,NULL,NULL,NULL,NULL,NULL
"348024","89cedc73fd1240e30d2176df05c683e7f4e3904c197197ce165af9b556e461c5b1af0df9ee9ef8e6aa103247bfdff50476fad83750e2ed99c8ba94bcf2cae44d","JB195230","03/22/2018 08:27:00 AM","1","DRIVER",NULL,"335969.0",NULL,"CHEVROLET","MALIBU (CHEVELLE)","IL","2015.0","NONE","PASSENGER","PERSONAL","S","TURNING LEFT","N",NULL,"1.0",NULL,NULL,NULL,NULL,NULL,NULL,NULL,NULL,NULL,NULL,"Y","N",NULL,NULL,NULL,NULL,NULL,"SIDE-LEFT",NULL,NULL,NULL,NULL,NULL,NULL,NULL,NULL,NULL,NULL,NULL,NULL,NULL,NULL,NULL,NULL,NULL,NULL,NULL,NULL,NULL,NULL,NULL,NULL,NULL,NULL,NULL,NULL,NULL,NULL,NULL,NULL,NULL
"348073","642d7628dad2cbe842b5ec5173a20663c7824ed48cb3f8f97a2669dd2df6989d503a0ff0371178d90705479ddc6b860ce2c9dc988f0b6d8391b449638be09512","JB195363","03/22/2018 10:18:00 AM","2","DRIVER",NULL,"336010.0",NULL,"TOYOTA MOTOR COMPANY, LTD.","COROLLA","IL","2016.0","NONE","PASSENGER","OTHER","E","STRAIGHT AHEAD",NULL,NULL,"1.0",NULL,NULL,NULL,NULL,NULL,NULL,"Y",NULL,NULL,NULL,NULL,NULL,NULL,NULL,NULL,NULL,NULL,"SIDE-RIGHT",NULL,NULL,NULL,NULL,NULL,NULL,NULL,NULL,NULL,NULL,NULL,NULL,NULL,NULL,NULL,NULL,NULL,NULL,NULL,NULL,NULL,NULL,NULL,NULL,NULL,NULL,NULL,NULL,NULL,NULL,NULL,NULL,NULL
"348289","bd6bf9eca0a246d14829623a00060cd12b97c2a1c2bc1f8b6a096f0da47adaf98982401f7806c1a8060cdf960f41b8f1d6c66ce22339d96a722817a235c6298e","JB155797","02/17/2018 04:37:00 PM","1","DRIVER","1.0","336214.0",NULL,"TOYOTA MOTOR COMPANY, LTD.","Prius","IL","2014.0","UNKNOWN","PASSENGER","PERSONAL","S","PASSING/OVERTAKING",NULL,NULL,"2.0",NULL,NULL,NULL,NULL,NULL,NULL,NULL,NULL,NULL,"Y","Y","Y",NULL,NULL,NULL,"Y",NULL,"FRONT-LEFT",NULL,NULL,NULL,NULL,NULL,NULL,NULL,NULL,NULL,NULL,NULL,NULL,NULL,NULL,NULL,NULL,NULL,NULL,NULL,NULL,NULL,NULL,NULL,NULL,NULL,NULL,NULL,NULL,NULL,NULL,NULL,NULL,NULL
"348439","e05922830eb26982e35cd5bfb44a0e35b9963190f51b4e5ea939a876989db9d0b3e22c3d7829c7629861e761d98773bad07e4d1c2900c82f1a5b656322ceea68","JB196015","03/22/2018 06:10:00 PM","1","DRIVER",NULL,"336376.0",NULL,"HYUNDAI","ELANTRA","IL","2016.0","UNKNOWN","PASSENGER","PERSONAL","S","STRAIGHT AHEAD",NULL,NULL,"1.0",NULL,NULL,NULL,NULL,NULL,NULL,NULL,NULL,NULL,NULL,NULL,"Y",NULL,NULL,NULL,NULL,NULL,"FRONT-LEFT",NULL,NULL,NULL,NULL,NULL,NULL,NULL,NULL,NULL,NULL,NULL,NULL,NULL,NULL,NULL,NULL,NULL,NULL,NULL,NULL,NULL,NULL,NULL,NULL,NULL,NULL,NULL,NULL,NULL,NULL,NULL,NULL,NULL
"348584","7e09804fc747c3d54b7312a617f1ed6ffe2803b3b31bddcac6847073fbcce2dd95443e6521ad638218f3dccc7f71b7390e5b69d1d4ea4f6a89e6ce27de0f7537","JB196362","03/23/2018 02:30:00 AM","1","DRIVER",NULL,"336492.0",NULL,"CHEVROLET","MALIBU (CHEVELLE)","IL","2016.0","UNKNOWN","PASSENGER","PERSONAL","UNKNOWN","UNKNOWN/NA","Y",NULL,"1.0",NULL,"CITY OF CHICAGO","10100 S DOTY RD",NULL,"Y",NULL,NULL,NULL,NULL,NULL,NULL,"Y",NULL,NULL,NULL,NULL,NULL,"FRONT-LEFT",NULL,NULL,NULL,NULL,NULL,NULL,NULL,NULL,NULL,NULL,NULL,NULL,NULL,NULL,NULL,NULL,NULL,NULL,NULL,NULL,NULL,NULL,NULL,NULL,NULL,NULL,NULL,NULL,NULL,NULL,NULL,NULL,NULL
"348802","842d069cfb445333e436cc1b359b6f14c37ad822fe779a223e2824812f8fa4abdea5289e34a601f8fb8b596dfe4854ca7d81e12b20ff4bab5fd4d49d2ee0f5f2","JB196773","03/23/2018 12:19:00 PM","1","DRIVER",NULL,"336705.0","Y","UNKNOWN","UNKNOWN","OK","2015.0","NONE","TRACTOR W/ SEMI-TRAILER","COMMERCIAL - SINGLE UNIT","NE","TURNING LEFT",NULL,NULL,"1.0",NULL,NULL,NULL,"Y",NULL,NULL,NULL,NULL,NULL,NULL,NULL,NULL,NULL,NULL,NULL,NULL,NULL,"REAR-RIGHT","2953.0","80806.0",NULL,NULL,NULL,NULL,"J B HUNT","OK","OKLAHOMA CITY",NULL,NULL,NULL,"N","N",NULL,"N",NULL,"N","N",NULL,NULL,"0-96",NULL,"52.0",NULL,"60.0","5.0","TRUCK/TRAILER","VAN/ENCLOSED BOX","OTHER",NULL,"N",NULL
"348813","ceb5e7b93a00bb8de97637f16764dd3972b77f6faba483fb57117c8378e13ae6ed0769dd8be84903004d245fdda9e00441c7bf573326d713f16db94a69d4ce9d","JB196744","03/23/2018 12:01:00 PM","1","DRIVER",NULL,"336719.0",NULL,"HONDA","CIVIC","IL","2010.0","NONE","PASSENGER","PERSONAL","E","STRAIGHT AHEAD","Y",NULL,"1.0",NULL,"owner","owners choice",NULL,NULL,NULL,NULL,NULL,NULL,NULL,NULL,"Y",NULL,NULL,NULL,NULL,NULL,"FRONT-LEFT",NULL,NULL,NULL,NULL,NULL,NULL,NULL,NULL,NULL,NULL,NULL,NULL,NULL,NULL,NULL,NULL,NULL,NULL,NULL,NULL,NULL,NULL,NULL,NULL,NULL,NULL,NULL,NULL,NULL,NULL,NULL,NULL,NULL
"349092","6b42c813e245f75b3660f28606c519ac6e96f239722aa3cc48bcade4d89d2adaa0b25fbf23f511c382b1e5e9a8a2d0bb02e992c0ce26e82b537371556d8998eb","JB197275","03/23/2018 05:30:00 PM","1","DRIVER",NULL,"336989.0",NULL,"CHEVROLET","UNKNOWN","IL","2010.0","UNKNOWN","PICKUP","UNKNOWN/NA","S","STRAIGHT AHEAD",NULL,NULL,"1.0",NULL,NULL,NULL,NULL,"Y",NULL,NULL,NULL,NULL,NULL,NULL,NULL,NULL,NULL,"Y",NULL,NULL,"FRONT",NULL,NULL,NULL,NULL,NULL,NULL,NULL,NULL,NULL,NULL,NULL,NULL,NULL,NULL,NULL,NULL,NULL,NULL,NULL,NULL,NULL,NULL,NULL,NULL,NULL,NULL,NULL,NULL,NULL,NULL,NULL,NULL,NULL
"349280","68960745db5483bd2fed6a24da295e847226b7be60a892c67c297d8fa186831f714df869b4c2b64e649873148172acd5c1ee2c25a371a6ba1ed8c4918b109afc","JB197550","03/23/2018 05:20:00 PM","1","DRIVER","1.0","337173.0",NULL,"HYUNDAI","ELANTRA","IL","2016.0","NONE","PASSENGER","RIDESHARE SERVICE","E","CHANGING LANES",NULL,NULL,"2.0",NULL,NULL,NULL,NULL,NULL,"Y",NULL,NULL,NULL,NULL,NULL,"N",NULL,NULL,NULL,NULL,NULL,"FRONT-RIGHT",NULL,NULL,NULL,NULL,NULL,NULL,NULL,NULL,NULL,NULL,NULL,NULL,NULL,NULL,NULL,NULL,NULL,NULL,NULL,NULL,NULL,NULL,NULL,NULL,NULL,NULL,NULL,NULL,NULL,NULL,NULL,NULL,NULL
"350478","ea75c215c82d4894aec3151acc596fdd36e0038a86bf48c29962614ac580aac634cf25595f2914dcc4fca5f6390443a6ff0a18ac6e283a4a1c021b51f30beffc","JB199967","03/26/2018 07:45:00 AM","1","DRIVER",NULL,"338296.0",NULL,"DODGE","RAM 2500 VAN","IL","2008.0","NONE","VAN/MINI-VAN","UNKNOWN/NA","E","STRAIGHT AHEAD",NULL,NULL,"1.0",NULL,NULL,NULL,NULL,NULL,NULL,NULL,NULL,NULL,NULL,NULL,NULL,NULL,NULL,NULL,NULL,"Y","UNKNOWN",NULL,NULL,NULL,NULL,NULL,NULL,NULL,NULL,NULL,NULL,NULL,NULL,NULL,NULL,NULL,NULL,NULL,NULL,NULL,NULL,NULL,NULL,NULL,NULL,NULL,NULL,NULL,NULL,NULL,NULL,NULL,NULL,NULL
"350702","a75cc3587350a998c793a9a6c8b5903d440b9caecf2e15c8ea094988dee83627919db23e76aebc62cb089b883d7636077d0f32c271ea783838f040e6044a5bc8","JB200334","03/26/2018 01:20:00 PM","1","DRIVER",NULL,"338508.0",NULL,"FORD","F150","IL","2018.0","NONE","PICKUP","CONSTRUCTION/MAINTENANCE","E","STRAIGHT AHEAD",NULL,NULL,"1.0",NULL,NULL,NULL,NULL,NULL,"Y",NULL,NULL,NULL,NULL,NULL,NULL,NULL,NULL,NULL,NULL,NULL,"SIDE-RIGHT",NULL,NULL,NULL,NULL,NULL,NULL,NULL,NULL,NULL,NULL,NULL,NULL,NULL,NULL,NULL,NULL,NULL,NULL,NULL,NULL,NULL,NULL,NULL,NULL,NULL,NULL,NULL,NULL,NULL,NULL,NULL,NULL,NULL
"351608","bad7b29cd50ed3f8ae88ff4651ae3b51e7a76ac45d1614811e920d9db5bb5b21be419c3d2e8829be90816c481a67d6943e11a61bb2d21918505cc5d712467792","JB202052","03/25/2018 03:54:00 PM","2","DRIVER",NULL,"339313.0",NULL,"JAGUAR","X-Type","IL","2018.0","NONE","PASSENGER","PERSONAL","N","STRAIGHT AHEAD",NULL,NULL,"1.0",NULL,NULL,NULL,NULL,NULL,NULL,NULL,NULL,"Y",NULL,NULL,NULL,NULL,NULL,NULL,NULL,NULL,"REAR",NULL,NULL,NULL,NULL,NULL,NULL,NULL,NULL,NULL,NULL,NULL,NULL,NULL,NULL,NULL,NULL,NULL,NULL,NULL,NULL,NULL,NULL,NULL,NULL,NULL,NULL,NULL,NULL,NULL,NULL,NULL,NULL,NULL
"351824","ca642b05bac7dde3b2d2277edd47ce2b6372b2422eed3ebdd399f1a9a3cbf631048789f5fc5e5872eef14938c976d9cf8c4f1d231ab8861a35e40ded8369cf46","JB202575","03/28/2018 10:00:00 AM","2","PARKED",NULL,"339547.0",NULL,"BMW","X5","IL","2015.0","NONE","PASSENGER","PERSONAL","W","PARKED",NULL,NULL,"0.0",NULL,NULL,NULL,NULL,NULL,NULL,NULL,NULL,NULL,NULL,"Y",NULL,NULL,NULL,NULL,NULL,NULL,"SIDE-LEFT",NULL,NULL,NULL,NULL,NULL,NULL,NULL,NULL,NULL,NULL,NULL,NULL,NULL,NULL,NULL,NULL,NULL,NULL,NULL,NULL,NULL,NULL,NULL,NULL,NULL,NULL,NULL,NULL,NULL,NULL,NULL,NULL,NULL
"351857","662c9023a82648ce5cd77bf5778d48f115348c6742f1865be0c03016b76441547fdf2fccbe080d648de479481612c5d18a53003e74b662ab21a14d08be54fa0b","JB210971","03/27/2018 05:45:00 PM","1","DRIVER",NULL,"339554.0",NULL,"TOYOTA MOTOR COMPANY, LTD.","RAV4 (sport utility)","IL","2014.0","NONE","SPORT UTILITY VEHICLE (SUV)","PERSONAL","SE","STRAIGHT AHEAD",NULL,NULL,"1.0",NULL,NULL,NULL,NULL,"Y",NULL,NULL,NULL,NULL,NULL,NULL,NULL,NULL,NULL,NULL,NULL,NULL,"FRONT",NULL,NULL,NULL,NULL,NULL,NULL,NULL,NULL,NULL,NULL,NULL,NULL,NULL,NULL,NULL,NULL,NULL,NULL,NULL,NULL,NULL,NULL,NULL,NULL,NULL,NULL,NULL,NULL,NULL,NULL,NULL,NULL,NULL