"CRASH_UNIT_ID","CRASH_RECORD_ID","RD_NO","CRASH_DATE","UNIT_NO","UNIT_TYPE","NUM_PASSENGERS","VEHICLE_ID","CMRC_VEH_I","MAKE","MODEL","LIC_PLATE_STATE","VEHICLE_YEAR","VEHICLE_DEFECT","VEHICLE_TYPE","VEHICLE_USE","TRAVEL_DIRECTION","MANEUVER","TOWED_I","FIRE_I","OCCUPANT_CNT","EXCEED_SPEED_LIMIT_I","TOWED_BY","TOWED_TO","AREA_00_I","AREA_01_I","AREA_02_I","AREA_03_I","AREA_04_I","AREA_05_I","AREA_06_I","AREA_07_I","AREA_08_I","AREA_09_I","AREA_10_I","AREA_11_I","AREA_12_I","AREA_99_I","FIRST_CONTACT_POINT","CMV_ID","USDOT_NO","CCMC_NO","ILCC_NO","COMMERCIAL_SRC","GVWR","CARRIER_NAME","CARRIER_STATE","CARRIER_CITY","HAZMAT_PLACARDS_I","HAZMAT_NAME","UN_NO","HAZMAT_PRESENT_I","HAZMAT_REPORT_I","HAZMAT_REPORT_NO","MCS_REPORT_I","MCS_REPORT_NO","HAZMAT_VIO_CAUSE_CRASH_I","MCS_VIO_CAUSE_CRASH_I","IDOT_PERMIT_NO","WIDE_LOAD_I","TRAILER1_WIDTH","TRAILER2_WIDTH","TRAILER1_LENGTH","TRAILER2_LENGTH","TOTAL_VEHICLE_LENGTH","AXLE_CNT","VEHICLE_CONFIG","CARGO_BODY_TYPE","LOAD_TYPE","HAZMAT_OUT_OF_SERVICE_I","MCS_OUT_OF_SERVICE_I","HAZMAT_CLASS"
"352253","d8599d41fa3dfd296bd53dd01cf8dc433ce377e48113d8b8a6cba44716a2420c7c14a60f7e7dc024c0590d33a3dad131dc78e3e1d357fa990597590d98a60531","JB203398","03/28/2018 07:53:00 PM","2","DRIVER",NULL,"339949.0","Y","UNKNOWN","UNKNOWN","IL","2017.0","NONE","PASSENGER","MASS TRANSIT","N","STRAIGHT AHEAD",NULL,NULL,"1.0",NULL,NULL,NULL,NULL,NULL,NULL,"N","Y",NULL,NULL,"N","N",NULL,NULL,NULL,NULL,NULL,"REAR-RIGHT","2995.0",NULL,NULL,NULL,"DRIVER","73280","PACE SUBURBAN BUS DIVISION","IL","ARLINGTON HEIGHTS",NULL,NULL,NULL,"N","N",NULL,"U",NULL,"N","N",NULL,NULL,NULL,NULL,NULL,NULL,NULL,NULL,"BUS","BUS","OTHER","N","N",NULL
"352545","08416448a5d9b220d5345b3fb8f5c87521a81d02cabcb3a11910199c0c2d4175939ace761c5c79e84bdc55abf1e3ba1bddc12ee4fa7fdcddb3c7d998f4fa2bdf","JB204035","03/29/2018 01:15:00 PM","1","DRIVER",NULL,"340213.0",NULL,"LINCOLN-CONTINENTAL","MKX","IL","2008.0","NONE","SPORT UTILITY VEHICLE (SUV)","PERSONAL","S","STRAIGHT AHEAD",NULL,NULL,"1.0",NULL,NULL,NULL,NULL,"Y",NULL,NULL,NULL,NULL,NULL,NULL,NULL,NULL,NULL,NULL,NULL,NULL,"FRONT",NULL,NULL,NULL,NULL,NULL,NULL,NULL,NULL,NULL,NULL,NULL,NULL,NULL,NULL,NULL,NULL,NULL,NULL,NULL,NULL,NULL,NULL,NULL,NULL,NULL,NULL,NULL,NULL,NULL,NULL,NULL,NULL,NULL
"353043","86fd400950bae8a9e96f9efac6bf5b222e07b18e57fe54879d4002c092c4be4f5095c09c422bf0b00ba7108f21fe8eab9bd22302dca77f7cab6787d6e7b33faf","JB205066","03/30/2018 10:57:00 AM","2","DRIVER",NULL,"340695.0",NULL,"FORD","Explorer","IL","2015.0","NONE","PASSENGER","POLICE","SE","TURNING LEFT","Y",NULL,"1.0",NULL,"e&r","unk",NULL,NULL,NULL,"Y",NULL,NULL,NULL,"N",NULL,NULL,NULL,NULL,NULL,NULL,"SIDE-RIGHT",NULL,NULL,NULL,NULL,NULL,NULL,NULL,NULL,NULL,NULL,NULL,NULL,NULL,NULL,NULL,NULL,NULL,NULL,NULL,NULL,NULL,NULL,NULL,NULL,NULL,NULL,NULL,NULL,NULL,NULL,NULL,NULL,NULL
"353106","7ae2fc3c6dd00a36b2ca5a0dc8068573f4fec0c981c2e48a9e3e2491a71a35441547dccd001593accbdb612f3e10a3a74006a5ff155391d56675d8b46ff8a59e","JB205172","03/30/2018 12:14:00 PM","1","DRIVER","2.0","340756.0",NULL,"NISSAN","SENTRA (DATSUN AND NISSAN HAVE MERGED)","WI","2013.0","NONE","PASSENGER","PERSONAL","E","STRAIGHT AHEAD","Y",NULL,"3.0",NULL,"XL TOWING","3565 W COLUMBUS AVE",NULL,NULL,"Y","Y","Y",NULL,NULL,"Y","Y",NULL,NULL,NULL,NULL,NULL,"SIDE-RIGHT",NULL,NULL,NULL,NULL,NULL,NULL,NULL,NULL,NULL,NULL,NULL,NULL,NULL,NULL,NULL,NULL,NULL,NULL,NULL,NULL,NULL,NULL,NULL,NULL,NULL,NULL,NULL,NULL,NULL,NULL,NULL,NULL,NULL
"353431","b349ca90ebbf9e83411f089e2ab1933c0a0f3d9a0ef88f42cdfc8848b728b83acd62f1abfec4956b967deee455badb448ea2f07b159fb60a2745a416f90244ed","JB205704","03/30/2018 07:00:00 PM","2","PARKED",NULL,"341068.0",NULL,"TOYOTA MOTOR COMPANY, LTD.","Sienna (van)","IL","2015.0","UNKNOWN","VAN/MINI-VAN","PERSONAL","N","PARKED",NULL,NULL,"0.0",NULL,NULL,NULL,NULL,NULL,NULL,NULL,NULL,NULL,NULL,"Y",NULL,NULL,NULL,NULL,NULL,NULL,"SIDE-LEFT",NULL,NULL,NULL,NULL,NULL,NULL,NULL,NULL,NULL,NULL,NULL,NULL,NULL,NULL,NULL,NULL,NULL,NULL,NULL,NULL,NULL,NULL,NULL,NULL,NULL,NULL,NULL,NULL,NULL,NULL,NULL,NULL,NULL
"353442","d2b31d86477180e5f3628ec020bd0af0660443a1e00ff7dac5e662d58311c182e47741548f21c1f440b9c21d38bd6eff63a5c7dececcc1931d8b193714955902","JB205736","03/30/2018 06:30:00 PM","2","DRIVER","1.0","341079.0",NULL,"FORD","Focus","IL","2013.0","NONE","PASSENGER","PERSONAL","S","STRAIGHT AHEAD",NULL,NULL,"2.0",NULL,NULL,NULL,NULL,NULL,NULL,NULL,NULL,NULL,"Y","Y",NULL,NULL,NULL,NULL,NULL,NULL,"SIDE-LEFT",NULL,NULL,NULL,NULL,NULL,NULL,NULL,NULL,NULL,NULL,NULL,NULL,NULL,NULL,NULL,NULL,NULL,NULL,NULL,NULL,NULL,NULL,NULL,NULL,NULL,NULL,NULL,NULL,NULL,NULL,NULL,NULL,NULL
"354056","5f3c158d3140cb0b0eb60348dbfc05bddfa7efc7abe51ef03a532c2d38bc51224f5f0caf36f32d566f318dc33cd6ad896bd020529e9fa8f057de56d22bb74084","JB206805","03/31/2018 10:30:00 AM","1","DRIVER",NULL,"341645.0",NULL,"CHEVROLET","UNKNOWN","IL","2015.0","NONE","PASSENGER","PERSONAL","S","STRAIGHT AHEAD",NULL,NULL,"1.0",NULL,NULL,NULL,NULL,"Y",NULL,NULL,NULL,NULL,NULL,NULL,NULL,NULL,NULL,NULL,NULL,NULL,"FRONT",NULL,NULL,NULL,NULL,NULL,NULL,NULL,NULL,NULL,NULL,NULL,NULL,NULL,NULL,NULL,NULL,NULL,NULL,NULL,NULL,NULL,NULL,NULL,NULL,NULL,NULL,NULL,NULL,NULL,NULL,NULL,NULL,NULL
"354280","22c7aa297e9e84e859309cfb49d92e45efe4ed4bfffbe3490498c0eb577acc7ac4029f1a7b518ad28ceea7002ce5734e32e96419c291ef433318d9335380f24e","JB207162","04/01/2018 03:00:00 AM","2","PARKED",NULL,"341833.0",NULL,"CHEVROLET","SILVERADO","IL","2014.0","NONE","PICKUP","PERSONAL","S","PARKED",NULL,NULL,"0.0",NULL,NULL,NULL,NULL,NULL,NULL,NULL,NULL,"Y","Y",NULL,NULL,NULL,NULL,NULL,NULL,NULL,"REAR-LEFT",NULL,NULL,NULL,NULL,NULL,NULL,NULL,NULL,NULL,NULL,NULL,NULL,NULL,NULL,NULL,NULL,NULL,NULL,NULL,NULL,NULL,NULL,NULL,NULL,NULL,NULL,NULL,NULL,NULL,NULL,NULL,NULL,NULL
"354652","209c329fa312866141ccdea7b7d9b9e0fe556369453fe9e867be0635e5e38f68781578eba2290b3ee3d76eaa19a895368aa2c092718571aa906e8965409a0c79","JB207919","04/01/2018 08:45:00 PM","2","DRIVER",NULL,"342196.0",NULL,"NISSAN","Pathfinder","TX","2013.0","UNKNOWN","SPORT UTILITY VEHICLE (SUV)","PERSONAL","W","STRAIGHT AHEAD",NULL,NULL,"1.0",NULL,NULL,NULL,NULL,NULL,NULL,"Y",NULL,NULL,NULL,NULL,NULL,NULL,NULL,NULL,NULL,NULL,"SIDE-RIGHT",NULL,NULL,NULL,NULL,NULL,NULL,NULL,NULL,NULL,NULL,NULL,NULL,NULL,NULL,NULL,NULL,NULL,NULL,NULL,NULL,NULL,NULL,NULL,NULL,NULL,NULL,NULL,NULL,NULL,NULL,NULL,NULL,NULL
"355140","3117e340ae0f51494b9aa847c43573c9f62238a5ccdeef81a79b26372662c557565e880422d6b26ca604c0faf7b00eeff5146a84bed21a4634b2729bcbc323f6","JB208716","04/02/2018 03:40:00 PM","1","DRIVER",NULL,"342652.0",NULL,"VOLKSWAGEN","JETTA","IL","2015.0","UNKNOWN","PASSENGER","PERSONAL","S","STRAIGHT AHEAD","Y",NULL,"1.0",NULL,"j c towing",NULL,NULL,"Y",NULL,NULL,NULL,NULL,NULL,NULL,NULL,NULL,NULL,NULL,NULL,NULL,"FRONT",NULL,NULL,NULL,NULL,NULL,NULL,NULL,NULL,NULL,NULL,NULL,NULL,NULL,NULL,NULL,NULL,NULL,NULL,NULL,NULL,NULL,NULL,NULL,NULL,NULL,NULL,NULL,NULL,NULL,NULL,NULL,NULL,NULL
"355761","d3a03619d84758d2fdf642115c2583b7741f224e2a1dc4346d73cf1dc1d8275bdf5aaccc47cb7ccf3262fa8eac5faf14c52108c30a0b23916b2e8ad4169a01a9","JB209906","04/03/2018 03:00:00 PM","2","DRIVER","1.0","343179.0",NULL,"TOYOTA MOTOR COMPANY, LTD.","COROLLA","IL","2017.0","UNKNOWN","PASSENGER","PERSONAL","E","SLOW/STOP IN TRAFFIC",NULL,NULL,"2.0",NULL,NULL,NULL,NULL,NULL,NULL,NULL,NULL,"Y",NULL,NULL,NULL,NULL,NULL,NULL,NULL,NULL,"REAR",NULL,NULL,NULL,NULL,NULL,NULL,NULL,NULL,NULL,NULL,NULL,NULL,NULL,NULL,NULL,NULL,NULL,NULL,NULL,NULL,NULL,NULL,NULL,NULL,NULL,NULL,NULL,NULL,NULL,NULL,NULL,NULL,NULL
"355864","8b54c9b093eb36eb99562e57f36ae59c8b84441a40f33f711b444866aeb26966058d988992dd19c0f8916151c414cbf9ec4fc7322e42c81eff36a21a7c4a8825","JB209966","04/03/2018 04:08:00 PM","1","DRIVER",NULL,"343291.0",NULL,"CHEVROLET","EQUINOX","IL","2013.0","UNKNOWN","SPORT UTILITY VEHICLE (SUV)","PERSONAL","S","STRAIGHT AHEAD","Y",NULL,"1.0",NULL,NULL,NULL,NULL,NULL,"Y","Y",NULL,NULL,NULL,NULL,NULL,NULL,NULL,NULL,NULL,NULL,"SIDE-RIGHT",NULL,NULL,NULL,NULL,NULL,NULL,NULL,NULL,NULL,NULL,NULL,NULL,NULL,NULL,NULL,NULL,NULL,NULL,NULL,NULL,NULL,NULL,NULL,NULL,NULL,NULL,NULL,NULL,NULL,NULL,NULL,NULL,NULL
"355996","416cdf1b807d20f48763c1392a93b8b7c7a09f15acae9f615d367c1388558f29bcce30b01e3c257562ec4798767f92f364646d23cb28efdf067a8acbe5918e51","JB210209","04/03/2018 05:57:00 PM","1","DRIVER",NULL,"343408.0",NULL,"SCION","TC","IL","2008.0","NONE","PASSENGER","PERSONAL","E","AVOIDING VEHICLES/OBJECTS",NULL,NULL,"1.0",NULL,NULL,NULL,NULL,NULL,"Y",NULL,NULL,NULL,NULL,NULL,NULL,NULL,NULL,NULL,NULL,NULL,"FRONT-RIGHT",NULL,NULL,NULL,NULL,NULL,NULL,NULL,NULL,NULL,NULL,NULL,NULL,NULL,NULL,NULL,NULL,NULL,NULL,NULL,NULL,NULL,NULL,NULL,NULL,NULL,NULL,NULL,NULL,NULL,NULL,NULL,NULL,NULL
"356043","6143bc3e15fc4f367fa679fd6349a639aab5780765f680b2c051a9e9da3fb9ef8a37ddf3d612445631a74ef5205519dc5fcc220285d75bb2805eb23b37710505","JB210312","04/03/2018 06:30:00 PM","2","PARKED","1.0","343458.0",NULL,"TOYOTA MOTOR COMPANY, LTD.","Prius","IL","2012.0","NONE","PASSENGER","TAXI/FOR HIRE","N","PARKED",NULL,NULL,"1.0",NULL,NULL,NULL,NULL,NULL,NULL,NULL,NULL,NULL,NULL,NULL,"Y",NULL,NULL,NULL,NULL,NULL,"FRONT-LEFT",NULL,NULL,NULL,NULL,NULL,NULL,NULL,NULL,NULL,NULL,NULL,NULL,NULL,NULL,NULL,NULL,NULL,NULL,NULL,NULL,NULL,NULL,NULL,NULL,NULL,NULL,NULL,NULL,NULL,NULL,NULL,NULL,NULL
"356227","dd5a396a760af1917e9990bd95260cce77e078389c10bd1b01980d370a7eb24bd6fb4068c0b9edc2e8365599f0077ec8b1ef8f6bbcd7be4b5abf972b6fc135cb","JB210592","04/04/2018 06:55:00 AM","2","DRIVER",NULL,"343646.0",NULL,"CHEVROLET","IMPALA","IL","2016.0","UNKNOWN","PASSENGER","PERSONAL","E","STRAIGHT AHEAD",NULL,NULL,"1.0",NULL,NULL,NULL,NULL,"Y",NULL,NULL,NULL,NULL,NULL,NULL,"Y",NULL,NULL,NULL,NULL,NULL,"FRONT-LEFT",NULL,NULL,NULL,NULL,NULL,NULL,NULL,NULL,NULL,NULL,NULL,NULL,NULL,NULL,NULL,NULL,NULL,NULL,NULL,NULL,NULL,NULL,NULL,NULL,NULL,NULL,NULL,NULL,NULL,NULL,NULL,NULL,NULL
"356267","5280c4ff23aeb26f584e65746cd043af3c2a3e9a79876c0d72d929fb2007db54a5835554952fa13399eb89ea8d71b3748959095a5901e61209143ccfea8361b4","JB210634","04/04/2018 06:45:00 AM","2","DRIVER",NULL,"343685.0",NULL,"JEEP","CHEROKEE","IL","2017.0","NONE","ALL-TERRAIN VEHICLE (ATV)","PERSONAL","SE","STRAIGHT AHEAD","Y",NULL,"1.0",NULL,"unk","unk",NULL,NULL,"Y","Y",NULL,NULL,NULL,NULL,NULL,NULL,NULL,NULL,NULL,NULL,"FRONT-RIGHT",NULL,NULL,NULL,NULL,NULL,NULL,NULL,NULL,NULL,NULL,NULL,NULL,NULL,NULL,NULL,NULL,NULL,NULL,NULL,NULL,NULL,NULL,NULL,NULL,NULL,NULL,NULL,NULL,NULL,NULL,NULL,NULL,NULL
"356434","6b1c24a42883b4fc82bfbce424fc15ab4cb075935828b13ecfc43bfca00619adaf09d9dde553523be864ca57fe1bb6120ee0ac65b3c027cb98ac2e0ad5409264","JB210727","04/04/2018 07:52:00 AM","1","DRIVER",NULL,"343838.0",NULL,"HONDA","CRV","PA","2009.0","NONE","PASSENGER","PERSONAL","E","SKIDDING/CONTROL LOSS",NULL,NULL,"1.0",NULL,NULL,NULL,NULL,NULL,NULL,NULL,NULL,NULL,"Y",NULL,"Y",NULL,NULL,NULL,NULL,NULL,"FRONT-LEFT",NULL,NULL,NULL,NULL,NULL,NULL,NULL,NULL,NULL,NULL,NULL,NULL,NULL,NULL,NULL,NULL,NULL,NULL,NULL,NULL,NULL,NULL,NULL,NULL,NULL,NULL,NULL,NULL,NULL,NULL,NULL,NULL,NULL
"356469","e86ecb4cb0d2757507f8c77e5381ee81960caacccad5cf0c42effd291c0677944e00ee88f13776d71a907935192ccf1f6ac04b95435e73aba71944aaca8c9962","JB210669","04/04/2018 06:30:00 AM","5","DRIVER",NULL,"343912.0",NULL,"FORD","FUSION","IL","2016.0","NONE","PASSENGER","PERSONAL","E","NEGOTIATING A CURVE","Y",NULL,"1.0",NULL,"by owner",NULL,NULL,"Y","Y",NULL,NULL,NULL,NULL,NULL,"Y",NULL,NULL,NULL,NULL,NULL,"FRONT",NULL,NULL,NULL,NULL,NULL,NULL,NULL,NULL,NULL,NULL,NULL,NULL,NULL,NULL,NULL,NULL,NULL,NULL,NULL,NULL,NULL,NULL,NULL,NULL,NULL,NULL,NULL,NULL,NULL,NULL,NULL,NULL,NULL
"356630","912b7d444f65fc670445a05497028382aeacece6b957c06033847217d517063200421a0b9040f35df8466f22677f6481c58bf3e8ca4475fd47171a62a92381ed","JB210940","04/04/2018 10:30:00 AM","2","DRIVER",NULL,"344044.0",NULL,"SUBARU","OUTBACK","IL","2012.0","NONE","SPORT UTILITY VEHICLE (SUV)","PERSONAL","S","STRAIGHT AHEAD",NULL,NULL,"1.0",NULL,NULL,NULL,"Y",NULL,NULL,NULL,"Y","Y",NULL,NULL,NULL,NULL,NULL,NULL,NULL,NULL,"REAR-RIGHT",NULL,NULL,NULL,NULL,NULL,NULL,NULL,NULL,NULL,NULL,NULL,NULL,NULL,NULL,NULL,NULL,NULL,NULL,NULL,NULL,NULL,NULL,NULL,NULL,NULL,NULL,NULL,NULL,NULL,NULL,NULL,NULL,NULL
"356737","60373466af97e1bcc67c3f82d3bcbd2b731e7bbdd2c21273b824cc313f774d440f26cbf3d7f5d8211bb40c232cac9e75f394836327db6ec22af54848643a8fac","JB211131","04/04/2018 05:15:00 AM","2","DRIVER",NULL,"344129.0",NULL,"NISSAN","ROGUE","IL","2008.0","NONE","PASSENGER","PERSONAL","N","SKIDDING/CONTROL LOSS",NULL,NULL,"1.0",NULL,NULL,NULL,NULL,NULL,NULL,NULL,"Y","Y",NULL,NULL,NULL,NULL,NULL,NULL,NULL,NULL,"REAR",NULL,NULL,NULL,NULL,NULL,NULL,NULL,NULL,NULL,NULL,NULL,NULL,NULL,NULL,NULL,NULL,NULL,NULL,NULL,NULL,NULL,NULL,NULL,NULL,NULL,NULL,NULL,NULL,NULL,NULL,NULL,NULL,NULL
"357047","9d577eaa7fab670879dabbeee6bc1ed31c0a281df9c356f384851629fe4508d21015b77f3a5520ca7069e948ddbfe8e473723cc0b546b41333cd799e34b77afb","JB211644","04/04/2018 07:00:00 PM","2","DRIVER","3.0","344426.0",NULL,"CHEVROLET","EQUINOX","IL","2014.0","NONE","PASSENGER","PERSONAL","S","STRAIGHT AHEAD",NULL,NULL,"4.0",NULL,NULL,NULL,NULL,"Y","Y",NULL,NULL,NULL,NULL,NULL,NULL,NULL,NULL,NULL,NULL,NULL,"FRONT-RIGHT",NULL,NULL,NULL,NULL,NULL,NULL,NULL,NULL,NULL,NULL,NULL,NULL,NULL,NULL,NULL,NULL,NULL,NULL,NULL,NULL,NULL,NULL,NULL,NULL,NULL,NULL,NULL,NULL,NULL,NULL,NULL,NULL,NULL
"357168","ba6de1397be7941b41363400acbac6953c3672bb7029dc344bce9001fdbc6d7c4057f805067a31bf85831db20e38645faa93d7d226bec42a15ea0490c2277867","JB212029","04/05/2018 07:41:00 AM","1","DRIVER",NULL,"344535.0",NULL,"INFINITI","QX56","IL","2011.0","NONE","PASSENGER","PERSONAL","N","STRAIGHT AHEAD",NULL,NULL,"1.0",NULL,NULL,NULL,NULL,NULL,NULL,NULL,NULL,NULL,NULL,NULL,"Y",NULL,NULL,NULL,NULL,NULL,"FRONT-LEFT",NULL,NULL,NULL,NULL,NULL,NULL,NULL,NULL,NULL,NULL,NULL,NULL,NULL,NULL,NULL,NULL,NULL,NULL,NULL,NULL,NULL,NULL,NULL,NULL,NULL,NULL,NULL,NULL,NULL,NULL,NULL,NULL,NULL
"357265","42b22867d46661c3a162f318f1a2f3110487b4fff3e160495a2622900efcae86ca125f3670a94846df60197f9b965f1491918f41b5713a94abd7d347c0b8e0fb","JB212072","04/05/2018 08:00:00 AM","1","DRIVER",NULL,"344612.0",NULL,"TOYOTA MOTOR COMPANY, LTD.","CAMRY","IL","2014.0","NONE","PASSENGER","RIDESHARE SERVICE","N","STRAIGHT AHEAD",NULL,NULL,"1.0",NULL,NULL,NULL,NULL,NULL,NULL,NULL,NULL,NULL,NULL,"Y",NULL,NULL,NULL,NULL,NULL,NULL,"SIDE-LEFT",NULL,NULL,NULL,NULL,NULL,NULL,NULL,NULL,NULL,NULL,NULL,NULL,NULL,NULL,NULL,NULL,NULL,NULL,NULL,NULL,NULL,NULL,NULL,NULL,NULL,NULL,NULL,NULL,NULL,NULL,NULL,NULL,NULL
"357318","574d2f51093ae50feab26a29ab26f7c47007bb40b7690f3d7dd03bd988ee2908d17c57b8a93428c7183d6afe90a88a2b131dac6b175fdee179df7660bf54a085","JB212235","04/05/2018 10:30:00 AM","1","DRIVER","1.0","344663.0",NULL,"MITSUBISHI","GALANT","IL","2010.0","NONE","PASSENGER","PERSONAL","S","STRAIGHT AHEAD",NULL,NULL,"2.0",NULL,NULL,NULL,NULL,NULL,"Y",NULL,NULL,NULL,NULL,NULL,NULL,NULL,NULL,NULL,NULL,NULL,"FRONT-RIGHT",NULL,NULL,NULL,NULL,NULL,NULL,NULL,NULL,NULL,NULL,NULL,NULL,NULL,NULL,NULL,NULL,NULL,NULL,NULL,NULL,NULL,NULL,NULL,NULL,NULL,NULL,NULL,NULL,NULL,NULL,NULL,NULL,NULL
"357360","e113092785d35517ae588765475f7ccd406b3d130be20ba385ba6ea2b99058f0e50dfb17d1411f4a5c01c343ba54e735c72f802e9240bf8ede01acbd8f48d15b","JB212271","04/05/2018 09:56:00 AM","1","DRIVER",NULL,"344706.0",NULL,"MERCEDES-BENZ","UNKNOWN","IL","2011.0","UNKNOWN","PASSENGER","UNKNOWN/NA","E","STRAIGHT AHEAD",NULL,NULL,"1.0",NULL,NULL,NULL,NULL,"Y",NULL,NULL,NULL,NULL,NULL,NULL,"Y",NULL,NULL,NULL,NULL,NULL,"FRONT-LEFT",NULL,NULL,NULL,NULL,NULL,NULL,NULL,NULL,NULL,NULL,NULL,NULL,NULL,NULL,NULL,NULL,NULL,NULL,NULL,NULL,NULL,NULL,NULL,NULL,NULL,NULL,NULL,NULL,NULL,NULL,NULL,NULL,NULL
"357377","939920a1923708f3be3be60f6d0e0ae6a6c0061f15281304a592db026afc4bd24a251b1a0dcafd47f3b4119280171f49e2e83c70d668d0e0099e0cd55e19f379","JB212370","04/05/2018 07:50:00 AM","2","DRIVER",NULL,"344704.0",NULL,"HYUNDAI","Santa Fe","IL","2016.0","NONE","SPORT UTILITY VEHICLE (SUV)","PERSONAL","N","STRAIGHT AHEAD",NULL,NULL,"1.0",NULL,NULL,NULL,NULL,NULL,NULL,NULL,"Y","Y","Y",NULL,NULL,NULL,NULL,NULL,NULL,NULL,"REAR",NULL,NULL,NULL,NULL,NULL,NULL,NULL,NULL,NULL,NULL,NULL,NULL,NULL,NULL,NULL,NULL,NULL,NULL,NULL,NULL,NULL,NULL,NULL,NULL,NULL,NULL,NULL,NULL,NULL,NULL,NULL,NULL,NULL
"357656","9cbb517506b7326cbc5e217d171dae10ea0dfe9c72d2bd7b4e364337722d44705e08d1adb3ed14897aec125ee80e2b32c3a5633d9f08c90e0118b86871115072","JB212792","04/05/2018 04:52:00 PM","2","DRIVER",NULL,"344981.0",NULL,"HONDA","HONDA","IN","2013.0","UNKNOWN","VAN/MINI-VAN","PERSONAL","N","TURNING LEFT",NULL,NULL,"1.0",NULL,NULL,NULL,NULL,NULL,NULL,NULL,NULL,NULL,NULL,NULL,"Y",NULL,NULL,NULL,NULL,NULL,"FRONT-LEFT",NULL,NULL,NULL,NULL,NULL,NULL,NULL,NULL,NULL,NULL,NULL,NULL,NULL,NULL,NULL,NULL,NULL,NULL,NULL,NULL,NULL,NULL,NULL,NULL,NULL,NULL,NULL,NULL,NULL,NULL,NULL,NULL,NULL
"357659","709b0279b18fb133f191bc265f32a1e64a21dad024829321acbb28ccc27316bbabc333684cc93c033461170ef0131ac7912d006fea8902a0dcfb6d1bbde56b1c","JB212836","04/05/2018 05:30:00 PM","1","DRIVER",NULL,"344969.0",NULL,"CHEVROLET","MALIBU (CHEVELLE)","IN","2015.0","NONE","PASSENGER","RIDESHARE SERVICE","E","STRAIGHT AHEAD",NULL,NULL,"1.0",NULL,NULL,NULL,NULL,NULL,NULL,NULL,NULL,NULL,NULL,"Y",NULL,NULL,NULL,NULL,NULL,NULL,"SIDE-LEFT",NULL,NULL,NULL,NULL,NULL,NULL,NULL,NULL,NULL,NULL,NULL,NULL,NULL,NULL,NULL,NULL,NULL,NULL,NULL,NULL,NULL,NULL,NULL,NULL,NULL,NULL,NULL,NULL,NULL,NULL,NULL,NULL,NULL
"357677","329e7c2663f969be8a935d54cf30ba8066e9fd7b56c4d751c0fca31059220982439803200d3d85914862b2a0e748c2e80277d45de103fae04840e65867e85e4d","JB212839","04/05/2018 05:00:00 PM","3","DRIVER",NULL,"345001.0",NULL,"MAZDA","Mazda 3","IL","2010.0","NONE","PASSENGER","PERSONAL","W","STRAIGHT AHEAD",NULL,NULL,"1.0",NULL,NULL,NULL,NULL,NULL,NULL,NULL,NULL,"Y",NULL,NULL,NULL,NULL,NULL,NULL,NULL,NULL,"REAR",NULL,NULL,NULL,NULL,NULL,NULL,NULL,NULL,NULL,NULL,NULL,NULL,NULL,NULL,NULL,NULL,NULL,NULL,NULL,NULL,NULL,NULL,NULL,NULL,NULL,NULL,NULL,NULL,NULL,NULL,NULL,NULL,NULL
"357901","8d2478658bea29bc332f40ebe21678ad41e38f48931203f35e7a5e2567ef6df6a11cb7590153efd959f61c738ebb21c4688eba12f10b414d52e0a1c9208755bf","JB213216","04/05/2018 10:30:00 PM","2","DRIVER",NULL,"345212.0",NULL,"CADILLAC","SRX","IL","2010.0","NONE","SPORT UTILITY VEHICLE (SUV)","PERSONAL","S","TURNING LEFT",NULL,NULL,"1.0",NULL,NULL,NULL,NULL,"Y",NULL,NULL,NULL,NULL,NULL,NULL,"Y",NULL,NULL,NULL,NULL,NULL,"FRONT-LEFT",NULL,NULL,NULL,NULL,NULL,NULL,NULL,NULL,NULL,NULL,NULL,NULL,NULL,NULL,NULL,NULL,NULL,NULL,NULL,NULL,NULL,NULL,NULL,NULL,NULL,NULL,NULL,NULL,NULL,NULL,NULL,NULL,NULL
"358233","062770ce41f54195784506ca7085e21243328e3a80944362fdca5035c73c3276e1b4fc24dbeffff570a5059d01fb1f30feef8b466869b3e5f172339fe6d0e130","JB213855","04/06/2018 02:49:00 PM","1","DRIVER",NULL,"345514.0",NULL,"FORD","FUSION","IL","2010.0","UNKNOWN","PASSENGER","PERSONAL","N","PASSING/OVERTAKING",NULL,NULL,"1.0",NULL,NULL,NULL,NULL,NULL,NULL,NULL,NULL,NULL,NULL,NULL,NULL,NULL,NULL,NULL,NULL,"Y","UNKNOWN",NULL,NULL,NULL,NULL,NULL,NULL,NULL,NULL,NULL,NULL,NULL,NULL,NULL,NULL,NULL,NULL,NULL,NULL,NULL,NULL,NULL,NULL,NULL,NULL,NULL,NULL,NULL,NULL,NULL,NULL,NULL,NULL,NULL
"358665","61d59ac57fe29ac90a75c8b90b4dc5c3a3db383591a4df29286f3434879048d3509da98a6d4f1b3da1b65db1240fccd5e520160ad894fe965368dc2c94c2660b","JB212425","04/05/2018 12:30:00 PM","2","PARKED",NULL,"345926.0",NULL,"FORD","F150","IL","2017.0","NONE","PICKUP","OTHER","N","PARKED",NULL,NULL,"0.0",NULL,NULL,NULL,NULL,"Y",NULL,NULL,NULL,NULL,NULL,NULL,NULL,NULL,NULL,NULL,NULL,NULL,"FRONT",NULL,NULL,NULL,NULL,NULL,NULL,NULL,NULL,NULL,NULL,NULL,NULL,NULL,NULL,NULL,NULL,NULL,NULL,NULL,NULL,NULL,NULL,NULL,NULL,NULL,NULL,NULL,NULL,NULL,NULL,NULL,NULL,NULL