"CRASH_UNIT_ID","CRASH_RECORD_ID","RD_NO","CRASH_DATE","UNIT_NO","UNIT_TYPE","NUM_PASSENGERS","VEHICLE_ID","CMRC_VEH_I","MAKE","MODEL","LIC_PLATE_STATE","VEHICLE_YEAR","VEHICLE_DEFECT","VEHICLE_TYPE","VEHICLE_USE","TRAVEL_DIRECTION","MANEUVER","TOWED_I","FIRE_I","OCCUPANT_CNT","EXCEED_SPEED_LIMIT_I","TOWED_BY","TOWED_TO","AREA_00_I","AREA_01_I","AREA_02_I","AREA_03_I","AREA_04_I","AREA_05_I","AREA_06_I","AREA_07_I","AREA_08_I","AREA_09_I","AREA_10_I","AREA_11_I","AREA_12_I","AREA_99_I","FIRST_CONTACT_POINT","CMV_ID","USDOT_NO","CCMC_NO","ILCC_NO","COMMERCIAL_SRC","GVWR","CARRIER_NAME","CARRIER_STATE","CARRIER_CITY","HAZMAT_PLACARDS_I","HAZMAT_NAME","UN_NO","HAZMAT_PRESENT_I","HAZMAT_REPORT_I","HAZMAT_REPORT_NO","MCS_REPORT_I","MCS_REPORT_NO","HAZMAT_VIO_CAUSE_CRASH_I","MCS_VIO_CAUSE_CRASH_I","IDOT_PERMIT_NO","WIDE_LOAD_I","TRAILER1_WIDTH","TRAILER2_WIDTH","TRAILER1_LENGTH","TRAILER2_LENGTH","TOTAL_VEHICLE_LENGTH","AXLE_CNT","VEHICLE_CONFIG","CARGO_BODY_TYPE","LOAD_TYPE","HAZMAT_OUT_OF_SERVICE_I","MCS_OUT_OF_SERVICE_I","HAZMAT_CLASS"
"358739","e7b2b2f9efe8bb633c85d27051bbe1930204747244cd3db44407695f244cfab9595e6917fb22612aedf1da39902e65d511cb9e28e91545af752e135f357d92db","JB214727","04/07/2018 09:30:00 AM","2","DRIVER",NULL,"346013.0",NULL,"FORD","RANGER","IL","2008.0","NONE","PICKUP","CONSTRUCTION/MAINTENANCE","E","UNKNOWN/NA",NULL,NULL,"1.0",NULL,NULL,NULL,NULL,NULL,NULL,NULL,NULL,NULL,"Y",NULL,NULL,NULL,NULL,NULL,NULL,NULL,"REAR-LEFT",NULL,NULL,NULL,NULL,NULL,NULL,NULL,NULL,NULL,NULL,NULL,NULL,NULL,NULL,NULL,NULL,NULL,NULL,NULL,NULL,NULL,NULL,NULL,NULL,NULL,NULL,NULL,NULL,NULL,NULL,NULL,NULL,NULL
"358940","7baa5c65715c777764ebf3f8a2abf06173264b308579eb8db12f41f5aaefe33ef5b770a4ae515411d9de5c06c9f550973b4f0040a0312dd011f3ad62a650f8ff","JB215117","04/07/2018 04:10:00 PM","2","PARKED",NULL,"346190.0",NULL,"TOYOTA MOTOR COMPANY, LTD.","CAMRY","IL","2011.0","NONE","PASSENGER","PERSONAL","N","PARKED",NULL,NULL,"0.0",NULL,NULL,NULL,NULL,NULL,NULL,NULL,NULL,NULL,NULL,NULL,"Y",NULL,NULL,NULL,NULL,NULL,"FRONT-LEFT",NULL,NULL,NULL,NULL,NULL,NULL,NULL,NULL,NULL,NULL,NULL,NULL,NULL,NULL,NULL,NULL,NULL,NULL,NULL,NULL,NULL,NULL,NULL,NULL,NULL,NULL,NULL,NULL,NULL,NULL,NULL,NULL,NULL
"358980","6fe9db2d4ac7f37e8bb76cf1dda9fdfa3ff846e9f550edc635caea92b03a8bea68a68d6bbf4694476503de583bda4e176010831d5320b185f0504963af95de23","JB215074","04/07/2018 03:19:00 PM","2","DRIVER","2.0","346232.0",NULL,"TOYOTA MOTOR COMPANY, LTD.","UNKNOWN","IL","2018.0","NONE","PASSENGER","PERSONAL","S","STRAIGHT AHEAD",NULL,NULL,"3.0",NULL,NULL,NULL,NULL,NULL,NULL,NULL,NULL,"Y",NULL,NULL,NULL,NULL,NULL,NULL,NULL,NULL,"REAR",NULL,NULL,NULL,NULL,NULL,NULL,NULL,NULL,NULL,NULL,NULL,NULL,NULL,NULL,NULL,NULL,NULL,NULL,NULL,NULL,NULL,NULL,NULL,NULL,NULL,NULL,NULL,NULL,NULL,NULL,NULL,NULL,NULL
"359050","a3500136a69c579d88ec5bad33dbc08a8f17c0a9143cc9b66497b82bb9f6ac7ec7f1aab66d40a5e2396b64938e315e7ff2b3081b0b49eeea362e4facc6bea500","JB215249","04/07/2018 06:30:00 PM","2","DRIVER",NULL,"346292.0",NULL,"NISSAN","SENTRA (DATSUN AND NISSAN HAVE MERGED)","IL","2014.0","NONE","PASSENGER","PERSONAL","E","STRAIGHT AHEAD",NULL,NULL,"1.0",NULL,NULL,NULL,NULL,NULL,NULL,NULL,NULL,NULL,"Y",NULL,NULL,NULL,NULL,NULL,NULL,NULL,"REAR-LEFT",NULL,NULL,NULL,NULL,NULL,NULL,NULL,NULL,NULL,NULL,NULL,NULL,NULL,NULL,NULL,NULL,NULL,NULL,NULL,NULL,NULL,NULL,NULL,NULL,NULL,NULL,NULL,NULL,NULL,NULL,NULL,NULL,NULL
"359070","cc56ccbcc4114b649d15f6abb59ae64bb92da490736b212a5995bf76f1b68a3ef8eec88a2c10614d5727005e5e4d99d28b843f38282ff0c2e0b68082ef4a234e","JB215288","04/07/2018 06:40:00 PM","2","PARKED",NULL,"346318.0",NULL,"KIA MOTORS CORP","FORTE","IL","2018.0","NONE","PASSENGER","PERSONAL","N","PARKED",NULL,NULL,"0.0",NULL,NULL,NULL,NULL,NULL,NULL,NULL,NULL,NULL,NULL,NULL,"Y",NULL,NULL,NULL,NULL,NULL,"SIDE-LEFT",NULL,NULL,NULL,NULL,NULL,NULL,NULL,NULL,NULL,NULL,NULL,NULL,NULL,NULL,NULL,NULL,NULL,NULL,NULL,NULL,NULL,NULL,NULL,NULL,NULL,NULL,NULL,NULL,NULL,NULL,NULL,NULL,NULL
"359353","46b0158af1798e3be6259adff9f55010ef255d78c39405b01c98aa43336c1838adf1c986407a172adf15c5b06985fc1f270f0da1e5dab4adb1c4f9f12283f6be","JB215777","04/08/2018 03:40:00 AM","2","DRIVER",NULL,"346570.0",NULL,"HONDA","CIVIC","IL","2012.0","NONE","PASSENGER","PERSONAL","W","SLOW/STOP - LOAD/UNLOAD",NULL,NULL,"1.0",NULL,NULL,NULL,NULL,NULL,NULL,NULL,NULL,NULL,NULL,NULL,"Y",NULL,NULL,NULL,NULL,NULL,"FRONT-LEFT",NULL,NULL,NULL,NULL,NULL,NULL,NULL,NULL,NULL,NULL,NULL,NULL,NULL,NULL,NULL,NULL,NULL,NULL,NULL,NULL,NULL,NULL,NULL,NULL,NULL,NULL,NULL,NULL,NULL,NULL,NULL,NULL,NULL
"359362","c2bd5bb1ccbcdaf2d48f0362f807fbeec40d518a93828f3c3e66d93b43e4df38969ad91c27efc73b424a3c03792cf103eccc5da7e7c25d5107055e66d4fea434","JB215790","04/08/2018 09:40:00 AM","2","PARKED",NULL,"346578.0",NULL,"HYUNDAI","Accent","IL","2017.0","NONE","PASSENGER","NOT IN USE","E","PARKED",NULL,NULL,"0.0",NULL,NULL,NULL,NULL,"Y",NULL,NULL,NULL,NULL,NULL,NULL,NULL,NULL,NULL,NULL,NULL,NULL,"FRONT-LEFT",NULL,NULL,NULL,NULL,NULL,NULL,NULL,NULL,NULL,NULL,NULL,NULL,NULL,NULL,NULL,NULL,NULL,NULL,NULL,NULL,NULL,NULL,NULL,NULL,NULL,NULL,NULL,NULL,NULL,NULL,NULL,NULL,NULL
"359680","c43b8ca2e26a96e89179a8f56f34134f194314d8d2b756d442a41107532b592ef2b9efa350f58f863e52dbf6074dd36ae3d6cfadf6d96b688f745651f13ebfb2","JB216397","04/08/2018 08:35:00 PM","1","DRIVER",NULL,"346883.0",NULL,"VOLVO","UNKNOWN","IN","2014.0","NONE","TRACTOR W/ SEMI-TRAILER","OTHER","W","STRAIGHT AHEAD","Y",NULL,"1.0",NULL,"OWNER",NULL,NULL,NULL,NULL,NULL,NULL,NULL,NULL,NULL,NULL,"Y",NULL,NULL,NULL,NULL,"ROOF",NULL,NULL,NULL,NULL,NULL,NULL,NULL,NULL,NULL,NULL,NULL,NULL,NULL,NULL,NULL,NULL,NULL,NULL,NULL,NULL,NULL,NULL,NULL,NULL,NULL,NULL,NULL,NULL,NULL,NULL,NULL,NULL,NULL
"359983","0891aa6eaa19343b3a8616fc9843a13d19378aa495b58ced45cae650ae6988a7f9a17979e11fc023dac7b3ad933eefa6b54860b4e66bc79fd088c434fdbd9da0","JB216771","04/09/2018 09:20:00 AM","2","DRIVER",NULL,"347173.0",NULL,"HONDA","ACCORD","IL","2015.0","NONE","PASSENGER","PERSONAL","W","STRAIGHT AHEAD",NULL,NULL,"1.0",NULL,NULL,NULL,NULL,NULL,"Y","Y",NULL,NULL,NULL,NULL,NULL,NULL,NULL,"Y",NULL,NULL,"SIDE-RIGHT",NULL,NULL,NULL,NULL,NULL,NULL,NULL,NULL,NULL,NULL,NULL,NULL,NULL,NULL,NULL,NULL,NULL,NULL,NULL,NULL,NULL,NULL,NULL,NULL,NULL,NULL,NULL,NULL,NULL,NULL,NULL,NULL,NULL
"359984","4900db05e4dd8b833d04c40c3652ce442a128f29e32a7a23e9152a60aaf2a4d2c5a09fab6469d065720ca5084e1b025c18f441210ad0035abaed45e55ffbee09","JB215848","04/08/2018 08:26:00 AM","1","DRIVER",NULL,"347174.0",NULL,"CHEVROLET","MALIBU (CHEVELLE)","IL","2011.0","UNKNOWN","PASSENGER","PERSONAL","E","STRAIGHT AHEAD",NULL,NULL,"1.0",NULL,NULL,NULL,NULL,"Y",NULL,NULL,NULL,NULL,NULL,NULL,NULL,NULL,NULL,NULL,NULL,NULL,"FRONT",NULL,NULL,NULL,NULL,NULL,NULL,NULL,NULL,NULL,NULL,NULL,NULL,NULL,NULL,NULL,NULL,NULL,NULL,NULL,NULL,NULL,NULL,NULL,NULL,NULL,NULL,NULL,NULL,NULL,NULL,NULL,NULL,NULL
"360420","2b3b5ae3f5bc456944558b3767c695d79ea53fb60be0827c15885d422d29e28776c72025989d4b0d59b87c8d671fa7659c51b688db2c3ba842797491415dc456","JB217587","04/09/2018 07:00:00 PM","1","DRIVER","1.0","347585.0",NULL,"CHEVROLET","Aveo","IL","2008.0","NONE","SPORT UTILITY VEHICLE (SUV)","PERSONAL","N","STRAIGHT AHEAD","Y",NULL,"2.0",NULL,NULL,NULL,NULL,"Y","Y",NULL,NULL,NULL,NULL,NULL,"Y",NULL,NULL,NULL,NULL,NULL,"FRONT",NULL,NULL,NULL,NULL,NULL,NULL,NULL,NULL,NULL,NULL,NULL,NULL,NULL,NULL,NULL,NULL,NULL,NULL,NULL,NULL,NULL,NULL,NULL,NULL,NULL,NULL,NULL,NULL,NULL,NULL,NULL,NULL,NULL
"360507","cf0ee32608bb2dba5a7a7fd1527ea0e9c6b75874f71b32c1f8505f5de312d65808a1a4f790a0db30da55a113e01e0ab7b8f0b4db960400e1dad318c0389fc914","JB217871","04/10/2018 06:05:00 AM","2","DRIVER",NULL,"347671.0",NULL,"FORD","FUSION","IL","2012.0","UNKNOWN","PASSENGER","PERSONAL","N","STRAIGHT AHEAD",NULL,NULL,"1.0",NULL,NULL,NULL,NULL,NULL,NULL,NULL,"Y","Y",NULL,NULL,NULL,NULL,NULL,NULL,NULL,NULL,"REAR-RIGHT",NULL,NULL,NULL,NULL,NULL,NULL,NULL,NULL,NULL,NULL,NULL,NULL,NULL,NULL,NULL,NULL,NULL,NULL,NULL,NULL,NULL,NULL,NULL,NULL,NULL,NULL,NULL,NULL,NULL,NULL,NULL,NULL,NULL
"360681","f848061fc60a510cc7b9e9a8e3b2fc8a6535ec4193eab12fdbf3deedb332f7ff636cdef7c1d57d6e11bb1ca253f7213d4e385b00f88bd899a12043833ab329d8","JB218223","04/10/2018 11:50:00 AM","2","PARKED","1.0","347819.0",NULL,"CADILLAC","DTS","IL","2017.0","NONE","PASSENGER","PERSONAL","W","PARKED",NULL,NULL,"1.0",NULL,NULL,NULL,NULL,"Y",NULL,NULL,NULL,NULL,NULL,NULL,NULL,NULL,NULL,NULL,NULL,NULL,"FRONT",NULL,NULL,NULL,NULL,NULL,NULL,NULL,NULL,NULL,NULL,NULL,NULL,NULL,NULL,NULL,NULL,NULL,NULL,NULL,NULL,NULL,NULL,NULL,NULL,NULL,NULL,NULL,NULL,NULL,NULL,NULL,NULL,NULL
"361159","686971bc35a4a64af479f0bb23d9d3b3465681151231095d93add5c9df7022296980db7513169481c1be44c30e9dda0133afbc5f6abc8a5145b4eb9450db8a45","JB219055","04/10/2018 10:44:00 PM","2","DRIVER","3.0","348286.0",NULL,"HYUNDAI","SONATA","IL","2012.0","NONE","PASSENGER","PERSONAL","N","STRAIGHT AHEAD",NULL,NULL,"4.0",NULL,NULL,NULL,NULL,NULL,NULL,NULL,NULL,NULL,"Y",NULL,NULL,NULL,NULL,NULL,NULL,NULL,"REAR-LEFT",NULL,NULL,NULL,NULL,NULL,NULL,NULL,NULL,NULL,NULL,NULL,NULL,NULL,NULL,NULL,NULL,NULL,NULL,NULL,NULL,NULL,NULL,NULL,NULL,NULL,NULL,NULL,NULL,NULL,NULL,NULL,NULL,NULL
"361247","fa85a89b675ec0b6a36d1e59b28e06cb82da0cdaf3e1712d8ff37fe87345df96fd004c0f84eff0ed6e3b93d95438ab48fcfcdc23e4287b7c8c4c9919d45c5ff7","JB219262","04/11/2018 08:10:00 AM","1","DRIVER",NULL,"348357.0",NULL,"GENERAL MOTORS CORP.","TERRAIN","IL","2016.0","NONE","SPORT UTILITY VEHICLE (SUV)","PERSONAL","N","STRAIGHT AHEAD",NULL,NULL,"1.0",NULL,NULL,NULL,NULL,NULL,NULL,NULL,NULL,NULL,NULL,NULL,NULL,NULL,NULL,NULL,"Y",NULL,"OTHER",NULL,NULL,NULL,NULL,NULL,NULL,NULL,NULL,NULL,NULL,NULL,NULL,NULL,NULL,NULL,NULL,NULL,NULL,NULL,NULL,NULL,NULL,NULL,NULL,NULL,NULL,NULL,NULL,NULL,NULL,NULL,NULL,NULL
"361369","58cc6d708435f77c067684c985c87ac0203393175e96f2ca6c3b07930cc9d8f7b51ea6567ac1a7b23919b75f19b44d032a2cd26cd1def26a80f3f88e720f0453","JB219417","04/11/2018 10:15:00 AM","1","DRIVER",NULL,"348475.0",NULL,"LEXUS","HS250H","IL","2010.0","NONE","PASSENGER","PERSONAL","SE","CHANGING LANES",NULL,NULL,"1.0",NULL,NULL,NULL,NULL,NULL,NULL,"Y",NULL,NULL,NULL,NULL,NULL,NULL,NULL,NULL,NULL,NULL,"SIDE-RIGHT",NULL,NULL,NULL,NULL,NULL,NULL,NULL,NULL,NULL,NULL,NULL,NULL,NULL,NULL,NULL,NULL,NULL,NULL,NULL,NULL,NULL,NULL,NULL,NULL,NULL,NULL,NULL,NULL,NULL,NULL,NULL,NULL,NULL
"361557","2025e7d85be173f6fb8529077a8f0294ebf73153f68e06b64a3cf8cf2816f6a3a69d35283f41724626af779489a6a496ee400793c87e4a9a4968b92ea5ad7eb8","JB219830","04/11/2018 02:55:00 PM","2","PARKED",NULL,"348660.0",NULL,"KIA MOTORS CORP","Optima","IL","2017.0","UNKNOWN","PASSENGER","UNKNOWN/NA","UNKNOWN","PARKED",NULL,NULL,"0.0",NULL,NULL,NULL,NULL,"Y","Y",NULL,NULL,NULL,NULL,NULL,NULL,NULL,NULL,NULL,NULL,NULL,"FRONT-RIGHT",NULL,NULL,NULL,NULL,NULL,NULL,NULL,NULL,NULL,NULL,NULL,NULL,NULL,NULL,NULL,NULL,NULL,NULL,NULL,NULL,NULL,NULL,NULL,NULL,NULL,NULL,NULL,NULL,NULL,NULL,NULL,NULL,NULL
"361822","cf0ea77c194e17d48afa01fdd0193b3eff7d70cf710bb298b7d3f02ee7ba46b893d54491600a44f91121fcd810bbf806f097233d8c4252eacc2c5e3adb36a35e","JB220353","04/11/2018 08:30:00 PM","2","DRIVER",NULL,"348901.0",NULL,"FORD","FUSION","IL","2017.0","NONE","PASSENGER","PERSONAL","S","STRAIGHT AHEAD",NULL,NULL,"1.0",NULL,NULL,NULL,NULL,NULL,NULL,"Y",NULL,NULL,NULL,NULL,NULL,NULL,NULL,NULL,NULL,NULL,"SIDE-LEFT",NULL,NULL,NULL,NULL,NULL,NULL,NULL,NULL,NULL,NULL,NULL,NULL,NULL,NULL,NULL,NULL,NULL,NULL,NULL,NULL,NULL,NULL,NULL,NULL,NULL,NULL,NULL,NULL,NULL,NULL,NULL,NULL,NULL
"361911","bebb6a405c83afaebdd6b8cd172308848671e56df50fd178a266e949b48d453afef47d272035b737a3901c062afd57757ba90309e3299f6ad65e978794493b02","JB220582","04/12/2018 05:37:00 AM","2","DRIVER",NULL,"348970.0",NULL,"JEEP","UNKNOWN","IL","2016.0","NONE","PASSENGER","PERSONAL","N","STRAIGHT AHEAD",NULL,NULL,"1.0",NULL,NULL,NULL,NULL,NULL,NULL,NULL,NULL,"Y",NULL,NULL,NULL,NULL,NULL,NULL,NULL,NULL,"REAR",NULL,NULL,NULL,NULL,NULL,NULL,NULL,NULL,NULL,NULL,NULL,NULL,NULL,NULL,NULL,NULL,NULL,NULL,NULL,NULL,NULL,NULL,NULL,NULL,NULL,NULL,NULL,NULL,NULL,NULL,NULL,NULL,NULL
"361954","f148185723e94d764959dcf29712938745ef26bc15cc954a54a0629d9187390fc4164b3cb98d8194841a426e1fc53d6652ce2c4f08ce62beb08ac0a04bc92dd4","JB220639","04/12/2018 07:45:00 AM","1","DRIVER","1.0","349006.0",NULL,"HYUNDAI","Accent","IL","2015.0","NONE","PASSENGER","PERSONAL","W","TURNING ON RED",NULL,NULL,"2.0",NULL,NULL,NULL,"Y",NULL,NULL,NULL,NULL,NULL,NULL,NULL,NULL,NULL,NULL,NULL,NULL,NULL,"NONE",NULL,NULL,NULL,NULL,NULL,NULL,NULL,NULL,NULL,NULL,NULL,NULL,NULL,NULL,NULL,NULL,NULL,NULL,NULL,NULL,NULL,NULL,NULL,NULL,NULL,NULL,NULL,NULL,NULL,NULL,NULL,NULL,NULL
"362327","7b00de3dd8e2803eec6a7d3ad1721e125f2a7a8c7656d9d513099b7d94b20aab71aace1b15e8f508058ed36b9a5e3775f78aebd172b5e7b4af397a3fc65d67f8","JB221297","04/12/2018 04:00:00 PM","2","DRIVER",NULL,"349365.0",NULL,"TOYOTA MOTOR COMPANY, LTD.","UNKNOWN","IL","2012.0","UNKNOWN","PASSENGER","PERSONAL","S","STRAIGHT AHEAD",NULL,NULL,"1.0",NULL,NULL,NULL,NULL,"Y","Y",NULL,NULL,NULL,NULL,NULL,"Y",NULL,NULL,NULL,NULL,NULL,"UNKNOWN",NULL,NULL,NULL,NULL,NULL,NULL,NULL,NULL,NULL,NULL,NULL,NULL,NULL,NULL,NULL,NULL,NULL,NULL,NULL,NULL,NULL,NULL,NULL,NULL,NULL,NULL,NULL,NULL,NULL,NULL,NULL,NULL,NULL
"362334","af12dd6f101cde6d3517a2c11e503af13a17f55f3d2537417cd268e3c6b22fe9e18c5093f0ddd3c48d0bdbdd7b08915d4c80f9eb6934b4a6f09f100d42bb293c","JB221337","04/12/2018 04:40:00 PM","1","DRIVER",NULL,"349359.0",NULL,"CHRYSLER","300","IL","2012.0","UNKNOWN","PASSENGER","PERSONAL","W","STRAIGHT AHEAD","Y",NULL,"1.0",NULL,NULL,NULL,NULL,"Y",NULL,NULL,NULL,NULL,NULL,NULL,NULL,NULL,NULL,NULL,NULL,NULL,"FRONT",NULL,NULL,NULL,NULL,NULL,NULL,NULL,NULL,NULL,NULL,NULL,NULL,NULL,NULL,NULL,NULL,NULL,NULL,NULL,NULL,NULL,NULL,NULL,NULL,NULL,NULL,NULL,NULL,NULL,NULL,NULL,NULL,NULL
"362396","89c3382ac03cd624537fe5a1e037ff6a1ba169db303a6035963b356f181a1c07b4026a8e4fbf3b62a336177cd877402bf3feccc981e38bf29ab73908adab3efe","JB221406","04/12/2018 05:08:00 PM","1","DRIVER",NULL,"349426.0",NULL,"FORD","FUSION","IL","2015.0","UNKNOWN","PASSENGER","PERSONAL","E","TURNING LEFT","N",NULL,"1.0",NULL,NULL,NULL,NULL,"Y","Y","Y","Y",NULL,"Y","Y",NULL,NULL,NULL,NULL,NULL,NULL,"SIDE-RIGHT",NULL,NULL,NULL,NULL,NULL,NULL,NULL,NULL,NULL,NULL,NULL,NULL,NULL,NULL,NULL,NULL,NULL,NULL,NULL,NULL,NULL,NULL,NULL,NULL,NULL,NULL,NULL,NULL,NULL,NULL,NULL,NULL,NULL
"363028","7f574803a9acb7dab1ef0064f1081e283bf9152f0295486b5c116d1f5492c457b902ae9c85c61129fae4a79f0f679845340e0a7336160f97ca5b1e3e6b6ba816","JB222680","04/13/2018 07:20:00 AM","2","DRIVER",NULL,"350031.0",NULL,"DODGE","CARAVAN","IL","2017.0","NONE","VAN/MINI-VAN","PERSONAL","E","SLOW/STOP IN TRAFFIC",NULL,NULL,"1.0",NULL,NULL,NULL,NULL,NULL,NULL,NULL,NULL,NULL,NULL,"Y",NULL,NULL,NULL,NULL,NULL,NULL,"FRONT-LEFT",NULL,NULL,NULL,NULL,NULL,NULL,NULL,NULL,NULL,NULL,NULL,NULL,NULL,NULL,NULL,NULL,NULL,NULL,NULL,NULL,NULL,NULL,NULL,NULL,NULL,NULL,NULL,NULL,NULL,NULL,NULL,NULL,NULL
"363162","8a60bf35b4b54535a1972a4003e3e65f2cad56dbefb82ff94fb92250ad40b9be39488af01540a3ab4d444199e951b46981e1e801cd171e7b8eaaae84ef21eb72","JB222776","04/13/2018 05:34:00 PM","1","DRIVER",NULL,"350152.0",NULL,"NISSAN","VERSA","IL","2017.0","UNKNOWN","PASSENGER","PERSONAL","W","STRAIGHT AHEAD","Y",NULL,"1.0",NULL,NULL,NULL,NULL,"Y",NULL,NULL,NULL,NULL,NULL,NULL,NULL,NULL,NULL,NULL,NULL,NULL,"FRONT",NULL,NULL,NULL,NULL,NULL,NULL,NULL,NULL,NULL,NULL,NULL,NULL,NULL,NULL,NULL,NULL,NULL,NULL,NULL,NULL,NULL,NULL,NULL,NULL,NULL,NULL,NULL,NULL,NULL,NULL,NULL,NULL,NULL
"363375","2a720412cbe8e4765614db3e664f368939f1eec20767464e72074a5b8b645bf04b50fcbaa9eb7eb8a6f39a1a0af30a41d6b217459018ca6725aa8bea0552011e","JB223142","04/13/2018 11:00:00 PM","1","DRIVER",NULL,"350372.0",NULL,"CHEVROLET","EQUINOX","IL","2017.0","NONE","SPORT UTILITY VEHICLE (SUV)","PERSONAL","N","ENTER FROM DRIVE/ALLEY",NULL,NULL,"1.0",NULL,NULL,NULL,NULL,"Y",NULL,NULL,NULL,NULL,NULL,NULL,NULL,NULL,NULL,NULL,NULL,NULL,"FRONT",NULL,NULL,NULL,NULL,NULL,NULL,NULL,NULL,NULL,NULL,NULL,NULL,NULL,NULL,NULL,NULL,NULL,NULL,NULL,NULL,NULL,NULL,NULL,NULL,NULL,NULL,NULL,NULL,NULL,NULL,NULL,NULL,NULL
"363942","cac7bfe11e0f0230431202d789e89e55f8d496f3ca7216f554d790e4f38a93c20d62f94a897646ccc5dafb6146d9761a4c61525b5a87bd0feeb84d36a2a7e468","JB224060","04/14/2018 05:05:00 PM","2","PARKED",NULL,"350912.0",NULL,"CHEVROLET","IMPALA","IL","2008.0","NONE","PASSENGER","NOT IN USE","S","PARKED",NULL,NULL,"0.0",NULL,NULL,NULL,NULL,NULL,NULL,NULL,NULL,NULL,NULL,"Y","Y",NULL,NULL,NULL,NULL,NULL,"SIDE-LEFT",NULL,NULL,NULL,NULL,NULL,NULL,NULL,NULL,NULL,NULL,NULL,NULL,NULL,NULL,NULL,NULL,NULL,NULL,NULL,NULL,NULL,NULL,NULL,NULL,NULL,NULL,NULL,NULL,NULL,NULL,NULL,NULL,NULL
"364428","c3f805e2821fb14fda5098ca0a50a681429df196d4d1f1355f48d9b224fa93ab985b3b58336268646db3a8dfbf14cb9cb7ea9f9b24416b8e34a3e3c41b55d89a","JB224730","04/15/2018 11:41:00 AM","1","DRIVER",NULL,"351367.0",NULL,"HYUNDAI","SONATA","IL","2013.0","NONE","PASSENGER","UNKNOWN/NA","N","STRAIGHT AHEAD","Y",NULL,"1.0",NULL,"PRIVATE TOW","UNK",NULL,"Y","Y",NULL,NULL,NULL,NULL,NULL,"Y",NULL,NULL,NULL,NULL,NULL,"FRONT",NULL,NULL,NULL,NULL,NULL,NULL,NULL,NULL,NULL,NULL,NULL,NULL,NULL,NULL,NULL,NULL,NULL,NULL,NULL,NULL,NULL,NULL,NULL,NULL,NULL,NULL,NULL,NULL,NULL,NULL,NULL,NULL,NULL
"364436","3d9a803b5be5f465d7089da82d34495ec90a2068fed1e23c613aaf08ba66e564453713c2e718c2ae6743e8fc9f7889e26eba0da361c77e521e74f8ab5e3f519b","JB224774","04/04/2018 07:54:00 AM","2","DRIVER",NULL,"351363.0",NULL,"TOYOTA MOTOR COMPANY, LTD.","RAV4 (sport utility)","IL","2016.0","NONE","SPORT UTILITY VEHICLE (SUV)","PERSONAL","N","STRAIGHT AHEAD",NULL,NULL,"1.0",NULL,NULL,NULL,NULL,NULL,NULL,NULL,NULL,"Y",NULL,NULL,NULL,NULL,NULL,NULL,NULL,NULL,"REAR",NULL,NULL,NULL,NULL,NULL,NULL,NULL,NULL,NULL,NULL,NULL,NULL,NULL,NULL,NULL,NULL,NULL,NULL,NULL,NULL,NULL,NULL,NULL,NULL,NULL,NULL,NULL,NULL,NULL,NULL,NULL,NULL,NULL
"364508","0ba0d02c9e955d75221f7af8b6d582e0a33231435266650d073f36dc6ed81ac7c68058dffdcdb9c744ef2e5c45f3950527e8378b513d0e9999b0a2c00ba4a908","JB224865","04/15/2018 02:11:00 PM","2","DRIVER","1.0","351437.0",NULL,"FORD","FUSION","MI","2016.0","NONE","PASSENGER","PERSONAL","S","SLOW/STOP IN TRAFFIC",NULL,NULL,"2.0",NULL,NULL,NULL,NULL,NULL,NULL,NULL,"Y","Y","Y",NULL,NULL,NULL,NULL,NULL,NULL,NULL,"REAR",NULL,NULL,NULL,NULL,NULL,NULL,NULL,NULL,NULL,NULL,NULL,NULL,NULL,NULL,NULL,NULL,NULL,NULL,NULL,NULL,NULL,NULL,NULL,NULL,NULL,NULL,NULL,NULL,NULL,NULL,NULL,NULL,NULL
"364854","9e8acec4badcf237705082c0bf96ea80e9efe389e4eb81637c05d82345f5d11b5db6bc4abaa11f9a1d4c4b8ae3eeda7f002525ba12a3affbee92e4f8699ba62f","JB225487","04/16/2018 05:00:00 AM","1","DRIVER",NULL,"351769.0",NULL,"CHEVROLET","CHEVROLET-TRUCK,VAN,SUV,ETC","IL","2016.0","NONE","PICKUP","PERSONAL","N","UNKNOWN/NA","Y",NULL,"1.0","Y",NULL,NULL,NULL,"Y","Y",NULL,NULL,NULL,NULL,NULL,"Y",NULL,"Y",NULL,NULL,NULL,"FRONT",NULL,NULL,NULL,NULL,NULL,NULL,NULL,NULL,NULL,NULL,NULL,NULL,NULL,NULL,NULL,NULL,NULL,NULL,NULL,NULL,NULL,NULL,NULL,NULL,NULL,NULL,NULL,NULL,NULL,NULL,NULL,NULL,NULL