"CRASH_UNIT_ID","CRASH_RECORD_ID","RD_NO","CRASH_DATE","UNIT_NO","UNIT_TYPE","NUM_PASSENGERS","VEHICLE_ID","CMRC_VEH_I","MAKE","MODEL","LIC_PLATE_STATE","VEHICLE_YEAR","VEHICLE_DEFECT","VEHICLE_TYPE","VEHICLE_USE","TRAVEL_DIRECTION","MANEUVER","TOWED_I","FIRE_I","OCCUPANT_CNT","EXCEED_SPEED_LIMIT_I","TOWED_BY","TOWED_TO","AREA_00_I","AREA_01_I","AREA_02_I","AREA_03_I","AREA_04_I","AREA_05_I","AREA_06_I","AREA_07_I","AREA_08_I","AREA_09_I","AREA_10_I","AREA_11_I","AREA_12_I","AREA_99_I","FIRST_CONTACT_POINT","CMV_ID","USDOT_NO","CCMC_NO","ILCC_NO","COMMERCIAL_SRC","GVWR","CARRIER_NAME","CARRIER_STATE","CARRIER_CITY","HAZMAT_PLACARDS_I","HAZMAT_NAME","UN_NO","HAZMAT_PRESENT_I","HAZMAT_REPORT_I","HAZMAT_REPORT_NO","MCS_REPORT_I","MCS_REPORT_NO","HAZMAT_VIO_CAUSE_CRASH_I","MCS_VIO_CAUSE_CRASH_I","IDOT_PERMIT_NO","WIDE_LOAD_I","TRAILER1_WIDTH","TRAILER2_WIDTH","TRAILER1_LENGTH","TRAILER2_LENGTH","TOTAL_VEHICLE_LENGTH","AXLE_CNT","VEHICLE_CONFIG","CARGO_BODY_TYPE","LOAD_TYPE","HAZMAT_OUT_OF_SERVICE_I","MCS_OUT_OF_SERVICE_I","HAZMAT_CLASS"
"365940","5eb3306c8e2ddcb584ed70e21351b2b218edc2e863dd584b14b9ed77f868ace146576308229d13172a16501cd280a593783d7e7b71c32b926b211f786e0fecca","JB227362","04/17/2018 02:00:00 PM","1","DRIVER",NULL,"352802.0",NULL,"CHEVROLET","MALIBU (CHEVELLE)","IL","2016.0","NONE","PASSENGER","PERSONAL","E","TURNING LEFT",NULL,NULL,"1.0",NULL,NULL,NULL,NULL,NULL,NULL,"N","Y",NULL,NULL,NULL,NULL,NULL,NULL,NULL,NULL,NULL,"REAR-RIGHT",NULL,NULL,NULL,NULL,NULL,NULL,NULL,NULL,NULL,NULL,NULL,NULL,NULL,NULL,NULL,NULL,NULL,NULL,NULL,NULL,NULL,NULL,NULL,NULL,NULL,NULL,NULL,NULL,NULL,NULL,NULL,NULL,NULL
"366279","9191d97f507cf7f40c8e7302da9ae516a7ba8607c0a64a5a463ba42b3369d40caf98d19ab70fc8d607dc25df3bad57f74230104e8b37c3daecb82a4800b9557d","JB227972","04/17/2018 10:44:00 PM","4","PARKED",NULL,"353131.0",NULL,"BUICK","SUPER","IL","2008.0","NONE","PASSENGER","PERSONAL","UNKNOWN","UNKNOWN/NA","N",NULL,"0.0",NULL,NULL,NULL,NULL,"N","N",NULL,"Y","Y","Y",NULL,"N",NULL,NULL,NULL,NULL,NULL,"FRONT-LEFT",NULL,NULL,NULL,NULL,NULL,NULL,NULL,NULL,NULL,NULL,NULL,NULL,NULL,NULL,NULL,NULL,NULL,NULL,NULL,NULL,NULL,NULL,NULL,NULL,NULL,NULL,NULL,NULL,NULL,NULL,NULL,NULL,NULL
"366385","d24782513548ac3bc68a7f5dd0f4d0363d43917fc57ebd146d8e4f062cb1ddf274391661226782bd30b8702aba8db39c930199f1b3e986888830a230b3e45438","JB228214","04/18/2018 07:55:00 AM","1","DRIVER",NULL,"353228.0","Y","TEM KEN TRAILERS MFG.","TEM KEN TRAILERS MFG.","IN","2013.0","NONE","BUS OVER 15 PASS.","MASS TRANSIT","N","CHANGING LANES",NULL,NULL,"1.0",NULL,NULL,NULL,NULL,NULL,NULL,NULL,"Y",NULL,NULL,NULL,NULL,NULL,NULL,NULL,NULL,NULL,"REAR-RIGHT","3179.0","134589",NULL,NULL,"PAPERS","37448","FREE ENTERPRISE SYSTEM INC","IN","JEFFERSONVILLE",NULL,NULL,NULL,"N",NULL,NULL,"U",NULL,"N","U",NULL,NULL,NULL,NULL,NULL,NULL,NULL,"2.0","BUS","BUS","OTHER",NULL,NULL,NULL
"366611","8b8d7b8c84ce49ed7eb3a873714edc73561a529baa460c0f5d2070e7732e9a6e0f2f765329a2a2c79fea903e6d779c386f96c57d384beb04829fcd555271dddb","JB228761","04/17/2018 03:15:00 PM","2","PARKED",NULL,"353454.0",NULL,"NISSAN","NISSAN","IL","2016.0","NONE","PASSENGER","PERSONAL","E","PARKED",NULL,NULL,"0.0",NULL,NULL,NULL,NULL,NULL,NULL,NULL,NULL,NULL,NULL,"Y",NULL,NULL,NULL,NULL,NULL,NULL,"SIDE-LEFT",NULL,NULL,NULL,NULL,NULL,NULL,NULL,NULL,NULL,NULL,NULL,NULL,NULL,NULL,NULL,NULL,NULL,NULL,NULL,NULL,NULL,NULL,NULL,NULL,NULL,NULL,NULL,NULL,NULL,NULL,NULL,NULL,NULL
"366735","7fc251ebe1acdeae16a1aa542ea0e7a37cd3727ebf7b4e1fd08a54ea3802bebe99dd2373386a6a0239e37c65f12e8e7a0a2ea8ba7ff37d62152f89f2b383663c","JB228916","04/18/2018 06:00:00 PM","1","DRIVER",NULL,"353567.0",NULL,"FORD","ESCAPE (SUV)","NB","2014.0","UNKNOWN","SPORT UTILITY VEHICLE (SUV)","PERSONAL","E","STRAIGHT AHEAD",NULL,NULL,"1.0",NULL,NULL,NULL,NULL,"Y",NULL,NULL,NULL,NULL,NULL,NULL,NULL,NULL,NULL,NULL,NULL,NULL,"FRONT",NULL,NULL,NULL,NULL,NULL,NULL,NULL,NULL,NULL,NULL,NULL,NULL,NULL,NULL,NULL,NULL,NULL,NULL,NULL,NULL,NULL,NULL,NULL,NULL,NULL,NULL,NULL,NULL,NULL,NULL,NULL,NULL,NULL
"366783","b83a6d73571678a7b7e02f36eadaf4199bd16d35ecd36e5f5291f9114cab551a6029ab572f662346391404bee58bd4558b4cef3b3a5a695d3bad32d729d81b45","JB228954","04/18/2018 06:45:00 PM","1","DRIVER",NULL,"353609.0",NULL,"NISSAN","SENTRA (DATSUN AND NISSAN HAVE MERGED)","IL","2017.0","NONE","PASSENGER","PERSONAL","N","STRAIGHT AHEAD",NULL,NULL,"1.0",NULL,NULL,NULL,NULL,"Y",NULL,NULL,NULL,NULL,NULL,NULL,NULL,NULL,NULL,NULL,NULL,NULL,"FRONT",NULL,NULL,NULL,NULL,NULL,NULL,NULL,NULL,NULL,NULL,NULL,NULL,NULL,NULL,NULL,NULL,NULL,NULL,NULL,NULL,NULL,NULL,NULL,NULL,NULL,NULL,NULL,NULL,NULL,NULL,NULL,NULL,NULL
"367114","4af2f07f24da3e69459d4c1a766bbb54ed30a20537f7bd1b42806df59184851bbd25dc35d082b3b5cfd10025f5b1adf33475007f25b5e06e326304f38e56d9f8","JB229460","04/19/2018 08:00:00 AM","2","DRIVER",NULL,"353930.0",NULL,"FORD","ESCAPE (SUV)","IL","2008.0","NONE","SPORT UTILITY VEHICLE (SUV)","PERSONAL","E","STRAIGHT AHEAD",NULL,NULL,"1.0",NULL,NULL,NULL,NULL,NULL,NULL,"Y",NULL,NULL,NULL,NULL,NULL,NULL,NULL,NULL,NULL,NULL,"SIDE-RIGHT",NULL,NULL,NULL,NULL,NULL,NULL,NULL,NULL,NULL,NULL,NULL,NULL,NULL,NULL,NULL,NULL,NULL,NULL,NULL,NULL,NULL,NULL,NULL,NULL,NULL,NULL,NULL,NULL,NULL,NULL,NULL,NULL,NULL
"367115","655da885e0e41696f682aea203eb9d2f222c82e7a1c7159831104bc08def7c6e387ccd2d17b3ba095c04e13e1e87ada4d447a01cffb8edbcaec649df1b6288e8","JB229457","04/19/2018 08:10:00 AM","1","DRIVER",NULL,"353913.0",NULL,"JEEP","Grand Cherokee (for vehicle years 1989 to present)","IL","2014.0","NONE","SPORT UTILITY VEHICLE (SUV)","PERSONAL","E","ENTER FROM DRIVE/ALLEY",NULL,NULL,"1.0",NULL,NULL,NULL,NULL,"Y","Y",NULL,NULL,NULL,NULL,NULL,"Y",NULL,NULL,NULL,NULL,NULL,"FRONT",NULL,NULL,NULL,NULL,NULL,NULL,NULL,NULL,NULL,NULL,NULL,NULL,NULL,NULL,NULL,NULL,NULL,NULL,NULL,NULL,NULL,NULL,NULL,NULL,NULL,NULL,NULL,NULL,NULL,NULL,NULL,NULL,NULL
"367159","a9b314b1c9ff7243beac89f92415a3b96e19dbdefb308fcc6dc942866bd5adc571ff65742968b24668707eacf058beee410addbd4354294628e68183861dc584","JB229503","04/19/2018 08:20:00 AM","1","DRIVER",NULL,"353952.0",NULL,"HYUNDAI","Santa Fe","IL","2014.0","NONE","SPORT UTILITY VEHICLE (SUV)","PERSONAL","S","STRAIGHT AHEAD",NULL,NULL,"1.0",NULL,NULL,NULL,NULL,"Y",NULL,NULL,NULL,NULL,NULL,NULL,NULL,NULL,NULL,NULL,NULL,NULL,"FRONT",NULL,NULL,NULL,NULL,NULL,NULL,NULL,NULL,NULL,NULL,NULL,NULL,NULL,NULL,NULL,NULL,NULL,NULL,NULL,NULL,NULL,NULL,NULL,NULL,NULL,NULL,NULL,NULL,NULL,NULL,NULL,NULL,NULL
"367222","05329f5d080a09e9ccdebf0b59f30b973402470115903dcf46eef851f79aefe5f53c5cbc5d5bfa7e8cca1af23d744ddfb24b4f2e463126e9bb58712e537b1979","JB229579","04/19/2018 08:30:00 AM","2","DRIVER",NULL,"354032.0",NULL,"SUBARU","FORESTER","IL","2016.0","NONE","SPORT UTILITY VEHICLE (SUV)","PERSONAL","E","TURNING RIGHT",NULL,NULL,"1.0",NULL,NULL,NULL,NULL,NULL,NULL,NULL,NULL,NULL,NULL,"Y",NULL,NULL,NULL,NULL,"Y",NULL,"SIDE-LEFT",NULL,NULL,NULL,NULL,NULL,NULL,NULL,NULL,NULL,NULL,NULL,NULL,NULL,NULL,NULL,NULL,NULL,NULL,NULL,NULL,NULL,NULL,NULL,NULL,NULL,NULL,NULL,NULL,NULL,NULL,NULL,NULL,NULL
"367932","4ba52684402ef649513ae9bafcd897b5fb676aa9ddf72b9b4e6ea52576e9ecd9402dc47871ddcbd2e9e018d045923d20616d63a6d988ecfd8aec5f49ab9cebd6","JB230839","04/20/2018 03:00:00 AM","2","PARKED",NULL,"354695.0",NULL,"TOYOTA MOTOR COMPANY, LTD.","CAMRY","IL","2009.0","UNKNOWN","PASSENGER","PERSONAL","UNKNOWN","PARKED",NULL,NULL,"0.0",NULL,NULL,NULL,NULL,"Y",NULL,NULL,NULL,NULL,NULL,NULL,NULL,NULL,NULL,NULL,NULL,NULL,"REAR",NULL,NULL,NULL,NULL,NULL,NULL,NULL,NULL,NULL,NULL,NULL,NULL,NULL,NULL,NULL,NULL,NULL,NULL,NULL,NULL,NULL,NULL,NULL,NULL,NULL,NULL,NULL,NULL,NULL,NULL,NULL,NULL,NULL
"367945","d120091e516a6cef58fbfad0b40f1393a2b2e14d6ef627eaa2746a8d24e836990cf128ff8f90380f2c257820177dcc9682c418ce8a4606f33d07b73dc71e83d5","JB230877","04/20/2018 08:45:00 AM","1","DRIVER",NULL,"354698.0",NULL,"CHEVROLET","UNKNOWN",NULL,"2013.0","NONE","BUS UP TO 15 PASS.","SCHOOL BUS","W","TURNING LEFT",NULL,NULL,"1.0",NULL,NULL,NULL,"Y",NULL,NULL,NULL,NULL,NULL,NULL,NULL,NULL,NULL,NULL,NULL,NULL,NULL,"FRONT-LEFT",NULL,NULL,NULL,NULL,NULL,NULL,NULL,NULL,NULL,NULL,NULL,NULL,NULL,NULL,NULL,NULL,NULL,NULL,NULL,NULL,NULL,NULL,NULL,NULL,NULL,NULL,NULL,NULL,NULL,NULL,NULL,NULL,NULL
"368217","c62dfa6831a8d0db1ad795e4a05235dddd154477558b600c7126b547d4e8861ed6c8e3489a5ac080275341d0530829ba805b8d4cf6ec1c4d2aed95fd99a64590","JB231392","04/20/2018 03:30:00 PM","2","DRIVER","1.0","354978.0",NULL,"TOYOTA MOTOR COMPANY, LTD.","COROLLA","IL","2012.0","NONE","PASSENGER","PERSONAL","W","SLOW/STOP IN TRAFFIC",NULL,NULL,"2.0",NULL,NULL,NULL,"Y",NULL,NULL,NULL,NULL,NULL,NULL,NULL,NULL,NULL,NULL,NULL,NULL,NULL,"REAR",NULL,NULL,NULL,NULL,NULL,NULL,NULL,NULL,NULL,NULL,NULL,NULL,NULL,NULL,NULL,NULL,NULL,NULL,NULL,NULL,NULL,NULL,NULL,NULL,NULL,NULL,NULL,NULL,NULL,NULL,NULL,NULL,NULL
"368729","29164b4f661e8fff7ab65d37f7022d2eb00c3bf99a9d8207a42cb4e4dd95c291030b835110ba51bcc0f3855bd71f0d2137ea60bd6cec52e0809ee22757b28bf1","JB232237","04/21/2018 09:45:00 AM","2","PARKED",NULL,"355474.0",NULL,"TOYOTA MOTOR COMPANY, LTD.","CAMRY","IL","2015.0","NONE","PASSENGER","PERSONAL","E","PARKED",NULL,NULL,"0.0",NULL,NULL,NULL,NULL,NULL,NULL,NULL,NULL,NULL,NULL,"Y","Y",NULL,NULL,NULL,NULL,NULL,"SIDE-LEFT",NULL,NULL,NULL,NULL,NULL,NULL,NULL,NULL,NULL,NULL,NULL,NULL,NULL,NULL,NULL,NULL,NULL,NULL,NULL,NULL,NULL,NULL,NULL,NULL,NULL,NULL,NULL,NULL,NULL,NULL,NULL,NULL,NULL
"368735","fe96d1da27ccf79de31bad45dd34fe8324ef2103b4d120e0a12bf2e024b341d63428994fbab23bc2de62be7953b2fdb58c7f0674942e36a586c5c3b052468467","JB232245","04/21/2018 10:00:00 AM","2","DRIVER",NULL,"355460.0",NULL,"HONDA","CIVIC","IL","2016.0","NONE","PASSENGER","PERSONAL","W","SLOW/STOP - RIGHT TURN",NULL,NULL,"1.0",NULL,NULL,NULL,NULL,"Y",NULL,NULL,NULL,NULL,NULL,NULL,NULL,NULL,NULL,NULL,NULL,NULL,"FRONT",NULL,NULL,NULL,NULL,NULL,NULL,NULL,NULL,NULL,NULL,NULL,NULL,NULL,NULL,NULL,NULL,NULL,NULL,NULL,NULL,NULL,NULL,NULL,NULL,NULL,NULL,NULL,NULL,NULL,NULL,NULL,NULL,NULL
"368765","233169248c96f22ca36f210e94804959804cfac7f98b9f09bbaa1f42f2255c9c6a3e20da4808d62b7e7cc7b5a2171d9104f837104906313c2f922fae9c1fb60b","JB232337","04/21/2018 11:00:00 AM","1","DRIVER",NULL,"355489.0",NULL,"TOYOTA MOTOR COMPANY, LTD.","CAMRY","IL","2015.0","NONE","PASSENGER","PERSONAL","E","PASSING/OVERTAKING",NULL,NULL,"1.0",NULL,NULL,NULL,NULL,NULL,"Y","Y",NULL,NULL,NULL,NULL,NULL,NULL,NULL,NULL,NULL,NULL,"FRONT-RIGHT",NULL,NULL,NULL,NULL,NULL,NULL,NULL,NULL,NULL,NULL,NULL,NULL,NULL,NULL,NULL,NULL,NULL,NULL,NULL,NULL,NULL,NULL,NULL,NULL,NULL,NULL,NULL,NULL,NULL,NULL,NULL,NULL,NULL
"368834","29738b1d87de34633597179c78cb912e1e04abe59108f56dc26d4291e7cf287fd48819fcbb02a4d692daaacbe742e8361d81985c84451ddaf4bfa9908d706908","JB232438","04/21/2018 12:50:00 PM","1","DRIVER",NULL,"355564.0",NULL,"HONDA","UNKNOWN","IL","2016.0","UNKNOWN","SPORT UTILITY VEHICLE (SUV)","PERSONAL","S","STRAIGHT AHEAD",NULL,NULL,"1.0",NULL,NULL,NULL,NULL,"Y",NULL,NULL,NULL,NULL,NULL,NULL,NULL,NULL,NULL,NULL,NULL,NULL,"FRONT",NULL,NULL,NULL,NULL,NULL,NULL,NULL,NULL,NULL,NULL,NULL,NULL,NULL,NULL,NULL,NULL,NULL,NULL,NULL,NULL,NULL,NULL,NULL,NULL,NULL,NULL,NULL,NULL,NULL,NULL,NULL,NULL,NULL
"368865","1aa90d9f5fb478896af04985edd8c9563072f2099c98d38eabfb6c145bff6961a3387e4365815fc0ddd7f3dc157109b3f2041e47f46263bebe34940fe489e838","JB232499","04/15/2018 12:30:00 PM","2","DRIVER","1.0","355591.0",NULL,"SUBARU","OUTBACK","IL","2017.0","NONE","SPORT UTILITY VEHICLE (SUV)","PERSONAL","W","STRAIGHT AHEAD",NULL,NULL,"2.0",NULL,NULL,NULL,NULL,NULL,NULL,NULL,NULL,NULL,"Y",NULL,NULL,NULL,NULL,NULL,NULL,NULL,"REAR-LEFT",NULL,NULL,NULL,NULL,NULL,NULL,NULL,NULL,NULL,NULL,NULL,NULL,NULL,NULL,NULL,NULL,NULL,NULL,NULL,NULL,NULL,NULL,NULL,NULL,NULL,NULL,NULL,NULL,NULL,NULL,NULL,NULL,NULL
"369340","91fbc9fdf67fb5ab98ea21a6558a7bff7e5a204d8c66e3c6e41417ba68740903c769ed31093cac1cba9e78ceb302e7e154ee974aa44c539a514d94b6320b0ed7","JB233500","04/22/2018 01:00:00 PM","2","DRIVER","1.0","356053.0",NULL,"ACURA (DIV. OF AMERICAN HONDA MOTOR CO.)","TL","IL","2010.0","NONE","PASSENGER","PERSONAL","S","SLOW/STOP IN TRAFFIC",NULL,NULL,"2.0",NULL,NULL,NULL,NULL,NULL,NULL,NULL,NULL,"Y","Y",NULL,NULL,NULL,NULL,NULL,NULL,NULL,"REAR",NULL,NULL,NULL,NULL,NULL,NULL,NULL,NULL,NULL,NULL,NULL,NULL,NULL,NULL,NULL,NULL,NULL,NULL,NULL,NULL,NULL,NULL,NULL,NULL,NULL,NULL,NULL,NULL,NULL,NULL,NULL,NULL,NULL
"369586","a44ee92e88d567e6112be6b43278cb3b44115ecfb9901ab8ad92d1516e2505d0176f43ac7fef6c7dae1e52c990fc6218472adb7489af2169fb8710f37d278249","JB233954","04/22/2018 07:30:00 PM","1","DRIVER",NULL,"356281.0",NULL,"HONDA","CIVIC","IL","2012.0","UNKNOWN","PASSENGER","PERSONAL","N","STRAIGHT AHEAD",NULL,NULL,"1.0",NULL,NULL,NULL,NULL,"Y",NULL,NULL,NULL,NULL,NULL,"Y","Y",NULL,NULL,NULL,NULL,NULL,"FRONT-LEFT",NULL,NULL,NULL,NULL,NULL,NULL,NULL,NULL,NULL,NULL,NULL,NULL,NULL,NULL,NULL,NULL,NULL,NULL,NULL,NULL,NULL,NULL,NULL,NULL,NULL,NULL,NULL,NULL,NULL,NULL,NULL,NULL,NULL
"370252","333a2381dabd5e3bca9bf9f95e969cb537761201c2de13bbb51fc208a494046447bee9b17d01ea2d8fae1bcbc4972216b9f50767fde73cd21fcdff69b32907d2","JB235205","04/23/2018 06:15:00 PM","1","DRIVER",NULL,"356904.0",NULL,"TOYOTA MOTOR COMPANY, LTD.","Prius","IL","2016.0","NONE","PASSENGER","TAXI/FOR HIRE","E","BACKING",NULL,NULL,"1.0",NULL,NULL,NULL,NULL,NULL,NULL,NULL,NULL,NULL,"Y",NULL,NULL,NULL,NULL,"Y",NULL,NULL,"REAR-LEFT",NULL,NULL,NULL,NULL,NULL,NULL,NULL,NULL,NULL,NULL,NULL,NULL,NULL,NULL,NULL,NULL,NULL,NULL,NULL,NULL,NULL,NULL,NULL,NULL,NULL,NULL,NULL,NULL,NULL,NULL,NULL,NULL,NULL
"370461","5192b0e9f5df49ec2125238dd9e352db8f72f8b17adfcedcc1a756ae93d5eebc9a9344c96a184495abb69c3867c0765b2d6b0e600ed1a62c9d02a3d3fa33a0aa","JB234485","04/23/2018 09:04:00 AM","2","DRIVER",NULL,"357113.0",NULL,"TOYOTA MOTOR COMPANY, LTD.","Prius","IL","2013.0","NONE","PASSENGER","RIDESHARE SERVICE","W","ENTERING TRAFFIC LANE FROM PARKING",NULL,NULL,"1.0",NULL,NULL,NULL,NULL,NULL,"Y",NULL,NULL,NULL,NULL,NULL,NULL,NULL,NULL,NULL,NULL,NULL,"FRONT-RIGHT",NULL,NULL,NULL,NULL,NULL,NULL,NULL,NULL,NULL,NULL,NULL,NULL,NULL,NULL,NULL,NULL,NULL,NULL,NULL,NULL,NULL,NULL,NULL,NULL,NULL,NULL,NULL,NULL,NULL,NULL,NULL,NULL,NULL
"370498","8f92d984d0ad6bd3bc19fd351a3a3c872052f86e57578106b042dd342fc45a114968648c57be9ddb967391d863166d446ff9068aacf148fcbd5c371310d07b63","JB235686","04/24/2018 08:00:00 AM","2","PARKED",NULL,"357144.0",NULL,"NISSAN","NISSAN MAXIMA","IL","2009.0","NONE","PASSENGER","PERSONAL","E","PARKED",NULL,NULL,"0.0",NULL,NULL,NULL,NULL,"Y",NULL,NULL,NULL,NULL,NULL,NULL,"Y",NULL,NULL,NULL,NULL,NULL,"FRONT-LEFT",NULL,NULL,NULL,NULL,NULL,NULL,NULL,NULL,NULL,NULL,NULL,NULL,NULL,NULL,NULL,NULL,NULL,NULL,NULL,NULL,NULL,NULL,NULL,NULL,NULL,NULL,NULL,NULL,NULL,NULL,NULL,NULL,NULL
"370502","50b3b340902e1f803ab830e0d7e51303519c4921cad8eaf41c074f0692bdbcc656f341402b59f6441d7fe6e9362d1420afb7ace6785b6cffb7a1566585e3725b","JB235669","04/24/2018 07:45:00 AM","2","PARKED",NULL,"357146.0",NULL,"DODGE","CALIBER","IL","2010.0","NONE","PASSENGER","NOT IN USE","N","PARKED",NULL,NULL,"0.0",NULL,NULL,NULL,NULL,NULL,NULL,NULL,NULL,NULL,NULL,"Y",NULL,NULL,NULL,NULL,NULL,NULL,"SIDE-LEFT",NULL,NULL,NULL,NULL,NULL,NULL,NULL,NULL,NULL,NULL,NULL,NULL,NULL,NULL,NULL,NULL,NULL,NULL,NULL,NULL,NULL,NULL,NULL,NULL,NULL,NULL,NULL,NULL,NULL,NULL,NULL,NULL,NULL
"370815","87a24f702caef9b36b47f88f8de73fa6a62126988439715ae82ddbe4c15c1bb729790a6b1a3d3123303c65f558a27152e73c1877ad414c01f425ac1b74274ea5","JB236254","04/24/2018 03:15:00 PM","1","DRIVER",NULL,"357433.0",NULL,"HONDA","ACCORD","IL","2009.0","UNKNOWN","PASSENGER","PERSONAL","W","STRAIGHT AHEAD","Y",NULL,"1.0",NULL,"ON TIME TOWING","UNKNOWN",NULL,"Y",NULL,NULL,NULL,NULL,NULL,NULL,NULL,NULL,NULL,NULL,NULL,NULL,"FRONT",NULL,NULL,NULL,NULL,NULL,NULL,NULL,NULL,NULL,NULL,NULL,NULL,NULL,NULL,NULL,NULL,NULL,NULL,NULL,NULL,NULL,NULL,NULL,NULL,NULL,NULL,NULL,NULL,NULL,NULL,NULL,NULL,NULL
"370849","0994f8cc99132a7362e6d0af488df1dc3d669707baee5c2ec0a58b56020766147ff5197a0eb04f7f1e78feea7b90ccc0840e7872359062db8e56da37cf4b7f89","JB236275","04/24/2018 03:50:00 PM","2","DRIVER",NULL,"357466.0",NULL,"TOYOTA MOTOR COMPANY, LTD.","Prius","IL","2014.0","NONE","PASSENGER","TAXI/FOR HIRE","E","STRAIGHT AHEAD",NULL,NULL,"1.0",NULL,NULL,NULL,NULL,NULL,"Y",NULL,"N",NULL,NULL,NULL,NULL,NULL,NULL,NULL,NULL,NULL,"FRONT-RIGHT",NULL,NULL,NULL,NULL,NULL,NULL,NULL,NULL,NULL,NULL,NULL,NULL,NULL,NULL,NULL,NULL,NULL,NULL,NULL,NULL,NULL,NULL,NULL,NULL,NULL,NULL,NULL,NULL,NULL,NULL,NULL,NULL,NULL
"370947","5c9d03a945b422260d470f1e9550ab9dbc49d0432ef0cdee3d29567124e29b7323b97488764a5da28790d0dfb497304c703007634d00f3fcd8e3f1d94b3ceec2","JB236339","04/24/2018 04:37:00 PM","2","DRIVER","2.0","357565.0",NULL,"TOYOTA MOTOR COMPANY, LTD.","Sienna (van)","IL","2011.0","NONE","VAN/MINI-VAN","PERSONAL","W","SLOW/STOP IN TRAFFIC",NULL,NULL,"3.0",NULL,NULL,NULL,NULL,NULL,NULL,NULL,"Y","Y","Y",NULL,NULL,NULL,NULL,NULL,NULL,NULL,"REAR",NULL,NULL,NULL,NULL,NULL,NULL,NULL,NULL,NULL,NULL,NULL,NULL,NULL,NULL,NULL,NULL,NULL,NULL,NULL,NULL,NULL,NULL,NULL,NULL,NULL,NULL,NULL,NULL,NULL,NULL,NULL,NULL,NULL
"371340","a174aad26f047bb75c50cbafb429265ceb6efa75f7122fc3a0a7faa9741058fa266e627274a31444f434451dbb5ce42f79009193d48c9124be2c8f0073ca1ed8","JB237195","04/25/2018 09:05:00 AM","2","DRIVER",NULL,"357922.0",NULL,"FREIGHTLINER CORP.","UNKNOWN","IL","2012.0","NONE","TRUCK - SINGLE UNIT","OTHER","E","SLOW/STOP IN TRAFFIC",NULL,NULL,"1.0",NULL,NULL,NULL,"Y",NULL,NULL,NULL,NULL,NULL,"N",NULL,NULL,NULL,NULL,NULL,NULL,NULL,"REAR-LEFT",NULL,NULL,NULL,NULL,NULL,NULL,NULL,NULL,NULL,NULL,NULL,NULL,NULL,NULL,NULL,NULL,NULL,NULL,NULL,NULL,NULL,NULL,NULL,NULL,NULL,NULL,NULL,NULL,NULL,NULL,NULL,NULL,NULL
"371783","5beb5d9fbe515196d90045a9113b2327a8fcaec811f2a3220f5af22df36755af66bd7958679b56d4caad34f9dfc62a0eb1323c267082ae1474f23a28c19aa044","JB238024","04/24/2018 07:30:00 PM","1","DRIVER",NULL,"358337.0",NULL,"CHRYSLER","Pacifica (Sport Wagon)","IL","2018.0","UNKNOWN","VAN/MINI-VAN","OTHER","N","UNKNOWN/NA",NULL,NULL,"1.0",NULL,NULL,NULL,NULL,NULL,NULL,NULL,NULL,NULL,NULL,"Y",NULL,NULL,NULL,NULL,NULL,NULL,"SIDE-LEFT",NULL,NULL,NULL,NULL,NULL,NULL,NULL,NULL,NULL,NULL,NULL,NULL,NULL,NULL,NULL,NULL,NULL,NULL,NULL,NULL,NULL,NULL,NULL,NULL,NULL,NULL,NULL,NULL,NULL,NULL,NULL,NULL,NULL
"372214","d944cf1ea82eecfa5acabad1ae2a8f1fbe23a7890a6b10a99c02d27c95577270c716ed77d9caacc3ff4b9348034bc15d8b0773e77ea9ae5ff79faab547aeab3a","JB238846","04/25/2018 03:20:00 PM","2","DRIVER",NULL,"358743.0",NULL,"NISSAN","ROGUE",NULL,"2009.0","UNKNOWN","PASSENGER","PERSONAL","W","SLOW/STOP IN TRAFFIC",NULL,NULL,"1.0",NULL,NULL,NULL,NULL,NULL,NULL,NULL,NULL,NULL,NULL,NULL,"Y",NULL,NULL,NULL,NULL,NULL,"FRONT-LEFT",NULL,NULL,NULL,NULL,NULL,NULL,NULL,NULL,NULL,NULL,NULL,NULL,NULL,NULL,NULL,NULL,NULL,NULL,NULL,NULL,NULL,NULL,NULL,NULL,NULL,NULL,NULL,NULL,NULL,NULL,NULL,NULL,NULL
"372521","682609d96aa388fc6035cd85f89cd8fdb5fc4824504d9fb714df4f5554315a0d6cb5323821909f230039d16b6fe660b36c65861b24612ce88084360ca3aa1948","JB239350","04/26/2018 08:28:00 PM","1","DRIVER","1.0","359013.0",NULL,"NISSAN","NISSAN ALTIMA","IL","2010.0","UNKNOWN","PASSENGER","UNKNOWN/NA","SE","UNKNOWN/NA","Y",NULL,"2.0",NULL,"PRIVATE",NULL,NULL,"Y","Y",NULL,NULL,NULL,NULL,NULL,"Y",NULL,NULL,NULL,NULL,NULL,"FRONT-LEFT",NULL,NULL,NULL,NULL,NULL,NULL,NULL,NULL,NULL,NULL,NULL,NULL,NULL,NULL,NULL,NULL,NULL,NULL,NULL,NULL,NULL,NULL,NULL,NULL,NULL,NULL,NULL,NULL,NULL,NULL,NULL,NULL,NULL
"372675","eda929275d9665e0a3f42821ad32047765a1a0f92c957442b3cd0b74fcf82f0a6f0d210a8663fde321db3411c13a31657342f6b5938b467acf59e5da6d2a9e4b","JB239694","04/27/2018 08:00:00 AM","2","DRIVER","1.0","359164.0",NULL,"NISSAN","UNKNOWN","IL","2017.0","NONE","VAN/MINI-VAN","OTHER","NW","STRAIGHT AHEAD",NULL,NULL,"2.0",NULL,NULL,NULL,NULL,NULL,NULL,"N","Y","Y",NULL,NULL,NULL,NULL,NULL,NULL,NULL,NULL,"REAR",NULL,NULL,NULL,NULL,NULL,NULL,NULL,NULL,NULL,NULL,NULL,NULL,NULL,NULL,NULL,NULL,NULL,NULL,NULL,NULL,NULL,NULL,NULL,NULL,NULL,NULL,NULL,NULL,NULL,NULL,NULL,NULL,NULL