"CRASH_UNIT_ID","CRASH_RECORD_ID","RD_NO","CRASH_DATE","UNIT_NO","UNIT_TYPE","NUM_PASSENGERS","VEHICLE_ID","CMRC_VEH_I","MAKE","MODEL","LIC_PLATE_STATE","VEHICLE_YEAR","VEHICLE_DEFECT","VEHICLE_TYPE","VEHICLE_USE","TRAVEL_DIRECTION","MANEUVER","TOWED_I","FIRE_I","OCCUPANT_CNT","EXCEED_SPEED_LIMIT_I","TOWED_BY","TOWED_TO","AREA_00_I","AREA_01_I","AREA_02_I","AREA_03_I","AREA_04_I","AREA_05_I","AREA_06_I","AREA_07_I","AREA_08_I","AREA_09_I","AREA_10_I","AREA_11_I","AREA_12_I","AREA_99_I","FIRST_CONTACT_POINT","CMV_ID","USDOT_NO","CCMC_NO","ILCC_NO","COMMERCIAL_SRC","GVWR","CARRIER_NAME","CARRIER_STATE","CARRIER_CITY","HAZMAT_PLACARDS_I","HAZMAT_NAME","UN_NO","HAZMAT_PRESENT_I","HAZMAT_REPORT_I","HAZMAT_REPORT_NO","MCS_REPORT_I","MCS_REPORT_NO","HAZMAT_VIO_CAUSE_CRASH_I","MCS_VIO_CAUSE_CRASH_I","IDOT_PERMIT_NO","WIDE_LOAD_I","TRAILER1_WIDTH","TRAILER2_WIDTH","TRAILER1_LENGTH","TRAILER2_LENGTH","TOTAL_VEHICLE_LENGTH","AXLE_CNT","VEHICLE_CONFIG","CARGO_BODY_TYPE","LOAD_TYPE","HAZMAT_OUT_OF_SERVICE_I","MCS_OUT_OF_SERVICE_I","HAZMAT_CLASS"
"387332","4758434360d159f072333515acb2d39888fbf5d90c158f2e41a693be347a67251b89fe2eaaafb28deab32f314483a7625fbd2f8df7bff46e94ff72994f2171df","JB266229","05/16/2018 12:15:00 PM","2","PARKED",NULL,"372831.0",NULL,"FORD","UNKNOWN","IL","2016.0","UNKNOWN","VAN/MINI-VAN","UNKNOWN/NA","E","PARKED",NULL,NULL,"0.0",NULL,NULL,NULL,NULL,NULL,NULL,NULL,NULL,NULL,NULL,"Y",NULL,NULL,NULL,NULL,NULL,NULL,"SIDE-LEFT",NULL,NULL,NULL,NULL,NULL,NULL,NULL,NULL,NULL,NULL,NULL,NULL,NULL,NULL,NULL,NULL,NULL,NULL,NULL,NULL,NULL,NULL,NULL,NULL,NULL,NULL,NULL,NULL,NULL,NULL,NULL,NULL,NULL
"387411","202ca4d7230677109e4839031fe5985559c090df0d984ebb417d79799fcdae6a225afc125fe73e9708fff2758b5c6328636c6cfbd0f13e791690032d1da281e4","JB266343","05/16/2018 06:15:00 PM","2","DRIVER",NULL,"372908.0",NULL,"CHEVROLET","Tracker (beginning vehicle year 1998)",NULL,"2018.0","NONE","PASSENGER","PERSONAL","UNKNOWN","SLOW/STOP IN TRAFFIC",NULL,NULL,"1.0",NULL,NULL,NULL,NULL,NULL,NULL,NULL,"Y","Y","Y",NULL,NULL,NULL,NULL,NULL,NULL,NULL,"REAR",NULL,NULL,NULL,NULL,NULL,NULL,NULL,NULL,NULL,NULL,NULL,NULL,NULL,NULL,NULL,NULL,NULL,NULL,NULL,NULL,NULL,NULL,NULL,NULL,NULL,NULL,NULL,NULL,NULL,NULL,NULL,NULL,NULL
"387738","2e4a9c7d9dd197158952c88a673e1a5a106ca0e9fde6c3343d10e27e42d9239eab45b9bc422ef37dab09d654156e37ecce8102ffb855b897d19ce6744ac348b7","JB266978","05/17/2018 09:40:00 AM","1","DRIVER",NULL,"373220.0",NULL,"CHEVROLET","CRUZE","IL","2016.0","NONE","PASSENGER","PERSONAL","W","TURNING RIGHT",NULL,NULL,"1.0",NULL,NULL,NULL,NULL,NULL,NULL,NULL,NULL,NULL,NULL,"Y","Y",NULL,NULL,NULL,NULL,NULL,"FRONT-LEFT",NULL,NULL,NULL,NULL,NULL,NULL,NULL,NULL,NULL,NULL,NULL,NULL,NULL,NULL,NULL,NULL,NULL,NULL,NULL,NULL,NULL,NULL,NULL,NULL,NULL,NULL,NULL,NULL,NULL,NULL,NULL,NULL,NULL
"387741","c1c00ec3a7e651418587bbfaeab5e25c1a2ddfcd13fd5e021cff7a63a4a6fe1065a7128e57e8e9b1dfb860e5093e50e8a2cfb09af9e20751bf0ed15e4b98cc90","JB266983","05/15/2018 05:00:00 PM","2","DRIVER","1.0","373223.0",NULL,"MAZDA","CS-9","IL","2010.0","NONE","SPORT UTILITY VEHICLE (SUV)","PERSONAL","E","STRAIGHT AHEAD",NULL,NULL,"2.0",NULL,NULL,NULL,NULL,NULL,NULL,NULL,"Y",NULL,NULL,NULL,NULL,NULL,NULL,NULL,NULL,NULL,"REAR-RIGHT",NULL,NULL,NULL,NULL,NULL,NULL,NULL,NULL,NULL,NULL,NULL,NULL,NULL,NULL,NULL,NULL,NULL,NULL,NULL,NULL,NULL,NULL,NULL,NULL,NULL,NULL,NULL,NULL,NULL,NULL,NULL,NULL,NULL
"387773","e073250aeaf24c22c6085a909e73b8ee4d85ecf78a0f22aedfa2d608ebd4a06f0892430d25029ecd77e904d385727b3854760d94efc1857a5b898c1e14496da6","JB267040","05/17/2018 06:49:00 AM","1","DRIVER",NULL,"373256.0",NULL,"""CLASSIC MOTOR CARRIAGES, INC. (HALLANDALE, FLORIDA)""","""CLASSIC MOTOR CARRIAGES, INC. (HALLANDALE, FLORIDA)""","IL","2010.0","NONE","TRACTOR W/ SEMI-TRAILER","UNKNOWN/NA","N","PASSING/OVERTAKING",NULL,NULL,"1.0",NULL,NULL,NULL,NULL,NULL,NULL,NULL,NULL,NULL,NULL,NULL,NULL,NULL,NULL,NULL,NULL,"Y","UNKNOWN",NULL,NULL,NULL,NULL,NULL,NULL,NULL,NULL,NULL,NULL,NULL,NULL,NULL,NULL,NULL,NULL,NULL,NULL,NULL,NULL,NULL,NULL,NULL,NULL,NULL,NULL,NULL,NULL,NULL,NULL,NULL,NULL,NULL
"388035","9e325862ae51352431b912dbc11aa04d3892d68bd99c30d58f2971e6a79986eadeb77ec00d9feeb5d8c279d82f50f524a883484a82558b8133b0c5fd471aedb1","JB267611","05/17/2018 04:30:00 PM","1","DRIVER",NULL,"373499.0",NULL,"JEEP","Wrangler (for vehicle years 1989 to present)","IL","2015.0","UNKNOWN","SPORT UTILITY VEHICLE (SUV)","UNKNOWN/NA","W","OTHER",NULL,NULL,"1.0",NULL,NULL,NULL,NULL,NULL,NULL,NULL,NULL,"Y",NULL,NULL,NULL,NULL,NULL,NULL,NULL,NULL,"REAR",NULL,NULL,NULL,NULL,NULL,NULL,NULL,NULL,NULL,NULL,NULL,NULL,NULL,NULL,NULL,NULL,NULL,NULL,NULL,NULL,NULL,NULL,NULL,NULL,NULL,NULL,NULL,NULL,NULL,NULL,NULL,NULL,NULL
"388639","17486f0b13eb755a34a6456b703cc9500352b4601edf822bb19c70825b2d16613e1e860942771d70bb741cbb247049bc4ea2b0103440a07d2741075913108319","JB268741","05/18/2018 02:26:00 PM","2","DRIVER",NULL,"374053.0",NULL,"FORD","FUSION",NULL,"2012.0","NONE","PASSENGER","PERSONAL","N","STRAIGHT AHEAD",NULL,NULL,"1.0",NULL,NULL,NULL,NULL,"Y",NULL,NULL,NULL,NULL,NULL,NULL,"N",NULL,NULL,NULL,NULL,NULL,"FRONT",NULL,NULL,NULL,NULL,NULL,NULL,NULL,NULL,NULL,NULL,NULL,NULL,NULL,NULL,NULL,NULL,NULL,NULL,NULL,NULL,NULL,NULL,NULL,NULL,NULL,NULL,NULL,NULL,NULL,NULL,NULL,NULL,NULL
"388670","c4a378f752dea89c55df14a2c5594ef81e2e44425714fa3ced4751808a4a403172e9204e50fe7028ef1ffa34f06504aae5385ec45d81714517b8a349a4895ff2","JB268771","05/18/2018 02:45:00 PM","2","DRIVER",NULL,"374080.0",NULL,"MERCEDES-BENZ","C300","FL","2015.0","NONE","PASSENGER","PERSONAL","E","STRAIGHT AHEAD",NULL,NULL,"1.0",NULL,NULL,NULL,NULL,NULL,NULL,NULL,NULL,NULL,"Y",NULL,NULL,NULL,NULL,NULL,NULL,NULL,"REAR-LEFT",NULL,NULL,NULL,NULL,NULL,NULL,NULL,NULL,NULL,NULL,NULL,NULL,NULL,NULL,NULL,NULL,NULL,NULL,NULL,NULL,NULL,NULL,NULL,NULL,NULL,NULL,NULL,NULL,NULL,NULL,NULL,NULL,NULL
"388692","320a2ac09e383d6c4f1ac75309142a5cc766dacf1b7122744af8df11c775cd96369920ea828bd328a9cfacff9b1997e47fd4c5769d1ef77b02790a29c739878e","JB268826","05/17/2018 04:30:00 PM","2","DRIVER",NULL,"374102.0",NULL,"TOYOTA MOTOR COMPANY, LTD.","RAV4 (sport utility)","IL","2014.0","NONE","SPORT UTILITY VEHICLE (SUV)","PERSONAL","W","SLOW/STOP IN TRAFFIC",NULL,NULL,"1.0",NULL,NULL,NULL,NULL,"Y",NULL,NULL,NULL,NULL,NULL,NULL,NULL,NULL,NULL,NULL,NULL,NULL,"FRONT",NULL,NULL,NULL,NULL,NULL,NULL,NULL,NULL,NULL,NULL,NULL,NULL,NULL,NULL,NULL,NULL,NULL,NULL,NULL,NULL,NULL,NULL,NULL,NULL,NULL,NULL,NULL,NULL,NULL,NULL,NULL,NULL,NULL
"388788","16bf1268af3647707dca6069f4b90125d9c1f8cbba1528bda008dab92b8841e7c3054072b36dbdf6e916bd714a24ddca7c8ecfb90ff383d87a0afe4c3323ed20","JB268970","05/18/2018 03:15:00 PM","1","DRIVER",NULL,"374187.0",NULL,"JEEP","CHEROKEE","IA","2017.0","NONE","SPORT UTILITY VEHICLE (SUV)","PERSONAL","N","STRAIGHT AHEAD",NULL,NULL,"1.0",NULL,NULL,NULL,NULL,NULL,NULL,"Y",NULL,NULL,NULL,NULL,NULL,NULL,NULL,NULL,NULL,NULL,"SIDE-RIGHT",NULL,NULL,NULL,NULL,NULL,NULL,NULL,NULL,NULL,NULL,NULL,NULL,NULL,NULL,NULL,NULL,NULL,NULL,NULL,NULL,NULL,NULL,NULL,NULL,NULL,NULL,NULL,NULL,NULL,NULL,NULL,NULL,NULL
"388856","454fae79ddc20bf6b3a961c8b0c680a25fb896ee341171dac2353c8efca75f9b3c99e49da6c313c3eb984e33f6d9d938aa1454a0f388493958ebfa2036eedaec","JB269048","05/18/2018 05:30:00 PM","2","DRIVER",NULL,"374242.0",NULL,"FORD","ESCAPE (SUV)","IL","2016.0","NONE","PASSENGER","OTHER","S","STRAIGHT AHEAD",NULL,NULL,"1.0",NULL,NULL,NULL,NULL,NULL,NULL,NULL,NULL,"Y",NULL,NULL,NULL,NULL,NULL,NULL,NULL,NULL,"REAR",NULL,NULL,NULL,NULL,NULL,NULL,NULL,NULL,NULL,NULL,NULL,NULL,NULL,NULL,NULL,NULL,NULL,NULL,NULL,NULL,NULL,NULL,NULL,NULL,NULL,NULL,NULL,NULL,NULL,NULL,NULL,NULL,NULL
"389254","5c4827be5a88e5b282bf6832c20ef4c56753b10826742b30791d1498eb019104effe939868c552682f36575421ff1d1a177627b0dc7c26a9a48828b68bcc9365","JB269591","05/19/2018 03:25:00 AM","4","PARKED",NULL,"374616.0",NULL,"NISSAN","NISSAN ALTIMA","IL","2012.0","UNKNOWN","PASSENGER","PERSONAL","UNKNOWN","PARKED",NULL,NULL,"0.0",NULL,NULL,NULL,NULL,NULL,NULL,NULL,NULL,NULL,"Y","Y","Y",NULL,NULL,"Y",NULL,NULL,"SIDE-LEFT",NULL,NULL,NULL,NULL,NULL,NULL,NULL,NULL,NULL,NULL,NULL,NULL,NULL,NULL,NULL,NULL,NULL,NULL,NULL,NULL,NULL,NULL,NULL,NULL,NULL,NULL,NULL,NULL,NULL,NULL,NULL,NULL,NULL
"389281","1e415c8ea9b67728b6f50e2cdd8ee75369bf5ed55fa16c330504bffc8321c26e005162079a1d6cff098370d4364705b3c52d5ec878133c536a58ce9f5fb9c4d2","JB269622","05/19/2018 04:40:00 AM","1","DRIVER",NULL,"374633.0",NULL,"FORD","Focus","IL","2008.0","UNKNOWN","PASSENGER","PERSONAL","N","SKIDDING/CONTROL LOSS",NULL,NULL,"1.0",NULL,NULL,NULL,NULL,"Y","Y",NULL,NULL,NULL,NULL,NULL,"Y",NULL,"Y",NULL,NULL,NULL,"FRONT",NULL,NULL,NULL,NULL,NULL,NULL,NULL,NULL,NULL,NULL,NULL,NULL,NULL,NULL,NULL,NULL,NULL,NULL,NULL,NULL,NULL,NULL,NULL,NULL,NULL,NULL,NULL,NULL,NULL,NULL,NULL,NULL,NULL
"389736","2d453c65087a6c65213cde0aadb69c55a84eb2ee1c59ea29d5de79ea9331bff91219722ea592496f035dfcbddea46156ffb3b2bd175a438ec2be1df2c3a5dfef","JB270554","05/19/2018 06:30:00 PM","2","PARKED",NULL,"375062.0",NULL,"KIA MOTORS CORP","SORENTO","IL","2018.0","NONE","PASSENGER","PERSONAL","S","PARKED",NULL,NULL,"0.0",NULL,NULL,NULL,NULL,NULL,NULL,NULL,NULL,NULL,"Y",NULL,NULL,NULL,"N",NULL,NULL,NULL,"UNKNOWN",NULL,NULL,NULL,NULL,NULL,NULL,NULL,NULL,NULL,NULL,NULL,NULL,NULL,NULL,NULL,NULL,NULL,NULL,NULL,NULL,NULL,NULL,NULL,NULL,NULL,NULL,NULL,NULL,NULL,NULL,NULL,NULL,NULL
"390949","675a89f7d04a2c0f2383e822bcb25cb82e7da1fcb82abffc960b46199aed6a79cb25677ca7f268f4899d34272ff33d87b136b1b779cd99b2c649093b6fcb4ea7","JB272840","05/21/2018 02:49:00 PM","2","DRIVER",NULL,"376222.0",NULL,"TOYOTA MOTOR COMPANY, LTD.","CAMRY","IL","2014.0","NONE","PASSENGER","TAXI/FOR HIRE","S","STRAIGHT AHEAD",NULL,NULL,"1.0",NULL,NULL,NULL,NULL,NULL,"Y","Y",NULL,NULL,NULL,NULL,NULL,NULL,NULL,NULL,NULL,NULL,"SIDE-RIGHT",NULL,NULL,NULL,NULL,NULL,NULL,NULL,NULL,NULL,NULL,NULL,NULL,NULL,NULL,NULL,NULL,NULL,NULL,NULL,NULL,NULL,NULL,NULL,NULL,NULL,NULL,NULL,NULL,NULL,NULL,NULL,NULL,NULL
"391275","55592c4d36255ea3fae4a0b1e48fbed1af93ac1ae45b4890808b293ef0ff5cc5433245a804d563b6a107b1591cab0d0c4da09b96d850807ffcd344ba93fed0e0","JB273390","05/22/2018 08:01:00 AM","1","DRIVER",NULL,"376536.0",NULL,"NISSAN","NISSAN ALTIMA","IL","2017.0","NONE","PASSENGER","PERSONAL","N","SLOW/STOP IN TRAFFIC",NULL,NULL,"1.0",NULL,NULL,NULL,NULL,"Y","Y",NULL,NULL,NULL,NULL,NULL,"Y",NULL,NULL,NULL,NULL,NULL,"FRONT",NULL,NULL,NULL,NULL,NULL,NULL,NULL,NULL,NULL,NULL,NULL,NULL,NULL,NULL,NULL,NULL,NULL,NULL,NULL,NULL,NULL,NULL,NULL,NULL,NULL,NULL,NULL,NULL,NULL,NULL,NULL,NULL,NULL
"391344","fbe94f07346326d21d1b74cc698523d5dc05845c3714ec7a22f7a7c07127205f22ad6ba724d6eed9d2518aee4e8ded7339e3ed748d97a922ec9430285b0f1090","JB273509","05/22/2018 09:45:00 AM","2","PARKED",NULL,"376626.0",NULL,"CHEVROLET","MALIBU (CHEVELLE)","IL","2017.0","NONE","PASSENGER","NOT IN USE","N","PARKED",NULL,NULL,"0.0",NULL,NULL,NULL,NULL,NULL,NULL,NULL,NULL,NULL,"Y","Y",NULL,NULL,NULL,NULL,NULL,NULL,"UNKNOWN",NULL,NULL,NULL,NULL,NULL,NULL,NULL,NULL,NULL,NULL,NULL,NULL,NULL,NULL,NULL,NULL,NULL,NULL,NULL,NULL,NULL,NULL,NULL,NULL,NULL,NULL,NULL,NULL,NULL,NULL,NULL,NULL,NULL
"391430","b904ec37b20d56ff06198b6ce5c58c2c81272ccd7af2a32647d77692996861bb314de427b9d81dfb9e127c96c4190dd242a064026d1d0d7bf24b62a6daca1149","JB273671","05/22/2018 12:20:00 PM","2","DRIVER",NULL,"376688.0",NULL,"SUBARU","FORESTER","IL","2011.0","UNKNOWN","SPORT UTILITY VEHICLE (SUV)","PERSONAL","S","STRAIGHT AHEAD",NULL,NULL,"1.0",NULL,NULL,NULL,NULL,NULL,NULL,NULL,NULL,NULL,NULL,"Y",NULL,NULL,NULL,NULL,NULL,NULL,"SIDE-LEFT",NULL,NULL,NULL,NULL,NULL,NULL,NULL,NULL,NULL,NULL,NULL,NULL,NULL,NULL,NULL,NULL,NULL,NULL,NULL,NULL,NULL,NULL,NULL,NULL,NULL,NULL,NULL,NULL,NULL,NULL,NULL,NULL,NULL
"391951","d87eda911188c9cb6cf2782da31b91ec540c0c24e927e73d8225fe8ce37c15acfcb003b783631f907369cbe5132bc09a61687ee673d170becd5446d96dc2e66c","JB274478","05/22/2018 03:30:00 PM","2","DRIVER","2.0","377186.0","Y","FORD","SUPER","IL","2013.0","NONE","PICKUP","TAXI/FOR HIRE","W","STRAIGHT AHEAD",NULL,NULL,"3.0",NULL,NULL,NULL,"Y",NULL,NULL,NULL,NULL,NULL,NULL,NULL,NULL,NULL,NULL,NULL,NULL,NULL,"FRONT-LEFT",NULL,NULL,NULL,NULL,NULL,NULL,NULL,NULL,NULL,NULL,NULL,NULL,NULL,NULL,NULL,NULL,NULL,NULL,NULL,NULL,NULL,NULL,NULL,NULL,NULL,NULL,NULL,NULL,NULL,NULL,NULL,NULL,NULL
"392017","0bc5d6e2e957be5bfd539a44dd278f916dcffe54214a0e0f0ecf0ae0b17326b932c1c83ccacb79bc277ae2d9e3c17f660a86378c62f0f0280b6505915feeb512","JB274716","05/23/2018 06:07:00 AM","2","DRIVER",NULL,"377251.0",NULL,"CHEVROLET","EQUINOX","IL","2016.0","NONE","PASSENGER","PERSONAL","E","SLOW/STOP IN TRAFFIC",NULL,NULL,"1.0",NULL,NULL,NULL,NULL,NULL,NULL,NULL,NULL,"Y","Y",NULL,NULL,NULL,NULL,NULL,NULL,NULL,"REAR-LEFT",NULL,NULL,NULL,NULL,NULL,NULL,NULL,NULL,NULL,NULL,NULL,NULL,NULL,NULL,NULL,NULL,NULL,NULL,NULL,NULL,NULL,NULL,NULL,NULL,NULL,NULL,NULL,NULL,NULL,NULL,NULL,NULL,NULL
"392066","9d1a2c2f00470a9ffc8060850b86595ee80996abcfad4127a1d31ea93b36731f5e959db915b90131ee765706461d14acf09cd581a5b229afcd3b4ac43082bea8","JB273476","05/22/2018 11:30:00 AM","2","DRIVER",NULL,"377290.0",NULL,"HONDA","UNKNOWN","IL","2012.0","NONE","SPORT UTILITY VEHICLE (SUV)","PERSONAL","N","STRAIGHT AHEAD",NULL,NULL,"1.0",NULL,NULL,NULL,NULL,NULL,NULL,NULL,NULL,NULL,"Y","Y",NULL,NULL,NULL,NULL,NULL,NULL,"SIDE-LEFT",NULL,NULL,NULL,NULL,NULL,NULL,NULL,NULL,NULL,NULL,NULL,NULL,NULL,NULL,NULL,NULL,NULL,NULL,NULL,NULL,NULL,NULL,NULL,NULL,NULL,NULL,NULL,NULL,NULL,NULL,NULL,NULL,NULL
"392523","9d961b77b96ee462d506e26038d40b4e80ee345879905b4645ce22a571f9e659d2889c8a5db12742cb1ce4e95f2f76ab2d74a064c70427b9fb2ff96c8ac4f1df","JB275626","05/23/2018 05:00:00 PM","1","DRIVER",NULL,"377713.0",NULL,"TOYOTA MOTOR COMPANY, LTD.","UNKNOWN","IL","2011.0","UNKNOWN","PASSENGER","UNKNOWN/NA","UNKNOWN","UNKNOWN/NA",NULL,NULL,"1.0",NULL,NULL,NULL,NULL,NULL,NULL,NULL,NULL,NULL,NULL,NULL,NULL,NULL,NULL,NULL,NULL,"Y","UNKNOWN",NULL,NULL,NULL,NULL,NULL,NULL,NULL,NULL,NULL,NULL,NULL,NULL,NULL,NULL,NULL,NULL,NULL,NULL,NULL,NULL,NULL,NULL,NULL,NULL,NULL,NULL,NULL,NULL,NULL,NULL,NULL,NULL,NULL
"392648","fa5101d31ce89129aa206214b1ba06c60d880e1b81dc8aaf5f6239be20f2c6fb0578d88aa490cc5590418e872ee30f56288ce5e715f0fdebb9b61ec38b175a11","JB275786","05/11/2018 06:30:00 PM","1","DRIVER",NULL,"377836.0",NULL,"BUICK","VERANO","IL","2014.0","OTHER","PASSENGER","PERSONAL","S","TURNING RIGHT",NULL,NULL,"1.0",NULL,NULL,NULL,NULL,NULL,NULL,NULL,"Y",NULL,NULL,NULL,NULL,NULL,NULL,NULL,NULL,NULL,"REAR-RIGHT",NULL,NULL,NULL,NULL,NULL,NULL,NULL,NULL,NULL,NULL,NULL,NULL,NULL,NULL,NULL,NULL,NULL,NULL,NULL,NULL,NULL,NULL,NULL,NULL,NULL,NULL,NULL,NULL,NULL,NULL,NULL,NULL,NULL
"392844","7c320e25336d5a22775dd8397036684d64e9befc02439b5e50c4f986f0a753dbeff86c21b8af4fc1faad3170f84c2529e5615353ff918c3bad82672a9f01cb07","JB276135","05/24/2018 04:45:00 AM","1","DRIVER",NULL,"378027.0",NULL,"FORD","F150","IL","2011.0","NONE","PICKUP","PERSONAL","W","STRAIGHT AHEAD","Y",NULL,"1.0",NULL,NULL,NULL,NULL,"Y","Y","Y",NULL,NULL,NULL,NULL,"Y",NULL,NULL,NULL,NULL,NULL,"TOTAL (ALL AREAS)",NULL,NULL,NULL,NULL,NULL,NULL,NULL,NULL,NULL,NULL,NULL,NULL,NULL,NULL,NULL,NULL,NULL,NULL,NULL,NULL,NULL,NULL,NULL,NULL,NULL,NULL,NULL,NULL,NULL,NULL,NULL,NULL,NULL
"393378","a6abb61c5a8cc135e9c19b8bb40835d54cef6b7d2545e6227de6ded6d6bb395afcd0c135470350422b857e284c94c0efd1efda5cff3ff5b740fade07b56da8f9","JB277035","05/24/2018 05:45:00 PM","2","DRIVER",NULL,"378538.0",NULL,"VOLKSWAGEN","PASSAT","IL","2017.0","NONE","PASSENGER","PERSONAL","E","SLOW/STOP IN TRAFFIC",NULL,NULL,"1.0",NULL,NULL,NULL,NULL,NULL,NULL,NULL,NULL,"Y","Y",NULL,NULL,NULL,NULL,NULL,NULL,NULL,"REAR-LEFT",NULL,NULL,NULL,NULL,NULL,NULL,NULL,NULL,NULL,NULL,NULL,NULL,NULL,NULL,NULL,NULL,NULL,NULL,NULL,NULL,NULL,NULL,NULL,NULL,NULL,NULL,NULL,NULL,NULL,NULL,NULL,NULL,NULL
"393897","abd1aec5276993fbc9936c7dbdbb239110df0c747a1d204c3c0c85852ff0463d58ffb1e298f0264cc68caf497146776cf449e1b39877856417b83c253468d1dd","JB278176","05/18/2018 10:15:00 AM","2","PARKED",NULL,"379009.0",NULL,"CHEVROLET","C K 1500","IL","2014.0","UNKNOWN","PICKUP","PERSONAL","S","PARKED",NULL,NULL,"0.0",NULL,NULL,NULL,NULL,NULL,NULL,NULL,NULL,NULL,NULL,"Y","Y",NULL,NULL,NULL,NULL,NULL,"FRONT-LEFT",NULL,NULL,NULL,NULL,NULL,NULL,NULL,NULL,NULL,NULL,NULL,NULL,NULL,NULL,NULL,NULL,NULL,NULL,NULL,NULL,NULL,NULL,NULL,NULL,NULL,NULL,NULL,NULL,NULL,NULL,NULL,NULL,NULL
"394098","22ba2d9df2d1f2ecf9d853311d1653d2b8445f63ebfcbd64e3cad6d95552be39d60d0e4c66adf40848eb0621abbb8e2d08ff4be8fee58d808f516d5ed2fb1958","JB278353","05/25/2018 03:55:00 PM","1","DRIVER","1.0","379194.0",NULL,"FORD","Explorer","IL","2014.0","NONE","SPORT UTILITY VEHICLE (SUV)","POLICE","S","PASSING/OVERTAKING",NULL,NULL,"2.0",NULL,NULL,NULL,NULL,NULL,"Y","Y","Y",NULL,NULL,NULL,NULL,NULL,NULL,NULL,NULL,NULL,"FRONT-RIGHT",NULL,NULL,NULL,NULL,NULL,NULL,NULL,NULL,NULL,NULL,NULL,NULL,NULL,NULL,NULL,NULL,NULL,NULL,NULL,NULL,NULL,NULL,NULL,NULL,NULL,NULL,NULL,NULL,NULL,NULL,NULL,NULL,NULL
"394555","4aad0bb7cf728f314afbd10aa82db231e91836f68215e57fcf4b0ad9431b1fda72aee0be1aa789dce6176cba673e1fbb9f3b602ca1427cc6fdc289acf60971a6","JB278903","05/25/2018 10:30:00 PM","1","DRIVER",NULL,"379528.0",NULL,"CHRYSLER","UNKNOWN","WI","2014.0","UNKNOWN","PASSENGER","PERSONAL","S","STRAIGHT AHEAD",NULL,NULL,"1.0",NULL,NULL,NULL,NULL,"Y",NULL,NULL,NULL,NULL,NULL,NULL,NULL,NULL,NULL,NULL,NULL,NULL,"FRONT",NULL,NULL,NULL,NULL,NULL,NULL,NULL,NULL,NULL,NULL,NULL,NULL,NULL,NULL,NULL,NULL,NULL,NULL,NULL,NULL,NULL,NULL,NULL,NULL,NULL,NULL,NULL,NULL,NULL,NULL,NULL,NULL,NULL
"394770","8b3e55642abe0082c1f3d0fd55b6a7704d7f2497f3c41592468ff486e9b9d447d5c1ba57da609776a0d3fac13f460521478ec8eb0b32dede9098488c2048a00b","JB279412","05/25/2018 01:30:00 PM","2","DRIVER","2.0","379742.0",NULL,"ACURA (DIV. OF AMERICAN HONDA MOTOR CO.)","RDX","IL","2016.0","NONE","SPORT UTILITY VEHICLE (SUV)","PERSONAL","W","STRAIGHT AHEAD",NULL,NULL,"3.0",NULL,NULL,NULL,NULL,NULL,NULL,NULL,NULL,NULL,NULL,"Y","Y",NULL,NULL,NULL,NULL,NULL,"FRONT-LEFT",NULL,NULL,NULL,NULL,NULL,NULL,NULL,NULL,NULL,NULL,NULL,NULL,NULL,NULL,NULL,NULL,NULL,NULL,NULL,NULL,NULL,NULL,NULL,NULL,NULL,NULL,NULL,NULL,NULL,NULL,NULL,NULL,NULL
"394794","67a013efd5d45a3067ba2c79e46374d0d2d2833e15732276517fab35162d51dab80a33e42827a234836b474d4229391c634f403f462523981aacb64c09fa0c8e","JB279458","05/24/2018 04:40:00 PM","1","DRIVER",NULL,"379761.0",NULL,"NISSAN","NISSAN ALTIMA","IL","2011.0","NONE","PASSENGER","TAXI/FOR HIRE","E","STRAIGHT AHEAD",NULL,NULL,"1.0",NULL,NULL,NULL,NULL,"Y",NULL,NULL,NULL,"N",NULL,NULL,NULL,NULL,NULL,NULL,NULL,NULL,"FRONT",NULL,NULL,NULL,NULL,NULL,NULL,NULL,NULL,NULL,NULL,NULL,NULL,NULL,NULL,NULL,NULL,NULL,NULL,NULL,NULL,NULL,NULL,NULL,NULL,NULL,NULL,NULL,NULL,NULL,NULL,NULL,NULL,NULL
"395196","c54db98d3f4b4c8c912d6f79074f21d62c4fcc9940eccd5ddd104b183f0d4d910ab7c12c1a34143e8610195013f6d409dfd7b0de9f34ca6bbd57e456f4535892","JB280007","05/26/2018 06:45:00 PM","2","DRIVER","1.0","380136.0",NULL,"TOYOTA MOTOR COMPANY, LTD.","COROLLA","IN","2015.0","NONE","PASSENGER","PERSONAL","E","SLOW/STOP IN TRAFFIC",NULL,NULL,"2.0",NULL,NULL,NULL,NULL,NULL,NULL,NULL,"N","Y",NULL,NULL,NULL,NULL,NULL,NULL,NULL,NULL,"REAR",NULL,NULL,NULL,NULL,NULL,NULL,NULL,NULL,NULL,NULL,NULL,NULL,NULL,NULL,NULL,NULL,NULL,NULL,NULL,NULL,NULL,NULL,NULL,NULL,NULL,NULL,NULL,NULL,NULL,NULL,NULL,NULL,NULL