"CRASH_UNIT_ID","CRASH_RECORD_ID","RD_NO","CRASH_DATE","UNIT_NO","UNIT_TYPE","NUM_PASSENGERS","VEHICLE_ID","CMRC_VEH_I","MAKE","MODEL","LIC_PLATE_STATE","VEHICLE_YEAR","VEHICLE_DEFECT","VEHICLE_TYPE","VEHICLE_USE","TRAVEL_DIRECTION","MANEUVER","TOWED_I","FIRE_I","OCCUPANT_CNT","EXCEED_SPEED_LIMIT_I","TOWED_BY","TOWED_TO","AREA_00_I","AREA_01_I","AREA_02_I","AREA_03_I","AREA_04_I","AREA_05_I","AREA_06_I","AREA_07_I","AREA_08_I","AREA_09_I","AREA_10_I","AREA_11_I","AREA_12_I","AREA_99_I","FIRST_CONTACT_POINT","CMV_ID","USDOT_NO","CCMC_NO","ILCC_NO","COMMERCIAL_SRC","GVWR","CARRIER_NAME","CARRIER_STATE","CARRIER_CITY","HAZMAT_PLACARDS_I","HAZMAT_NAME","UN_NO","HAZMAT_PRESENT_I","HAZMAT_REPORT_I","HAZMAT_REPORT_NO","MCS_REPORT_I","MCS_REPORT_NO","HAZMAT_VIO_CAUSE_CRASH_I","MCS_VIO_CAUSE_CRASH_I","IDOT_PERMIT_NO","WIDE_LOAD_I","TRAILER1_WIDTH","TRAILER2_WIDTH","TRAILER1_LENGTH","TRAILER2_LENGTH","TOTAL_VEHICLE_LENGTH","AXLE_CNT","VEHICLE_CONFIG","CARGO_BODY_TYPE","LOAD_TYPE","HAZMAT_OUT_OF_SERVICE_I","MCS_OUT_OF_SERVICE_I","HAZMAT_CLASS"
"400024","01541ea5f0d9e321ddf29d760fca70e34d9f854f68a5fad2f2700b83acdfa14333ef4a45bd7a6fd00e834198c09ab03e0fcc5cd50124b29ebcd5e792867864c7","JB289241","06/02/2018 12:36:00 AM","1","DRIVER",NULL,"384687.0",NULL,"CHEVROLET","MALIBU (CHEVELLE)","IL","2017.0","NONE","PASSENGER","OTHER","W","SLOW/STOP IN TRAFFIC",NULL,NULL,"1.0",NULL,NULL,NULL,NULL,NULL,"Y","Y","Y",NULL,NULL,NULL,NULL,NULL,NULL,NULL,NULL,NULL,"FRONT-RIGHT",NULL,NULL,NULL,NULL,NULL,NULL,NULL,NULL,NULL,NULL,NULL,NULL,NULL,NULL,NULL,NULL,NULL,NULL,NULL,NULL,NULL,NULL,NULL,NULL,NULL,NULL,NULL,NULL,NULL,NULL,NULL,NULL,NULL
"400076","471bd178e6805eda028a80677e338129e0dc51d3b2534778b79547446d556bc7bcaa4e03eb1de9b0a0b0fbdffab4fc49c181b6f6d84bf2662c262c314243f11c","JB289353","06/02/2018 01:00:00 AM","2","DRIVER","1.0","384739.0",NULL,"TOYOTA MOTOR COMPANY, LTD.","Prius","IL","2013.0","NONE","PASSENGER","PERSONAL","E","STRAIGHT AHEAD",NULL,NULL,"2.0",NULL,NULL,NULL,NULL,NULL,"Y",NULL,NULL,NULL,NULL,NULL,NULL,NULL,NULL,NULL,NULL,NULL,"FRONT-RIGHT",NULL,NULL,NULL,NULL,NULL,NULL,NULL,NULL,NULL,NULL,NULL,NULL,NULL,NULL,NULL,NULL,NULL,NULL,NULL,NULL,NULL,NULL,NULL,NULL,NULL,NULL,NULL,NULL,NULL,NULL,NULL,NULL,NULL
"400177","1e906fa4086edd194c817aa959508dbd455913a5513f6928f0614de4ba723f7f350c9ad8376d7f52fd9f5260a7e0256df5c6019c6a91c24bd6d97e4359b19eba","JB289494","06/02/2018 09:40:00 AM","2","DRIVER",NULL,"384852.0",NULL,"TOYOTA MOTOR COMPANY, LTD.","COROLLA",NULL,"2009.0","NONE","PASSENGER","PERSONAL","N","SLOW/STOP IN TRAFFIC",NULL,NULL,"1.0",NULL,NULL,NULL,NULL,NULL,NULL,NULL,NULL,"Y",NULL,NULL,NULL,NULL,NULL,NULL,NULL,NULL,"REAR",NULL,NULL,NULL,NULL,NULL,NULL,NULL,NULL,NULL,NULL,NULL,NULL,NULL,NULL,NULL,NULL,NULL,NULL,NULL,NULL,NULL,NULL,NULL,NULL,NULL,NULL,NULL,NULL,NULL,NULL,NULL,NULL,NULL
"400184","9fb825b963d6983ae3213a5e7594e3ac53badf92611c6e999012a4f54d44a7719f8d0d68f9fea5c9e87e8e16b94019cf1bb914e3ab4a7eccf7959fa3b0328d8f","JB289556","06/01/2018 08:00:00 AM","1","PARKED",NULL,"384838.0",NULL,"TOYOTA MOTOR COMPANY, LTD.","CAMRY","IL","2008.0","NONE","PASSENGER","PERSONAL","N","PARKED",NULL,NULL,"0.0",NULL,NULL,NULL,NULL,NULL,"Y",NULL,NULL,NULL,NULL,NULL,NULL,NULL,NULL,NULL,NULL,NULL,"NONE",NULL,NULL,NULL,NULL,NULL,NULL,NULL,NULL,NULL,NULL,NULL,NULL,NULL,NULL,NULL,NULL,NULL,NULL,NULL,NULL,NULL,NULL,NULL,NULL,NULL,NULL,NULL,NULL,NULL,NULL,NULL,NULL,NULL
"400220","70c7562f25a3144028d934268dabc395d677643aebf438e7fd2388de0be939cd857f62adfa594e34acf2b5161c8564150e41af46c6c5b2fd88e483238da48062","JB289624","06/02/2018 11:50:00 AM","1","DRIVER",NULL,"384864.0",NULL,"CHEVROLET","SILVERADO","IL","2015.0","NONE","PICKUP","PERSONAL","E","BACKING",NULL,NULL,"1.0",NULL,NULL,NULL,NULL,NULL,NULL,NULL,NULL,NULL,"Y",NULL,NULL,NULL,NULL,NULL,NULL,NULL,"REAR-LEFT",NULL,NULL,NULL,NULL,NULL,NULL,NULL,NULL,NULL,NULL,NULL,NULL,NULL,NULL,NULL,NULL,NULL,NULL,NULL,NULL,NULL,NULL,NULL,NULL,NULL,NULL,NULL,NULL,NULL,NULL,NULL,NULL,NULL
"400300","dfc0a737b67500628d0c384ec218b43454108c21a6757fdf0c477afe43990252e5c436b040cef6225e56f7d72a37390928362618a8bfaf854243f0337bbe2c3d","JB289649","06/02/2018 11:48:00 AM","2","DRIVER",NULL,"384975.0",NULL,"CHEVROLET","CAMARO","NY","2015.0","NONE","PASSENGER","PERSONAL","N","STRAIGHT AHEAD",NULL,NULL,"1.0",NULL,NULL,NULL,NULL,"Y",NULL,NULL,NULL,NULL,NULL,NULL,NULL,NULL,NULL,NULL,NULL,NULL,"FRONT",NULL,NULL,NULL,NULL,NULL,NULL,NULL,NULL,NULL,NULL,NULL,NULL,NULL,NULL,NULL,NULL,NULL,NULL,NULL,NULL,NULL,NULL,NULL,NULL,NULL,NULL,NULL,NULL,NULL,NULL,NULL,NULL,NULL
"400818","1915fbee3d1fdee489f21f0beb209f0de5edd3841c6b6a43cdf1ba125002ef039952b47b5feec36cb4957b56dd8163b7f3fae188de3655544ab1fbd60a0e6e3a","JB290532","06/02/2018 10:20:00 PM","1","DRIVER",NULL,"385437.0",NULL,"HONDA","CRV","IL","2018.0","UNKNOWN","PASSENGER","PERSONAL","N","CHANGING LANES",NULL,NULL,"1.0",NULL,NULL,NULL,NULL,NULL,NULL,NULL,NULL,NULL,NULL,NULL,"Y",NULL,NULL,NULL,NULL,NULL,"FRONT-LEFT",NULL,NULL,NULL,NULL,NULL,NULL,NULL,NULL,NULL,NULL,NULL,NULL,NULL,NULL,NULL,NULL,NULL,NULL,NULL,NULL,NULL,NULL,NULL,NULL,NULL,NULL,NULL,NULL,NULL,NULL,NULL,NULL,NULL
"400931","a114e978e40bfb290db0de983cd9a49015baedf1ef2587cef6ba3bbea5c027a55ccf989bc3174eb80d829c710618c90d953897d9553aa7a03b005c7e5bb2a88c","JB290771","06/03/2018 07:12:00 AM","1","DRIVER","5.0","385548.0",NULL,"MERCEDES-BENZ","R350","IL","2008.0","NONE","VAN/MINI-VAN","OTHER","NW","STRAIGHT AHEAD","Y",NULL,"6.0","Y","CPD","POUND #6",NULL,"Y","Y","Y","Y","Y","Y","Y","Y","Y",NULL,"Y",NULL,NULL,"FRONT",NULL,NULL,NULL,NULL,NULL,NULL,NULL,NULL,NULL,NULL,NULL,NULL,NULL,NULL,NULL,NULL,NULL,NULL,NULL,NULL,NULL,NULL,NULL,NULL,NULL,NULL,NULL,NULL,NULL,NULL,NULL,NULL,NULL
"400939","d691f5da8ac1dc26a4f643cb21820e8f50ee23a3877d56722c824f1f8cbba4cc1a3cfc3c07f8f09b39b9b54309e5b44c854ce5af823d0e82a83778fa555fcd48","JB290886","06/03/2018 09:00:00 AM","2","DRIVERLESS",NULL,"385551.0",NULL,"FORD","TAURUS","IL","2016.0","NONE","PASSENGER","PERSONAL","S","PARKED",NULL,NULL,"0.0",NULL,NULL,NULL,NULL,NULL,NULL,NULL,NULL,NULL,NULL,"Y","Y",NULL,NULL,NULL,NULL,NULL,"FRONT-LEFT",NULL,NULL,NULL,NULL,NULL,NULL,NULL,NULL,NULL,NULL,NULL,NULL,NULL,NULL,NULL,NULL,NULL,NULL,NULL,NULL,NULL,NULL,NULL,NULL,NULL,NULL,NULL,NULL,NULL,NULL,NULL,NULL,NULL
"401947","c9a1b9df33b60d82f58902b6f1dd395b1e2e59611b448562db61f342264b85fdde628405b011c104f81a27120f46f343253a5288f9f565833b0d7bfab75d7d34","JB292757","06/04/2018 03:30:00 PM","1","DRIVER","1.0","386514.0",NULL,"PORSCHE","Cayenne","IL","2012.0","NONE","PASSENGER","PERSONAL","E","LEAVING TRAFFIC LANE TO PARK",NULL,NULL,"2.0",NULL,NULL,NULL,NULL,NULL,NULL,"Y",NULL,NULL,NULL,NULL,NULL,NULL,NULL,NULL,NULL,NULL,"SIDE-RIGHT",NULL,NULL,NULL,NULL,NULL,NULL,NULL,NULL,NULL,NULL,NULL,NULL,NULL,NULL,NULL,NULL,NULL,NULL,NULL,NULL,NULL,NULL,NULL,NULL,NULL,NULL,NULL,NULL,NULL,NULL,NULL,NULL,NULL
"402016","0fe7c6338a333e71bb2e9cd44733feabd0cec6d65484c3f04004e77edd3685ad5d5835bbae62eeb604f4ede8e4e5bc26b453ca0ec73846b1c37e759b79315488","JB292811","06/04/2018 04:06:00 PM","2","DRIVER",NULL,"386590.0",NULL,"FORD","EXPLORER","IL","2014.0","NONE","PASSENGER","PERSONAL","S","SLOW/STOP - RIGHT TURN",NULL,NULL,"1.0",NULL,NULL,NULL,NULL,NULL,NULL,NULL,NULL,NULL,"Y",NULL,NULL,NULL,NULL,NULL,NULL,NULL,"REAR-LEFT",NULL,NULL,NULL,NULL,NULL,NULL,NULL,NULL,NULL,NULL,NULL,NULL,NULL,NULL,NULL,NULL,NULL,NULL,NULL,NULL,NULL,NULL,NULL,NULL,NULL,NULL,NULL,NULL,NULL,NULL,NULL,NULL,NULL
"402080","d9844c236bb76a708169dc135dea7c1abd7592dbb0acbbe05f51f8b9a90b71aa93b0470a4872ac03c5a63c963c4eff750459307e01984224a55a143ad6844b19","JB292808","06/04/2018 04:10:00 PM","2","DRIVER",NULL,"386659.0",NULL,"UNKNOWN","UNKNOWN","IL","2018.0","UNKNOWN","UNKNOWN/NA","UNKNOWN/NA","E","STRAIGHT AHEAD",NULL,NULL,"1.0",NULL,NULL,NULL,NULL,NULL,"Y",NULL,NULL,NULL,NULL,NULL,NULL,NULL,NULL,NULL,NULL,NULL,"FRONT-RIGHT",NULL,NULL,NULL,NULL,NULL,NULL,NULL,NULL,NULL,NULL,NULL,NULL,NULL,NULL,NULL,NULL,NULL,NULL,NULL,NULL,NULL,NULL,NULL,NULL,NULL,NULL,NULL,NULL,NULL,NULL,NULL,NULL,NULL
"402543","6efa6127e80a253c25c084c529b537e333a01d85e8a52b5fb70234e3d3c624d0ee3519b1c8549b20b663ee55f5d5d203017394f9d29ad27ad4fa9cc73aeb96c8","JB293568","06/05/2018 06:50:00 AM","2","DRIVER",NULL,"387071.0",NULL,"BUICK","LACROSSE","IL","2013.0","NONE","PASSENGER","PERSONAL","N","STRAIGHT AHEAD",NULL,NULL,"1.0",NULL,NULL,NULL,NULL,NULL,NULL,NULL,NULL,"Y",NULL,NULL,NULL,NULL,NULL,NULL,NULL,NULL,"REAR",NULL,NULL,NULL,NULL,NULL,NULL,NULL,NULL,NULL,NULL,NULL,NULL,NULL,NULL,NULL,NULL,NULL,NULL,NULL,NULL,NULL,NULL,NULL,NULL,NULL,NULL,NULL,NULL,NULL,NULL,NULL,NULL,NULL
"402810","7403a12a4eb191107926f40cc1c4adf9662f6b5b743590bbda8e8783cb2352b31abb6675f4961bd7f42901aad35a570fb806a073ccbd167bc47b68811a87ef8d","JB294141","06/05/2018 02:00:00 PM","2","DRIVER",NULL,"387337.0",NULL,"SUBARU","FORESTER","IL","2014.0","UNKNOWN","PASSENGER","PERSONAL","W","STRAIGHT AHEAD",NULL,NULL,"1.0",NULL,NULL,NULL,NULL,NULL,NULL,"Y",NULL,NULL,NULL,NULL,NULL,NULL,NULL,NULL,NULL,NULL,"SIDE-RIGHT",NULL,NULL,NULL,NULL,NULL,NULL,NULL,NULL,NULL,NULL,NULL,NULL,NULL,NULL,NULL,NULL,NULL,NULL,NULL,NULL,NULL,NULL,NULL,NULL,NULL,NULL,NULL,NULL,NULL,NULL,NULL,NULL,NULL
"403121","b20a0ff054b27b928157f8967561f8e479a0de1bf819bc65a253b3ce9bfd6ce23bb3cbfcc19fe5f65ec236ac29d5bdb53a7f0334440c53592e12119e399fd48f","JB294664","06/05/2018 08:25:00 PM","2","PARKED",NULL,"387628.0",NULL,"LEXUS","LS460","IL","2008.0","NONE","PASSENGER","NOT IN USE","UNKNOWN","PARKED",NULL,NULL,"0.0",NULL,NULL,NULL,NULL,NULL,NULL,NULL,NULL,NULL,"Y",NULL,NULL,NULL,NULL,NULL,NULL,NULL,"REAR-LEFT",NULL,NULL,NULL,NULL,NULL,NULL,NULL,NULL,NULL,NULL,NULL,NULL,NULL,NULL,NULL,NULL,NULL,NULL,NULL,NULL,NULL,NULL,NULL,NULL,NULL,NULL,NULL,NULL,NULL,NULL,NULL,NULL,NULL
"403130","902abf70badf0b7c119c8ef064379ee44292893250a8860e1575111565c6947473ddefa6c42e9bb2047362b0fedd20517ea752f411b1c3363531f4ce4b6f7718","JB294665","06/05/2018 07:50:00 PM","1","DRIVER",NULL,"387638.0",NULL,"CHEVROLET","CRUZE","IN","2016.0","UNKNOWN","PASSENGER","PERSONAL","W","CHANGING LANES",NULL,NULL,"1.0",NULL,NULL,NULL,NULL,NULL,NULL,NULL,"Y",NULL,NULL,NULL,NULL,NULL,NULL,NULL,NULL,NULL,"REAR-RIGHT",NULL,NULL,NULL,NULL,NULL,NULL,NULL,NULL,NULL,NULL,NULL,NULL,NULL,NULL,NULL,NULL,NULL,NULL,NULL,NULL,NULL,NULL,NULL,NULL,NULL,NULL,NULL,NULL,NULL,NULL,NULL,NULL,NULL
"403231","2277f2cb8995912e4b3259ccad036dcbb49371abd361a567a536f248ea567de5f4c239e2a749281cdb35bedb8f6b26770378ac06ff515601f31640528dc6238a","JB294946","06/06/2018 03:54:00 AM","1","DRIVER",NULL,"387739.0",NULL,"DODGE","JOURNEY","IL","2017.0","NONE","SPORT UTILITY VEHICLE (SUV)","PERSONAL","S","TURNING LEFT","Y",NULL,"3.0",NULL,"Private",NULL,NULL,NULL,NULL,NULL,NULL,NULL,NULL,NULL,NULL,NULL,NULL,NULL,NULL,NULL,NULL,NULL,NULL,NULL,NULL,NULL,NULL,NULL,NULL,NULL,NULL,NULL,NULL,NULL,NULL,NULL,NULL,NULL,NULL,NULL,NULL,NULL,NULL,NULL,NULL,NULL,NULL,NULL,NULL,NULL,NULL,NULL,NULL,NULL
"403347","82d7baa0ae4fafbd90b1b12201a2682c1e160cbb4347b39657f33ff67e2a64204a3e2487c1867dcf57e88a34a263a20ebd498ee825c4146403a25618ca438c18","JB295178","06/06/2018 01:00:00 AM","2","PARKED",NULL,"387850.0",NULL,"MERCEDES-BENZ","UNKNOWN","IL","2012.0","UNKNOWN","PASSENGER","NOT IN USE","N","PARKED",NULL,NULL,"0.0",NULL,NULL,NULL,NULL,NULL,"Y","Y","Y",NULL,NULL,NULL,NULL,NULL,NULL,NULL,NULL,NULL,"REAR-RIGHT",NULL,NULL,NULL,NULL,NULL,NULL,NULL,NULL,NULL,NULL,NULL,NULL,NULL,NULL,NULL,NULL,NULL,NULL,NULL,NULL,NULL,NULL,NULL,NULL,NULL,NULL,NULL,NULL,NULL,NULL,NULL,NULL,NULL
"403509","f8e7c2b833aeed831b3e4386fff66ef7fa591d2d42b6b3552df52475abf5d79dcbe45101abec319bce33054f737cabbb6ffac375bf470218a4d953aaf010a18d","JB295510","06/06/2018 01:38:00 PM","2","DRIVER","1.0","388000.0",NULL,"FORD","Focus","IL","2013.0","NONE","PASSENGER","PERSONAL","N","STRAIGHT AHEAD",NULL,NULL,"2.0",NULL,NULL,NULL,NULL,NULL,NULL,NULL,NULL,"Y",NULL,NULL,NULL,NULL,NULL,NULL,NULL,NULL,"REAR",NULL,NULL,NULL,NULL,NULL,NULL,NULL,NULL,NULL,NULL,NULL,NULL,NULL,NULL,NULL,NULL,NULL,NULL,NULL,NULL,NULL,NULL,NULL,NULL,NULL,NULL,NULL,NULL,NULL,NULL,NULL,NULL,NULL
"403702","90ec2f492c2b11a416fba82ca6d187ca24ee8f48e7d4a3acf9e8a16e6b1a831cff7cf453020199c561d8bea1f79674cf265a0fa8ad3a44c9d934a3ca2766306f","JB295821","06/06/2018 04:15:00 PM","2","DRIVER",NULL,"388180.0",NULL,"CHEVROLET","EQUINOX",NULL,"2016.0","UNKNOWN","PASSENGER","PERSONAL","N","STRAIGHT AHEAD",NULL,NULL,"1.0",NULL,NULL,NULL,NULL,NULL,NULL,NULL,NULL,"Y",NULL,NULL,NULL,NULL,NULL,NULL,NULL,NULL,"REAR-LEFT",NULL,NULL,NULL,NULL,NULL,NULL,NULL,NULL,NULL,NULL,NULL,NULL,NULL,NULL,NULL,NULL,NULL,NULL,NULL,NULL,NULL,NULL,NULL,NULL,NULL,NULL,NULL,NULL,NULL,NULL,NULL,NULL,NULL
"403717","21242e73a009f24f284824bb2cdc286bad19135f914f0b7e2246e88a99875fa1e7da26e0a87c4e8208884680872b23d287ad31b085e8e0791f15092e92903ccf","JB295860","06/04/2018 05:00:00 PM","1","DRIVER",NULL,"388188.0",NULL,"JEEP","Grand Cherokee (for vehicle years 1989 to present)","IL","2008.0","UNKNOWN","PASSENGER","PERSONAL","S","STRAIGHT AHEAD",NULL,NULL,"1.0",NULL,NULL,NULL,"Y",NULL,NULL,NULL,NULL,NULL,NULL,NULL,NULL,NULL,NULL,NULL,NULL,NULL,"FRONT",NULL,NULL,NULL,NULL,NULL,NULL,NULL,NULL,NULL,NULL,NULL,NULL,NULL,NULL,NULL,NULL,NULL,NULL,NULL,NULL,NULL,NULL,NULL,NULL,NULL,NULL,NULL,NULL,NULL,NULL,NULL,NULL,NULL
"403778","423f748b17eb5cec7fdc0d0d817b63ae1cdb8efa6cfada864922479b4fa3b8b5966915e568faa53aede1facfc5de91be90403c4121fb41651064589c4a0986cd","JB295917","06/06/2018 06:25:00 PM","1","DRIVER","2.0","388242.0",NULL,"LINCOLN-CONTINENTAL","MKX","IL","2015.0","NONE","PASSENGER","PERSONAL","W","STRAIGHT AHEAD",NULL,NULL,"3.0",NULL,NULL,NULL,NULL,"Y",NULL,NULL,NULL,NULL,NULL,NULL,NULL,NULL,NULL,NULL,NULL,NULL,"FRONT",NULL,NULL,NULL,NULL,NULL,NULL,NULL,NULL,NULL,NULL,NULL,NULL,NULL,NULL,NULL,NULL,NULL,NULL,NULL,NULL,NULL,NULL,NULL,NULL,NULL,NULL,NULL,NULL,NULL,NULL,NULL,NULL,NULL
"403795","ba38e6d3c975876017a05ecfaca2fdf72ae1190daa00709ab6727291b433ce0118888875b6b8ed88b808ccb0ac19ef01c715a0ca73a09558c32b2d72c8ccb079","JB295902","06/06/2018 06:09:00 PM","1","DRIVER",NULL,"388257.0",NULL,"JEEP","PATRIOT","IL","2015.0","UNKNOWN","SPORT UTILITY VEHICLE (SUV)","PERSONAL","NW","SLOW/STOP - LOAD/UNLOAD",NULL,NULL,"1.0",NULL,NULL,NULL,NULL,NULL,"Y",NULL,NULL,NULL,NULL,NULL,NULL,NULL,NULL,NULL,NULL,NULL,"FRONT-RIGHT",NULL,NULL,NULL,NULL,NULL,NULL,NULL,NULL,NULL,NULL,NULL,NULL,NULL,NULL,NULL,NULL,NULL,NULL,NULL,NULL,NULL,NULL,NULL,NULL,NULL,NULL,NULL,NULL,NULL,NULL,NULL,NULL,NULL
"403950","5b488347178e353037a4b826b0cf952940b08571fe256da64effbc6c437d03cd1dd4f31ceefa026b4ccb89abed7b559b726b6d295972c6cbc3407bac2a15cc55","JB296352","06/07/2018 05:14:00 AM","2","PARKED",NULL,"388408.0",NULL,"DODGE","CHARGER","IL","2008.0","NONE","PASSENGER","NOT IN USE","S","PARKED",NULL,NULL,"0.0",NULL,NULL,NULL,NULL,NULL,NULL,"Y",NULL,NULL,NULL,NULL,NULL,NULL,NULL,NULL,NULL,NULL,"SIDE-RIGHT",NULL,NULL,NULL,NULL,NULL,NULL,NULL,NULL,NULL,NULL,NULL,NULL,NULL,NULL,NULL,NULL,NULL,NULL,NULL,NULL,NULL,NULL,NULL,NULL,NULL,NULL,NULL,NULL,NULL,NULL,NULL,NULL,NULL
"404139","8414bcf36fbb4042ca7f04190daf0f6c7994018def887c3b64befb5a3898c800b8b9e30a0ac1e8b0a10df0b19d4034620e9db6c344f85b4919b8913aa1a1a296","JB296694","06/07/2018 10:45:00 AM","2","DRIVER",NULL,"388589.0",NULL,"HYUNDAI","SONATA","FL","2017.0","NONE","PASSENGER","PERSONAL","S","STRAIGHT AHEAD",NULL,NULL,"1.0",NULL,NULL,NULL,NULL,NULL,NULL,NULL,NULL,"Y",NULL,NULL,NULL,NULL,NULL,NULL,NULL,NULL,"REAR",NULL,NULL,NULL,NULL,NULL,NULL,NULL,NULL,NULL,NULL,NULL,NULL,NULL,NULL,NULL,NULL,NULL,NULL,NULL,NULL,NULL,NULL,NULL,NULL,NULL,NULL,NULL,NULL,NULL,NULL,NULL,NULL,NULL
"404185","899fe5043f731adfe29ec5d5b859810cdadaf3624333eb855824d9082c106a6f80a93c9a2344a9b0869fdb8a245c4cf15d64ee2625c6c60bebbc0152c0e10151","JB296825","06/07/2018 11:40:00 AM","3","DRIVER",NULL,"388656.0",NULL,"DODGE","JOURNEY","IL","2018.0","UNKNOWN","PASSENGER","PERSONAL","N","STRAIGHT AHEAD",NULL,NULL,"1.0",NULL,NULL,NULL,NULL,NULL,NULL,NULL,NULL,"Y",NULL,NULL,NULL,NULL,NULL,NULL,NULL,NULL,"REAR",NULL,NULL,NULL,NULL,NULL,NULL,NULL,NULL,NULL,NULL,NULL,NULL,NULL,NULL,NULL,NULL,NULL,NULL,NULL,NULL,NULL,NULL,NULL,NULL,NULL,NULL,NULL,NULL,NULL,NULL,NULL,NULL,NULL
"404430","c8cda91fa6353a3df47c10a5d809a71626feefbbdee404847304b6c40ad7ff06c13fb422ec51c35e2b84af961b224f079b41b472ac6675ceaf2a4b46dbfa1e83","JB297013","06/07/2018 02:31:00 PM","1","DRIVER",NULL,"388856.0",NULL,"NISSAN","NISSAN ALTIMA","WI","2013.0","NONE","PASSENGER","PERSONAL","S","TURNING LEFT",NULL,NULL,"1.0",NULL,NULL,NULL,NULL,NULL,NULL,"Y",NULL,NULL,NULL,NULL,NULL,NULL,NULL,NULL,NULL,NULL,"SIDE-RIGHT",NULL,NULL,NULL,NULL,NULL,NULL,NULL,NULL,NULL,NULL,NULL,NULL,NULL,NULL,NULL,NULL,NULL,NULL,NULL,NULL,NULL,NULL,NULL,NULL,NULL,NULL,NULL,NULL,NULL,NULL,NULL,NULL,NULL
"404648","5a8df22fd201aa36b02230cdeb21fbea609dcc3635e4f5d4bbfa0c881646a7f41dbbe863448c7a2c018f3c3c6a0d309db751268432d987719c5558d8f2a7c900","JB297622","06/07/2018 09:15:00 PM","2","PARKED",NULL,"389058.0",NULL,"FORD","ESCAPE (SUV)","IL","2013.0","UNKNOWN","PASSENGER","UNKNOWN/NA","UNKNOWN","PARKED IN TRAFFIC LANE",NULL,NULL,"0.0",NULL,NULL,NULL,NULL,NULL,NULL,"Y","Y","Y",NULL,NULL,NULL,NULL,NULL,NULL,NULL,NULL,"REAR-LEFT",NULL,NULL,NULL,NULL,NULL,NULL,NULL,NULL,NULL,NULL,NULL,NULL,NULL,NULL,NULL,NULL,NULL,NULL,NULL,NULL,NULL,NULL,NULL,NULL,NULL,NULL,NULL,NULL,NULL,NULL,NULL,NULL,NULL
"404662","2c40c678a6a9120dfec6d16389fa312db800cd43906efe4eee6a8c13b3a2a88cd3a1fda6d38748b1dd6b490f3adefe3d57eb096675b9e68357c1f84c54a5d776","JB297646","06/07/2018 10:40:00 PM","2","DRIVER",NULL,"389073.0",NULL,"TOYOTA MOTOR COMPANY, LTD.","COROLLA","IL","2018.0","NONE","PASSENGER","PERSONAL","W","STRAIGHT AHEAD",NULL,NULL,"1.0",NULL,NULL,NULL,NULL,NULL,NULL,NULL,NULL,NULL,"Y","Y","Y",NULL,NULL,NULL,NULL,NULL,"FRONT-LEFT",NULL,NULL,NULL,NULL,NULL,NULL,NULL,NULL,NULL,NULL,NULL,NULL,NULL,NULL,NULL,NULL,NULL,NULL,NULL,NULL,NULL,NULL,NULL,NULL,NULL,NULL,NULL,NULL,NULL,NULL,NULL,NULL,NULL
"404809","7085f9ad95605358a7462d41508b41e4f7650cf0a9fcbbb1268ceb7e4fa8a4fa6f26c9342ec77c336306207145c166ee16b836f5f107b744998af76cebaa1c23","JB297921","06/08/2018 08:55:00 AM","1","DRIVER","1.0","389226.0",NULL,"CHRYSLER","200","IL","2012.0","NONE","PASSENGER","PERSONAL","N","STRAIGHT AHEAD",NULL,NULL,"2.0",NULL,NULL,NULL,NULL,"Y",NULL,NULL,NULL,NULL,NULL,NULL,"Y",NULL,NULL,NULL,NULL,NULL,"FRONT",NULL,NULL,NULL,NULL,NULL,NULL,NULL,NULL,NULL,NULL,NULL,NULL,NULL,NULL,NULL,NULL,NULL,NULL,NULL,NULL,NULL,NULL,NULL,NULL,NULL,NULL,NULL,NULL,NULL,NULL,NULL,NULL,NULL
"405254","26161d187436e00d196da9a9a59e38ff4cf452f95a92f2ad3f01ce73486ce2e87b23cab5c1101be47716641b864440668ca0d49d98114abab4e6c97fd38fb72e","JB298650","06/08/2018 05:31:00 PM","1","DRIVER",NULL,"389634.0",NULL,"FORD","EXPLORER","IL","2017.0","NONE","SPORT UTILITY VEHICLE (SUV)","POLICE","W","MERGING",NULL,NULL,"1.0",NULL,NULL,NULL,NULL,"Y",NULL,NULL,NULL,NULL,NULL,NULL,NULL,NULL,NULL,NULL,NULL,NULL,"FRONT-LEFT",NULL,NULL,NULL,NULL,NULL,NULL,NULL,NULL,NULL,NULL,NULL,NULL,NULL,NULL,NULL,NULL,NULL,NULL,NULL,NULL,NULL,NULL,NULL,NULL,NULL,NULL,NULL,NULL,NULL,NULL,NULL,NULL,NULL
"405533","b15a57c939980facb342ec41c5d06f22b896c1b7b84f3ff6c35e6e90f2fa1386d8e9c9b99bc7b5554c6a9f5f26789882f327647ade1b062baf94536996fd2343","JB299252","06/09/2018 04:33:00 AM","1","DRIVER",NULL,"389907.0","N","JEEP","UNKNOWN","IL","2013.0","UNKNOWN","PASSENGER","PERSONAL","N","TURNING LEFT","Y",NULL,"1.0",NULL,"private","private",NULL,"Y","Y",NULL,NULL,NULL,NULL,NULL,"Y",NULL,NULL,NULL,NULL,NULL,"FRONT",NULL,NULL,NULL,NULL,NULL,NULL,NULL,NULL,NULL,NULL,NULL,NULL,NULL,NULL,NULL,NULL,NULL,NULL,NULL,NULL,NULL,NULL,NULL,NULL,NULL,NULL,NULL,NULL,NULL,NULL,NULL,NULL,NULL