"CRASH_UNIT_ID","CRASH_RECORD_ID","RD_NO","CRASH_DATE","UNIT_NO","UNIT_TYPE","NUM_PASSENGERS","VEHICLE_ID","CMRC_VEH_I","MAKE","MODEL","LIC_PLATE_STATE","VEHICLE_YEAR","VEHICLE_DEFECT","VEHICLE_TYPE","VEHICLE_USE","TRAVEL_DIRECTION","MANEUVER","TOWED_I","FIRE_I","OCCUPANT_CNT","EXCEED_SPEED_LIMIT_I","TOWED_BY","TOWED_TO","AREA_00_I","AREA_01_I","AREA_02_I","AREA_03_I","AREA_04_I","AREA_05_I","AREA_06_I","AREA_07_I","AREA_08_I","AREA_09_I","AREA_10_I","AREA_11_I","AREA_12_I","AREA_99_I","FIRST_CONTACT_POINT","CMV_ID","USDOT_NO","CCMC_NO","ILCC_NO","COMMERCIAL_SRC","GVWR","CARRIER_NAME","CARRIER_STATE","CARRIER_CITY","HAZMAT_PLACARDS_I","HAZMAT_NAME","UN_NO","HAZMAT_PRESENT_I","HAZMAT_REPORT_I","HAZMAT_REPORT_NO","MCS_REPORT_I","MCS_REPORT_NO","HAZMAT_VIO_CAUSE_CRASH_I","MCS_VIO_CAUSE_CRASH_I","IDOT_PERMIT_NO","WIDE_LOAD_I","TRAILER1_WIDTH","TRAILER2_WIDTH","TRAILER1_LENGTH","TRAILER2_LENGTH","TOTAL_VEHICLE_LENGTH","AXLE_CNT","VEHICLE_CONFIG","CARGO_BODY_TYPE","LOAD_TYPE","HAZMAT_OUT_OF_SERVICE_I","MCS_OUT_OF_SERVICE_I","HAZMAT_CLASS"
"421139","b221f2b2c40b4b5664ec3e702f20890252b07d7060060f44e68e77f62830ecd4bfb1d2890d3a0c6cf54f4dd79f2c0e506783f1a6dac38c59a74b7a19b52bba16","JB327934","06/29/2018 03:03:00 PM","2","DRIVER",NULL,"404501.0",NULL,"TOYOTA MOTOR COMPANY, LTD.","COROLLA","IL","2017.0","NONE","PASSENGER","PERSONAL","S","STRAIGHT AHEAD","Y",NULL,"1.0",NULL,NULL,NULL,NULL,"Y","Y",NULL,NULL,NULL,NULL,"N","Y",NULL,NULL,NULL,NULL,NULL,"FRONT-LEFT",NULL,NULL,NULL,NULL,NULL,NULL,NULL,NULL,NULL,NULL,NULL,NULL,NULL,NULL,NULL,NULL,NULL,NULL,NULL,NULL,NULL,NULL,NULL,NULL,NULL,NULL,NULL,NULL,NULL,NULL,NULL,NULL,NULL
"421176","99d788335f94e94bae98e218b0a4374c864f67497cf955627b198188563434f60c0364b6215ca6a9a53c525f67f207f7b0a21f8c9a9db3e1463942d943cc110d","JB328155","06/29/2018 01:00:00 PM","1","DRIVER",NULL,"404506.0",NULL,"CHEVROLET","IMPALA","IL","2017.0","UNKNOWN","PASSENGER","UNKNOWN/NA","W","TURNING LEFT",NULL,NULL,"1.0",NULL,NULL,NULL,NULL,"Y","Y",NULL,NULL,NULL,NULL,"N","Y",NULL,NULL,NULL,NULL,NULL,"FRONT-RIGHT",NULL,NULL,NULL,NULL,NULL,NULL,NULL,NULL,NULL,NULL,NULL,NULL,NULL,NULL,NULL,NULL,NULL,NULL,NULL,NULL,NULL,NULL,NULL,NULL,NULL,NULL,NULL,NULL,NULL,NULL,NULL,NULL,NULL
"421196","97680a4d26edf87461411c68a42a29537d4282b7aed816516a9333fe824db2dda4695a46a691cc49fde81218f24c88e14be1c36b87f247a4c2ac8c2486118d37","JB328177","06/29/2018 05:00:00 PM","3","DRIVER",NULL,"404596.0",NULL,"TOYOTA MOTOR COMPANY, LTD.","TOYOTA","IL","2013.0","NONE","PASSENGER","PERSONAL","S","STRAIGHT AHEAD",NULL,NULL,"1.0",NULL,NULL,NULL,"Y",NULL,NULL,NULL,NULL,NULL,NULL,NULL,NULL,NULL,NULL,NULL,NULL,NULL,"NONE",NULL,NULL,NULL,NULL,NULL,NULL,NULL,NULL,NULL,NULL,NULL,NULL,NULL,NULL,NULL,NULL,NULL,NULL,NULL,NULL,NULL,NULL,NULL,NULL,NULL,NULL,NULL,NULL,NULL,NULL,NULL,NULL,NULL
"421261","58c688464306665ef260011f050f6601e82640a76d4b95d8e3f4809b6e41da34409e47fab492b0b65034c2bca128b393c0a9b4774386ce319db486ec205d1b0a","JB328176","06/29/2018 05:59:00 PM","1","DRIVER",NULL,"404586.0",NULL,"CHEVROLET","UNKNOWN","IL","2013.0","NONE","PASSENGER","PERSONAL","SE","OTHER","Y",NULL,"1.0",NULL,"private",NULL,NULL,"Y",NULL,NULL,NULL,NULL,NULL,NULL,"Y",NULL,NULL,NULL,NULL,NULL,"FRONT-LEFT",NULL,NULL,NULL,NULL,NULL,NULL,NULL,NULL,NULL,NULL,NULL,NULL,NULL,NULL,NULL,NULL,NULL,NULL,NULL,NULL,NULL,NULL,NULL,NULL,NULL,NULL,NULL,NULL,NULL,NULL,NULL,NULL,NULL
"421379","cdea3282b8c0be97df2bc875363efa4538fbc23ad8ded44330c3e5bfe532eb748482bca40f46277ee0b432dd85ba9d8fe66154732f7c3af0a1141c36610718e3","JB328381","06/29/2018 07:00:00 PM","1","DRIVER",NULL,"404703.0",NULL,"GENERAL MOTORS CORP.","YUKON","IL","2008.0","NONE","PASSENGER","PERSONAL","W","BACKING",NULL,NULL,"1.0",NULL,NULL,NULL,NULL,NULL,NULL,NULL,"Y","Y","Y",NULL,NULL,NULL,NULL,NULL,NULL,NULL,"REAR",NULL,NULL,NULL,NULL,NULL,NULL,NULL,NULL,NULL,NULL,NULL,NULL,NULL,NULL,NULL,NULL,NULL,NULL,NULL,NULL,NULL,NULL,NULL,NULL,NULL,NULL,NULL,NULL,NULL,NULL,NULL,NULL,NULL
"421633","e60425d39448994c85f2a665874c495be253a777eaf0ca1dd538c4e3fb0300f3433b2d2cf0bdff025a256f7d8d9d8dceadc024cc14af459bbc926813a280b034","JB328942","06/30/2018 08:45:00 AM","2","DRIVER",NULL,"404953.0",NULL,"HYUNDAI","SONATA","IL","2011.0","NONE","PASSENGER","PERSONAL","S","STRAIGHT AHEAD",NULL,NULL,"1.0",NULL,NULL,NULL,NULL,NULL,NULL,"Y",NULL,NULL,NULL,NULL,NULL,NULL,NULL,NULL,NULL,NULL,"SIDE-RIGHT",NULL,NULL,NULL,NULL,NULL,NULL,NULL,NULL,NULL,NULL,NULL,NULL,NULL,NULL,NULL,NULL,NULL,NULL,NULL,NULL,NULL,NULL,NULL,NULL,NULL,NULL,NULL,NULL,NULL,NULL,NULL,NULL,NULL
"422312","c063945e8e7b0343aeb045db3095a68782b4fcc8b082f3a51d7113ab20ab19e34aeee10c2a4d57376a544e92fefdc107b58370c06e01a90fa29c7cb0f2f25f35","JB330090","07/01/2018 01:15:00 AM","1","DRIVER","1.0","405606.0",NULL,"TOYOTA MOTOR COMPANY, LTD.","CAMRY","IL","2009.0","NONE","PASSENGER","RIDESHARE SERVICE","W","STRAIGHT AHEAD",NULL,NULL,"2.0",NULL,NULL,NULL,NULL,NULL,NULL,NULL,"Y",NULL,NULL,NULL,NULL,NULL,NULL,NULL,NULL,NULL,"REAR-RIGHT",NULL,NULL,NULL,NULL,NULL,NULL,NULL,NULL,NULL,NULL,NULL,NULL,NULL,NULL,NULL,NULL,NULL,NULL,NULL,NULL,NULL,NULL,NULL,NULL,NULL,NULL,NULL,NULL,NULL,NULL,NULL,NULL,NULL
"422525","4358573852f889b45fde92412864141beeaff94effdd4b2dd29c99b2c56863ae032855de558db7e4014a42b687e4524720b633feb9e3b45b1f04666c42393854","JB330473","07/01/2018 11:00:00 AM","2","DRIVER","1.0","405838.0",NULL,"FORD","FUSION","IL","2012.0","NONE","PASSENGER","PERSONAL","S","STRAIGHT AHEAD",NULL,NULL,"2.0",NULL,NULL,NULL,NULL,"Y","Y",NULL,NULL,NULL,NULL,NULL,NULL,NULL,NULL,NULL,NULL,NULL,"FRONT-RIGHT",NULL,NULL,NULL,NULL,NULL,NULL,NULL,NULL,NULL,NULL,NULL,NULL,NULL,NULL,NULL,NULL,NULL,NULL,NULL,NULL,NULL,NULL,NULL,NULL,NULL,NULL,NULL,NULL,NULL,NULL,NULL,NULL,NULL
"423176","37231d04d5dba591f54eaabe766ee84c2e68c2387a6daf69c71f52b78ec42caacc58f197444198fa705a83899f705016f3bd3b31af8e33430ee16ecdb1764677","JB331593","07/02/2018 02:30:00 AM","2","PARKED",NULL,"406423.0",NULL,"SUBARU","LEGACY","IL","2012.0","UNKNOWN","PASSENGER","PERSONAL","N","PARKED",NULL,NULL,"0.0",NULL,NULL,NULL,NULL,NULL,NULL,NULL,NULL,NULL,"Y",NULL,NULL,NULL,NULL,NULL,NULL,NULL,"REAR-LEFT",NULL,NULL,NULL,NULL,NULL,NULL,NULL,NULL,NULL,NULL,NULL,NULL,NULL,NULL,NULL,NULL,NULL,NULL,NULL,NULL,NULL,NULL,NULL,NULL,NULL,NULL,NULL,NULL,NULL,NULL,NULL,NULL,NULL
"423733","2de60d484a05980caa4e1e15e6388e50fe24e4757b8976947c1334b34d0cd5609ee2eb617202f22daa965df98ecd5b3f5062c2b52ed2ce405cb8df95dafa502c","JB332692","07/02/2018 08:21:00 PM","2","DRIVER",NULL,"406937.0",NULL,"HYUNDAI","SONATA","IL","2009.0","UNKNOWN","PASSENGER","PERSONAL","N","TURNING LEFT","Y",NULL,"1.0",NULL,"personal tow",NULL,NULL,NULL,NULL,"Y","Y",NULL,NULL,NULL,NULL,NULL,NULL,NULL,NULL,NULL,"REAR-RIGHT",NULL,NULL,NULL,NULL,NULL,NULL,NULL,NULL,NULL,NULL,NULL,NULL,NULL,NULL,NULL,NULL,NULL,NULL,NULL,NULL,NULL,NULL,NULL,NULL,NULL,NULL,NULL,NULL,NULL,NULL,NULL,NULL,NULL
"423961","c5dabeed7846c52ab955e7951040db5a7db4689b5a204cb17c71c7dcfe3fa3ff44bac5ab52d334b00aa8be3424d155046579fe510a74a41584c7a206a3d4aa56","JB333332","07/02/2018 04:30:00 PM","2","DRIVER","3.0","407146.0",NULL,"MERCEDES-BENZ","MERCEDES-BENZ","IL","2018.0","NONE","SPORT UTILITY VEHICLE (SUV)","PERSONAL","E","STRAIGHT AHEAD",NULL,NULL,"4.0",NULL,NULL,NULL,NULL,NULL,NULL,NULL,"Y",NULL,NULL,NULL,NULL,NULL,NULL,NULL,"Y",NULL,"SIDE-RIGHT",NULL,NULL,NULL,NULL,NULL,NULL,NULL,NULL,NULL,NULL,NULL,NULL,NULL,NULL,NULL,NULL,NULL,NULL,NULL,NULL,NULL,NULL,NULL,NULL,NULL,NULL,NULL,NULL,NULL,NULL,NULL,NULL,NULL
"424130","531fc686c17bd04b5a170eaf7fc232ae0547a739ec400ca27846a3404db9c609437cd27420a820064d28055e6d30bacd826e4949a4da5605cfd3f9d2b86f2036","JB333621","07/03/2018 01:30:00 PM","1","DRIVER",NULL,"407298.0",NULL,"NISSAN","NISSAN MAXIMA","IL","2010.0","NONE","PASSENGER","PERSONAL","S","STRAIGHT AHEAD",NULL,NULL,"1.0",NULL,NULL,NULL,NULL,"Y","Y",NULL,NULL,NULL,NULL,NULL,NULL,NULL,NULL,NULL,NULL,NULL,"FRONT-RIGHT",NULL,NULL,NULL,NULL,NULL,NULL,NULL,NULL,NULL,NULL,NULL,NULL,NULL,NULL,NULL,NULL,NULL,NULL,NULL,NULL,NULL,NULL,NULL,NULL,NULL,NULL,NULL,NULL,NULL,NULL,NULL,NULL,NULL
"424230","aa898d8fee0d7c7ba3382bff600e1a2715080c305d664e27260534e6aced3c43061d9462c12381a4a149c691966dc7d6de6d0b832df5ad3952e6feee14e8f300","JB333779","06/20/2018 01:09:00 PM","2","DRIVER",NULL,"407408.0",NULL,"CHEVROLET","EQUINOX","IL","2010.0","NONE","SPORT UTILITY VEHICLE (SUV)","PERSONAL","E","STRAIGHT AHEAD",NULL,NULL,"1.0",NULL,NULL,NULL,NULL,NULL,NULL,NULL,NULL,"Y","Y",NULL,NULL,NULL,NULL,NULL,NULL,NULL,"REAR-LEFT",NULL,NULL,NULL,NULL,NULL,NULL,NULL,NULL,NULL,NULL,NULL,NULL,NULL,NULL,NULL,NULL,NULL,NULL,NULL,NULL,NULL,NULL,NULL,NULL,NULL,NULL,NULL,NULL,NULL,NULL,NULL,NULL,NULL
"424269","be4e5c468b68b0eafd862a744ff8c1a1f761d645d8102ab27706a37e075438c81225b369f44bf05a4b6d6479a90cdaa0f233263670873804c9ede5942064ca85","JB333773","07/03/2018 03:00:00 PM","1","DRIVER","1.0","407418.0",NULL,"TOYOTA MOTOR COMPANY, LTD.","COROLLA","IL","2009.0","NONE","PASSENGER","PERSONAL","E","STRAIGHT AHEAD","Y",NULL,"2.0",NULL,NULL,NULL,NULL,"Y","Y",NULL,NULL,NULL,NULL,NULL,"Y",NULL,NULL,NULL,NULL,NULL,"FRONT",NULL,NULL,NULL,NULL,NULL,NULL,NULL,NULL,NULL,NULL,NULL,NULL,NULL,NULL,NULL,NULL,NULL,NULL,NULL,NULL,NULL,NULL,NULL,NULL,NULL,NULL,NULL,NULL,NULL,NULL,NULL,NULL,NULL
"424596","e93c4c6588f5c85b19d96fdda287f5d64ed8627f16081ba8268a251fa6eb8df65878d7f623c6f4a78ec4cbe437d416e19d49893ed51c097bdb81e3ec38e12fc8","JB334262","07/03/2018 04:47:00 PM","2","DRIVER",NULL,"407735.0",NULL,"HONDA","ACCORD","IL","2010.0","NONE","PASSENGER","PERSONAL","W","TURNING LEFT",NULL,NULL,"1.0",NULL,NULL,NULL,NULL,NULL,NULL,NULL,NULL,"Y",NULL,NULL,NULL,NULL,NULL,NULL,NULL,NULL,"REAR",NULL,NULL,NULL,NULL,NULL,NULL,NULL,NULL,NULL,NULL,NULL,NULL,NULL,NULL,NULL,NULL,NULL,NULL,NULL,NULL,NULL,NULL,NULL,NULL,NULL,NULL,NULL,NULL,NULL,NULL,NULL,NULL,NULL
"424669","d9420a3686510820e187075fe9f7013272a3fb477bec3206bccff8893db58476ea2450d73429b904a2eabcfcd5f97bb2e0917943b607af63e8d4a39d1e4b706f","JB334374","07/03/2018 05:30:00 AM","1","DRIVER",NULL,"407802.0",NULL,"TOYOTA MOTOR COMPANY, LTD.","UNKNOWN","IL","2012.0","UNKNOWN","PASSENGER","TAXI/FOR HIRE","W","STRAIGHT AHEAD",NULL,NULL,"1.0",NULL,NULL,NULL,NULL,"N",NULL,NULL,NULL,NULL,NULL,NULL,NULL,NULL,NULL,NULL,NULL,"Y","FRONT",NULL,NULL,NULL,NULL,NULL,NULL,NULL,NULL,NULL,NULL,NULL,NULL,NULL,NULL,NULL,NULL,NULL,NULL,NULL,NULL,NULL,NULL,NULL,NULL,NULL,NULL,NULL,NULL,NULL,NULL,NULL,NULL,NULL
"424758","33306f4e9f2b1dd9a8b9e52b10e1de2fc5f17edcb4a81e8340123963ae41d64b32df764e22c4c57d681d9b863a33aa561f4c8fd14bd7002c0cb44167cb584ac8","JB334594","07/04/2018 03:00:00 AM","2","PARKED",NULL,"407889.0",NULL,"TOYOTA MOTOR COMPANY, LTD.","Highlander(beginning vehicle year 2001)","IL","2009.0","NONE","PASSENGER","NOT IN USE","S","PARKED","Y",NULL,"0.0",NULL,"PRIVATE","UNK",NULL,"Y",NULL,NULL,NULL,"Y","Y","Y","Y",NULL,NULL,NULL,NULL,NULL,"REAR-LEFT",NULL,NULL,NULL,NULL,NULL,NULL,NULL,NULL,NULL,NULL,NULL,NULL,NULL,NULL,NULL,NULL,NULL,NULL,NULL,NULL,NULL,NULL,NULL,NULL,NULL,NULL,NULL,NULL,NULL,NULL,NULL,NULL,NULL
"424936","7d8e3850a18677026fd9f1486293b54bc768d80cf686d71172aed3c2d2b4141abfaeadff44c679cae57f0b36227255d6dfba91dca4557cc39af8b71e9c0ab582","JB334817","07/04/2018 10:28:00 AM","2","DRIVER","1.0","408058.0",NULL,"JEEP","UNKNOWN","IL","2016.0","NONE","PASSENGER","PERSONAL","N","TURNING LEFT","Y",NULL,"2.0",NULL,NULL,NULL,NULL,"Y","Y","Y","Y","Y","Y","Y","Y","Y",NULL,"Y",NULL,NULL,"TOTAL (ALL AREAS)",NULL,NULL,NULL,NULL,NULL,NULL,NULL,NULL,NULL,NULL,NULL,NULL,NULL,NULL,NULL,NULL,NULL,NULL,NULL,NULL,NULL,NULL,NULL,NULL,NULL,NULL,NULL,NULL,NULL,NULL,NULL,NULL,NULL
"424998","32451bd6b3021ad45a55b5f1a996221225081e987d0072301dd93fb75487cd0f83109d3913c76d93a5bb0687a1cb557ea9b234a51880bb63b49cfe10cda77996","JB335171","07/04/2018 02:15:00 PM","2","DRIVER","1.0","408117.0",NULL,"NISSAN","NISSAN","IL","2009.0","UNKNOWN","SPORT UTILITY VEHICLE (SUV)","UNKNOWN/NA","S","SLOW/STOP IN TRAFFIC",NULL,NULL,"2.0",NULL,NULL,NULL,NULL,NULL,NULL,NULL,NULL,"Y",NULL,NULL,NULL,NULL,NULL,NULL,NULL,NULL,"REAR",NULL,NULL,NULL,NULL,NULL,NULL,NULL,NULL,NULL,NULL,NULL,NULL,NULL,NULL,NULL,NULL,NULL,NULL,NULL,NULL,NULL,NULL,NULL,NULL,NULL,NULL,NULL,NULL,NULL,NULL,NULL,NULL,NULL
"425142","b2c46db4b6a01d13b9cfe687287e81b40ca067cf8c29d3e6067165963c9c65a47e3f11792d0ebd3f5a83ae31a4b2efee34a48c75f475e5fe615262f7cba068b9","JB335397","07/04/2018 07:40:00 PM","1","DRIVER","3.0","408255.0",NULL,"NISSAN","SENTRA (DATSUN AND NISSAN HAVE MERGED)","IL","2015.0","NONE","PASSENGER","PERSONAL","NE","CHANGING LANES",NULL,NULL,"4.0",NULL,NULL,NULL,NULL,NULL,NULL,"Y","Y",NULL,NULL,NULL,NULL,NULL,NULL,NULL,NULL,NULL,"SIDE-RIGHT",NULL,NULL,NULL,NULL,NULL,NULL,NULL,NULL,NULL,NULL,NULL,NULL,NULL,NULL,NULL,NULL,NULL,NULL,NULL,NULL,NULL,NULL,NULL,NULL,NULL,NULL,NULL,NULL,NULL,NULL,NULL,NULL,NULL
"425465","b9656b845ceb5523826705f10191155f8dfbc3c02973199779df4fd078032c824be063ab1eac9fab476e11edb36b5490ed495ee357b4e710f13cea8ec7e8fe86","JB335040","07/04/2018 02:00:00 PM","2","DRIVER",NULL,"408550.0",NULL,"KIA MOTORS CORP","Sportage (sport utility)","IL","2017.0","NONE","PASSENGER","RIDESHARE SERVICE","S","STRAIGHT AHEAD",NULL,NULL,"1.0",NULL,NULL,NULL,NULL,NULL,NULL,NULL,NULL,"Y",NULL,NULL,NULL,NULL,NULL,NULL,NULL,NULL,"REAR",NULL,NULL,NULL,NULL,NULL,NULL,NULL,NULL,NULL,NULL,NULL,NULL,NULL,NULL,NULL,NULL,NULL,NULL,NULL,NULL,NULL,NULL,NULL,NULL,NULL,NULL,NULL,NULL,NULL,NULL,NULL,NULL,NULL
"425481","bb4923c9eb0340dd4185067117fda4a6636e7491dff26e2cfb5f61f5ed00ef88c5cb061c7b396dd5b7dd75873c875266aa090198816c18903342f75ca4ba41d6","JB335893","07/05/2018 03:10:00 AM","1","DRIVER",NULL,"408561.0",NULL,"MERCEDES-BENZ","GLK350","IL","2010.0","NONE","SPORT UTILITY VEHICLE (SUV)","PERSONAL","S","STRAIGHT AHEAD","Y",NULL,"1.0",NULL,"EMERGENCY RESPONSE TOWING",NULL,NULL,NULL,NULL,"Y","Y",NULL,"Y",NULL,"Y",NULL,NULL,NULL,NULL,NULL,"FRONT-LEFT",NULL,NULL,NULL,NULL,NULL,NULL,NULL,NULL,NULL,NULL,NULL,NULL,NULL,NULL,NULL,NULL,NULL,NULL,NULL,NULL,NULL,NULL,NULL,NULL,NULL,NULL,NULL,NULL,NULL,NULL,NULL,NULL,NULL
"425634","0730a7884b6362742d5d0dee8a2c2414eb7bd532e8774d9f265bccc38556ca13e6dc86e0ff74343aa3aa1dccc6c0e9aa69483b36b9639369cf077b32f5dcfb23","JB336219","07/05/2018 07:00:00 AM","2","PARKED",NULL,"408692.0",NULL,"NISSAN","ROGUE","IL","2017.0","NONE","SPORT UTILITY VEHICLE (SUV)","PERSONAL","S","PARKED",NULL,NULL,"0.0",NULL,NULL,NULL,NULL,NULL,NULL,NULL,NULL,"Y","Y",NULL,NULL,NULL,NULL,NULL,NULL,NULL,"REAR-LEFT",NULL,NULL,NULL,NULL,NULL,NULL,NULL,NULL,NULL,NULL,NULL,NULL,NULL,NULL,NULL,NULL,NULL,NULL,NULL,NULL,NULL,NULL,NULL,NULL,NULL,NULL,NULL,NULL,NULL,NULL,NULL,NULL,NULL
"425662","fd443ae40a099a5dc0c040537b9a619ea488cb940f0815dfca6a42767558c69ada2cdd3ccda00b2e577ce01249e79d8905d148490488fff04f4403f9f440f150","JB336281","07/05/2018 10:30:00 AM","1","DRIVER",NULL,"408730.0",NULL,"CHEVROLET","CHEVROLET","IL","2016.0","UNKNOWN","PASSENGER","UNKNOWN/NA","N","OTHER",NULL,NULL,"1.0",NULL,NULL,NULL,NULL,NULL,NULL,"Y",NULL,NULL,NULL,NULL,NULL,NULL,NULL,NULL,NULL,NULL,"SIDE-RIGHT",NULL,NULL,NULL,NULL,NULL,NULL,NULL,NULL,NULL,NULL,NULL,NULL,NULL,NULL,NULL,NULL,NULL,NULL,NULL,NULL,NULL,NULL,NULL,NULL,NULL,NULL,NULL,NULL,NULL,NULL,NULL,NULL,NULL
"426012","55aeb0a005c4489733c62acf9674c8aa9c63a43c84ecbc154fb2819990c9554c7aecb2aec299730a5e2d33507dbdf5b4434fdc15fe383dbecf59ef4748de4a8b","JB336854","07/05/2018 03:38:00 PM","2","DRIVER",NULL,"409064.0",NULL,"KIA MOTORS CORP","FORTE","IL","2017.0","NONE","PASSENGER","PERSONAL","W","SLOW/STOP IN TRAFFIC",NULL,NULL,"1.0",NULL,NULL,NULL,NULL,NULL,NULL,"Y",NULL,NULL,NULL,NULL,NULL,NULL,NULL,NULL,NULL,NULL,"SIDE-RIGHT",NULL,NULL,NULL,NULL,NULL,NULL,NULL,NULL,NULL,NULL,NULL,NULL,NULL,NULL,NULL,NULL,NULL,NULL,NULL,NULL,NULL,NULL,NULL,NULL,NULL,NULL,NULL,NULL,NULL,NULL,NULL,NULL,NULL
"426099","6a8e686a5680891206a035387768d1e22fa98a1678e8a53d6046314e0c92099ebebe0f30bcd77230560bac9390d70a9e30f9d3b01c131e70574cf8158cac0722","JB336985","07/05/2018 06:32:00 PM","1","DRIVER",NULL,"409156.0",NULL,"NISSAN","NISSAN MAXIMA","IL","2016.0","UNKNOWN","PASSENGER","PERSONAL","E","TURNING RIGHT",NULL,NULL,"1.0",NULL,NULL,NULL,NULL,NULL,"Y",NULL,NULL,NULL,NULL,NULL,NULL,NULL,NULL,NULL,NULL,NULL,"FRONT-RIGHT",NULL,NULL,NULL,NULL,NULL,NULL,NULL,NULL,NULL,NULL,NULL,NULL,NULL,NULL,NULL,NULL,NULL,NULL,NULL,NULL,NULL,NULL,NULL,NULL,NULL,NULL,NULL,NULL,NULL,NULL,NULL,NULL,NULL
"426154","3a13d984fa032ede76936f0470332bb6cc30a39d8ef494c8ed313fc8bcbb5b4bd83a8787f24af81396bc089fbb15cfd009d329b9a442a430de3c123f25da31e2","JB337119","07/05/2018 07:45:00 PM","2","PARKED",NULL,"409192.0",NULL,"JEEP","CHEROKEE","IL","2015.0","NONE","SPORT UTILITY VEHICLE (SUV)","NOT IN USE","UNKNOWN","PARKED",NULL,NULL,"0.0",NULL,NULL,NULL,NULL,NULL,"Y",NULL,NULL,NULL,NULL,NULL,NULL,NULL,NULL,NULL,NULL,NULL,"SIDE-RIGHT",NULL,NULL,NULL,NULL,NULL,NULL,NULL,NULL,NULL,NULL,NULL,NULL,NULL,NULL,NULL,NULL,NULL,NULL,NULL,NULL,NULL,NULL,NULL,NULL,NULL,NULL,NULL,NULL,NULL,NULL,NULL,NULL,NULL
"426424","60d22240948a35e5692abf37ba51c02bb7d769bc60a476882226099c16f935ec03a37a16b4eba0ce4968fc325958ddcc8c3360fca38453b387c0502d80674925","JB337729","07/06/2018 10:20:00 AM","1","DRIVER",NULL,"409435.0",NULL,"TOYOTA MOTOR COMPANY, LTD.","COROLLA","IL","2017.0","NONE","PASSENGER","PERSONAL","S","AVOIDING VEHICLES/OBJECTS",NULL,NULL,"1.0",NULL,NULL,NULL,NULL,NULL,NULL,NULL,NULL,"Y",NULL,NULL,NULL,NULL,NULL,NULL,NULL,NULL,"REAR",NULL,NULL,NULL,NULL,NULL,NULL,NULL,NULL,NULL,NULL,NULL,NULL,NULL,NULL,NULL,NULL,NULL,NULL,NULL,NULL,NULL,NULL,NULL,NULL,NULL,NULL,NULL,NULL,NULL,NULL,NULL,NULL,NULL
"427167","2579062debe369e19e05e99a520a41a809d073df2bd5be627bfcac0aec1393ed9e86ef9c5caf0a3b0a560135ffd350ee404e099c6c4d224f8787b9f7f8235847","JB337986","07/06/2018 12:30:00 PM","1","DRIVER",NULL,"410139.0",NULL,"CHRYSLER","200","IL","2014.0","NONE","PASSENGER","TAXI/FOR HIRE","N","BACKING",NULL,NULL,"1.0",NULL,NULL,NULL,"Y",NULL,NULL,NULL,NULL,NULL,NULL,NULL,NULL,NULL,NULL,NULL,NULL,NULL,"REAR-LEFT",NULL,NULL,NULL,NULL,NULL,NULL,NULL,NULL,NULL,NULL,NULL,NULL,NULL,NULL,NULL,NULL,NULL,NULL,NULL,NULL,NULL,NULL,NULL,NULL,NULL,NULL,NULL,NULL,NULL,NULL,NULL,NULL,NULL
"427198","b9e6c560e63b05e46b174c72463013085f6479c08a573bd85d4e1f9ad3aa22a64a1f674de7545d2db84c0f375ba053133b05fa06d7296809555cc2f5258426ea","JB339106","07/07/2018 08:30:00 AM","1","DRIVER",NULL,"410168.0",NULL,"FORD","EDGE","IL","2012.0","NONE","SPORT UTILITY VEHICLE (SUV)","PERSONAL","S","BACKING",NULL,NULL,"1.0",NULL,NULL,NULL,NULL,NULL,NULL,NULL,NULL,"Y",NULL,NULL,NULL,NULL,NULL,NULL,NULL,NULL,"REAR",NULL,NULL,NULL,NULL,NULL,NULL,NULL,NULL,NULL,NULL,NULL,NULL,NULL,NULL,NULL,NULL,NULL,NULL,NULL,NULL,NULL,NULL,NULL,NULL,NULL,NULL,NULL,NULL,NULL,NULL,NULL,NULL,NULL
"427359","dde8bdf23e500f836ed0b84e495e6d58bfe3ec1117fe2b1dba05bcc4834850f4e3543cd99bfb8c99f16b242bcdf91493d84bba4f47cd2064826341559ba71c4b","JB339435","06/30/2018 09:00:00 AM","2","PARKED",NULL,"410313.0",NULL,"CHEVROLET","SILVERADO","IL","2015.0","NONE","PICKUP","NOT IN USE","UNKNOWN","PARKED",NULL,NULL,"0.0",NULL,NULL,NULL,NULL,NULL,NULL,NULL,"Y",NULL,NULL,NULL,NULL,NULL,NULL,NULL,NULL,NULL,"REAR-RIGHT",NULL,NULL,NULL,NULL,NULL,NULL,NULL,NULL,NULL,NULL,NULL,NULL,NULL,NULL,NULL,NULL,NULL,NULL,NULL,NULL,NULL,NULL,NULL,NULL,NULL,NULL,NULL,NULL,NULL,NULL,NULL,NULL,NULL
"427566","48c4e309172d5f32c9bec11a957285b469f5da23c9ea74d106bf0d6ed02830dfd194535f189828be691f76e00cb5ea0ae95ba6afb23cd7f4e47fd9c276dcb1e7","JB339686","07/07/2018 03:34:00 PM","3","DRIVER","1.0","410521.0",NULL,"CHRYSLER","300","IL","2008.0","NONE","PASSENGER","PERSONAL","N","TURNING RIGHT",NULL,NULL,"2.0",NULL,NULL,NULL,NULL,NULL,NULL,NULL,"Y","Y","Y",NULL,NULL,NULL,NULL,NULL,NULL,NULL,"REAR",NULL,NULL,NULL,NULL,NULL,NULL,NULL,NULL,NULL,NULL,NULL,NULL,NULL,NULL,NULL,NULL,NULL,NULL,NULL,NULL,NULL,NULL,NULL,NULL,NULL,NULL,NULL,NULL,NULL,NULL,NULL,NULL,NULL