"CRASH_UNIT_ID","CRASH_RECORD_ID","RD_NO","CRASH_DATE","UNIT_NO","UNIT_TYPE","NUM_PASSENGERS","VEHICLE_ID","CMRC_VEH_I","MAKE","MODEL","LIC_PLATE_STATE","VEHICLE_YEAR","VEHICLE_DEFECT","VEHICLE_TYPE","VEHICLE_USE","TRAVEL_DIRECTION","MANEUVER","TOWED_I","FIRE_I","OCCUPANT_CNT","EXCEED_SPEED_LIMIT_I","TOWED_BY","TOWED_TO","AREA_00_I","AREA_01_I","AREA_02_I","AREA_03_I","AREA_04_I","AREA_05_I","AREA_06_I","AREA_07_I","AREA_08_I","AREA_09_I","AREA_10_I","AREA_11_I","AREA_12_I","AREA_99_I","FIRST_CONTACT_POINT","CMV_ID","USDOT_NO","CCMC_NO","ILCC_NO","COMMERCIAL_SRC","GVWR","CARRIER_NAME","CARRIER_STATE","CARRIER_CITY","HAZMAT_PLACARDS_I","HAZMAT_NAME","UN_NO","HAZMAT_PRESENT_I","HAZMAT_REPORT_I","HAZMAT_REPORT_NO","MCS_REPORT_I","MCS_REPORT_NO","HAZMAT_VIO_CAUSE_CRASH_I","MCS_VIO_CAUSE_CRASH_I","IDOT_PERMIT_NO","WIDE_LOAD_I","TRAILER1_WIDTH","TRAILER2_WIDTH","TRAILER1_LENGTH","TRAILER2_LENGTH","TOTAL_VEHICLE_LENGTH","AXLE_CNT","VEHICLE_CONFIG","CARGO_BODY_TYPE","LOAD_TYPE","HAZMAT_OUT_OF_SERVICE_I","MCS_OUT_OF_SERVICE_I","HAZMAT_CLASS"
"441152","b1ea288686ac0613110591ab2ca79a1df5c54db47fab7a3ca1a6857eca466d8bcc18240b2b1502d199ecf1eecde4b7d720292d899faa27b2b7183b321d037f98","JB365806","07/26/2018 09:50:00 AM","3","DRIVERLESS",NULL,"423209.0",NULL,"HONDA","CIVIC","IL","2012.0","NONE","PASSENGER","PERSONAL","S","PARKED",NULL,NULL,"0.0",NULL,NULL,NULL,NULL,NULL,NULL,NULL,NULL,NULL,"Y",NULL,NULL,NULL,NULL,NULL,NULL,NULL,"REAR-LEFT",NULL,NULL,NULL,NULL,NULL,NULL,NULL,NULL,NULL,NULL,NULL,NULL,NULL,NULL,NULL,NULL,NULL,NULL,NULL,NULL,NULL,NULL,NULL,NULL,NULL,NULL,NULL,NULL,NULL,NULL,NULL,NULL,NULL
"441318","1858f0e352f3e194a5cab0315f46b3ee6c25daee47216783c14d9379baba34058260b3e25f6b32670b665b67088d3552ed0d6a4283b24f9ee9536bc9098b1fae","JB366167","07/26/2018 12:50:00 PM","1","DRIVER",NULL,"423355.0",NULL,"TOYOTA MOTOR COMPANY, LTD.","UNKNOWN","IL","2013.0","UNKNOWN","PASSENGER","UNKNOWN/NA","W","STRAIGHT AHEAD",NULL,NULL,"1.0",NULL,NULL,NULL,NULL,"Y",NULL,NULL,NULL,NULL,NULL,NULL,NULL,NULL,NULL,NULL,NULL,NULL,"FRONT",NULL,NULL,NULL,NULL,NULL,NULL,NULL,NULL,NULL,NULL,NULL,NULL,NULL,NULL,NULL,NULL,NULL,NULL,NULL,NULL,NULL,NULL,NULL,NULL,NULL,NULL,NULL,NULL,NULL,NULL,NULL,NULL,NULL
"441452","7d2520373a9c34452909c701657cca639f784ed4f0f63f96469e8a49f7e00c204cfe0a34ccaef3a3b30c2ff17afc56b494349a31940e8347c12ef0999b720b42","JB366385","07/26/2018 03:50:00 PM","3","PARKED",NULL,"423482.0",NULL,"NISSAN","Pathfinder","IL","2014.0","NONE","SPORT UTILITY VEHICLE (SUV)","NOT IN USE","N","PARKED",NULL,NULL,"0.0",NULL,NULL,NULL,NULL,NULL,NULL,NULL,NULL,NULL,"Y","Y",NULL,NULL,NULL,NULL,NULL,NULL,"REAR-LEFT",NULL,NULL,NULL,NULL,NULL,NULL,NULL,NULL,NULL,NULL,NULL,NULL,NULL,NULL,NULL,NULL,NULL,NULL,NULL,NULL,NULL,NULL,NULL,NULL,NULL,NULL,NULL,NULL,NULL,NULL,NULL,NULL,NULL
"441523","a72c2509447003f1b6cae4a909400e7423834d4323c5971e7d07fe125960e945be24090d747709199069a7e9cd06c5023283848a59b0bde1b0c2463f5a9f29c1","JB366418","07/26/2018 04:25:00 PM","1","DRIVER","1.0","423549.0",NULL,"FORD","Explorer","IL","2016.0","NONE","SPORT UTILITY VEHICLE (SUV)","PERSONAL","S","TURNING LEFT",NULL,NULL,"2.0",NULL,NULL,NULL,NULL,NULL,"Y",NULL,NULL,NULL,NULL,NULL,NULL,NULL,NULL,NULL,NULL,NULL,"FRONT-RIGHT",NULL,NULL,NULL,NULL,NULL,NULL,NULL,NULL,NULL,NULL,NULL,NULL,NULL,NULL,NULL,NULL,NULL,NULL,NULL,NULL,NULL,NULL,NULL,NULL,NULL,NULL,NULL,NULL,NULL,NULL,NULL,NULL,NULL
"441581","13c8dc6fde8117f7cb27dbfe35522cc515e0a16594cd66335814d3e349f175acbc021bd9eee14549475449138f17746f1a5de9487b49107ee695f5f1fd3b09b8","JB360670","07/22/2018 04:00:00 PM","1","DRIVER",NULL,"423586.0",NULL,"FORD","Focus","IL","2016.0","NONE","PASSENGER","UNKNOWN/NA","SE","UNKNOWN/NA",NULL,NULL,"1.0",NULL,NULL,NULL,NULL,NULL,NULL,NULL,NULL,NULL,NULL,NULL,"Y",NULL,NULL,NULL,NULL,NULL,"FRONT-LEFT",NULL,NULL,NULL,NULL,NULL,NULL,NULL,NULL,NULL,NULL,NULL,NULL,NULL,NULL,NULL,NULL,NULL,NULL,NULL,NULL,NULL,NULL,NULL,NULL,NULL,NULL,NULL,NULL,NULL,NULL,NULL,NULL,NULL
"441717","fd895f43394db24b02d11d50bddb37db4532bd036b23768230f5434dd1293ab12c4e0561560fd01a8f1f22b9dfdce8df9c506ad7b73278cb83ff1c7a358bf011","JB366776","07/26/2018 08:46:00 PM","1","DRIVER","1.0","423745.0",NULL,"CHEVROLET","MALIBU (CHEVELLE)","IL","2010.0","NONE","PASSENGER","PERSONAL","N","STRAIGHT AHEAD","Y",NULL,"2.0",NULL,"cpd","103 s doty",NULL,"Y",NULL,NULL,NULL,NULL,NULL,NULL,"Y",NULL,NULL,NULL,NULL,NULL,"FRONT-LEFT",NULL,NULL,NULL,NULL,NULL,NULL,NULL,NULL,NULL,NULL,NULL,NULL,NULL,NULL,NULL,NULL,NULL,NULL,NULL,NULL,NULL,NULL,NULL,NULL,NULL,NULL,NULL,NULL,NULL,NULL,NULL,NULL,NULL
"441845","9b0e3eebe77594e351016eba8e16b303bf199aabe09e98f138f0ac0a009f29cddad81685296905f0221a6bb91e991292e7a81f1a07b79a7396e7bf85106d92ce","JB367181","07/27/2018 07:38:00 AM","1","DRIVER",NULL,"423886.0",NULL,"UNKNOWN","UNKNOWN","IL","2015.0","UNKNOWN","TRUCK - SINGLE UNIT","UNKNOWN/NA","SE","BACKING",NULL,NULL,"1.0",NULL,NULL,NULL,"Y",NULL,NULL,NULL,NULL,NULL,NULL,NULL,NULL,NULL,NULL,NULL,NULL,NULL,"REAR-RIGHT",NULL,NULL,NULL,NULL,NULL,NULL,NULL,NULL,NULL,NULL,NULL,NULL,NULL,NULL,NULL,NULL,NULL,NULL,NULL,NULL,NULL,NULL,NULL,NULL,NULL,NULL,NULL,NULL,NULL,NULL,NULL,NULL,NULL
"441963","108a25364aeef4de153b731663cc9b2cd9dce768357fc760a6c0520433abf1cc149bc40754107a06f99f020fca387272f7d62829ee62cd0b7e010d34695230a6","JB367412","07/26/2018 09:30:00 AM","2","DRIVER","1.0","424001.0",NULL,"DODGE","GRAND CARAVAN","IL","2016.0","NONE","VAN/MINI-VAN","PERSONAL","W","TURNING RIGHT",NULL,NULL,"2.0",NULL,NULL,NULL,NULL,NULL,NULL,"Y","Y","Y","Y",NULL,NULL,NULL,NULL,NULL,NULL,NULL,"REAR-RIGHT",NULL,NULL,NULL,NULL,NULL,NULL,NULL,NULL,NULL,NULL,NULL,NULL,NULL,NULL,NULL,NULL,NULL,NULL,NULL,NULL,NULL,NULL,NULL,NULL,NULL,NULL,NULL,NULL,NULL,NULL,NULL,NULL,NULL
"442333","f52cc65675aab26991cab303d82f06d5cbbf0d48d919a8f0f37538b2eeb456a1713c3d4dfa10994e72b259d02036a7c6d10b7b4bba3ac45b60e4e0c98dd89e47","JB367908","07/27/2018 04:25:00 PM","1","DRIVER",NULL,"424329.0",NULL,"HYUNDAI","ELANTRA","IL","2012.0","UNKNOWN","PASSENGER","PERSONAL","E","STRAIGHT AHEAD","Y",NULL,"1.0",NULL,NULL,NULL,NULL,NULL,NULL,NULL,NULL,NULL,"Y","Y","Y",NULL,NULL,NULL,NULL,NULL,"FRONT-LEFT",NULL,NULL,NULL,NULL,NULL,NULL,NULL,NULL,NULL,NULL,NULL,NULL,NULL,NULL,NULL,NULL,NULL,NULL,NULL,NULL,NULL,NULL,NULL,NULL,NULL,NULL,NULL,NULL,NULL,NULL,NULL,NULL,NULL
"442460","97bb1df06e5d73db92de708e50da7f91ae0ffab76a8490e8eb78225b7d974777ee19fd9da2e9f34aa2a413d114638b0e561c7b75d3f1c530ebf29dfb8a02a99a","JB368242","07/27/2018 08:40:00 PM","2","PARKED",NULL,"424424.0",NULL,"NISSAN","NISSAN ALTIMA","IL","2016.0","UNKNOWN","PASSENGER","NOT IN USE","UNKNOWN","PARKED",NULL,NULL,"0.0",NULL,NULL,NULL,NULL,"Y",NULL,NULL,NULL,NULL,NULL,NULL,NULL,NULL,NULL,NULL,NULL,NULL,"FRONT",NULL,NULL,NULL,NULL,NULL,NULL,NULL,NULL,NULL,NULL,NULL,NULL,NULL,NULL,NULL,NULL,NULL,NULL,NULL,NULL,NULL,NULL,NULL,NULL,NULL,NULL,NULL,NULL,NULL,NULL,NULL,NULL,NULL
"442569","8c22811d10f2bff25137a75e0a744e9b5ce6ab85ffe9ab3fb1a4d82ee08bb7061610c6174598dfbb4d62c5cbc56855ea5ddb52d61579a4eabb9110b9777fa7be","JB368492","07/28/2018 01:45:00 AM","1","DRIVER",NULL,"424522.0",NULL,"NISSAN","NISSAN ALTIMA","IL","2018.0","UNKNOWN","PASSENGER","PERSONAL","W","STRAIGHT AHEAD",NULL,NULL,"1.0",NULL,NULL,NULL,NULL,"Y",NULL,NULL,NULL,NULL,NULL,NULL,NULL,NULL,NULL,NULL,NULL,NULL,"FRONT",NULL,NULL,NULL,NULL,NULL,NULL,NULL,NULL,NULL,NULL,NULL,NULL,NULL,NULL,NULL,NULL,NULL,NULL,NULL,NULL,NULL,NULL,NULL,NULL,NULL,NULL,NULL,NULL,NULL,NULL,NULL,NULL,NULL
"442759","1fecbd2b9cbfe7f5bb3b264ee30b9d6264393b4a37ce7bffc9e92eab3f6908b64cd7948980cd377b18a701e79ae235d90adb31563a6dff56c91671e54b1abfcb","JB368875","07/28/2018 10:55:00 AM","2","DRIVER","3.0","424714.0",NULL,"UNKNOWN","UNKNOWN","IL","2014.0","NONE","BUS OVER 15 PASS.","CTA","N","STRAIGHT AHEAD",NULL,NULL,"4.0",NULL,NULL,NULL,NULL,NULL,NULL,NULL,NULL,NULL,NULL,"Y",NULL,NULL,NULL,NULL,NULL,NULL,"SIDE-LEFT",NULL,NULL,NULL,NULL,NULL,NULL,NULL,NULL,NULL,NULL,NULL,NULL,NULL,NULL,NULL,NULL,NULL,NULL,NULL,NULL,NULL,NULL,NULL,NULL,NULL,NULL,NULL,NULL,NULL,NULL,NULL,NULL,NULL
"442815","41ad75711e900b1bfc534165dc0f819c5d277e112d4a5d3bed2ee7ed3ebfd653bc1b5ed915d5b5b5dd41f1809294b8d9021f8d299ff56ca95030e80b412277a0","JB368923","07/28/2018 11:51:00 AM","1","DRIVER",NULL,"425300.0","Y","BLUEBIRD INTERNATIONAL","BLUEBIRD INTERNATIONAL","OH","2019.0","NONE","TRUCK - SINGLE UNIT","OTHER","E","OTHER",NULL,NULL,"1.0",NULL,NULL,NULL,NULL,NULL,NULL,NULL,NULL,NULL,NULL,NULL,"Y",NULL,NULL,NULL,"N",NULL,"FRONT-LEFT","4132.0","188852",NULL,NULL,"DRIVER","32000","EA SWEEN","IL","WOODRIDGE",NULL,NULL,NULL,"N","U",NULL,"U",NULL,"N","N",NULL,NULL,"0-96",NULL,"32.0",NULL,"32.0","2.0","SINGLE UNIT TRUCK, 2 AXLES, 6 TIRES","VAN/ENCLOSED BOX","OTHER","N","N",NULL
"443169","dc37aebd6e4dd5c187c8fb249187caec84818adeec7111a1001cded13289ed0afa6d25486fcd7005898e4811d6c38d8612ef139bccfc4320a51a1f3b9abc3a9e","JB369588","07/28/2018 10:30:00 PM","2","DRIVER",NULL,"425095.0",NULL,"JEEP","Grand Cherokee (for vehicle years 1989 to present)","IL","2018.0","UNKNOWN","PASSENGER","PERSONAL","W","STRAIGHT AHEAD",NULL,NULL,"1.0",NULL,NULL,NULL,NULL,NULL,NULL,NULL,"Y","Y","Y",NULL,NULL,NULL,NULL,NULL,NULL,NULL,"REAR",NULL,NULL,NULL,NULL,NULL,NULL,NULL,NULL,NULL,NULL,NULL,NULL,NULL,NULL,NULL,NULL,NULL,NULL,NULL,NULL,NULL,NULL,NULL,NULL,NULL,NULL,NULL,NULL,NULL,NULL,NULL,NULL,NULL
"443414","a8579bf73c0c81b69cf22185693439e567a4cff6a3904eaaf07354d2212ae7acf033429e2f82f55719880913d7dc54e8d6eb3089327335095c6a211d1a176d0d","JB370119","07/29/2018 11:40:00 AM","1","DRIVER","1.0","425331.0",NULL,"HONDA","CIVIC","IL","2011.0","NONE","PASSENGER","PERSONAL","N","PASSING/OVERTAKING",NULL,NULL,"2.0",NULL,NULL,NULL,NULL,NULL,NULL,NULL,NULL,NULL,NULL,NULL,"Y",NULL,NULL,NULL,NULL,NULL,"NONE",NULL,NULL,NULL,NULL,NULL,NULL,NULL,NULL,NULL,NULL,NULL,NULL,NULL,NULL,NULL,NULL,NULL,NULL,NULL,NULL,NULL,NULL,NULL,NULL,NULL,NULL,NULL,NULL,NULL,NULL,NULL,NULL,NULL
"443956","c443ac277bf130f34a368fdba05a75f6ca343a3038ac307b070f72d432bebba49480c2e4aa1759582fb9398977ec4a67171bd64396e498c9000f7c054e18b112","JB371301","07/30/2018 10:10:00 AM","2","PARKED","1.0","425822.0","Y","FREIGHTLINER CORP.","FREIGHTLINER CORP.","NC","2019.0","NONE","TRACTOR W/ SEMI-TRAILER","COMMERCIAL - MULTI-UNIT","E","PARKED",NULL,NULL,"1.0",NULL,NULL,NULL,NULL,NULL,NULL,NULL,NULL,NULL,NULL,"Y",NULL,NULL,NULL,NULL,NULL,NULL,"SIDE-LEFT","4133.0",NULL,NULL,NULL,"DRIVER",NULL,"OLD DOMINION FREIGHT LINE INC","NC","THOMASVILLE",NULL,NULL,NULL,"N","N",NULL,"N",NULL,"N","N",NULL,NULL,NULL,NULL,NULL,NULL,NULL,NULL,"TRUCK/TRAILER","VAN/ENCLOSED BOX","UNKNOWN","N","N",NULL
"444540","d3501f066f90b0a27a8309431f48c871d05339abae3c9e6417d2644bd16f2c255cdbb38d99e37082669e7eca9d72e92babf4486ccef383e79c92158f73b087d8","JB372511","07/31/2018 06:45:00 AM","1","DRIVER","1.0","426378.0",NULL,"FORD","Econoline E-450","AZ","2011.0","NONE","TRUCK - SINGLE UNIT","PERSONAL","N","STRAIGHT AHEAD",NULL,NULL,"2.0",NULL,NULL,NULL,NULL,NULL,NULL,NULL,"Y",NULL,NULL,NULL,NULL,NULL,NULL,NULL,NULL,NULL,"REAR-RIGHT",NULL,NULL,NULL,NULL,NULL,NULL,NULL,NULL,NULL,NULL,NULL,NULL,NULL,NULL,NULL,NULL,NULL,NULL,NULL,NULL,NULL,NULL,NULL,NULL,NULL,NULL,NULL,NULL,NULL,NULL,NULL,NULL,NULL
"444594","d22375ed503947d2c18f80ec2381576758f071b4ed5b64d62d1640ccc62065d1c74feb14e636c70b9caee8d0e44db5e7e3c5cd37429fe1acc56e513857bd8689","JB372593","07/31/2018 08:15:00 AM","1","DRIVER",NULL,"426427.0",NULL,"TOYOTA MOTOR COMPANY, LTD.","COROLLA","IL","2014.0","UNKNOWN","PASSENGER","UNKNOWN/NA","W","PASSING/OVERTAKING",NULL,NULL,"1.0",NULL,NULL,NULL,NULL,NULL,"N",NULL,NULL,NULL,NULL,NULL,"Y",NULL,NULL,NULL,NULL,NULL,"FRONT-LEFT",NULL,NULL,NULL,NULL,NULL,NULL,NULL,NULL,NULL,NULL,NULL,NULL,NULL,NULL,NULL,NULL,NULL,NULL,NULL,NULL,NULL,NULL,NULL,NULL,NULL,NULL,NULL,NULL,NULL,NULL,NULL,NULL,NULL
"446131","7228ebbe6100ae1ae153788e990e28de1829a6ffb6919a4b488a36804692a7852812bdce1c117eb3478ac91f2afd96bb3aa280c702a2fcde39ad89c5e0ffc9f2","JB374425","08/01/2018 01:00:00 PM","2","DRIVER",NULL,"427786.0",NULL,"NISSAN","NISSAN ALTIMA","IN","2018.0","NONE","PASSENGER","PERSONAL","W","STRAIGHT AHEAD",NULL,NULL,"1.0",NULL,NULL,NULL,NULL,NULL,"Y",NULL,NULL,NULL,NULL,NULL,NULL,NULL,NULL,NULL,NULL,NULL,"FRONT-RIGHT",NULL,NULL,NULL,NULL,NULL,NULL,NULL,NULL,NULL,NULL,NULL,NULL,NULL,NULL,NULL,NULL,NULL,NULL,NULL,NULL,NULL,NULL,NULL,NULL,NULL,NULL,NULL,NULL,NULL,NULL,NULL,NULL,NULL
"446490","1168973de23b9292dc510d6b2e82cc78c986185af07fa73f046466190d50e91048484a257f7b50ab105a753c8730ba9a4f06a05136ea96f64833b0b965ff0a6f","JB376110","08/01/2018 04:00:00 PM","2","PARKED",NULL,"428031.0",NULL,"HYUNDAI","ELANTRA","IL","2008.0","NONE","PASSENGER","PERSONAL","UNKNOWN","PARKED",NULL,NULL,"0.0",NULL,NULL,NULL,NULL,NULL,NULL,NULL,"N","Y","N",NULL,NULL,NULL,NULL,NULL,NULL,NULL,"REAR",NULL,NULL,NULL,NULL,NULL,NULL,NULL,NULL,NULL,NULL,NULL,NULL,NULL,NULL,NULL,NULL,NULL,NULL,NULL,NULL,NULL,NULL,NULL,NULL,NULL,NULL,NULL,NULL,NULL,NULL,NULL,NULL,NULL
"446734","3ed0cbca621ac5bf6adacde2d7602386ce304d98245f4b4634c933607063bdcaa427369ee645578a59351ebbb8462f84ffff4c5c905487ac452ea922fbb0db6d","JB374832","08/01/2018 04:55:00 PM","1","DRIVER",NULL,"428309.0",NULL,"KIA MOTORS CORP","SOUL","IL","2015.0","NONE","PASSENGER","PERSONAL","SW","STRAIGHT AHEAD",NULL,NULL,"1.0",NULL,NULL,NULL,NULL,NULL,NULL,NULL,NULL,NULL,NULL,NULL,"Y",NULL,NULL,NULL,NULL,NULL,"FRONT-LEFT",NULL,NULL,NULL,NULL,NULL,NULL,NULL,NULL,NULL,NULL,NULL,NULL,NULL,NULL,NULL,NULL,NULL,NULL,NULL,NULL,NULL,NULL,NULL,NULL,NULL,NULL,NULL,NULL,NULL,NULL,NULL,NULL,NULL
"447023","7ec425c755c0d56e262800f78cec77f2b211e715580c16080d938418de3901413a2099e22a23571667d0d8c028270c7222078482d8bb9122916aa4980ee7705f","JB377066","08/03/2018 08:25:00 AM","1","DRIVER",NULL,"428588.0",NULL,"TOYOTA MOTOR COMPANY, LTD.","Prius","IL","2012.0","NONE","PASSENGER","PERSONAL","E","TURNING LEFT",NULL,NULL,"1.0",NULL,NULL,NULL,NULL,"Y",NULL,NULL,NULL,NULL,NULL,NULL,"Y",NULL,NULL,NULL,NULL,NULL,"FRONT",NULL,NULL,NULL,NULL,NULL,NULL,NULL,NULL,NULL,NULL,NULL,NULL,NULL,NULL,NULL,NULL,NULL,NULL,NULL,NULL,NULL,NULL,NULL,NULL,NULL,NULL,NULL,NULL,NULL,NULL,NULL,NULL,NULL
"447286","f0aaa5fd66b6df24d60f909d48f73b0ac2809b576915f0e528192cf7320e771c491da1e26d3c83e8d37fcf8444a28e3b4d97bd5e58e5566da9ab33da8b8049ef","JB377609","08/03/2018 02:50:00 PM","2","DRIVER",NULL,"428915.0",NULL,"HONDA","CIVIC","IL","2015.0","UNKNOWN","PASSENGER","PERSONAL","S","STRAIGHT AHEAD",NULL,NULL,"1.0",NULL,NULL,NULL,NULL,NULL,NULL,NULL,NULL,"Y",NULL,NULL,NULL,NULL,NULL,NULL,NULL,NULL,"REAR",NULL,NULL,NULL,NULL,NULL,NULL,NULL,NULL,NULL,NULL,NULL,NULL,NULL,NULL,NULL,NULL,NULL,NULL,NULL,NULL,NULL,NULL,NULL,NULL,NULL,NULL,NULL,NULL,NULL,NULL,NULL,NULL,NULL
"447486","06f9012fecb87fb200c42617dc677fb610720828b6ac966894ac15bb0c7deacfd8c7ef53af807310b1939cf7c6983f0049d6dcf73a876c85aa4e15e066b9ef92","JB377859","08/03/2018 05:34:00 PM","3","DRIVER",NULL,"429056.0",NULL,"CHRYSLER","200","IL","2012.0","NONE","PASSENGER","PERSONAL","E","OTHER","Y",NULL,"1.0",NULL,"unk","unk",NULL,NULL,NULL,NULL,NULL,NULL,NULL,NULL,"Y",NULL,NULL,NULL,NULL,NULL,"FRONT-LEFT",NULL,NULL,NULL,NULL,NULL,NULL,NULL,NULL,NULL,NULL,NULL,NULL,NULL,NULL,NULL,NULL,NULL,NULL,NULL,NULL,NULL,NULL,NULL,NULL,NULL,NULL,NULL,NULL,NULL,NULL,NULL,NULL,NULL
"447576","c2ace0d15ebf2feb7ef2e006da01fbbe8504e34527003743b05f96d9658f7134b9ace9c7cefa26006e52f6e7bad251d3f7fa532d061a3e3f27946df0c7ecbe36","JB378033","08/03/2018 07:45:00 PM","2","DRIVER",NULL,"429116.0",NULL,"NISSAN","UNKNOWN","IL","2016.0","UNKNOWN","PASSENGER","PERSONAL","E","STRAIGHT AHEAD",NULL,NULL,"1.0",NULL,NULL,NULL,NULL,NULL,NULL,NULL,NULL,"Y",NULL,NULL,NULL,NULL,NULL,NULL,NULL,NULL,"REAR",NULL,NULL,NULL,NULL,NULL,NULL,NULL,NULL,NULL,NULL,NULL,NULL,NULL,NULL,NULL,NULL,NULL,NULL,NULL,NULL,NULL,NULL,NULL,NULL,NULL,NULL,NULL,NULL,NULL,NULL,NULL,NULL,NULL
"447593","2576218b01eeed981d8275b476cab0015fc2dce95c6bfef670fef7d13b43f0bf0b72c2b466956e9ffa679dbe221dafc009de200ddb1c9250d84abd33d55ca40f","JB378034","08/03/2018 07:15:00 PM","1","DRIVER",NULL,"429135.0",NULL,"KIA MOTORS CORP","SORENTO","IL","2015.0","UNKNOWN","SPORT UTILITY VEHICLE (SUV)","UNKNOWN/NA","S","TURNING RIGHT",NULL,NULL,"1.0",NULL,NULL,NULL,NULL,NULL,NULL,NULL,"Y",NULL,"Y",NULL,NULL,NULL,NULL,NULL,NULL,NULL,"REAR-RIGHT",NULL,NULL,NULL,NULL,NULL,NULL,NULL,NULL,NULL,NULL,NULL,NULL,NULL,NULL,NULL,NULL,NULL,NULL,NULL,NULL,NULL,NULL,NULL,NULL,NULL,NULL,NULL,NULL,NULL,NULL,NULL,NULL,NULL
"447597","46a01927ea31aa1a9d06d64bb5a2014ff6e05b6f8d6f23ff7b919e81d12c09466f96a494d9fe8208583e22ac64722fdbdc1f7d532889cf0c3191943fa8c6de51","JB378068","08/03/2018 06:51:00 PM","2","PARKED",NULL,"429136.0",NULL,"NISSAN","LEAF","IL","2015.0","NONE","PASSENGER","PERSONAL","N","PARKED",NULL,NULL,"0.0",NULL,NULL,NULL,NULL,NULL,NULL,NULL,"Y","Y","Y",NULL,NULL,NULL,NULL,NULL,NULL,NULL,"REAR",NULL,NULL,NULL,NULL,NULL,NULL,NULL,NULL,NULL,NULL,NULL,NULL,NULL,NULL,NULL,NULL,NULL,NULL,NULL,NULL,NULL,NULL,NULL,NULL,NULL,NULL,NULL,NULL,NULL,NULL,NULL,NULL,NULL
"447751","83ce6d3c948e7edccb237aba03af5ab44f58bb08ee2393ee3cb7497fdcab0f53f18ae43dc942fbb500114c808d9ecb3e79233fa17dca463dd4960eba73f6c171","JB378389","08/04/2018 02:15:00 AM","2","PARKED","1.0","429285.0",NULL,"FORD","FUSION","IL","2014.0","NONE","PASSENGER","PERSONAL","N","PARKED",NULL,NULL,"1.0",NULL,NULL,NULL,NULL,NULL,NULL,NULL,NULL,NULL,NULL,NULL,"Y",NULL,NULL,NULL,NULL,NULL,"FRONT-LEFT",NULL,NULL,NULL,NULL,NULL,NULL,NULL,NULL,NULL,NULL,NULL,NULL,NULL,NULL,NULL,NULL,NULL,NULL,NULL,NULL,NULL,NULL,NULL,NULL,NULL,NULL,NULL,NULL,NULL,NULL,NULL,NULL,NULL
"448723","e2eabc473258746e670eb0e6253b3df4b8c94a7cbfc1a23767c3655f4b884b48de8183b34415a5653764636c6904b65fef77e1e93943b9a6fcf70f858bfa84ca","JB380283","08/05/2018 11:25:00 AM","2","DRIVER",NULL,"430186.0",NULL,"HYUNDAI","ELANTRA","IL","2012.0","NONE","PASSENGER","PERSONAL","N","STRAIGHT AHEAD",NULL,NULL,"1.0",NULL,NULL,NULL,NULL,"Y","Y",NULL,NULL,NULL,NULL,NULL,NULL,NULL,NULL,NULL,NULL,NULL,"FRONT-RIGHT",NULL,NULL,NULL,NULL,NULL,NULL,NULL,NULL,NULL,NULL,NULL,NULL,NULL,NULL,NULL,NULL,NULL,NULL,NULL,NULL,NULL,NULL,NULL,NULL,NULL,NULL,NULL,NULL,NULL,NULL,NULL,NULL,NULL
"448967","65800e79f774b3942975fd21e6a96006b510ee208e269d81a146aec0c681d0004e2d9f4b3a7d0172e47ea87e80cba34871b24c6b7c2255cf6ede74447d91b5d2","JB380754","08/05/2018 04:00:00 PM","2","PARKED",NULL,"430420.0",NULL,"FORD","UNKNOWN","IL","2018.0","NONE","VAN/MINI-VAN","PERSONAL","S","PARKED",NULL,NULL,"0.0",NULL,NULL,NULL,NULL,"Y",NULL,NULL,NULL,NULL,NULL,NULL,NULL,NULL,NULL,NULL,NULL,NULL,"FRONT",NULL,NULL,NULL,NULL,NULL,NULL,NULL,NULL,NULL,NULL,NULL,NULL,NULL,NULL,NULL,NULL,NULL,NULL,NULL,NULL,NULL,NULL,NULL,NULL,NULL,NULL,NULL,NULL,NULL,NULL,NULL,NULL,NULL
"448996","a074a4e63b6a63df91079105be69ec06350a2bf532e7ea62a377df23d5101151cf37a3111b2a3ecb7776d6061cf371e435532d2244cd604d3eff2451946a80ba","JB380790","08/05/2018 06:55:00 PM","1","DRIVER",NULL,"430442.0",NULL,"NISSAN","ROGUE","IL","2014.0","UNKNOWN","SPORT UTILITY VEHICLE (SUV)","UNKNOWN/NA","W","STRAIGHT AHEAD",NULL,NULL,"1.0",NULL,NULL,NULL,NULL,"Y",NULL,NULL,NULL,NULL,NULL,NULL,NULL,NULL,NULL,NULL,NULL,NULL,"FRONT",NULL,NULL,NULL,NULL,NULL,NULL,NULL,NULL,NULL,NULL,NULL,NULL,NULL,NULL,NULL,NULL,NULL,NULL,NULL,NULL,NULL,NULL,NULL,NULL,NULL,NULL,NULL,NULL,NULL,NULL,NULL,NULL,NULL