"CRASH_UNIT_ID","CRASH_RECORD_ID","RD_NO","CRASH_DATE","UNIT_NO","UNIT_TYPE","NUM_PASSENGERS","VEHICLE_ID","CMRC_VEH_I","MAKE","MODEL","LIC_PLATE_STATE","VEHICLE_YEAR","VEHICLE_DEFECT","VEHICLE_TYPE","VEHICLE_USE","TRAVEL_DIRECTION","MANEUVER","TOWED_I","FIRE_I","OCCUPANT_CNT","EXCEED_SPEED_LIMIT_I","TOWED_BY","TOWED_TO","AREA_00_I","AREA_01_I","AREA_02_I","AREA_03_I","AREA_04_I","AREA_05_I","AREA_06_I","AREA_07_I","AREA_08_I","AREA_09_I","AREA_10_I","AREA_11_I","AREA_12_I","AREA_99_I","FIRST_CONTACT_POINT","CMV_ID","USDOT_NO","CCMC_NO","ILCC_NO","COMMERCIAL_SRC","GVWR","CARRIER_NAME","CARRIER_STATE","CARRIER_CITY","HAZMAT_PLACARDS_I","HAZMAT_NAME","UN_NO","HAZMAT_PRESENT_I","HAZMAT_REPORT_I","HAZMAT_REPORT_NO","MCS_REPORT_I","MCS_REPORT_NO","HAZMAT_VIO_CAUSE_CRASH_I","MCS_VIO_CAUSE_CRASH_I","IDOT_PERMIT_NO","WIDE_LOAD_I","TRAILER1_WIDTH","TRAILER2_WIDTH","TRAILER1_LENGTH","TRAILER2_LENGTH","TOTAL_VEHICLE_LENGTH","AXLE_CNT","VEHICLE_CONFIG","CARGO_BODY_TYPE","LOAD_TYPE","HAZMAT_OUT_OF_SERVICE_I","MCS_OUT_OF_SERVICE_I","HAZMAT_CLASS"
"465735","56caaa6729a7f71d44bc408d834245de0c93a87666fb74f895582fb49ce6c550303782fe7dbd5a52b0a3fe5ad33c77ff8f32d1f19330508cfa11c559d4ac2252","JB413781","08/29/2018 01:40:00 PM","2","DRIVER","1.0","446081.0",NULL,"CHRYSLER","200","WI","2012.0","NONE","PASSENGER","PERSONAL","W","SLOW/STOP IN TRAFFIC",NULL,NULL,"2.0",NULL,NULL,NULL,NULL,NULL,NULL,NULL,NULL,"Y",NULL,NULL,NULL,NULL,NULL,NULL,NULL,NULL,"REAR",NULL,NULL,NULL,NULL,NULL,NULL,NULL,NULL,NULL,NULL,NULL,NULL,NULL,NULL,NULL,NULL,NULL,NULL,NULL,NULL,NULL,NULL,NULL,NULL,NULL,NULL,NULL,NULL,NULL,NULL,NULL,NULL,NULL
"466017","eff01db5dea216e93411be06583c1de3005c7c6b73f9296ec17b7da3b93e71ac8034876ee57a1d56532fe4f4482e4aff9e01a5b628020d88eefd4f3a774b5661","JB414153","08/29/2018 05:58:00 PM","2","DRIVER",NULL,"446326.0",NULL,"FIAT","UNKNOWN","IL","2014.0","NONE","SPORT UTILITY VEHICLE (SUV)","PERSONAL","S","STRAIGHT AHEAD",NULL,NULL,"1.0",NULL,NULL,NULL,NULL,NULL,NULL,NULL,NULL,"Y",NULL,NULL,NULL,NULL,NULL,NULL,NULL,NULL,"REAR",NULL,NULL,NULL,NULL,NULL,NULL,NULL,NULL,NULL,NULL,NULL,NULL,NULL,NULL,NULL,NULL,NULL,NULL,NULL,NULL,NULL,NULL,NULL,NULL,NULL,NULL,NULL,NULL,NULL,NULL,NULL,NULL,NULL
"466322","53aa296e5f68309e1709615101de49cc1001b270d34857ec3615f3de9d0e27a942cb740f831dc7f1a552f24c35d23bdeed920a8d8790edb5d840f0e45151e3b0","JB414917","08/29/2018 05:35:00 PM","2","PARKED",NULL,"446634.0",NULL,"TOYOTA MOTOR COMPANY, LTD.","Prius","IL","2013.0","NONE","PASSENGER","PERSONAL","S","PARKED",NULL,NULL,"0.0",NULL,NULL,NULL,NULL,NULL,NULL,NULL,NULL,NULL,"Y",NULL,NULL,NULL,NULL,NULL,NULL,NULL,"REAR-LEFT",NULL,NULL,NULL,NULL,NULL,NULL,NULL,NULL,NULL,NULL,NULL,NULL,NULL,NULL,NULL,NULL,NULL,NULL,NULL,NULL,NULL,NULL,NULL,NULL,NULL,NULL,NULL,NULL,NULL,NULL,NULL,NULL,NULL
"466346","6742869ca66f42862b05de3b7680cc14d0c50afb62ed6ebd370114e414f22eec1ef7119f41b27c37a4e379945deb56e1e931b0df49df90bf23dbe4cf03565170","JB414922","08/30/2018 11:19:00 AM","2","PARKED",NULL,"446661.0",NULL,"FORD","ECONOLINE E250","IL","2012.0","NONE","VAN/MINI-VAN","COMMERCIAL - SINGLE UNIT","W","PARKED",NULL,NULL,"0.0",NULL,NULL,NULL,NULL,NULL,NULL,NULL,NULL,NULL,NULL,NULL,"Y",NULL,NULL,NULL,NULL,NULL,"FRONT-LEFT",NULL,NULL,NULL,NULL,NULL,NULL,NULL,NULL,NULL,NULL,NULL,NULL,NULL,NULL,NULL,NULL,NULL,NULL,NULL,NULL,NULL,NULL,NULL,NULL,NULL,NULL,NULL,NULL,NULL,NULL,NULL,NULL,NULL
"466425","4ef43896675d306feb987e39bf03819df3a08f21eb92415081a13045b609c04546b61e269e20c3610c6f3b91dc2787bab5457d9631376b663a35fc3feacba86d","JB415067","08/29/2018 08:00:00 PM","1","DRIVER",NULL,"446737.0",NULL,"FORD","ESCAPE (SUV)","IL","2016.0","UNKNOWN","SPORT UTILITY VEHICLE (SUV)","PERSONAL","W","U-TURN",NULL,NULL,"1.0",NULL,NULL,NULL,NULL,NULL,NULL,NULL,NULL,NULL,NULL,NULL,NULL,NULL,NULL,NULL,NULL,"Y","UNKNOWN",NULL,NULL,NULL,NULL,NULL,NULL,NULL,NULL,NULL,NULL,NULL,NULL,NULL,NULL,NULL,NULL,NULL,NULL,NULL,NULL,NULL,NULL,NULL,NULL,NULL,NULL,NULL,NULL,NULL,NULL,NULL,NULL,NULL
"466497","51608fda6d7185b8c92ed58c17ee680aa7854e3198b1892fd7efe863cd3d3430f4610a09c8000a60560cea9b87f627a3910fbedc324af7fdd45b331b449e4623","JB415253","08/30/2018 03:44:00 PM","1","DRIVER",NULL,"446793.0",NULL,"MERCEDES-BENZ","ML350","IL","2014.0","UNKNOWN","PASSENGER","PERSONAL","W","CHANGING LANES",NULL,NULL,"1.0",NULL,NULL,NULL,NULL,NULL,NULL,NULL,"Y",NULL,NULL,NULL,NULL,NULL,NULL,NULL,NULL,"N","REAR-RIGHT",NULL,NULL,NULL,NULL,NULL,NULL,NULL,NULL,NULL,NULL,NULL,NULL,NULL,NULL,NULL,NULL,NULL,NULL,NULL,NULL,NULL,NULL,NULL,NULL,NULL,NULL,NULL,NULL,NULL,NULL,NULL,NULL,NULL
"466741","b81762ec6ae116df4f7d77c94b6021b77a38dc10619fcd0fa7bc008cf22374f008c7fb99c3e997bb36726c13c37fad29913e5fa0656af4b8b40cc94f66e8d6fc","JB415588","08/30/2018 06:50:00 PM","2","DRIVER","1.0","447026.0",NULL,"NISSAN","VERSA","IL","2017.0","NONE","PASSENGER","PERSONAL","NW","TURNING LEFT",NULL,NULL,"2.0",NULL,NULL,NULL,NULL,"Y",NULL,NULL,NULL,NULL,NULL,NULL,"Y",NULL,NULL,NULL,NULL,NULL,"FRONT-LEFT",NULL,NULL,NULL,NULL,NULL,NULL,NULL,NULL,NULL,NULL,NULL,NULL,NULL,NULL,NULL,NULL,NULL,NULL,NULL,NULL,NULL,NULL,NULL,NULL,NULL,NULL,NULL,NULL,NULL,NULL,NULL,NULL,NULL
"466846","0844392621722d295f2ad378932642006062468f05081e4f45c33196bae9352449853e8f9a6d129cb5dc7109d159b24f056bae6414d176cfa4776934fe4fcb03","JB415772","08/30/2018 10:24:00 PM","5","DRIVERLESS",NULL,"447119.0",NULL,"CHEVROLET","IMPALA","IL","2011.0","NONE","PASSENGER","NOT IN USE","N","PARKED",NULL,NULL,"0.0",NULL,NULL,NULL,NULL,NULL,NULL,NULL,NULL,NULL,"Y",NULL,NULL,NULL,NULL,NULL,NULL,NULL,"REAR-LEFT",NULL,NULL,NULL,NULL,NULL,NULL,NULL,NULL,NULL,NULL,NULL,NULL,NULL,NULL,NULL,NULL,NULL,NULL,NULL,NULL,NULL,NULL,NULL,NULL,NULL,NULL,NULL,NULL,NULL,NULL,NULL,NULL,NULL
"467222","b665015943bbcfe88f783a921ffdf5311d76871b7495ef26b7aac726a643fb86a8f656950b1caceb62f4b4d4e8a691731096a41d2086eec4fa5ece65f6c98390","JB416616","08/31/2018 11:15:00 AM","1","DRIVER",NULL,"447472.0",NULL,"CHEVROLET","IMPALA",NULL,"2012.0","NONE","PASSENGER","PERSONAL","W","BACKING",NULL,NULL,"1.0",NULL,NULL,NULL,NULL,NULL,NULL,NULL,NULL,NULL,NULL,"Y",NULL,NULL,NULL,NULL,NULL,NULL,"SIDE-LEFT",NULL,NULL,NULL,NULL,NULL,NULL,NULL,NULL,NULL,NULL,NULL,NULL,NULL,NULL,NULL,NULL,NULL,NULL,NULL,NULL,NULL,NULL,NULL,NULL,NULL,NULL,NULL,NULL,NULL,NULL,NULL,NULL,NULL
"467395","2d18e0b930867774a5de7b7137ba56d2a606dc953a82aa67435ca57d59aa346eb1c012397454571b0db31dc26647ca55d889453bffa8ad445b41958fdaf83687","JB416798","08/31/2018 04:50:00 PM","1","DRIVER","1.0","447618.0",NULL,"INFINITI","G35","IL","2008.0","NONE","PASSENGER","PERSONAL","SE","TURNING LEFT","Y",NULL,"2.0",NULL,"PENDING","PENDING",NULL,"Y",NULL,NULL,NULL,NULL,NULL,NULL,"Y",NULL,NULL,NULL,NULL,NULL,"FRONT-LEFT",NULL,NULL,NULL,NULL,NULL,NULL,NULL,NULL,NULL,NULL,NULL,NULL,NULL,NULL,NULL,NULL,NULL,NULL,NULL,NULL,NULL,NULL,NULL,NULL,NULL,NULL,NULL,NULL,NULL,NULL,NULL,NULL,NULL
"467657","556e71d1d434d6ab2276dac753dce055d6981ed9d26f20f82b87d892a87e770b0c785fdb81b466c10218df31e21a489b5f01941926f7c5b37a1d0ad06d50d525","JB417205","08/31/2018 10:15:00 PM","2","DRIVER",NULL,"447868.0",NULL,"LEXUS","GS350","IL","2013.0","UNKNOWN","PASSENGER","PERSONAL","S","STRAIGHT AHEAD","Y",NULL,"1.0",NULL,NULL,NULL,NULL,"N","Y",NULL,NULL,NULL,NULL,NULL,NULL,NULL,NULL,NULL,NULL,NULL,"FRONT-RIGHT",NULL,NULL,NULL,NULL,NULL,NULL,NULL,NULL,NULL,NULL,NULL,NULL,NULL,NULL,NULL,NULL,NULL,NULL,NULL,NULL,NULL,NULL,NULL,NULL,NULL,NULL,NULL,NULL,NULL,NULL,NULL,NULL,NULL
"467667","681a3f831c80de5ec9b56526760ca050b17e5376eae7fdf051d9bbaedb78f6e601830a00f3c08db7733b21bc3301ac54bf749ac4a2003c8c8f77d54587aa4585","JB417266","08/31/2018 11:10:00 PM","1","DRIVER",NULL,"447872.0",NULL,"FORD","FIESTA","IL","2012.0","UNKNOWN","PASSENGER","PERSONAL","E","STRAIGHT AHEAD","Y",NULL,"1.0",NULL,"private tow company","unknown",NULL,"Y","Y",NULL,NULL,NULL,NULL,NULL,"Y",NULL,NULL,NULL,NULL,NULL,"FRONT",NULL,NULL,NULL,NULL,NULL,NULL,NULL,NULL,NULL,NULL,NULL,NULL,NULL,NULL,NULL,NULL,NULL,NULL,NULL,NULL,NULL,NULL,NULL,NULL,NULL,NULL,NULL,NULL,NULL,NULL,NULL,NULL,NULL
"467861","5029373e3dcb80533e265e8155b57183cd0df047381f0af82773f76ee077ddc562749fa6e13ade3cca820b268d65bf40e53e367834fad5c727e4fea803a50589","JB417634","09/01/2018 12:00:00 AM","2","PARKED",NULL,"448052.0",NULL,"CHEVROLET","MALIBU (CHEVELLE)","IL","2014.0","NONE","PASSENGER","OTHER","E","PARKED",NULL,NULL,"0.0",NULL,NULL,NULL,NULL,NULL,NULL,NULL,NULL,NULL,"Y","Y","Y",NULL,NULL,NULL,NULL,NULL,"SIDE-LEFT",NULL,NULL,NULL,NULL,NULL,NULL,NULL,NULL,NULL,NULL,NULL,NULL,NULL,NULL,NULL,NULL,NULL,NULL,NULL,NULL,NULL,NULL,NULL,NULL,NULL,NULL,NULL,NULL,NULL,NULL,NULL,NULL,NULL
"467979","bf53b53444827d3f30ad8361093b6146893551989bb74293b99d93f05a910ad92578774c09627ec7f1afd25e940e847e3b9a041abfbbb3d916f2788f5723f273","JB417849","09/01/2018 12:15:00 PM","2","DRIVER",NULL,"448637.0",NULL,"HYUNDAI","ELANTRA","IL","2018.0","NONE","PASSENGER","PERSONAL","W","STRAIGHT AHEAD",NULL,NULL,"1.0",NULL,NULL,NULL,NULL,"Y","Y","Y",NULL,NULL,NULL,NULL,NULL,NULL,NULL,NULL,NULL,NULL,"FRONT-RIGHT",NULL,NULL,NULL,NULL,NULL,NULL,NULL,NULL,NULL,NULL,NULL,NULL,NULL,NULL,NULL,NULL,NULL,NULL,NULL,NULL,NULL,NULL,NULL,NULL,NULL,NULL,NULL,NULL,NULL,NULL,NULL,NULL,NULL
"468184","91f4321fa1f342b5d0ad86fdb1ff15d5ee470a8bd3df0eda07c51953dd66d77924b3f28f4748780e2c4bf34b1bc7e8825bfb5ab49c1688ba7180bd57f13452a1","JB418191","09/01/2018 05:04:00 PM","2","DRIVER",NULL,"448357.0",NULL,"TOYOTA MOTOR COMPANY, LTD.","UNKNOWN","IL","2013.0","NONE","PASSENGER","TAXI/FOR HIRE","N","TURNING LEFT",NULL,NULL,"1.0",NULL,NULL,NULL,NULL,"Y","Y",NULL,NULL,NULL,NULL,NULL,NULL,NULL,NULL,NULL,NULL,NULL,"TOTAL (ALL AREAS)",NULL,NULL,NULL,NULL,NULL,NULL,NULL,NULL,NULL,NULL,NULL,NULL,NULL,NULL,NULL,NULL,NULL,NULL,NULL,NULL,NULL,NULL,NULL,NULL,NULL,NULL,NULL,NULL,NULL,NULL,NULL,NULL,NULL
"468429","d49d026ec20192d7ce0916eeb3ac35f2c0297b5a92f55e34f48638b199a33cb98884759993105fd1c6758120bc37443f730b370d89f8156ea13300605e4bbe11","JB418635","09/02/2018 12:20:00 AM","2","DRIVER","1.0","448587.0",NULL,"HYUNDAI","UNKNOWN","IL","2015.0","NONE","PASSENGER","PERSONAL","W","STRAIGHT AHEAD",NULL,NULL,"2.0",NULL,NULL,NULL,NULL,NULL,NULL,NULL,NULL,NULL,NULL,NULL,NULL,NULL,NULL,NULL,NULL,NULL,"REAR",NULL,NULL,NULL,NULL,NULL,NULL,NULL,NULL,NULL,NULL,NULL,NULL,NULL,NULL,NULL,NULL,NULL,NULL,NULL,NULL,NULL,NULL,NULL,NULL,NULL,NULL,NULL,NULL,NULL,NULL,NULL,NULL,NULL
"468680","6e855f22cb76ed8016dfad34bee7d283a67bc2d9d4862f3da6a62dec9d91fe1746f2fc881c302561100b7ad75a437c56ebc2181792de38f6870c502fbcf8e2cd","JB419315","09/02/2018 02:50:00 AM","2","DRIVER",NULL,"448823.0",NULL,"NISSAN","NISSAN ALTIMA","IL","2008.0","NONE","PASSENGER","PERSONAL","S","STRAIGHT AHEAD",NULL,NULL,"1.0",NULL,NULL,NULL,NULL,NULL,"Y",NULL,NULL,NULL,NULL,NULL,NULL,NULL,NULL,NULL,NULL,NULL,"FRONT-RIGHT",NULL,NULL,NULL,NULL,NULL,NULL,NULL,NULL,NULL,NULL,NULL,NULL,NULL,NULL,NULL,NULL,NULL,NULL,NULL,NULL,NULL,NULL,NULL,NULL,NULL,NULL,NULL,NULL,NULL,NULL,NULL,NULL,NULL
"468829","a8cda65aac946afacdc266cec98f053fa6820e1e75605fde327e6dd7199f9ffc697eaecc7999118cda5dd96e06569696aa4184e6a21c71892acf45c5ff30f65a","JB419543","09/02/2018 06:10:00 PM","2","DRIVER","5.0","448959.0",NULL,"HONDA","Odyssey (minivan)","IL","2013.0","NONE","VAN/MINI-VAN","PERSONAL","W","SLOW/STOP IN TRAFFIC",NULL,NULL,"6.0",NULL,NULL,NULL,NULL,NULL,"Y",NULL,NULL,NULL,NULL,NULL,NULL,NULL,NULL,NULL,NULL,NULL,"FRONT-RIGHT",NULL,NULL,NULL,NULL,NULL,NULL,NULL,NULL,NULL,NULL,NULL,NULL,NULL,NULL,NULL,NULL,NULL,NULL,NULL,NULL,NULL,NULL,NULL,NULL,NULL,NULL,NULL,NULL,NULL,NULL,NULL,NULL,NULL
"469617","ed544dc5121a6c9315d84c815d17bf5a0df9580ea0bcaa30147e79732da88584642cfbf8bca2b2b526b521fdec6104044d3c91045cee00d012d0ec795e5531bd","JB421361","09/04/2018 09:00:00 AM","2","DRIVER",NULL,"449716.0",NULL,"MERCEDES-BENZ","Sprinter","IL","2010.0","NONE","VAN/MINI-VAN","PERSONAL","N","STRAIGHT AHEAD",NULL,NULL,"1.0",NULL,NULL,NULL,NULL,NULL,"Y","Y","Y",NULL,NULL,NULL,NULL,NULL,NULL,NULL,NULL,NULL,"FRONT-RIGHT",NULL,NULL,NULL,NULL,NULL,NULL,NULL,NULL,NULL,NULL,NULL,NULL,NULL,NULL,NULL,NULL,NULL,NULL,NULL,NULL,NULL,NULL,NULL,NULL,NULL,NULL,NULL,NULL,NULL,NULL,NULL,NULL,NULL
"469684","48b10bc1194afa64e4976cd08ce4fbc5ed3199439eb243a4553961eef73d8d040b2b4add28a05a6fe0deebcb9fd9a0fd0988c5f66803117552bf4fa42f9a1e7a","JB221439","09/04/2018 07:40:00 AM","2","DRIVER",NULL,"449796.0",NULL,"DODGE","UNKNOWN","IL","2018.0","UNKNOWN","PASSENGER","UNKNOWN/NA","E","STRAIGHT AHEAD",NULL,NULL,"1.0",NULL,NULL,NULL,NULL,NULL,NULL,NULL,NULL,"Y",NULL,NULL,NULL,NULL,NULL,NULL,NULL,NULL,"REAR",NULL,NULL,NULL,NULL,NULL,NULL,NULL,NULL,NULL,NULL,NULL,NULL,NULL,NULL,NULL,NULL,NULL,NULL,NULL,NULL,NULL,NULL,NULL,NULL,NULL,NULL,NULL,NULL,NULL,NULL,NULL,NULL,NULL
"470265","018e450acf00d6f4d80e787d819f6093ca734a2c0f5c5fb9a3cf1c20ff60446e0d437dc552e44d07d52cd05a3d96f18c35e86664a4184ff8a04bd1adf1bb1887","JB422244","09/04/2018 05:30:00 PM","1","DRIVER",NULL,"450309.0",NULL,"NISSAN","VERSA","IL","2011.0","NONE","PASSENGER","PERSONAL","N","STRAIGHT AHEAD",NULL,NULL,"1.0",NULL,NULL,NULL,NULL,NULL,"Y",NULL,NULL,NULL,NULL,NULL,NULL,NULL,NULL,NULL,NULL,"Y","FRONT-RIGHT",NULL,NULL,NULL,NULL,NULL,NULL,NULL,NULL,NULL,NULL,NULL,NULL,NULL,NULL,NULL,NULL,NULL,NULL,NULL,NULL,NULL,NULL,NULL,NULL,NULL,NULL,NULL,NULL,NULL,NULL,NULL,NULL,NULL
"470409","a4c6d897b04d2dd17555e0581dedaecc17834db5b76a09eca8ac156a50009968793187762c86bb23af7e6a3c26ca28aba2869254be5b3175fc4f01a683963f78","IB422602","09/04/2018 11:49:00 PM","1","DRIVER",NULL,"450443.0",NULL,"CHEVROLET","MALIBU (CHEVELLE)","IL","2018.0","NONE","PASSENGER","PERSONAL","W","STRAIGHT AHEAD","Y",NULL,"1.0",NULL,"CITY OF CHICAGO","10300 DOTEY RD",NULL,NULL,"Y",NULL,NULL,NULL,NULL,NULL,NULL,NULL,NULL,NULL,NULL,NULL,"FRONT-RIGHT",NULL,NULL,NULL,NULL,NULL,NULL,NULL,NULL,NULL,NULL,NULL,NULL,NULL,NULL,NULL,NULL,NULL,NULL,NULL,NULL,NULL,NULL,NULL,NULL,NULL,NULL,NULL,NULL,NULL,NULL,NULL,NULL,NULL
"470446","b0f7875ec5c9cd3510887835a6de4693c25afc9e7157e55d7b4e4cbaf7587fe9129458db0906f28498a972e3173f1930a73f0ef4068c42157c54ced599091258","JB422695","09/05/2018 02:10:00 AM","3","PARKED",NULL,"450481.0",NULL,"MERCEDES-BENZ","UNKNOWN","GA","2014.0","NONE","PASSENGER","PERSONAL","N","PARKED","Y",NULL,"0.0",NULL,"private tow",NULL,NULL,NULL,NULL,NULL,"Y","Y","Y",NULL,NULL,NULL,NULL,NULL,NULL,NULL,"REAR",NULL,NULL,NULL,NULL,NULL,NULL,NULL,NULL,NULL,NULL,NULL,NULL,NULL,NULL,NULL,NULL,NULL,NULL,NULL,NULL,NULL,NULL,NULL,NULL,NULL,NULL,NULL,NULL,NULL,NULL,NULL,NULL,NULL
"470651","cbdcee1ffcea0f9dd31e034dc1c600ed7606f8af7f33321ee5c61ca0e0009f2af2ae627bb0c266e2716253fa86070f80aedeb506d18efd9600b282506b498188","JB423064","09/03/2018 10:00:00 PM","2","DRIVER","1.0","450667.0",NULL,"LINCOLN-CONTINENTAL","CONTINENTAL","IL","2011.0","NONE","PASSENGER","OTHER","E","SLOW/STOP IN TRAFFIC",NULL,NULL,"2.0",NULL,NULL,NULL,NULL,NULL,NULL,NULL,NULL,"Y",NULL,NULL,NULL,NULL,NULL,NULL,NULL,NULL,"REAR",NULL,NULL,NULL,NULL,NULL,NULL,NULL,NULL,NULL,NULL,NULL,NULL,NULL,NULL,NULL,NULL,NULL,NULL,NULL,NULL,NULL,NULL,NULL,NULL,NULL,NULL,NULL,NULL,NULL,NULL,NULL,NULL,NULL
"470953","db569bc876225b4ca631bcdc7e348e4e27c919bf0d0b891a352c8189c402fc1b1b52601a384e6555a0014365eb66f4c311a81c85147939ba8d3364dde729763a","JB423618","09/02/2018 01:30:00 PM","2","DRIVER",NULL,"450979.0",NULL,"MITSUBISHI","Outlander","IL","2018.0","NONE","PASSENGER","PERSONAL","S","TURNING LEFT",NULL,NULL,"1.0",NULL,NULL,NULL,NULL,NULL,"Y","Y",NULL,NULL,NULL,NULL,NULL,NULL,NULL,NULL,NULL,NULL,"FRONT-RIGHT",NULL,NULL,NULL,NULL,NULL,NULL,NULL,NULL,NULL,NULL,NULL,NULL,NULL,NULL,NULL,NULL,NULL,NULL,NULL,NULL,NULL,NULL,NULL,NULL,NULL,NULL,NULL,NULL,NULL,NULL,NULL,NULL,NULL
"471189","a1c12e581579442ae2829a47871e2b768d26a8eec2131cfaac89b0582ed45718b08da83447036a418e783c89c7bbcb6b6e3d623a5b4d1d04845e85388175ddf3","JB390171","08/12/2018 11:45:00 AM","1","DRIVER","1.0","451154.0",NULL,"CHEVROLET","MALIBU (CHEVELLE)","IL","2016.0","UNKNOWN","PASSENGER","PERSONAL","W","STRAIGHT AHEAD",NULL,NULL,"2.0",NULL,NULL,NULL,NULL,NULL,"Y",NULL,NULL,NULL,NULL,NULL,NULL,NULL,NULL,NULL,NULL,NULL,"FRONT-RIGHT",NULL,NULL,NULL,NULL,NULL,NULL,NULL,NULL,NULL,NULL,NULL,NULL,NULL,NULL,NULL,NULL,NULL,NULL,NULL,NULL,NULL,NULL,NULL,NULL,NULL,NULL,NULL,NULL,NULL,NULL,NULL,NULL,NULL
"471435","53bde49c8c32cad9a09d39289824e0ca6d3677b596995fb9e4739ef2d927a63109bddf76f36bc167b307edd72a963449fae5b2da232cb263a957a3ee16b2042e","JB416298","08/31/2018 11:30:00 AM","2","DRIVER",NULL,"451400.0",NULL,"AUTOCAR","AUTOCAR",NULL,"2009.0","NONE","TRUCK - SINGLE UNIT","CONSTRUCTION/MAINTENANCE","W","SLOW/STOP - LOAD/UNLOAD",NULL,NULL,"1.0",NULL,NULL,NULL,NULL,"Y",NULL,NULL,NULL,NULL,NULL,NULL,"Y",NULL,NULL,NULL,NULL,NULL,"FRONT-LEFT",NULL,NULL,NULL,NULL,NULL,NULL,NULL,NULL,NULL,NULL,NULL,NULL,NULL,NULL,NULL,NULL,NULL,NULL,NULL,NULL,NULL,NULL,NULL,NULL,NULL,NULL,NULL,NULL,NULL,NULL,NULL,NULL,NULL
"471789","dd7fe6fb9116190a426d7badb5f598b32082c436ad1d30a49311e45a44c4b5aef9f63364db3b540426bc80cd686e11a638e5706defe81a965ad1e94a22104fe8","JB425006","09/06/2018 04:45:00 PM","2","DRIVER",NULL,"451724.0",NULL,"JEEP","Grand Cherokee (for vehicle years 1989 to present)","IL","2013.0","NONE","SPORT UTILITY VEHICLE (SUV)","PERSONAL","W","STRAIGHT AHEAD",NULL,NULL,"1.0",NULL,NULL,NULL,NULL,NULL,NULL,"Y","Y",NULL,"N","N",NULL,NULL,NULL,NULL,NULL,NULL,"SIDE-RIGHT",NULL,NULL,NULL,NULL,NULL,NULL,NULL,NULL,NULL,NULL,NULL,NULL,NULL,NULL,NULL,NULL,NULL,NULL,NULL,NULL,NULL,NULL,NULL,NULL,NULL,NULL,NULL,NULL,NULL,NULL,NULL,NULL,NULL
"471874","d1b04b3fa5e170299584a600a8eaa09d2637fe2f7c55e2e767f6a7a4bbf4e466c36629b9bc57ed60ca35efbff25fc79e9d47caf305da21e5651eeb290df95221","JB425090","09/06/2018 05:50:00 PM","1","DRIVER",NULL,"451868.0",NULL,"SUZUKI","XL-7 or XL-7 Grand Vitara","IL","2008.0","NONE","SPORT UTILITY VEHICLE (SUV)","PERSONAL","W","STRAIGHT AHEAD",NULL,NULL,"1.0",NULL,NULL,NULL,NULL,"Y",NULL,NULL,NULL,NULL,NULL,NULL,NULL,NULL,NULL,NULL,NULL,NULL,"FRONT",NULL,NULL,NULL,NULL,NULL,NULL,NULL,NULL,NULL,NULL,NULL,NULL,NULL,NULL,NULL,NULL,NULL,NULL,NULL,NULL,NULL,NULL,NULL,NULL,NULL,NULL,NULL,NULL,NULL,NULL,NULL,NULL,NULL
"472028","4216c791f679a922624fbf81ded4fdfe181e6edb8cfc578b35b24a23b2915c18f3694c4184b2b8d50cfb79f17780fcd9445da6c6c23f1ab0a9fab78bd5257a46","JB425430","09/06/2018 10:23:00 PM","2","DRIVER","1.0","451956.0",NULL,"DODGE","UNKNOWN","IL","2016.0","UNKNOWN","OTHER","OTHER TRANSIT","E","TURNING RIGHT",NULL,NULL,"2.0",NULL,NULL,NULL,NULL,NULL,NULL,NULL,"Y",NULL,NULL,NULL,NULL,NULL,NULL,NULL,NULL,NULL,"REAR-RIGHT",NULL,NULL,NULL,NULL,NULL,NULL,NULL,NULL,NULL,NULL,NULL,NULL,NULL,NULL,NULL,NULL,NULL,NULL,NULL,NULL,NULL,NULL,NULL,NULL,NULL,NULL,NULL,NULL,NULL,NULL,NULL,NULL,NULL
"472133","80cf2bb4753714b0a934687a46a56ef828c6ca2e2ca8faf43190def53eac6bc971b4d419db51c33a5800c6e0dde17971b929e84f7aecd785e8e3afc70121247b","JB425712","09/07/2018 09:30:00 AM","1","DRIVER",NULL,"452051.0",NULL,"FORD","UNKNOWN","IL","2016.0","NONE","BUS OVER 15 PASS.","COMMERCIAL - SINGLE UNIT","S","STRAIGHT AHEAD",NULL,NULL,"1.0",NULL,NULL,NULL,NULL,NULL,NULL,"Y",NULL,NULL,NULL,NULL,NULL,NULL,NULL,NULL,NULL,NULL,"SIDE-RIGHT",NULL,NULL,NULL,NULL,NULL,NULL,NULL,NULL,NULL,NULL,NULL,NULL,NULL,NULL,NULL,NULL,NULL,NULL,NULL,NULL,NULL,NULL,NULL,NULL,NULL,NULL,NULL,NULL,NULL,NULL,NULL,NULL,NULL