"CRASH_UNIT_ID","CRASH_RECORD_ID","RD_NO","CRASH_DATE","UNIT_NO","UNIT_TYPE","NUM_PASSENGERS","VEHICLE_ID","CMRC_VEH_I","MAKE","MODEL","LIC_PLATE_STATE","VEHICLE_YEAR","VEHICLE_DEFECT","VEHICLE_TYPE","VEHICLE_USE","TRAVEL_DIRECTION","MANEUVER","TOWED_I","FIRE_I","OCCUPANT_CNT","EXCEED_SPEED_LIMIT_I","TOWED_BY","TOWED_TO","AREA_00_I","AREA_01_I","AREA_02_I","AREA_03_I","AREA_04_I","AREA_05_I","AREA_06_I","AREA_07_I","AREA_08_I","AREA_09_I","AREA_10_I","AREA_11_I","AREA_12_I","AREA_99_I","FIRST_CONTACT_POINT","CMV_ID","USDOT_NO","CCMC_NO","ILCC_NO","COMMERCIAL_SRC","GVWR","CARRIER_NAME","CARRIER_STATE","CARRIER_CITY","HAZMAT_PLACARDS_I","HAZMAT_NAME","UN_NO","HAZMAT_PRESENT_I","HAZMAT_REPORT_I","HAZMAT_REPORT_NO","MCS_REPORT_I","MCS_REPORT_NO","HAZMAT_VIO_CAUSE_CRASH_I","MCS_VIO_CAUSE_CRASH_I","IDOT_PERMIT_NO","WIDE_LOAD_I","TRAILER1_WIDTH","TRAILER2_WIDTH","TRAILER1_LENGTH","TRAILER2_LENGTH","TOTAL_VEHICLE_LENGTH","AXLE_CNT","VEHICLE_CONFIG","CARGO_BODY_TYPE","LOAD_TYPE","HAZMAT_OUT_OF_SERVICE_I","MCS_OUT_OF_SERVICE_I","HAZMAT_CLASS"
"485530","12ab45d04658dc9141596056452b85cd57fb9857cb96ff8fd9b1c7c02d80ebb7b41395aa4bcb524765b17ad7faa787a242626d79f67c7d296360640bf762648d","JB450538","09/25/2018 03:00:00 PM","1","DRIVER",NULL,"464578.0",NULL,"NISSAN","UNKNOWN","IL","2015.0","UNKNOWN","PASSENGER","UNKNOWN/NA","S","STRAIGHT AHEAD",NULL,NULL,"1.0",NULL,NULL,NULL,NULL,"Y",NULL,NULL,NULL,NULL,NULL,NULL,NULL,NULL,NULL,NULL,NULL,NULL,"FRONT",NULL,NULL,NULL,NULL,NULL,NULL,NULL,NULL,NULL,NULL,NULL,NULL,NULL,NULL,NULL,NULL,NULL,NULL,NULL,NULL,NULL,NULL,NULL,NULL,NULL,NULL,NULL,NULL,NULL,NULL,NULL,NULL,NULL
"485533","6dd40dbfcf85d5e26ae8c7bd4dee5ba94784a310ac2c5dbca332d59e85b66f68731d87ceeadac6e158190fd927cb5556fd20f4c20226dd6e6a04260fe9071dd5","JB450545","09/25/2018 04:02:00 PM","2","DRIVER",NULL,"464588.0",NULL,"FORD","UNKNOWN","IL","2015.0","NONE","PASSENGER","PERSONAL","E","STRAIGHT AHEAD","Y",NULL,"1.0",NULL,"owner","unknown",NULL,NULL,"Y",NULL,NULL,NULL,NULL,NULL,"Y",NULL,NULL,NULL,NULL,NULL,"FRONT-LEFT",NULL,NULL,NULL,NULL,NULL,NULL,NULL,NULL,NULL,NULL,NULL,NULL,NULL,NULL,NULL,NULL,NULL,NULL,NULL,NULL,NULL,NULL,NULL,NULL,NULL,NULL,NULL,NULL,NULL,NULL,NULL,NULL,NULL
"486096","e3ea3be0958bb6ffea5db9da9f95694d40b98ae8051d22f090803263b736b0e3db4149db8085c897eb8efcc0dbe89b719f48b8c78f3d30c9563151976ff47fe6","JB451349","09/26/2018 08:37:00 AM","2","DRIVER","2.0","465044.0",NULL,"CHEVROLET","UNKNOWN","IL","2016.0","NONE","BUS OVER 15 PASS.","SCHOOL BUS","E","STRAIGHT AHEAD",NULL,NULL,"3.0",NULL,NULL,NULL,NULL,NULL,NULL,NULL,NULL,"Y",NULL,NULL,NULL,NULL,NULL,NULL,NULL,NULL,"REAR",NULL,NULL,NULL,NULL,NULL,NULL,NULL,NULL,NULL,NULL,NULL,NULL,NULL,NULL,NULL,NULL,NULL,NULL,NULL,NULL,NULL,NULL,NULL,NULL,NULL,NULL,NULL,NULL,NULL,NULL,NULL,NULL,NULL
"486977","7cf5f161ad99d3959cc5af9bda510ee46be897e299540122fb0e374b0e9db6e5db3e8be5fcbdcc6a91abdc4e8b2a0fc69c4f0c1da1f32e8abc15922e46d5c821","JB453108","09/27/2018 01:30:00 PM","2","DRIVER",NULL,"465881.0",NULL,"BMW","BMW","IL","2011.0","NONE","PASSENGER","PERSONAL","N","SLOW/STOP IN TRAFFIC",NULL,NULL,"1.0",NULL,NULL,NULL,NULL,"Y","Y",NULL,NULL,NULL,NULL,NULL,NULL,NULL,NULL,NULL,NULL,NULL,"FRONT-RIGHT",NULL,NULL,NULL,NULL,NULL,NULL,NULL,NULL,NULL,NULL,NULL,NULL,NULL,NULL,NULL,NULL,NULL,NULL,NULL,NULL,NULL,NULL,NULL,NULL,NULL,NULL,NULL,NULL,NULL,NULL,NULL,NULL,NULL
"487200","8b1b8179d5ea4c92d59a1e5cde6942cee17677f6010b71b49b0c71567564128a98861858779522edd2248c3f83481dc0f5f7e28c9070820b9597d6c853d68a5e","JB453390","09/27/2018 03:20:00 PM","2","DRIVER",NULL,"466087.0",NULL,"CHEVROLET","CRUZE","IL","2016.0","NONE","PASSENGER","PERSONAL","N","STRAIGHT AHEAD",NULL,NULL,"1.0",NULL,NULL,NULL,NULL,NULL,NULL,NULL,NULL,NULL,NULL,"Y",NULL,NULL,NULL,NULL,NULL,NULL,"SIDE-LEFT",NULL,NULL,NULL,NULL,NULL,NULL,NULL,NULL,NULL,NULL,NULL,NULL,NULL,NULL,NULL,NULL,NULL,NULL,NULL,NULL,NULL,NULL,NULL,NULL,NULL,NULL,NULL,NULL,NULL,NULL,NULL,NULL,NULL
"487397","4ee197544f563007133b6fb825184cf2531ddabe441db834f5344a7e7de60b317cc51f025119c614731d5ceb591e9538361347e2a46245dd74e53cb5a7817996","JB453947","09/28/2018 06:15:00 AM","2","DRIVER",NULL,"466279.0",NULL,"KIA MOTORS CORP","Sportage (sport utility)","IL","2017.0","UNKNOWN","PASSENGER","PERSONAL","S","TURNING LEFT",NULL,NULL,"1.0",NULL,NULL,NULL,NULL,"Y",NULL,NULL,NULL,NULL,NULL,NULL,"Y",NULL,NULL,NULL,NULL,NULL,"FRONT-LEFT",NULL,NULL,NULL,NULL,NULL,NULL,NULL,NULL,NULL,NULL,NULL,NULL,NULL,NULL,NULL,NULL,NULL,NULL,NULL,NULL,NULL,NULL,NULL,NULL,NULL,NULL,NULL,NULL,NULL,NULL,NULL,NULL,NULL
"487671","053f4cb57ad7ecedd4d1e878539b1303d57796cb12453462f8ff85916e4cf55b73acbbb47e9831ad17efe554e11fd96d0ded7a9d61aa6cd41d559983e83cf9b2","JB454394","09/28/2018 01:00:00 PM","1","DRIVER",NULL,"466514.0",NULL,"GENERAL MOTORS CORP.","TERRAIN","IL","2015.0","UNKNOWN","SPORT UTILITY VEHICLE (SUV)","PERSONAL","W","STRAIGHT AHEAD",NULL,NULL,"1.0",NULL,NULL,NULL,NULL,"Y",NULL,NULL,NULL,NULL,NULL,NULL,NULL,NULL,NULL,NULL,NULL,NULL,"FRONT",NULL,NULL,NULL,NULL,NULL,NULL,NULL,NULL,NULL,NULL,NULL,NULL,NULL,NULL,NULL,NULL,NULL,NULL,NULL,NULL,NULL,NULL,NULL,NULL,NULL,NULL,NULL,NULL,NULL,NULL,NULL,NULL,NULL
"487876","079ced41c3b03ab737404408eb8d53c7b604d1e33a0cd16f07dbdd7acdfd18f48b74b50ec7be1e2949c4d880c372308ca8a945f2d004d71036e0f7b5bd949f6d","JB454693","09/28/2018 04:15:00 PM","2","DRIVER",NULL,"466780.0",NULL,"BLUE BIRD BODY CO.","BLUE BIRD BODY CO.","IL","2011.0","NONE","BUS OVER 15 PASS.","SCHOOL BUS","N","STRAIGHT AHEAD",NULL,NULL,"1.0",NULL,NULL,NULL,NULL,NULL,NULL,NULL,NULL,"Y",NULL,NULL,NULL,NULL,NULL,NULL,NULL,NULL,"REAR",NULL,NULL,NULL,NULL,NULL,NULL,NULL,NULL,NULL,NULL,NULL,NULL,NULL,NULL,NULL,NULL,NULL,NULL,NULL,NULL,NULL,NULL,NULL,NULL,NULL,NULL,NULL,NULL,NULL,NULL,NULL,NULL,NULL
"488274","587a27d8253de4ad2a275738e4a3c03e4a7e5ed90b236f4b907891622827566b9867f2960597910d26beb0f4930f376e6e358099990a949b33ed3871c5c6dd75","JB455371","09/29/2018 06:25:00 AM","1","DRIVER",NULL,"467099.0",NULL,"FREIGHTLINER CORP.","FREIGHTLINER CORP.","IN","2017.0","NONE","TRACTOR W/ SEMI-TRAILER","COMMERCIAL - MULTI-UNIT","N","STRAIGHT AHEAD",NULL,NULL,"1.0",NULL,NULL,NULL,"Y",NULL,NULL,NULL,NULL,NULL,NULL,NULL,NULL,NULL,NULL,NULL,NULL,"N","REAR-RIGHT",NULL,NULL,NULL,NULL,NULL,NULL,NULL,NULL,NULL,NULL,NULL,NULL,NULL,NULL,NULL,NULL,NULL,NULL,NULL,NULL,NULL,NULL,NULL,NULL,NULL,NULL,NULL,NULL,NULL,NULL,NULL,NULL,NULL
"488410","4ff1e83eb01fa5680b48ac9c0ac76af71c0511945f387fc4810b80808fba5b3b0435510b366765418921d270de56dbc61ecd5701397f226069370eda0727c2e6","JB455679","09/28/2018 05:30:00 PM","2","DRIVER",NULL,"467228.0",NULL,"TOYOTA MOTOR COMPANY, LTD.","COROLLA","IL","2017.0","NONE","PASSENGER","PERSONAL","S","STRAIGHT AHEAD",NULL,NULL,"1.0",NULL,NULL,NULL,NULL,NULL,"Y",NULL,NULL,NULL,NULL,NULL,NULL,NULL,NULL,NULL,NULL,NULL,"SIDE-RIGHT",NULL,NULL,NULL,NULL,NULL,NULL,NULL,NULL,NULL,NULL,NULL,NULL,NULL,NULL,NULL,NULL,NULL,NULL,NULL,NULL,NULL,NULL,NULL,NULL,NULL,NULL,NULL,NULL,NULL,NULL,NULL,NULL,NULL
"488580","e57f2829e7e330d957c3273cff0627d2a33e08e2dbfaa455616de7594e624e214806daa79795618ffb946749d1f68eb5ceef7b6b8ff6c44f7d32cb5bc35efb9f","JB455942","09/29/2018 03:57:00 PM","1","DRIVER",NULL,"467385.0",NULL,"FREIGHTLINER CORP.","FREIGHTLINER CORP.","IL","2011.0","NONE","VAN/MINI-VAN","OTHER","W","STRAIGHT AHEAD","Y",NULL,"1.0",NULL,"unk","unk",NULL,"Y",NULL,NULL,NULL,NULL,NULL,NULL,NULL,NULL,NULL,NULL,NULL,NULL,"FRONT",NULL,NULL,NULL,NULL,NULL,NULL,NULL,NULL,NULL,NULL,NULL,NULL,NULL,NULL,NULL,NULL,NULL,NULL,NULL,NULL,NULL,NULL,NULL,NULL,NULL,NULL,NULL,NULL,NULL,NULL,NULL,NULL,NULL
"488600","4bb059ffc887ea95af764975e27807099d8df1897707365e79a8507315f13a3416e93cbd87a86f73344b0d3e55ac14047afff3b4cf24f7c37ff34a0cd8ed7feb","JB455765","09/28/2018 11:00:00 PM","1","DRIVER",NULL,"467405.0",NULL,"JEEP","Wrangler (for vehicle years 1989 to present)","IL","2012.0","NONE","PASSENGER","PERSONAL","N","STRAIGHT AHEAD",NULL,NULL,"1.0",NULL,NULL,NULL,NULL,NULL,NULL,NULL,NULL,NULL,NULL,NULL,"Y",NULL,NULL,NULL,NULL,NULL,"FRONT-LEFT",NULL,NULL,NULL,NULL,NULL,NULL,NULL,NULL,NULL,NULL,NULL,NULL,NULL,NULL,NULL,NULL,NULL,NULL,NULL,NULL,NULL,NULL,NULL,NULL,NULL,NULL,NULL,NULL,NULL,NULL,NULL,NULL,NULL
"488959","c1cbd53ef304adad6de47dbdf128b8b46a03c67e5743c094e815d2818936a150fe5eb075bbbfcd845e3707f01979545ffaed05f0a78b3c8bed23b4bc570f2621","JB456589","09/30/2018 06:00:00 AM","1","DRIVER",NULL,"467746.0",NULL,"FORD","UNKNOWN","IN","2009.0","NONE","OTHER","AMBULANCE","N","STRAIGHT AHEAD",NULL,NULL,"1.0",NULL,NULL,NULL,"Y",NULL,NULL,NULL,NULL,NULL,NULL,NULL,NULL,NULL,NULL,NULL,NULL,NULL,"UNKNOWN",NULL,NULL,NULL,NULL,NULL,NULL,NULL,NULL,NULL,NULL,NULL,NULL,NULL,NULL,NULL,NULL,NULL,NULL,NULL,NULL,NULL,NULL,NULL,NULL,NULL,NULL,NULL,NULL,NULL,NULL,NULL,NULL,NULL
"489140","84bca998445b3ee3a2e2dd39271f8e9166cd13dd9d4b4babb03e4e9e4ba73fd45440134e2926e31bbe5f63029f4e0b4c7d6ccc1313073db3f45953e3dd596c9a","JB456956","09/30/2018 01:45:00 PM","1","DRIVER","1.0","467932.0",NULL,"HONDA","ACCORD","IL","2013.0","NONE","PASSENGER","PERSONAL","N","CHANGING LANES",NULL,NULL,"2.0",NULL,NULL,NULL,NULL,NULL,NULL,NULL,NULL,NULL,"Y","Y","Y",NULL,NULL,NULL,NULL,NULL,"FRONT-LEFT",NULL,NULL,NULL,NULL,NULL,NULL,NULL,NULL,NULL,NULL,NULL,NULL,NULL,NULL,NULL,NULL,NULL,NULL,NULL,NULL,NULL,NULL,NULL,NULL,NULL,NULL,NULL,NULL,NULL,NULL,NULL,NULL,NULL
"489406","5368d1b1967f2aaae4ee4168331665565f09e9299f902c92cdf3466e456d9d4605e605d036f7afa20424a6fde51250cdcd60f7fbe80b1446a40925b4df68dea4","JB457522","09/30/2018 10:15:00 PM","2","DRIVER",NULL,"468171.0",NULL,"HONDA","ACCORD","IL","2017.0","NONE","PASSENGER","PERSONAL","E","STRAIGHT AHEAD",NULL,NULL,"1.0",NULL,NULL,NULL,NULL,NULL,NULL,NULL,"Y","Y","Y",NULL,NULL,NULL,NULL,"Y",NULL,NULL,"TOTAL (ALL AREAS)",NULL,NULL,NULL,NULL,NULL,NULL,NULL,NULL,NULL,NULL,NULL,NULL,NULL,NULL,NULL,NULL,NULL,NULL,NULL,NULL,NULL,NULL,NULL,NULL,NULL,NULL,NULL,NULL,NULL,NULL,NULL,NULL,NULL
"489498","92545e077a38e8dbd31ee0c2a02df33ce65c93bfd97c2091709f1a390b380e824ab919e66e54247f06381ab89c031a00eca32fa65171d7aec652462b91278b20","JB457754","10/01/2018 08:00:00 AM","1","DRIVER",NULL,"468258.0",NULL,"CHEVROLET","MALIBU (CHEVELLE)","IL","2010.0","NONE","PASSENGER","PERSONAL","N","STRAIGHT AHEAD","Y",NULL,"1.0",NULL,NULL,NULL,NULL,"Y",NULL,NULL,NULL,NULL,NULL,NULL,NULL,NULL,NULL,NULL,NULL,NULL,"FRONT",NULL,NULL,NULL,NULL,NULL,NULL,NULL,NULL,NULL,NULL,NULL,NULL,NULL,NULL,NULL,NULL,NULL,NULL,NULL,NULL,NULL,NULL,NULL,NULL,NULL,NULL,NULL,NULL,NULL,NULL,NULL,NULL,NULL
"489504","554940eba84bae6e09461d16b90132e942c012ab36dd4e3cd5c583708f825210798ce86b5792d41bf3ef8f82ad6fe15645d9310bfe27719b196e6565d3e042c9","JB455535","09/28/2018 10:35:00 AM","3","PARKED",NULL,"468256.0",NULL,"LEXUS","UNKNOWN","IL","2015.0","NONE","PASSENGER","NOT IN USE","E","PARKED",NULL,NULL,"0.0",NULL,NULL,NULL,NULL,NULL,NULL,NULL,NULL,"Y",NULL,NULL,NULL,NULL,NULL,NULL,NULL,NULL,"REAR",NULL,NULL,NULL,NULL,NULL,NULL,NULL,NULL,NULL,NULL,NULL,NULL,NULL,NULL,NULL,NULL,NULL,NULL,NULL,NULL,NULL,NULL,NULL,NULL,NULL,NULL,NULL,NULL,NULL,NULL,NULL,NULL,NULL
"489589","8f7443c83e8ca3d61641722a3a90a3b37d3b030e0517bfea82e46b8a77a2396ce523619d55ad8028222ba8c08e99d450aba5092513c62294ba8d2df941ca2da0","JB457960","10/01/2018 10:20:00 AM","2","PARKED","1.0","468346.0",NULL,"TOYOTA MOTOR COMPANY, LTD.","COROLLA","IL","2015.0","NONE","PASSENGER","PERSONAL","UNKNOWN","PARKED",NULL,NULL,"1.0",NULL,NULL,NULL,NULL,NULL,NULL,NULL,NULL,"Y",NULL,NULL,NULL,NULL,NULL,NULL,NULL,NULL,"REAR",NULL,NULL,NULL,NULL,NULL,NULL,NULL,NULL,NULL,NULL,NULL,NULL,NULL,NULL,NULL,NULL,NULL,NULL,NULL,NULL,NULL,NULL,NULL,NULL,NULL,NULL,NULL,NULL,NULL,NULL,NULL,NULL,NULL
"489765","da878773b7233221356e5d7278978c332f6e3c592dc4a2d84b419383dfc1a109556bfffff8e104e7bf9b03b41b49cac7302506058bbfacd11728f8ada071be77","JB458308","10/01/2018 01:40:00 PM","1","DRIVER",NULL,"468506.0",NULL,"NISSAN","NISSAN ALTIMA","IL","2011.0","NONE","PASSENGER","PERSONAL","W","STRAIGHT AHEAD",NULL,NULL,"1.0",NULL,NULL,NULL,NULL,NULL,"Y","N",NULL,NULL,NULL,NULL,NULL,NULL,NULL,NULL,NULL,NULL,"SIDE-RIGHT",NULL,NULL,NULL,NULL,NULL,NULL,NULL,NULL,NULL,NULL,NULL,NULL,NULL,NULL,NULL,NULL,NULL,NULL,NULL,NULL,NULL,NULL,NULL,NULL,NULL,NULL,NULL,NULL,NULL,NULL,NULL,NULL,NULL
"489820","5ea088c16bc3e58aacea186c4b4bb5570ba3737a2c4e05b187e6e574023e7540e072fb8fc111094ea5c63af1a34d9b3f25091f312be5b88d95ef8e01ea63b71a","JB458312","10/01/2018 02:43:00 PM","1","DRIVER",NULL,"468566.0",NULL,"DODGE","CHARGER","IL","2010.0","BRAKES","PASSENGER","PERSONAL","W","STRAIGHT AHEAD","Y",NULL,"1.0",NULL,NULL,NULL,NULL,"Y","Y",NULL,NULL,NULL,NULL,NULL,"Y",NULL,NULL,NULL,NULL,NULL,"FRONT",NULL,NULL,NULL,NULL,NULL,NULL,NULL,NULL,NULL,NULL,NULL,NULL,NULL,NULL,NULL,NULL,NULL,NULL,NULL,NULL,NULL,NULL,NULL,NULL,NULL,NULL,NULL,NULL,NULL,NULL,NULL,NULL,NULL
"489958","c15a31f55db119a3181d66a75d004b11a4c12d5323f80c99351c4abe1b191d04ff0f9913b52a2326f5e75d8dc673d03aa14c353bc908233171f422f31ca1af93","JB458550","10/01/2018 03:10:00 PM","2","PARKED",NULL,"468702.0",NULL,"NISSAN","ROGUE","IL","2013.0","NONE","SPORT UTILITY VEHICLE (SUV)","PERSONAL","S","PARKED","Y",NULL,"0.0",NULL,NULL,NULL,NULL,"Y","Y",NULL,NULL,NULL,NULL,NULL,"Y",NULL,NULL,NULL,NULL,NULL,"FRONT-LEFT",NULL,NULL,NULL,NULL,NULL,NULL,NULL,NULL,NULL,NULL,NULL,NULL,NULL,NULL,NULL,NULL,NULL,NULL,NULL,NULL,NULL,NULL,NULL,NULL,NULL,NULL,NULL,NULL,NULL,NULL,NULL,NULL,NULL
"490143","ff0419dc8ff4544a8821aa0e8b9e13da92bcbc067226dd55967533c7a5b51a18324ca134eecba164faf4b584d0cb9df36d0d19148820cf499b4c5e2f19c42e09","JB458958","10/01/2018 06:20:00 PM","2","DRIVER","2.0","468880.0",NULL,"FORD","ESCAPE (SUV)","IL","2011.0","NONE","SPORT UTILITY VEHICLE (SUV)","PERSONAL","S","SLOW/STOP IN TRAFFIC",NULL,NULL,"3.0",NULL,NULL,NULL,"Y",NULL,NULL,NULL,NULL,NULL,NULL,NULL,NULL,NULL,NULL,NULL,NULL,NULL,"REAR",NULL,NULL,NULL,NULL,NULL,NULL,NULL,NULL,NULL,NULL,NULL,NULL,NULL,NULL,NULL,NULL,NULL,NULL,NULL,NULL,NULL,NULL,NULL,NULL,NULL,NULL,NULL,NULL,NULL,NULL,NULL,NULL,NULL
"490375","12f15d6d725c459ab23d4e44686f131fa618b6695a78f93c404eb7bf3211a6ebc70cbd6ed461f1d848ac177893e7daaa095de3bc433b4370d0f9cdd45d2149e9","JB459362","10/02/2018 07:45:00 AM","1","DRIVER",NULL,"469093.0",NULL,"TOYOTA MOTOR COMPANY, LTD.","CAMRY","OH","2012.0","UNKNOWN","PASSENGER","PERSONAL","N","CHANGING LANES","Y",NULL,"1.0",NULL,"PRIVATE TOW","PARKING LOT",NULL,"Y","Y",NULL,NULL,NULL,NULL,NULL,NULL,NULL,NULL,NULL,NULL,NULL,"FRONT-RIGHT",NULL,NULL,NULL,NULL,NULL,NULL,NULL,NULL,NULL,NULL,NULL,NULL,NULL,NULL,NULL,NULL,NULL,NULL,NULL,NULL,NULL,NULL,NULL,NULL,NULL,NULL,NULL,NULL,NULL,NULL,NULL,NULL,NULL
"490486","dcbf3057764cb97c15270bb2265f8991cf792b4fbece6275999ce166cd9bbcacd6790cb2461714eb4868236075215657448425f49163000ac8c83f9e2c1476b1","JB459596","10/01/2018 05:30:00 PM","2","PARKED",NULL,"469209.0",NULL,"LEXUS","ES350","IL","2015.0","NONE","PASSENGER","NOT IN USE","S","PARKED",NULL,NULL,"0.0",NULL,NULL,NULL,NULL,"Y",NULL,NULL,NULL,NULL,NULL,"Y","Y",NULL,NULL,NULL,NULL,NULL,"UNKNOWN",NULL,NULL,NULL,NULL,NULL,NULL,NULL,NULL,NULL,NULL,NULL,NULL,NULL,NULL,NULL,NULL,NULL,NULL,NULL,NULL,NULL,NULL,NULL,NULL,NULL,NULL,NULL,NULL,NULL,NULL,NULL,NULL,NULL
"490541","5db13cc6565cc1582010cc07cf0fa94ed3891e3cdab3f3df5c7e68eec078aba37df51f146f50215bbf490a54dea584367066be2e4ef3ee0f5fd59c674bb7c210","JB459723","10/02/2018 02:18:00 PM","2","DRIVER",NULL,"469258.0",NULL,"TOYOTA MOTOR COMPANY, LTD.","RAV4 (sport utility)","IL","2013.0","UNKNOWN","PASSENGER","PERSONAL","E","STRAIGHT AHEAD",NULL,NULL,"1.0",NULL,NULL,NULL,NULL,NULL,NULL,NULL,NULL,NULL,NULL,NULL,"Y",NULL,NULL,NULL,NULL,NULL,"FRONT-LEFT",NULL,NULL,NULL,NULL,NULL,NULL,NULL,NULL,NULL,NULL,NULL,NULL,NULL,NULL,NULL,NULL,NULL,NULL,NULL,NULL,NULL,NULL,NULL,NULL,NULL,NULL,NULL,NULL,NULL,NULL,NULL,NULL,NULL
"490552","14d69f2248263c6d54ac701db043cf2fff95b501c5560c4f89d77d717c292394da4a6c385ea4caee02d342514bf1dbc614d9775212746b02cc96f4d0bfe3092a","JB459769","09/27/2018 05:30:00 AM","2","DRIVERLESS",NULL,"469267.0",NULL,"DODGE","RAM 1500 PU",NULL,"2018.0","UNKNOWN","PICKUP","NOT IN USE","S","PARKED",NULL,NULL,"0.0",NULL,NULL,NULL,NULL,NULL,NULL,NULL,"N","N","Y","Y","Y",NULL,NULL,NULL,NULL,NULL,"SIDE-LEFT",NULL,NULL,NULL,NULL,NULL,NULL,NULL,NULL,NULL,NULL,NULL,NULL,NULL,NULL,NULL,NULL,NULL,NULL,NULL,NULL,NULL,NULL,NULL,NULL,NULL,NULL,NULL,NULL,NULL,NULL,NULL,NULL,NULL
"490735","39e939ff34d14608c1599c52d35cb822ce9031e7fce4ba39d6bd6cf6f1c976808d7bde79496fc48cb76739c28f409124c84c338ed951334bdb4be3fa4abfd025","JB460050","10/02/2018 05:15:00 PM","1","DRIVER",NULL,"469449.0",NULL,"NISSAN","ROGUE","IL","2016.0","UNKNOWN","SPORT UTILITY VEHICLE (SUV)","UNKNOWN/NA","W","CHANGING LANES",NULL,NULL,"1.0",NULL,NULL,NULL,NULL,NULL,NULL,NULL,NULL,NULL,"Y","Y",NULL,NULL,NULL,NULL,NULL,NULL,"REAR-LEFT",NULL,NULL,NULL,NULL,NULL,NULL,NULL,NULL,NULL,NULL,NULL,NULL,NULL,NULL,NULL,NULL,NULL,NULL,NULL,NULL,NULL,NULL,NULL,NULL,NULL,NULL,NULL,NULL,NULL,NULL,NULL,NULL,NULL
"491000","9f9ea637c0ef852da8f442e243299a3d9213b2c0c90c3f3a54b996827094f9a9bc0cd27618a371d213ff8c6c0b213dd6bc3988d950b90c904ec4e9254a39324f","JB460568","10/03/2018 08:15:00 AM","2","PARKED",NULL,"469683.0",NULL,"NISSAN","NISSAN ALTIMA","IL","2015.0","NONE","PASSENGER","PERSONAL","S","PARKED",NULL,NULL,"0.0",NULL,NULL,NULL,NULL,NULL,NULL,NULL,NULL,NULL,NULL,NULL,"Y",NULL,NULL,NULL,NULL,NULL,"SIDE-LEFT",NULL,NULL,NULL,NULL,NULL,NULL,NULL,NULL,NULL,NULL,NULL,NULL,NULL,NULL,NULL,NULL,NULL,NULL,NULL,NULL,NULL,NULL,NULL,NULL,NULL,NULL,NULL,NULL,NULL,NULL,NULL,NULL,NULL
"491105","76af3fff952aaa2c0d16b5f9f4363c8119135c56cd05dce4a9b321075c269a2fad88260c68d0956bf0d2be98b4c87a9b14eab1ed82cf820bf94d6494fe909c80","JB460788","10/03/2018 01:00:00 AM","2","PARKED",NULL,"469774.0",NULL,"DODGE","JOURNEY","IL","2014.0","NONE","PASSENGER","NOT IN USE","W","PARKED",NULL,NULL,"0.0",NULL,NULL,NULL,NULL,NULL,NULL,NULL,NULL,NULL,"Y",NULL,NULL,NULL,NULL,NULL,NULL,NULL,"REAR-LEFT",NULL,NULL,NULL,NULL,NULL,NULL,NULL,NULL,NULL,NULL,NULL,NULL,NULL,NULL,NULL,NULL,NULL,NULL,NULL,NULL,NULL,NULL,NULL,NULL,NULL,NULL,NULL,NULL,NULL,NULL,NULL,NULL,NULL
"491153","60f5be5a23a7771a8efaeaa24b6ac99377c63b99d5b78aac90005c04262d5f69703feca4c49d5589a89176d52f97730d5d83719adc12ca1c7370bb83f167139b","JB460770","10/03/2018 11:00:00 AM","2","PARKED",NULL,"469840.0",NULL,"BMW","X5","IL","2009.0","NONE","PASSENGER","NOT IN USE","N","PARKED",NULL,NULL,"0.0",NULL,NULL,NULL,NULL,NULL,NULL,"Y","Y",NULL,NULL,NULL,NULL,NULL,NULL,NULL,NULL,NULL,"REAR-RIGHT",NULL,NULL,NULL,NULL,NULL,NULL,NULL,NULL,NULL,NULL,NULL,NULL,NULL,NULL,NULL,NULL,NULL,NULL,NULL,NULL,NULL,NULL,NULL,NULL,NULL,NULL,NULL,NULL,NULL,NULL,NULL,NULL,NULL
"491349","1126a43b95e16e707edd49f4f69bd51d8c25b0dbd7b88ba38b8fbb6b3c0c9ec233c06c700df80c785011723db13e00b7d91ee97aae77d1558ad71d63546c6747","JB461166","10/03/2018 02:35:00 PM","1","DRIVER",NULL,"470007.0",NULL,"BMW","528I","IL","2016.0","NONE","PASSENGER","PERSONAL","W","STRAIGHT AHEAD","Y",NULL,"1.0",NULL,"MTC TOWING","5745 W. GRAND AVE",NULL,NULL,"Y","Y","Y",NULL,NULL,NULL,NULL,NULL,NULL,NULL,NULL,NULL,"SIDE-RIGHT",NULL,NULL,NULL,NULL,NULL,NULL,NULL,NULL,NULL,NULL,NULL,NULL,NULL,NULL,NULL,NULL,NULL,NULL,NULL,NULL,NULL,NULL,NULL,NULL,NULL,NULL,NULL,NULL,NULL,NULL,NULL,NULL,NULL