"CRASH_UNIT_ID","CRASH_RECORD_ID","RD_NO","CRASH_DATE","UNIT_NO","UNIT_TYPE","NUM_PASSENGERS","VEHICLE_ID","CMRC_VEH_I","MAKE","MODEL","LIC_PLATE_STATE","VEHICLE_YEAR","VEHICLE_DEFECT","VEHICLE_TYPE","VEHICLE_USE","TRAVEL_DIRECTION","MANEUVER","TOWED_I","FIRE_I","OCCUPANT_CNT","EXCEED_SPEED_LIMIT_I","TOWED_BY","TOWED_TO","AREA_00_I","AREA_01_I","AREA_02_I","AREA_03_I","AREA_04_I","AREA_05_I","AREA_06_I","AREA_07_I","AREA_08_I","AREA_09_I","AREA_10_I","AREA_11_I","AREA_12_I","AREA_99_I","FIRST_CONTACT_POINT","CMV_ID","USDOT_NO","CCMC_NO","ILCC_NO","COMMERCIAL_SRC","GVWR","CARRIER_NAME","CARRIER_STATE","CARRIER_CITY","HAZMAT_PLACARDS_I","HAZMAT_NAME","UN_NO","HAZMAT_PRESENT_I","HAZMAT_REPORT_I","HAZMAT_REPORT_NO","MCS_REPORT_I","MCS_REPORT_NO","HAZMAT_VIO_CAUSE_CRASH_I","MCS_VIO_CAUSE_CRASH_I","IDOT_PERMIT_NO","WIDE_LOAD_I","TRAILER1_WIDTH","TRAILER2_WIDTH","TRAILER1_LENGTH","TRAILER2_LENGTH","TOTAL_VEHICLE_LENGTH","AXLE_CNT","VEHICLE_CONFIG","CARGO_BODY_TYPE","LOAD_TYPE","HAZMAT_OUT_OF_SERVICE_I","MCS_OUT_OF_SERVICE_I","HAZMAT_CLASS"
"491545","0f5b46a81e91e7cec5e4844fb6975966f4cd0b51c1288cb8a03723775d970ff9002c0eda6252e2e69bdb13e8e0b69cffa89c909cbf8f243f30e60bb5af95b70f","JB461401","10/03/2018 06:30:00 PM","1","DRIVER",NULL,"470172.0",NULL,"HYUNDAI","SONATA","ND","2012.0","NONE","PASSENGER","PERSONAL","S","STRAIGHT AHEAD",NULL,NULL,"1.0",NULL,NULL,NULL,NULL,NULL,NULL,NULL,NULL,NULL,NULL,NULL,"Y",NULL,NULL,NULL,NULL,NULL,"FRONT-LEFT",NULL,NULL,NULL,NULL,NULL,NULL,NULL,NULL,NULL,NULL,NULL,NULL,NULL,NULL,NULL,NULL,NULL,NULL,NULL,NULL,NULL,NULL,NULL,NULL,NULL,NULL,NULL,NULL,NULL,NULL,NULL,NULL,NULL
"491592","988cec1a5975a981f930ec02a97b485fd5d0b9bc0036cc208bd5c26fe9fd3189b20d2c6524f590b2317e3b32a32b76e880bd697370712994b086ed26a77d2f30","JB461523","10/03/2018 07:30:00 PM","2","DRIVER",NULL,"470220.0",NULL,"TOYOTA MOTOR COMPANY, LTD.","CAMRY","IL","2015.0","NONE","PASSENGER","PERSONAL","E","STRAIGHT AHEAD",NULL,NULL,"1.0",NULL,NULL,NULL,NULL,"N","Y",NULL,NULL,NULL,NULL,NULL,NULL,NULL,NULL,NULL,NULL,NULL,"SIDE-RIGHT",NULL,NULL,NULL,NULL,NULL,NULL,NULL,NULL,NULL,NULL,NULL,NULL,NULL,NULL,NULL,NULL,NULL,NULL,NULL,NULL,NULL,NULL,NULL,NULL,NULL,NULL,NULL,NULL,NULL,NULL,NULL,NULL,NULL
"492157","0905291fa7fe239b2568d8ea712ec2b0cd5d19fccb8799db2b1c5063d9bcdad169b9676076004b77986730bfd3ec3d6325286142ff12a71ca38dc3d6c24a6641","JB462561","10/04/2018 03:10:00 PM","1","DRIVER",NULL,"470752.0",NULL,"FORD","F150","IL","2017.0","UNKNOWN","PICKUP","OTHER TRANSIT","N","BACKING",NULL,NULL,"1.0",NULL,NULL,NULL,NULL,NULL,NULL,NULL,NULL,NULL,NULL,"N","Y",NULL,NULL,NULL,NULL,NULL,"FRONT-LEFT",NULL,NULL,NULL,NULL,NULL,NULL,NULL,NULL,NULL,NULL,NULL,NULL,NULL,NULL,NULL,NULL,NULL,NULL,NULL,NULL,NULL,NULL,NULL,NULL,NULL,NULL,NULL,NULL,NULL,NULL,NULL,NULL,NULL
"492745","6c57708a93db90c61f27df4db9a3345388c4322f3cc598d6f1eeff56bc9e7af5679fe879056a7ddea76f156195e387356e152796bcce987d9f4514a5283b45a9","JB463640","10/05/2018 12:55:00 PM","2","DRIVER",NULL,"471302.0",NULL,"FORD","Explorer","IL","2017.0","NONE","PASSENGER","PERSONAL","W","STRAIGHT AHEAD",NULL,NULL,"1.0",NULL,NULL,NULL,NULL,"Y",NULL,NULL,NULL,"Y",NULL,NULL,NULL,NULL,NULL,NULL,NULL,NULL,"REAR",NULL,NULL,NULL,NULL,NULL,NULL,NULL,NULL,NULL,NULL,NULL,NULL,NULL,NULL,NULL,NULL,NULL,NULL,NULL,NULL,NULL,NULL,NULL,NULL,NULL,NULL,NULL,NULL,NULL,NULL,NULL,NULL,NULL
"492838","94f27315f7227cb921da3a1ab915875c0aabb4cdb2a6f3fe625c113f5b9b83cd51e70a289668f64694a58e2776a51ebd2e3386e3347295e17ad87f18dd0bfa14","JB463738","10/05/2018 01:00:00 PM","2","DRIVER",NULL,"471408.0",NULL,"JEEP","Jeepster,Utility Wag(for vehicle years 1989 to present)","IL","2018.0","NONE","SPORT UTILITY VEHICLE (SUV)","PERSONAL","E","STRAIGHT AHEAD",NULL,NULL,"1.0",NULL,NULL,NULL,NULL,NULL,NULL,NULL,NULL,"Y",NULL,NULL,NULL,NULL,NULL,NULL,NULL,NULL,"REAR",NULL,NULL,NULL,NULL,NULL,NULL,NULL,NULL,NULL,NULL,NULL,NULL,NULL,NULL,NULL,NULL,NULL,NULL,NULL,NULL,NULL,NULL,NULL,NULL,NULL,NULL,NULL,NULL,NULL,NULL,NULL,NULL,NULL
"494012","88ccbaabd3aebe9e7e59fdbbedb5450fd67dd575f62fcd33efb981fd3a37f809fcca21227d6b74b2eae6e4f2994566b3302a1ddb3e2a603e0d3770bda643a5e8","JB465627","10/07/2018 03:29:00 AM","2","DRIVER",NULL,"472500.0",NULL,"NISSAN","NISSAN ALTIMA","IL","2016.0","NONE","PASSENGER","UNKNOWN/NA","W","STRAIGHT AHEAD",NULL,NULL,"1.0",NULL,NULL,NULL,NULL,"Y","Y","Y",NULL,NULL,NULL,NULL,"Y",NULL,NULL,NULL,NULL,NULL,"FRONT",NULL,NULL,NULL,NULL,NULL,NULL,NULL,NULL,NULL,NULL,NULL,NULL,NULL,NULL,NULL,NULL,NULL,NULL,NULL,NULL,NULL,NULL,NULL,NULL,NULL,NULL,NULL,NULL,NULL,NULL,NULL,NULL,NULL
"494094","adbdb6d5be15735f8ce60ba142eb08999dc94060e65267fa85987340e0cc55d24c12dd40da5bc5bb2b7016386a0af94cd9dbde95f5b8fe6a091f5f57a3589c00","JB465755","10/07/2018 07:41:00 AM","1","DRIVER",NULL,"472570.0",NULL,"TOYOTA MOTOR COMPANY, LTD.","CAMRY","IL","2017.0","NONE","PASSENGER","PERSONAL","E","STRAIGHT AHEAD","Y",NULL,"1.0",NULL,NULL,NULL,NULL,NULL,NULL,NULL,NULL,NULL,"Y",NULL,NULL,NULL,NULL,NULL,NULL,NULL,"REAR-LEFT",NULL,NULL,NULL,NULL,NULL,NULL,NULL,NULL,NULL,NULL,NULL,NULL,NULL,NULL,NULL,NULL,NULL,NULL,NULL,NULL,NULL,NULL,NULL,NULL,NULL,NULL,NULL,NULL,NULL,NULL,NULL,NULL,NULL
"494421","20437d8b05fae311ba64f33abb820ab03e72b009658a96c0882106311048c28457067b0f809705b28a5aff0cb39c02e598972560805cc54d6167c5ae2260a12d","JB466377","10/07/2018 03:00:00 PM","2","PARKED",NULL,"472872.0",NULL,"LINCOLN-CONTINENTAL","MKS","IL","2009.0","NONE","PASSENGER","PERSONAL","UNKNOWN","PARKED",NULL,NULL,"0.0",NULL,NULL,NULL,NULL,NULL,"Y",NULL,NULL,NULL,NULL,NULL,NULL,NULL,NULL,NULL,NULL,NULL,"FRONT-RIGHT",NULL,NULL,NULL,NULL,NULL,NULL,NULL,NULL,NULL,NULL,NULL,NULL,NULL,NULL,NULL,NULL,NULL,NULL,NULL,NULL,NULL,NULL,NULL,NULL,NULL,NULL,NULL,NULL,NULL,NULL,NULL,NULL,NULL
"494445","8b364b770a9d180e5bc87a1ecf35d33422604c1e2ff1affa387619a8cdbf1481a048586c7026116573f3dd2563c252818e63885a24c77a4f90f097e712461ce7","JB466412","10/01/2018 08:14:00 PM","2","DRIVER",NULL,"472893.0",NULL,"MAZDA","Mazda 3","IL","2010.0","NONE","PASSENGER","PERSONAL","S","STRAIGHT AHEAD",NULL,NULL,"1.0",NULL,NULL,NULL,NULL,NULL,NULL,NULL,NULL,"Y",NULL,NULL,NULL,NULL,NULL,NULL,NULL,NULL,"REAR",NULL,NULL,NULL,NULL,NULL,NULL,NULL,NULL,NULL,NULL,NULL,NULL,NULL,NULL,NULL,NULL,NULL,NULL,NULL,NULL,NULL,NULL,NULL,NULL,NULL,NULL,NULL,NULL,NULL,NULL,NULL,NULL,NULL
"494618","436224301986dc2bc4ae5eeaf802977fbc3d616a88c8f33478844d6755f6ff7f6e644775710bb50931dfc5209228c8e9988d5852bc2ac0d78731719a86d8223d","JB466593","10/07/2018 10:29:00 AM","2","DRIVER",NULL,"473057.0",NULL,"NISSAN","VERSA","IL","2009.0","UNKNOWN","PASSENGER","PERSONAL","W","STRAIGHT AHEAD","Y",NULL,"1.0",NULL,"CITY OF CHICAGO",NULL,NULL,NULL,"Y","Y","Y","Y","Y",NULL,NULL,NULL,NULL,NULL,NULL,NULL,"SIDE-RIGHT",NULL,NULL,NULL,NULL,NULL,NULL,NULL,NULL,NULL,NULL,NULL,NULL,NULL,NULL,NULL,NULL,NULL,NULL,NULL,NULL,NULL,NULL,NULL,NULL,NULL,NULL,NULL,NULL,NULL,NULL,NULL,NULL,NULL
"494857","58d8aa2c3640f58a0bdd1fb6cffde560fb89dc2aa7654757026c6fdbd570df0940d77d0c85838d028b9b406b64c02f3ec45e051329f04ada1a43e6de4e31cf72","JB467168","10/08/2018 12:00:00 PM","1","DRIVER",NULL,"473278.0",NULL,"INFINITI","FX35","IL","2011.0","NONE","SPORT UTILITY VEHICLE (SUV)","PERSONAL","W","STRAIGHT AHEAD",NULL,NULL,"1.0",NULL,NULL,NULL,NULL,NULL,NULL,"Y",NULL,NULL,NULL,NULL,NULL,NULL,NULL,NULL,NULL,NULL,"SIDE-RIGHT",NULL,NULL,NULL,NULL,NULL,NULL,NULL,NULL,NULL,NULL,NULL,NULL,NULL,NULL,NULL,NULL,NULL,NULL,NULL,NULL,NULL,NULL,NULL,NULL,NULL,NULL,NULL,NULL,NULL,NULL,NULL,NULL,NULL
"494899","fa2a2b252ce74aa70640db306c5329c9d7c8e601c7c48a4de218d2b0faa578a277f042ffac3e72bdc4ba5d997134f50edc5835a2e812dda5b2b6c864c2af7009","JB467240","10/07/2018 07:00:00 PM","2","DRIVER",NULL,"473320.0",NULL,"TOYOTA MOTOR COMPANY, LTD.","CAMRY","IL","2012.0","NONE","PASSENGER","PERSONAL","W","STRAIGHT AHEAD",NULL,NULL,"1.0",NULL,NULL,NULL,NULL,NULL,NULL,"Y","Y",NULL,NULL,NULL,NULL,NULL,NULL,NULL,NULL,NULL,"SIDE-RIGHT",NULL,NULL,NULL,NULL,NULL,NULL,NULL,NULL,NULL,NULL,NULL,NULL,NULL,NULL,NULL,NULL,NULL,NULL,NULL,NULL,NULL,NULL,NULL,NULL,NULL,NULL,NULL,NULL,NULL,NULL,NULL,NULL,NULL
"495044","35cf5c7790380ad14052737bd9929430366e37ad2c199b3ad69c4f1e3297df0d65bdc7f141d71a28e3cdb542a08fd41aa297ae603760fbfe38e677452f901a19","JB467490","10/08/2018 02:15:00 PM","2","PARKED",NULL,"473466.0",NULL,"ACURA","ACURA","IL","2015.0","NONE","SPORT UTILITY VEHICLE (SUV)","PERSONAL","S","PARKED",NULL,NULL,"0.0",NULL,NULL,NULL,NULL,NULL,NULL,NULL,NULL,NULL,"Y",NULL,NULL,NULL,NULL,NULL,NULL,NULL,"REAR-LEFT",NULL,NULL,NULL,NULL,NULL,NULL,NULL,NULL,NULL,NULL,NULL,NULL,NULL,NULL,NULL,NULL,NULL,NULL,NULL,NULL,NULL,NULL,NULL,NULL,NULL,NULL,NULL,NULL,NULL,NULL,NULL,NULL,NULL
"495220","7ccb1f333f003119e39e796f8fe359b48f227cbfc6216258363064a15d28b84530d0906000bb6e4208182ca1ca116fcefee61870a4663dc5dc6604934c768f2b","JB467762","10/08/2018 07:12:00 PM","1","DRIVER",NULL,"473617.0",NULL,"CHEVROLET","UNKNOWN","IL","2017.0","UNKNOWN","PASSENGER","PERSONAL","W","STRAIGHT AHEAD",NULL,NULL,"1.0",NULL,NULL,NULL,NULL,NULL,NULL,NULL,"Y",NULL,NULL,NULL,NULL,NULL,NULL,NULL,NULL,NULL,"REAR-RIGHT",NULL,NULL,NULL,NULL,NULL,NULL,NULL,NULL,NULL,NULL,NULL,NULL,NULL,NULL,NULL,NULL,NULL,NULL,NULL,NULL,NULL,NULL,NULL,NULL,NULL,NULL,NULL,NULL,NULL,NULL,NULL,NULL,NULL
"495385","664b6834a6ed5eb1d99070284a498a705669ba1adab4e43c4d42b097681ae623599c496913d9139ed98747fbb3f2b9434ec9af7887de21867b628be226bc65a9","JB468185","10/09/2018 06:40:00 AM","1","DRIVER",NULL,"473780.0",NULL,"GENERAL MOTORS CORP.","TERRAIN","MI","2012.0","NONE","PASSENGER","PERSONAL","S","CHANGING LANES","Y",NULL,"1.0",NULL,"Private",NULL,NULL,NULL,"Y",NULL,NULL,NULL,NULL,NULL,NULL,NULL,NULL,NULL,NULL,NULL,"FRONT-RIGHT",NULL,NULL,NULL,NULL,NULL,NULL,NULL,NULL,NULL,NULL,NULL,NULL,NULL,NULL,NULL,NULL,NULL,NULL,NULL,NULL,NULL,NULL,NULL,NULL,NULL,NULL,NULL,NULL,NULL,NULL,NULL,NULL,NULL
"495749","a4e2a37606ed56a8712fd63f11d30104852363dd17bfbed12125e842b5a583b4fd817392cddc01adaa68e9a3dea786382f1644699af98de3cd1fb1aa9a20d48f","JB468847","10/09/2018 02:55:00 PM","2","DRIVER",NULL,"474108.0",NULL,"FIAT","FIAT","IL","2014.0","NONE","PASSENGER","PERSONAL","N","STRAIGHT AHEAD",NULL,NULL,"1.0",NULL,NULL,NULL,NULL,NULL,"Y",NULL,NULL,NULL,NULL,NULL,NULL,NULL,NULL,NULL,NULL,NULL,"FRONT-RIGHT",NULL,NULL,NULL,NULL,NULL,NULL,NULL,NULL,NULL,NULL,NULL,NULL,NULL,NULL,NULL,NULL,NULL,NULL,NULL,NULL,NULL,NULL,NULL,NULL,NULL,NULL,NULL,NULL,NULL,NULL,NULL,NULL,NULL
"496019","f1663011a88b26430a74e4a63249a4134a154c0280a45c8080f8e33295afb483a354c4e7f4bf3da83d548e12f529970704deb245b4e5d7f5fe1f0e9f9ef899a0","JB469253","10/09/2018 06:30:00 AM","2","DRIVER",NULL,"474365.0",NULL,"CHEVROLET","MALIBU (CHEVELLE)","IL","2017.0","NONE","PASSENGER","PERSONAL","N","CHANGING LANES",NULL,NULL,"1.0",NULL,NULL,NULL,NULL,NULL,NULL,NULL,NULL,NULL,NULL,"Y","Y",NULL,NULL,NULL,NULL,NULL,"SIDE-LEFT",NULL,NULL,NULL,NULL,NULL,NULL,NULL,NULL,NULL,NULL,NULL,NULL,NULL,NULL,NULL,NULL,NULL,NULL,NULL,NULL,NULL,NULL,NULL,NULL,NULL,NULL,NULL,NULL,NULL,NULL,NULL,NULL,NULL
"496290","5d3e65baecc475f1d7e09242eed1bf53ae7221bf512d973cf70c930aa4bb271fd05a3ea63b147b5c2c6342593623f835bc98516669fcd00f27ad07045f60e961","JB469729","10/10/2018 08:30:00 AM","2","DRIVER",NULL,"474610.0",NULL,"VOLKSWAGEN","JETTA","IL","2015.0","NONE","PASSENGER","PERSONAL","S","TURNING LEFT","Y",NULL,"1.0",NULL,"CITY OF CHICAGO","CITY LOT",NULL,NULL,NULL,NULL,NULL,NULL,NULL,"Y","Y",NULL,NULL,NULL,NULL,NULL,"FRONT-LEFT",NULL,NULL,NULL,NULL,NULL,NULL,NULL,NULL,NULL,NULL,NULL,NULL,NULL,NULL,NULL,NULL,NULL,NULL,NULL,NULL,NULL,NULL,NULL,NULL,NULL,NULL,NULL,NULL,NULL,NULL,NULL,NULL,NULL
"496722","ab8cdb17d49d3b3f72990c724523fa35acdaf2a3a0207e1a5ab870877c5cf832793d7bbff0a2b2618b4c1671f441a7dfe9352615fa8c9f6c0351bf366112fa77","JB470360","10/10/2018 03:45:00 PM","2","DRIVER","1.0","475013.0","Y","FREIGHTLINER CORP.","FREIGHTLINER CORP.","MO","2018.0","NONE","TRACTOR W/ SEMI-TRAILER","COMMERCIAL - MULTI-UNIT","S","STRAIGHT AHEAD",NULL,NULL,"2.0",NULL,NULL,NULL,NULL,NULL,NULL,"Y",NULL,NULL,NULL,NULL,NULL,NULL,NULL,NULL,NULL,NULL,"SIDE-RIGHT","4803.0","003706","682665",NULL,"SIDE OF TRUCK","80000","NEW PRIME INC","MO","SPRINGFIELD",NULL,NULL,NULL,"N","N",NULL,"N",NULL,"N","N",NULL,NULL,"0-96",NULL,"96.0",NULL,"120.0","4.0","TRACTOR/SEMI-TRAILER","VAN/ENCLOSED BOX","UNKNOWN","N","N",NULL
"496876","e3e35ebbd91d5ecfea4e6abc8884392faa292816b837da5d351a0149d7bf919417155b4ed0d5a0be801ae769a47ff2d43f16d544e0e7468cb955c0cf05c7b91a","JB470667","10/09/2018 07:45:00 AM","2","DRIVER",NULL,"475154.0",NULL,"HYUNDAI","SONATA","IL","2012.0","UNKNOWN","PASSENGER","PERSONAL","W","OTHER",NULL,NULL,"1.0",NULL,NULL,NULL,NULL,"Y",NULL,NULL,NULL,NULL,NULL,NULL,NULL,NULL,NULL,NULL,NULL,NULL,"FRONT",NULL,NULL,NULL,NULL,NULL,NULL,NULL,NULL,NULL,NULL,NULL,NULL,NULL,NULL,NULL,NULL,NULL,NULL,NULL,NULL,NULL,NULL,NULL,NULL,NULL,NULL,NULL,NULL,NULL,NULL,NULL,NULL,NULL
"496942","7d74f9f6b9dcb4c16a3934ed992b7ec1be84337bf1db047ca7a13ca8431a2bf193e6ba94f5ccd1f8ac6bb78e4abab03ae6211a7e8a9a11109a5726125c38bd53","JB465062","10/06/2018 03:55:00 PM","1","DRIVER",NULL,"475210.0",NULL,"LEXUS","UNKNOWN","IL","2017.0","UNKNOWN","PASSENGER","PERSONAL","N","STRAIGHT AHEAD",NULL,NULL,"1.0",NULL,NULL,NULL,NULL,"Y",NULL,NULL,NULL,NULL,NULL,NULL,NULL,NULL,NULL,NULL,NULL,NULL,"FRONT-RIGHT",NULL,NULL,NULL,NULL,NULL,NULL,NULL,NULL,NULL,NULL,NULL,NULL,NULL,NULL,NULL,NULL,NULL,NULL,NULL,NULL,NULL,NULL,NULL,NULL,NULL,NULL,NULL,NULL,NULL,NULL,NULL,NULL,NULL
"496945","646a29ddfad348ba6b59d71ac2294314366f2dde507a8bc7e795ad9b3b6b3f79ca7fb3b5df640d9472382bc3e644142336121dd17ac1cae37f423ea96f1871df","JB470785","10/09/2018 03:50:00 PM","2","DRIVER",NULL,"475223.0",NULL,"TOYOTA MOTOR COMPANY, LTD.","TACOMA","IL","2008.0","NONE","PASSENGER","PERSONAL","W","STRAIGHT AHEAD",NULL,NULL,"1.0",NULL,NULL,NULL,NULL,NULL,NULL,NULL,NULL,"Y",NULL,NULL,NULL,NULL,NULL,NULL,NULL,NULL,"REAR",NULL,NULL,NULL,NULL,NULL,NULL,NULL,NULL,NULL,NULL,NULL,NULL,NULL,NULL,NULL,NULL,NULL,NULL,NULL,NULL,NULL,NULL,NULL,NULL,NULL,NULL,NULL,NULL,NULL,NULL,NULL,NULL,NULL
"497075","6bbcb67cc02ff01eaab011c8c02ad138e4123843f8d84d1f16cdadc87270b4384e70ee4b587e28caf8f973806b87cbe0446b38aa042cdf5822207084b5e16830","JB471055","10/11/2018 07:40:00 AM","2","DRIVERLESS",NULL,"475354.0",NULL,"FORD","ECONOLINE E150","IL","2009.0","NONE","VAN/MINI-VAN","NOT IN USE","E","PARKED",NULL,NULL,"0.0",NULL,NULL,NULL,NULL,"Y","Y",NULL,NULL,NULL,NULL,NULL,NULL,NULL,NULL,NULL,NULL,NULL,"FRONT-RIGHT",NULL,NULL,NULL,NULL,NULL,NULL,NULL,NULL,NULL,NULL,NULL,NULL,NULL,NULL,NULL,NULL,NULL,NULL,NULL,NULL,NULL,NULL,NULL,NULL,NULL,NULL,NULL,NULL,NULL,NULL,NULL,NULL,NULL
"497316","9e5a9cefde4cffb107056cf0271dcd3c3ec92ff7bb158ec07470a499cd74482ed4861cfdbc2d7b6252fdcb4d406a3a834759d62394d5c17d31472d571589b11b","JB471435","10/11/2018 12:56:00 PM","2","DRIVER",NULL,"475580.0",NULL,"NISSAN","NISSAN ALTIMA","IL","2017.0","NONE","PASSENGER","PERSONAL","N","STRAIGHT AHEAD",NULL,NULL,"1.0",NULL,NULL,NULL,NULL,NULL,"Y",NULL,NULL,NULL,NULL,NULL,NULL,NULL,NULL,NULL,NULL,NULL,"FRONT-RIGHT",NULL,NULL,NULL,NULL,NULL,NULL,NULL,NULL,NULL,NULL,NULL,NULL,NULL,NULL,NULL,NULL,NULL,NULL,NULL,NULL,NULL,NULL,NULL,NULL,NULL,NULL,NULL,NULL,NULL,NULL,NULL,NULL,NULL
"497340","bde69efd1afe324d2aae00af6c4002092fa405ddacd90e337eb7d198a8b613abc5f5dfe99855d8acc4ce7649acfe756e66caa183d324b688cf968b2929c27293","JB471486","10/11/2018 12:40:00 PM","2","DRIVER","1.0","475600.0",NULL,"HONDA","Insight","IL","2011.0","NONE","PASSENGER","PERSONAL","S","SLOW/STOP IN TRAFFIC",NULL,NULL,"2.0",NULL,NULL,NULL,NULL,NULL,NULL,"Y","Y",NULL,NULL,NULL,NULL,NULL,NULL,NULL,NULL,NULL,"SIDE-RIGHT",NULL,NULL,NULL,NULL,NULL,NULL,NULL,NULL,NULL,NULL,NULL,NULL,NULL,NULL,NULL,NULL,NULL,NULL,NULL,NULL,NULL,NULL,NULL,NULL,NULL,NULL,NULL,NULL,NULL,NULL,NULL,NULL,NULL
"497393","1bda11028aa8361828057b08ebfeea82bd7688f5cc5bf227d813b180df6b4dc5622fb0710a2c16a1b078ca88e1141f095ad55b6cf65303a9b71171c477c022bd","JB471585","10/11/2018 02:15:00 PM","2","DRIVER",NULL,"475658.0",NULL,"HYUNDAI","SONATA","IL","2018.0","NONE","PASSENGER","PERSONAL","E","STRAIGHT AHEAD",NULL,NULL,"1.0",NULL,NULL,NULL,NULL,NULL,"Y","Y","Y",NULL,NULL,NULL,NULL,NULL,NULL,NULL,NULL,NULL,"FRONT-RIGHT",NULL,NULL,NULL,NULL,NULL,NULL,NULL,NULL,NULL,NULL,NULL,NULL,NULL,NULL,NULL,NULL,NULL,NULL,NULL,NULL,NULL,NULL,NULL,NULL,NULL,NULL,NULL,NULL,NULL,NULL,NULL,NULL,NULL
"497584","e8774e680304951a975ab7d2214c98b72d2b08eb9fa211882d45d29fd082205f1ca9e84636b8179e697f7ef55fd85ec8310ee7f6cef1d9575d66fb725a5f448c","JB471852","10/11/2018 04:26:00 PM","2","DRIVER",NULL,"475828.0",NULL,"CHEVROLET","IMPALA","IL","2011.0","UNKNOWN","PASSENGER","UNKNOWN/NA","N","SLOW/STOP IN TRAFFIC",NULL,NULL,"1.0",NULL,NULL,NULL,NULL,NULL,NULL,NULL,NULL,"Y",NULL,NULL,NULL,NULL,NULL,NULL,NULL,NULL,"REAR",NULL,NULL,NULL,NULL,NULL,NULL,NULL,NULL,NULL,NULL,NULL,NULL,NULL,NULL,NULL,NULL,NULL,NULL,NULL,NULL,NULL,NULL,NULL,NULL,NULL,NULL,NULL,NULL,NULL,NULL,NULL,NULL,NULL
"497767","c7ea0b944ae7357e5141185e07040aa9584a960989352c97491228491d583d4965644a02bd752c71203733c35a6716a96314d2be296118a1e23a42860eced7bb","JB472141","10/11/2018 10:15:00 PM","2","DRIVER",NULL,"475996.0",NULL,"KIA MOTORS CORP","Rio","IL","2016.0","UNKNOWN","PASSENGER","PERSONAL","E","STRAIGHT AHEAD",NULL,NULL,"1.0",NULL,NULL,NULL,NULL,"Y",NULL,NULL,NULL,NULL,NULL,NULL,NULL,NULL,NULL,NULL,NULL,NULL,"FRONT",NULL,NULL,NULL,NULL,NULL,NULL,NULL,NULL,NULL,NULL,NULL,NULL,NULL,NULL,NULL,NULL,NULL,NULL,NULL,NULL,NULL,NULL,NULL,NULL,NULL,NULL,NULL,NULL,NULL,NULL,NULL,NULL,NULL
"497949","70af91559970d2b883cc5138ed0319c8e2bf69633ef584237ec12358d2af09b1bd2a850372d189370a8d066fbd9c0ff8f0b34eb1dbb1334b8df96ab119bb7ac5","JB472472","10/08/2018 09:30:00 AM","2","PARKED",NULL,"476170.0",NULL,"TOYOTA MOTOR COMPANY, LTD.","TACOMA","IL","2016.0","NONE","PICKUP","OTHER","UNKNOWN","PARKED",NULL,NULL,"0.0",NULL,NULL,NULL,NULL,NULL,NULL,NULL,NULL,NULL,"Y",NULL,NULL,NULL,NULL,NULL,NULL,NULL,"REAR-LEFT",NULL,NULL,NULL,NULL,NULL,NULL,NULL,NULL,NULL,NULL,NULL,NULL,NULL,NULL,NULL,NULL,NULL,NULL,NULL,NULL,NULL,NULL,NULL,NULL,NULL,NULL,NULL,NULL,NULL,NULL,NULL,NULL,NULL
"498103","743cfbcd7efd870b48befa68f19b9031bc8e837c6e704d6e3dc1e64b61f2197815d212209036adeae7291dac462e28ca5a5385c8fd63a0a3b47394b669f2bbe3","JB472737","10/12/2018 12:00:00 PM","2","DRIVER",NULL,"476324.0",NULL,"HYUNDAI","SONATA","IL","2018.0","NONE","PASSENGER","PERSONAL","E","STRAIGHT AHEAD",NULL,NULL,"1.0",NULL,NULL,NULL,NULL,NULL,NULL,NULL,NULL,"Y","Y",NULL,NULL,NULL,NULL,NULL,NULL,NULL,"REAR-LEFT",NULL,NULL,NULL,NULL,NULL,NULL,NULL,NULL,NULL,NULL,NULL,NULL,NULL,NULL,NULL,NULL,NULL,NULL,NULL,NULL,NULL,NULL,NULL,NULL,NULL,NULL,NULL,NULL,NULL,NULL,NULL,NULL,NULL
"498690","06b7ee6416bee78345aa6558d43610b56f87e6757fbd2a11f991fa26d31fd79671d38afbafab3919084037f4b1d090ced7745f72fec322751cabdf2f96a1ae54","JB473718","10/12/2018 08:45:00 AM","1","DRIVER",NULL,"476884.0",NULL,"NISSAN","SENTRA (DATSUN AND NISSAN HAVE MERGED)","IL","2015.0","NONE","PASSENGER","PERSONAL","N","OTHER",NULL,NULL,"1.0",NULL,NULL,NULL,NULL,"Y","Y","Y",NULL,NULL,NULL,NULL,NULL,NULL,NULL,NULL,NULL,NULL,"SIDE-RIGHT",NULL,NULL,NULL,NULL,NULL,NULL,NULL,NULL,NULL,NULL,NULL,NULL,NULL,NULL,NULL,NULL,NULL,NULL,NULL,NULL,NULL,NULL,NULL,NULL,NULL,NULL,NULL,NULL,NULL,NULL,NULL,NULL,NULL
"498724","231046225a48ff21f354c64c9d1d480fe78208d1a0581098e4d0e12d1f21bff8fdc5f9ebefaedbe12d0407ed224fbdcb45b3f693c381f2b9b9b95b21e53a3277","JB473731","10/13/2018 06:45:00 AM","2","DRIVER",NULL,"476901.0",NULL,"FORD","Explorer","IL","2014.0","UNKNOWN","PASSENGER","PERSONAL","E","STRAIGHT AHEAD",NULL,NULL,"1.0",NULL,NULL,NULL,NULL,NULL,NULL,NULL,NULL,NULL,"Y",NULL,NULL,NULL,NULL,NULL,NULL,NULL,"REAR-LEFT",NULL,NULL,NULL,NULL,NULL,NULL,NULL,NULL,NULL,NULL,NULL,NULL,NULL,NULL,NULL,NULL,NULL,NULL,NULL,NULL,NULL,NULL,NULL,NULL,NULL,NULL,NULL,NULL,NULL,NULL,NULL,NULL,NULL