"CRASH_UNIT_ID","CRASH_RECORD_ID","RD_NO","CRASH_DATE","UNIT_NO","UNIT_TYPE","NUM_PASSENGERS","VEHICLE_ID","CMRC_VEH_I","MAKE","MODEL","LIC_PLATE_STATE","VEHICLE_YEAR","VEHICLE_DEFECT","VEHICLE_TYPE","VEHICLE_USE","TRAVEL_DIRECTION","MANEUVER","TOWED_I","FIRE_I","OCCUPANT_CNT","EXCEED_SPEED_LIMIT_I","TOWED_BY","TOWED_TO","AREA_00_I","AREA_01_I","AREA_02_I","AREA_03_I","AREA_04_I","AREA_05_I","AREA_06_I","AREA_07_I","AREA_08_I","AREA_09_I","AREA_10_I","AREA_11_I","AREA_12_I","AREA_99_I","FIRST_CONTACT_POINT","CMV_ID","USDOT_NO","CCMC_NO","ILCC_NO","COMMERCIAL_SRC","GVWR","CARRIER_NAME","CARRIER_STATE","CARRIER_CITY","HAZMAT_PLACARDS_I","HAZMAT_NAME","UN_NO","HAZMAT_PRESENT_I","HAZMAT_REPORT_I","HAZMAT_REPORT_NO","MCS_REPORT_I","MCS_REPORT_NO","HAZMAT_VIO_CAUSE_CRASH_I","MCS_VIO_CAUSE_CRASH_I","IDOT_PERMIT_NO","WIDE_LOAD_I","TRAILER1_WIDTH","TRAILER2_WIDTH","TRAILER1_LENGTH","TRAILER2_LENGTH","TOTAL_VEHICLE_LENGTH","AXLE_CNT","VEHICLE_CONFIG","CARGO_BODY_TYPE","LOAD_TYPE","HAZMAT_OUT_OF_SERVICE_I","MCS_OUT_OF_SERVICE_I","HAZMAT_CLASS"
"505779","767534a79c68868028a2b617871dd02ffc2b228d5dd738d1a0c73b2c7f5ecc013072e6aa5a5bec13b297691dca61a9fe9bd9f6ff498844ae9499f98ffc458144","JB485926","10/22/2018 06:25:00 PM","1","DRIVER",NULL,"483456.0",NULL,"INFINITI","G25","IL","2011.0","OTHER","PASSENGER","PERSONAL","S","STRAIGHT AHEAD","Y",NULL,"1.0",NULL,"private tow",NULL,NULL,"Y",NULL,NULL,NULL,NULL,NULL,"Y","Y",NULL,"Y",NULL,NULL,NULL,"FRONT-LEFT",NULL,NULL,NULL,NULL,NULL,NULL,NULL,NULL,NULL,NULL,NULL,NULL,NULL,NULL,NULL,NULL,NULL,NULL,NULL,NULL,NULL,NULL,NULL,NULL,NULL,NULL,NULL,NULL,NULL,NULL,NULL,NULL,NULL
"505796","55659f840aa46649208e19adae5fb2e20f4d5d91e131b941d3be8b4f0abb75cb6e549c5406cf501138242ef9b713da967d2b8cdeec6d92669ef1b3ac464561ed","JB485977","10/13/2018 02:15:00 PM","2","DRIVER",NULL,"483471.0",NULL,"TOYOTA MOTOR COMPANY, LTD.","Highlander(beginning vehicle year 2001)","IL","2015.0","NONE","PASSENGER","PERSONAL","S","STRAIGHT AHEAD",NULL,NULL,"1.0",NULL,NULL,NULL,"N",NULL,NULL,NULL,NULL,"Y",NULL,NULL,NULL,NULL,NULL,NULL,NULL,NULL,"REAR",NULL,NULL,NULL,NULL,NULL,NULL,NULL,NULL,NULL,NULL,NULL,NULL,NULL,NULL,NULL,NULL,NULL,NULL,NULL,NULL,NULL,NULL,NULL,NULL,NULL,NULL,NULL,NULL,NULL,NULL,NULL,NULL,NULL
"505810","7a726f69273f808513e3c9d346f0dcd6af4328a6e8cd298d5bebaf9638a8e36566a4666f11bd2ea537f961b5061e7d2f2de652f647d1f70fd5b24d0ce71e6367","JB485996","10/22/2018 05:15:00 PM","2","DRIVER",NULL,"483488.0",NULL,"VOLKSWAGEN","JETTA","IL","2012.0","NONE","PASSENGER","PERSONAL","S","STRAIGHT AHEAD",NULL,NULL,"1.0",NULL,NULL,NULL,NULL,NULL,NULL,NULL,NULL,NULL,NULL,NULL,"Y",NULL,NULL,NULL,NULL,NULL,"FRONT-LEFT",NULL,NULL,NULL,NULL,NULL,NULL,NULL,NULL,NULL,NULL,NULL,NULL,NULL,NULL,NULL,NULL,NULL,NULL,NULL,NULL,NULL,NULL,NULL,NULL,NULL,NULL,NULL,NULL,NULL,NULL,NULL,NULL,NULL
"505833","dfa38ab73d97a43f951f4df60d38e86f901f8ee1993d34d5cb94445d660f508cab4519928c0301800b154c84c62ec43d7718bc9e8a77dfe9377345656b9d0473","JB486075","10/20/2018 08:00:00 AM","2","DRIVER",NULL,"483502.0",NULL,"NISSAN","JUKE",NULL,"2013.0","NONE","SPORT UTILITY VEHICLE (SUV)","PERSONAL","UNKNOWN","BACKING",NULL,NULL,"1.0",NULL,NULL,NULL,NULL,NULL,NULL,NULL,NULL,NULL,"Y",NULL,NULL,NULL,NULL,NULL,NULL,NULL,"REAR-LEFT",NULL,NULL,NULL,NULL,NULL,NULL,NULL,NULL,NULL,NULL,NULL,NULL,NULL,NULL,NULL,NULL,NULL,NULL,NULL,NULL,NULL,NULL,NULL,NULL,NULL,NULL,NULL,NULL,NULL,NULL,NULL,NULL,NULL
"505962","bc3eaf6fe1277f4913b7c916f11cb6d93d42336a0874c8cd8ecdbf91231cf7a6acdb94d3cdf37b46359fbcfe9e153474d4223f963824c8cfb6df6f742949437f","JB486404","10/22/2018 08:30:00 AM","2","PARKED","2.0","483624.0",NULL,"MERCEDES-BENZ","ML350","IL","2010.0","NONE","PASSENGER","PERSONAL","N","PARKED",NULL,NULL,"2.0",NULL,NULL,NULL,NULL,NULL,NULL,NULL,NULL,NULL,NULL,"Y",NULL,NULL,NULL,NULL,NULL,NULL,"SIDE-RIGHT",NULL,NULL,NULL,NULL,NULL,NULL,NULL,NULL,NULL,NULL,NULL,NULL,NULL,NULL,NULL,NULL,NULL,NULL,NULL,NULL,NULL,NULL,NULL,NULL,NULL,NULL,NULL,NULL,NULL,NULL,NULL,NULL,NULL
"505971","c88e7279ebc168d5c3f1feab50388264c80e3aeaec11dce40ac30bf6ba978065197ee836e055c383c1daef92aa616ce8046717b110303876e4faf344d2e5c0aa","JB486420","10/23/2018 08:10:00 AM","1","DRIVER",NULL,"483632.0",NULL,"CHEVROLET","MALIBU (CHEVELLE)","IL","2018.0","UNKNOWN","PASSENGER","UNKNOWN/NA","E","PASSING/OVERTAKING",NULL,NULL,"1.0",NULL,NULL,NULL,NULL,NULL,NULL,NULL,NULL,NULL,"Y","Y",NULL,NULL,NULL,"Y",NULL,NULL,"TOTAL (ALL AREAS)",NULL,NULL,NULL,NULL,NULL,NULL,NULL,NULL,NULL,NULL,NULL,NULL,NULL,NULL,NULL,NULL,NULL,NULL,NULL,NULL,NULL,NULL,NULL,NULL,NULL,NULL,NULL,NULL,NULL,NULL,NULL,NULL,NULL
"506329","777b679d7cbcfd12e68c72987a498f3186a99a7270327c03d3f78efe57b2a2ffad937ff1c98cf861a84351a8498023de88a214fd09645a4dd90cf790dbbede5c","JB487020","10/23/2018 02:00:00 PM","1","DRIVER",NULL,"483953.0",NULL,"HONDA","FIT","IL","2015.0","UNKNOWN","PASSENGER","PERSONAL","N","STRAIGHT AHEAD",NULL,NULL,"1.0",NULL,NULL,NULL,NULL,"Y","Y",NULL,NULL,NULL,NULL,NULL,"Y",NULL,NULL,NULL,NULL,NULL,"FRONT",NULL,NULL,NULL,NULL,NULL,NULL,NULL,NULL,NULL,NULL,NULL,NULL,NULL,NULL,NULL,NULL,NULL,NULL,NULL,NULL,NULL,NULL,NULL,NULL,NULL,NULL,NULL,NULL,NULL,NULL,NULL,NULL,NULL
"506351","fdc0fd5eff3bf48c368eee8cb763cbe24558fef61f4f04a53c5e4cba15dc84969d0fc430b7b0d42a30e4d55d3eb411cdd9d9c7b35861e35d5bd5195e14ef1556","JB487022","10/23/2018 02:50:00 PM","1","DRIVER",NULL,"483973.0",NULL,"FORD","ESCAPE (SUV)","IL","2009.0","NONE","SPORT UTILITY VEHICLE (SUV)","PERSONAL","N","STRAIGHT AHEAD",NULL,NULL,"1.0",NULL,NULL,NULL,NULL,"Y",NULL,NULL,NULL,NULL,NULL,"Y","Y",NULL,NULL,NULL,NULL,NULL,"FRONT-LEFT",NULL,NULL,NULL,NULL,NULL,NULL,NULL,NULL,NULL,NULL,NULL,NULL,NULL,NULL,NULL,NULL,NULL,NULL,NULL,NULL,NULL,NULL,NULL,NULL,NULL,NULL,NULL,NULL,NULL,NULL,NULL,NULL,NULL
"506867","cee64cf3f4da59534e6cd4747e78d51df96d48d2ad5395da8b91333c7fa353ebb94354bc9d5b8cc65ec5d04a8bb0113d2a04719c1102a51a6ddd0fb62412cde5","JB487964","10/24/2018 10:27:00 AM","2","DRIVER",NULL,"484457.0",NULL,"KIA MOTORS CORP","SORENTO","IL","2019.0","UNKNOWN","PASSENGER","PERSONAL","N","STRAIGHT AHEAD",NULL,NULL,"1.0",NULL,NULL,NULL,NULL,NULL,NULL,NULL,NULL,"Y",NULL,NULL,NULL,NULL,NULL,NULL,NULL,NULL,"REAR",NULL,NULL,NULL,NULL,NULL,NULL,NULL,NULL,NULL,NULL,NULL,NULL,NULL,NULL,NULL,NULL,NULL,NULL,NULL,NULL,NULL,NULL,NULL,NULL,NULL,NULL,NULL,NULL,NULL,NULL,NULL,NULL,NULL
"506952","46d43d34398bfb5f877dfacdc849a10207bfea47500378c8d74e025758ac6c113196a0ab977eb0c2162a037f1acf1287e110b198cd20e7ad52dff9af6997a313","JB488175","10/24/2018 12:07:00 PM","1","DRIVER","1.0","484594.0",NULL,"HONDA","CIVIC","IL","2014.0","NONE","PASSENGER","PERSONAL","SE","TURNING RIGHT",NULL,NULL,"2.0",NULL,NULL,NULL,NULL,"Y",NULL,NULL,NULL,NULL,NULL,NULL,"Y",NULL,NULL,NULL,NULL,NULL,"FRONT-LEFT",NULL,NULL,NULL,NULL,NULL,NULL,NULL,NULL,NULL,NULL,NULL,NULL,NULL,NULL,NULL,NULL,NULL,NULL,NULL,NULL,NULL,NULL,NULL,NULL,NULL,NULL,NULL,NULL,NULL,NULL,NULL,NULL,NULL
"507583","8338c4106b68dba4c85f8e9b389bb93c7952518fa68bbd5d4e39c33bd6f5a8734a970f5d17af45903a85436696f30aef8ac3cd181e4498274ca25484600eb8e6","JB489394","10/25/2018 10:30:00 AM","1","DRIVER",NULL,"485108.0",NULL,"TOYOTA MOTOR COMPANY, LTD.","COROLLA","IL","2008.0","NONE","PASSENGER","PERSONAL","N","TURNING RIGHT",NULL,NULL,"1.0",NULL,NULL,NULL,NULL,NULL,"Y",NULL,NULL,NULL,NULL,NULL,NULL,NULL,NULL,NULL,NULL,NULL,"FRONT-RIGHT",NULL,NULL,NULL,NULL,NULL,NULL,NULL,NULL,NULL,NULL,NULL,NULL,NULL,NULL,NULL,NULL,NULL,NULL,NULL,NULL,NULL,NULL,NULL,NULL,NULL,NULL,NULL,NULL,NULL,NULL,NULL,NULL,NULL
"507616","162f27ee81b7cc6179a1aadfeebc579129f0725980ce154d5c5eb05dd6a2116f150f6fcb39e65178e6272b117c7275072d402cbb9d3bde573f00858590b731e7","JB489462","10/24/2018 03:30:00 PM","2","DRIVER","2.0","485153.0",NULL,"TOYOTA MOTOR COMPANY, LTD.","Prius","IL","2012.0","NONE","PASSENGER","PERSONAL","UNKNOWN","BACKING",NULL,NULL,"3.0",NULL,NULL,NULL,NULL,NULL,NULL,NULL,"Y",NULL,NULL,NULL,NULL,NULL,NULL,NULL,NULL,NULL,"REAR-RIGHT",NULL,NULL,NULL,NULL,NULL,NULL,NULL,NULL,NULL,NULL,NULL,NULL,NULL,NULL,NULL,NULL,NULL,NULL,NULL,NULL,NULL,NULL,NULL,NULL,NULL,NULL,NULL,NULL,NULL,NULL,NULL,NULL,NULL
"507654","dbd129a84bf62bd5458642c38541d73d8064f6e4bd26dd9bc7bd3ecc743e79c827b7eb506196c3d9d8dc52cdafcea07a529a988e7f3df4ce12183693b3a307a4","JB489383","10/25/2018 10:15:00 AM","2","DRIVER","1.0","485180.0",NULL,"GENERAL MOTORS CORP.","TERRAIN","IL","2019.0","NONE","SPORT UTILITY VEHICLE (SUV)","PERSONAL","E","STRAIGHT AHEAD",NULL,NULL,"2.0",NULL,NULL,NULL,NULL,NULL,NULL,NULL,"Y",NULL,NULL,NULL,NULL,NULL,NULL,NULL,NULL,NULL,"REAR-RIGHT",NULL,NULL,NULL,NULL,NULL,NULL,NULL,NULL,NULL,NULL,NULL,NULL,NULL,NULL,NULL,NULL,NULL,NULL,NULL,NULL,NULL,NULL,NULL,NULL,NULL,NULL,NULL,NULL,NULL,NULL,NULL,NULL,NULL
"507702","b057842b9745bb4b779db288d5a93411c0099bd72a268447ed5e6722c58bc4270712864936d287875ae1c539781336a6b6982f909a3b5a27e1323140454d6d42","JB489651","10/22/2018 07:09:00 AM","1","DRIVER",NULL,"485211.0",NULL,"HYUNDAI","ELANTRA","IL","2013.0","NONE","PASSENGER","PERSONAL","N","STRAIGHT AHEAD",NULL,NULL,"1.0",NULL,NULL,NULL,NULL,NULL,NULL,NULL,NULL,NULL,NULL,NULL,NULL,NULL,"Y",NULL,NULL,NULL,"UNDER CARRIAGE",NULL,NULL,NULL,NULL,NULL,NULL,NULL,NULL,NULL,NULL,NULL,NULL,NULL,NULL,NULL,NULL,NULL,NULL,NULL,NULL,NULL,NULL,NULL,NULL,NULL,NULL,NULL,NULL,NULL,NULL,NULL,NULL,NULL
"508203","25a5415dbd712eb900ddbfe5a4bcb281a198b059b90412992db1cb1973df1f96f1132375e4035ac12de4cb6722dd54f775293b98c4ab610f4cd575a6b5e8962e","JB490524","10/26/2018 07:15:00 AM","1","DRIVER",NULL,"485675.0",NULL,"CHEVROLET","IMPALA","IL","2011.0","NONE","PASSENGER","PERSONAL","W","OTHER",NULL,NULL,"1.0",NULL,NULL,NULL,NULL,"Y","Y",NULL,NULL,NULL,NULL,NULL,"Y",NULL,NULL,NULL,NULL,NULL,"FRONT",NULL,NULL,NULL,NULL,NULL,NULL,NULL,NULL,NULL,NULL,NULL,NULL,NULL,NULL,NULL,NULL,NULL,NULL,NULL,NULL,NULL,NULL,NULL,NULL,NULL,NULL,NULL,NULL,NULL,NULL,NULL,NULL,NULL
"508260","7907e23935c86bd99872732fd907638468717cdafc313595d23ce2a680f4b6ec3df4d440a7e674116a5218ab9278029745523a45e8318ce8acdeef521c260b4d","JB490646","10/26/2018 08:45:00 AM","1","DRIVER",NULL,"485731.0",NULL,"FORD","UNKNOWN","IL","2018.0","NONE","BUS OVER 15 PASS.","OTHER TRANSIT","N","BACKING",NULL,NULL,"1.0",NULL,NULL,NULL,NULL,NULL,NULL,NULL,"Y",NULL,NULL,NULL,NULL,NULL,NULL,NULL,NULL,NULL,"REAR-RIGHT",NULL,NULL,NULL,NULL,NULL,NULL,NULL,NULL,NULL,NULL,NULL,NULL,NULL,NULL,NULL,NULL,NULL,NULL,NULL,NULL,NULL,NULL,NULL,NULL,NULL,NULL,NULL,NULL,NULL,NULL,NULL,NULL,NULL
"508686","c022d48dda20a16f09378aa4a4a4c5766a207571ad1eeb2ca5bbf1ed3ecb12afbae72d0af076b37dacf7b060a23655a504a2b30e4a159b7c897fc8222e4dc777","JB491478","10/26/2018 07:10:00 PM","1","DRIVER",NULL,"486142.0",NULL,"CHEVROLET","Colorado",NULL,"2016.0","NONE","PASSENGER","PERSONAL","S","STRAIGHT AHEAD",NULL,NULL,"1.0",NULL,NULL,NULL,NULL,"Y",NULL,NULL,NULL,NULL,NULL,NULL,NULL,NULL,NULL,NULL,NULL,NULL,"FRONT",NULL,NULL,NULL,NULL,NULL,NULL,NULL,NULL,NULL,NULL,NULL,NULL,NULL,NULL,NULL,NULL,NULL,NULL,NULL,NULL,NULL,NULL,NULL,NULL,NULL,NULL,NULL,NULL,NULL,NULL,NULL,NULL,NULL
"508838","b2523d1f05d3c50431636e1792882e6d78ca7e7da12d11fb59f20b18eee36f78e839e5b8efbcdbd3ff0f34e4069177affbe02a69501682cc197764857221c7e2","JB491708","10/26/2018 11:50:00 PM","1","DRIVER","1.0","486288.0",NULL,"HONDA","CIVIC","IN","2016.0","NONE","PASSENGER","PERSONAL","W","SLOW/STOP - LEFT TURN","Y",NULL,"2.0",NULL,"unknown","300 e lower wacker",NULL,"Y","Y",NULL,NULL,NULL,NULL,NULL,"Y",NULL,NULL,NULL,NULL,NULL,"FRONT",NULL,NULL,NULL,NULL,NULL,NULL,NULL,NULL,NULL,NULL,NULL,NULL,NULL,NULL,NULL,NULL,NULL,NULL,NULL,NULL,NULL,NULL,NULL,NULL,NULL,NULL,NULL,NULL,NULL,NULL,NULL,NULL,NULL
"508995","37955ad1a90366aa1d0c3d3939c17f9165497bed6577ba68baf5be7c40233b08bc56cc8c3cd0e643f3596da7c25a422e40a43ce99bdeed6d0f0e053ec6194c0e","JB491934","10/27/2018 06:15:00 AM","1","DRIVER",NULL,"486428.0","Y","DODGE","UNKNOWN","IL","2018.0","NONE","OTHER VEHICLE WITH TRAILER","TOW TRUCK","N","STRAIGHT AHEAD",NULL,NULL,"1.0",NULL,NULL,NULL,"Y",NULL,NULL,NULL,NULL,"Y",NULL,NULL,NULL,NULL,NULL,NULL,NULL,NULL,"OTHER","4953.0",NULL,NULL,NULL,"DRIVER","5500","T.H. TOWING","IL","CHICAGO",NULL,NULL,NULL,"N","N",NULL,"N",NULL,"N","N","10194",NULL,NULL,NULL,NULL,NULL,NULL,NULL,"SINGLE UNIT TRUCK, 3 OR MORE AXLES","FLATBED","OTHER","N","N",NULL
"509210","44caed799f60dbf1ac21d04d72040afae2a5ca346e46628577a8732ee23a739705ace57434d04d35bc802c60b21b20cf45e80652336612b6d15f9b3fe1d6556a","JB492404","10/27/2018 02:20:00 PM","2","DRIVER",NULL,"486636.0",NULL,"LINCOLN-CONTINENTAL","CONTINENTAL","IL","2017.0","UNKNOWN","PASSENGER","TAXI/FOR HIRE","S","STRAIGHT AHEAD",NULL,NULL,"1.0",NULL,NULL,NULL,NULL,NULL,NULL,NULL,NULL,NULL,"Y",NULL,NULL,NULL,NULL,NULL,NULL,NULL,"REAR-LEFT",NULL,NULL,NULL,NULL,NULL,NULL,NULL,NULL,NULL,NULL,NULL,NULL,NULL,NULL,NULL,NULL,NULL,NULL,NULL,NULL,NULL,NULL,NULL,NULL,NULL,NULL,NULL,NULL,NULL,NULL,NULL,NULL,NULL
"509220","a73aabf9779ef1d8e4f52224748536cb8637cccdd1d0087742c614a61eaa8c59e3990ea2808a7cf902dc7928585bacd129c797a51552c3ce3af7570fbb4f65be","JB492423","10/24/2018 03:00:00 PM","2","DRIVER",NULL,"486640.0",NULL,"FORD","ESCAPE (SUV)","IL","2018.0","UNKNOWN","UNKNOWN/NA","UNKNOWN/NA","S","UNKNOWN/NA",NULL,NULL,"1.0",NULL,NULL,NULL,NULL,NULL,NULL,"Y",NULL,NULL,NULL,NULL,NULL,NULL,NULL,NULL,NULL,NULL,"SIDE-RIGHT",NULL,NULL,NULL,NULL,NULL,NULL,NULL,NULL,NULL,NULL,NULL,NULL,NULL,NULL,NULL,NULL,NULL,NULL,NULL,NULL,NULL,NULL,NULL,NULL,NULL,NULL,NULL,NULL,NULL,NULL,NULL,NULL,NULL
"509349","1e8bd249219222d5045e63365262485f5c9ec0398eb6751a2929fcb52e7ba7646b99b1a44c4e47c21774e56d42819899170f60036b94f35e329a09706ff3151f","JB492642","10/27/2018 12:00:00 PM","2","PARKED",NULL,"486765.0",NULL,"CHRYSLER","TOWN & COUNTRY","IL","2011.0","NONE","PASSENGER","PERSONAL","N","PARKED",NULL,NULL,"0.0",NULL,NULL,NULL,NULL,NULL,NULL,NULL,"Y","Y","Y",NULL,NULL,NULL,NULL,NULL,NULL,NULL,"REAR",NULL,NULL,NULL,NULL,NULL,NULL,NULL,NULL,NULL,NULL,NULL,NULL,NULL,NULL,NULL,NULL,NULL,NULL,NULL,NULL,NULL,NULL,NULL,NULL,NULL,NULL,NULL,NULL,NULL,NULL,NULL,NULL,NULL
"509464","015c41c1e2551cb00d387f17ad644e1c798358493061d7c84d2777f576b13a9271420d338a401a1ba771353e081dd234c2a6d44a13b39c5bd3e51ffe4e1f50bf","JB492785","10/27/2018 06:51:00 PM","1","DRIVER","1.0","486877.0",NULL,"HYUNDAI","ELANTRA","IL","2017.0","UNKNOWN","PASSENGER","UNKNOWN/NA","E","BACKING",NULL,NULL,"2.0",NULL,NULL,NULL,NULL,"N",NULL,NULL,NULL,"Y",NULL,NULL,NULL,NULL,NULL,NULL,NULL,NULL,"REAR",NULL,NULL,NULL,NULL,NULL,NULL,NULL,NULL,NULL,NULL,NULL,NULL,NULL,NULL,NULL,NULL,NULL,NULL,NULL,NULL,NULL,NULL,NULL,NULL,NULL,NULL,NULL,NULL,NULL,NULL,NULL,NULL,NULL
"509857","05fd882c2ed66cc267cb34c000a83c116c7b8dadfd22bf5cfc7269b42595fc2fb6ec8047a2c9a53bd5e9f242355cb5dc1e1765ffde23732de5a86253def816ee","JB493393","10/28/2018 09:22:00 AM","1","DRIVER","1.0","487240.0",NULL,"TOYOTA MOTOR COMPANY, LTD.","COROLLA","IL","2017.0","UNKNOWN","PASSENGER","PERSONAL","E","STRAIGHT AHEAD","Y",NULL,"2.0",NULL,"STREET AND SANITATION","103 DOTY",NULL,NULL,NULL,NULL,NULL,NULL,"Y","Y","Y",NULL,NULL,NULL,NULL,NULL,"UNKNOWN",NULL,NULL,NULL,NULL,NULL,NULL,NULL,NULL,NULL,NULL,NULL,NULL,NULL,NULL,NULL,NULL,NULL,NULL,NULL,NULL,NULL,NULL,NULL,NULL,NULL,NULL,NULL,NULL,NULL,NULL,NULL,NULL,NULL
"510098","7b6e743261827171f90c7b3838b0d643d196508c26d9df01818b24def615ef42aa0068d5b9a9758ce35d9c20cd76cb757ad7ad4dfabb8bfcc4bce7c7a7c1747b","JB493839","10/28/2018 04:00:00 PM","1","DRIVER","3.0","487453.0",NULL,"FORD","Focus","IL","2018.0","NONE","PASSENGER","PERSONAL","N","STRAIGHT AHEAD",NULL,NULL,"4.0",NULL,NULL,NULL,NULL,"Y",NULL,NULL,NULL,NULL,NULL,NULL,NULL,NULL,NULL,NULL,NULL,NULL,"FRONT",NULL,NULL,NULL,NULL,NULL,NULL,NULL,NULL,NULL,NULL,NULL,NULL,NULL,NULL,NULL,NULL,NULL,NULL,NULL,NULL,NULL,NULL,NULL,NULL,NULL,NULL,NULL,NULL,NULL,NULL,NULL,NULL,NULL
"510403","296acbdaa8f05f3e2a14e52fccafca07d4f044c19be3313d95d88dbe03fef002424b1f0f3c10e215b795bcc571bc413dee462ad751d112527f2fb93993769b0e","JB494436","10/29/2018 07:50:00 AM","2","DRIVER",NULL,"487759.0",NULL,"JEEP","PATRIOT","IL","2014.0","NONE","PASSENGER","PERSONAL","E","STRAIGHT AHEAD",NULL,NULL,"1.0",NULL,NULL,NULL,NULL,"Y",NULL,NULL,NULL,NULL,NULL,NULL,NULL,NULL,NULL,NULL,NULL,NULL,"FRONT",NULL,NULL,NULL,NULL,NULL,NULL,NULL,NULL,NULL,NULL,NULL,NULL,NULL,NULL,NULL,NULL,NULL,NULL,NULL,NULL,NULL,NULL,NULL,NULL,NULL,NULL,NULL,NULL,NULL,NULL,NULL,NULL,NULL
"511005","f0cd6b0a97b99b9f90739414fbf05a71e250858eb1c963e6adf28103c96dcbcc2db89901dfaa74767d6c2dc1897db22b88bf9b20f2a45f96e93769ded2905b68","JB495501","10/29/2018 07:55:00 PM","2","DRIVER","1.0","488283.0",NULL,"CHEVROLET","EQUINOX","IL","2013.0","NONE","SPORT UTILITY VEHICLE (SUV)","PERSONAL","E","STRAIGHT AHEAD","Y",NULL,"2.0",NULL,"unk","unk",NULL,"Y",NULL,NULL,NULL,NULL,NULL,NULL,"Y",NULL,NULL,NULL,NULL,NULL,"FRONT",NULL,NULL,NULL,NULL,NULL,NULL,NULL,NULL,NULL,NULL,NULL,NULL,NULL,NULL,NULL,NULL,NULL,NULL,NULL,NULL,NULL,NULL,NULL,NULL,NULL,NULL,NULL,NULL,NULL,NULL,NULL,NULL,NULL
"511812","a49fc7fe04756164cd6b908936791da776012914913ef61ca6e2dfabb1c9cb043d51f8cb6d8cea54a7344644115e93cf8868962f422149d9e722bcbcf7349592","JB497310","10/31/2018 08:20:00 AM","2","DRIVER","1.0","489048.0",NULL,"TOYOTA MOTOR COMPANY, LTD.","CAMRY","IL","2016.0","NONE","PASSENGER","TAXI/FOR HIRE","E","STRAIGHT AHEAD",NULL,NULL,"2.0",NULL,NULL,NULL,NULL,NULL,NULL,NULL,NULL,NULL,NULL,NULL,"Y",NULL,NULL,"Y",NULL,NULL,"FRONT-LEFT",NULL,NULL,NULL,NULL,NULL,NULL,NULL,NULL,NULL,NULL,NULL,NULL,NULL,NULL,NULL,NULL,NULL,NULL,NULL,NULL,NULL,NULL,NULL,NULL,NULL,NULL,NULL,NULL,NULL,NULL,NULL,NULL,NULL
"511922","84bb79935775c3b27bc850da0a2197c25d20073b2df310fa492f696d837ebaea25d4cd0392eddb0bed13675287cfba6a3b19ad467112895bd9dcee04ac2e1262","JB497529","10/31/2018 10:40:00 AM","2","DRIVER",NULL,"489167.0",NULL,"TOYOTA MOTOR COMPANY, LTD.","UNKNOWN","IL","2010.0","UNKNOWN","PASSENGER","PERSONAL","N","STRAIGHT AHEAD",NULL,NULL,"1.0",NULL,NULL,NULL,NULL,NULL,"Y",NULL,NULL,NULL,NULL,NULL,NULL,NULL,NULL,NULL,NULL,NULL,"FRONT-RIGHT",NULL,NULL,NULL,NULL,NULL,NULL,NULL,NULL,NULL,NULL,NULL,NULL,NULL,NULL,NULL,NULL,NULL,NULL,NULL,NULL,NULL,NULL,NULL,NULL,NULL,NULL,NULL,NULL,NULL,NULL,NULL,NULL,NULL
"511942","ba3da79b4578b89812786c3c068a47b19b69f45e43fc4f9c49adab55b67749d8fc9ac5d2f4dcebde74a65cfca8ce089fe06dba7a27ccba7bc67273f811ce8d44","JB497611","10/31/2018 10:30:00 AM","1","DRIVER",NULL,"489171.0",NULL,"BUICK","ENCLAVE","IL","2012.0","NONE","PASSENGER","PERSONAL","N","PASSING/OVERTAKING",NULL,NULL,"1.0",NULL,NULL,NULL,NULL,NULL,NULL,NULL,"N","N","N","Y",NULL,NULL,NULL,"N",NULL,NULL,"TOTAL (ALL AREAS)",NULL,NULL,NULL,NULL,NULL,NULL,NULL,NULL,NULL,NULL,NULL,NULL,NULL,NULL,NULL,NULL,NULL,NULL,NULL,NULL,NULL,NULL,NULL,NULL,NULL,NULL,NULL,NULL,NULL,NULL,NULL,NULL,NULL
"511944","4cb145820a5a194051f61edd4db29bdd078a5cc88ac19aab24e7b304d5c6cb5149211842b592033c8eb8ea09b8e261d5f6e5901eed38138f8a4f42a8efa24edb","JB497577","10/31/2018 11:35:00 AM","1","DRIVER",NULL,"489174.0",NULL,"LEXUS","UNKNOWN","IL","2015.0","NONE","PASSENGER","PERSONAL","W","STRAIGHT AHEAD","Y",NULL,"1.0",NULL,"UNK","UNK",NULL,NULL,"Y",NULL,NULL,NULL,NULL,NULL,NULL,NULL,NULL,NULL,NULL,NULL,"FRONT-RIGHT",NULL,NULL,NULL,NULL,NULL,NULL,NULL,NULL,NULL,NULL,NULL,NULL,NULL,NULL,NULL,NULL,NULL,NULL,NULL,NULL,NULL,NULL,NULL,NULL,NULL,NULL,NULL,NULL,NULL,NULL,NULL,NULL,NULL