"CRASH_UNIT_ID","CRASH_RECORD_ID","RD_NO","CRASH_DATE","UNIT_NO","UNIT_TYPE","NUM_PASSENGERS","VEHICLE_ID","CMRC_VEH_I","MAKE","MODEL","LIC_PLATE_STATE","VEHICLE_YEAR","VEHICLE_DEFECT","VEHICLE_TYPE","VEHICLE_USE","TRAVEL_DIRECTION","MANEUVER","TOWED_I","FIRE_I","OCCUPANT_CNT","EXCEED_SPEED_LIMIT_I","TOWED_BY","TOWED_TO","AREA_00_I","AREA_01_I","AREA_02_I","AREA_03_I","AREA_04_I","AREA_05_I","AREA_06_I","AREA_07_I","AREA_08_I","AREA_09_I","AREA_10_I","AREA_11_I","AREA_12_I","AREA_99_I","FIRST_CONTACT_POINT","CMV_ID","USDOT_NO","CCMC_NO","ILCC_NO","COMMERCIAL_SRC","GVWR","CARRIER_NAME","CARRIER_STATE","CARRIER_CITY","HAZMAT_PLACARDS_I","HAZMAT_NAME","UN_NO","HAZMAT_PRESENT_I","HAZMAT_REPORT_I","HAZMAT_REPORT_NO","MCS_REPORT_I","MCS_REPORT_NO","HAZMAT_VIO_CAUSE_CRASH_I","MCS_VIO_CAUSE_CRASH_I","IDOT_PERMIT_NO","WIDE_LOAD_I","TRAILER1_WIDTH","TRAILER2_WIDTH","TRAILER1_LENGTH","TRAILER2_LENGTH","TOTAL_VEHICLE_LENGTH","AXLE_CNT","VEHICLE_CONFIG","CARGO_BODY_TYPE","LOAD_TYPE","HAZMAT_OUT_OF_SERVICE_I","MCS_OUT_OF_SERVICE_I","HAZMAT_CLASS"
"517485","4fd8832ba480e6b31aff9eae56bcb6d826383315254207994c6449b247a298bcb1a97e60acc6c9e6c632ea6d7ab4b693474d59c3cb9ac220a76701320c2b6d60","JB507803","11/07/2018 09:55:00 PM","2","DRIVER",NULL,"494299.0",NULL,"INFINITI","UNKNOWN","IL","2018.0","UNKNOWN","PASSENGER","PERSONAL","W","STRAIGHT AHEAD","Y",NULL,"1.0",NULL,NULL,NULL,NULL,NULL,"Y",NULL,"Y",NULL,NULL,"Y","Y",NULL,NULL,NULL,NULL,NULL,"SIDE-LEFT",NULL,NULL,NULL,NULL,NULL,NULL,NULL,NULL,NULL,NULL,NULL,NULL,NULL,NULL,NULL,NULL,NULL,NULL,NULL,NULL,NULL,NULL,NULL,NULL,NULL,NULL,NULL,NULL,NULL,NULL,NULL,NULL,NULL
"517608","b0f277a2a3c97549d84f12cf43409d940582c6b551bb328a3933dae2a5cf6b132f70f3a5e689afb61b555b56862e76fa15bbb918a5e6c79d7c46a39b1ac8cb2a","JB508107","11/07/2018 08:00:00 AM","2","DRIVER",NULL,"494512.0",NULL,"ACURA","ACURA","IL","2011.0","NONE","SPORT UTILITY VEHICLE (SUV)","PERSONAL","W","PASSING/OVERTAKING",NULL,NULL,"1.0",NULL,NULL,NULL,NULL,NULL,NULL,NULL,NULL,NULL,NULL,"Y","Y",NULL,NULL,NULL,NULL,NULL,"SIDE-LEFT",NULL,NULL,NULL,NULL,NULL,NULL,NULL,NULL,NULL,NULL,NULL,NULL,NULL,NULL,NULL,NULL,NULL,NULL,NULL,NULL,NULL,NULL,NULL,NULL,NULL,NULL,NULL,NULL,NULL,NULL,NULL,NULL,NULL
"517827","f6969014fb11a3c1d7ac2692bd2b0a22947c2b03e7b311b872872c985f3bd428c4c4add078781da9766409703261839bcddb2a7d093f20f80299a15bc201121f","JB508520","11/08/2018 02:30:00 PM","1","DRIVER",NULL,"494627.0",NULL,"TOYOTA MOTOR COMPANY, LTD.","Matrix (sport wagon)","IL","2013.0","UNKNOWN","PASSENGER","PERSONAL","E","LEAVING TRAFFIC LANE TO PARK",NULL,NULL,"1.0",NULL,NULL,NULL,NULL,NULL,NULL,NULL,NULL,NULL,NULL,NULL,NULL,NULL,NULL,NULL,NULL,"Y","UNKNOWN",NULL,NULL,NULL,NULL,NULL,NULL,NULL,NULL,NULL,NULL,NULL,NULL,NULL,NULL,NULL,NULL,NULL,NULL,NULL,NULL,NULL,NULL,NULL,NULL,NULL,NULL,NULL,NULL,NULL,NULL,NULL,NULL,NULL
"518047","499227e4c4101ddd6accae32d0db4c825965e9d87e30eefa11789f5ceb5a3feb14a5eedf89458aeedebe5d8e75a976ed4d85b1b44bc4fbb4278e12df32ae71d8","JB508895","11/08/2018 08:45:00 AM","2","DRIVER",NULL,"494836.0",NULL,"ACURA","ACURA","IL","2016.0","NONE","PASSENGER","PERSONAL","S","STRAIGHT AHEAD",NULL,NULL,"1.0",NULL,NULL,NULL,NULL,NULL,NULL,NULL,NULL,"Y",NULL,NULL,NULL,NULL,NULL,NULL,NULL,NULL,"REAR",NULL,NULL,NULL,NULL,NULL,NULL,NULL,NULL,NULL,NULL,NULL,NULL,NULL,NULL,NULL,NULL,NULL,NULL,NULL,NULL,NULL,NULL,NULL,NULL,NULL,NULL,NULL,NULL,NULL,NULL,NULL,NULL,NULL
"518377","579a3163ddac8d01686433fab2b6e8e5a2632c1a887e5fadf959c0adae4ba6ccd7e1ca902e5a8035a524212832ae1ba9612fddd3c6aaa3c281fb5002b3d580a6","JB509457","11/04/2018 04:30:00 PM","2","DRIVER","1.0","495142.0",NULL,"NISSAN","UNKNOWN","IL","2018.0","NONE","PASSENGER","PERSONAL","N","STRAIGHT AHEAD",NULL,NULL,"2.0",NULL,NULL,NULL,NULL,NULL,NULL,"Y","Y",NULL,NULL,NULL,NULL,NULL,NULL,NULL,NULL,NULL,"SIDE-RIGHT",NULL,NULL,NULL,NULL,NULL,NULL,NULL,NULL,NULL,NULL,NULL,NULL,NULL,NULL,NULL,NULL,NULL,NULL,NULL,NULL,NULL,NULL,NULL,NULL,NULL,NULL,NULL,NULL,NULL,NULL,NULL,NULL,NULL
"518435","73705774f21fb1c8ff9ee302aa44c0e2a0314ff7c8c2bf38eda6533060b3c1c58fb112201065b8f62e92f1fe63f75b13ba2ad611352fe67274ae09ef2d4d0744","JB509562","11/09/2018 11:38:00 AM","2","PARKED",NULL,"495193.0",NULL,"TOYOTA MOTOR COMPANY, LTD.","RAV4 (sport utility)","IL","2014.0","NONE","PASSENGER","PERSONAL","E","PARKED",NULL,NULL,"0.0",NULL,NULL,NULL,NULL,"Y",NULL,NULL,NULL,NULL,NULL,NULL,"Y",NULL,NULL,NULL,NULL,NULL,"FRONT-LEFT",NULL,NULL,NULL,NULL,NULL,NULL,NULL,NULL,NULL,NULL,NULL,NULL,NULL,NULL,NULL,NULL,NULL,NULL,NULL,NULL,NULL,NULL,NULL,NULL,NULL,NULL,NULL,NULL,NULL,NULL,NULL,NULL,NULL
"518866","4c249781959733ef4766d2262102698c79f00dbcdcf3d0e45cd9ceb1983f33338ddfb11030db426cb8179e5e4aac4d70f9fc218f99517066232c895df0abcceb","JB510335","11/09/2018 07:00:00 PM","2","PARKED",NULL,"495614.0",NULL,"FORD","FUSION","MI","2009.0","UNKNOWN","UNKNOWN/NA","UNKNOWN/NA","N","PARKED",NULL,NULL,"0.0",NULL,NULL,NULL,NULL,NULL,NULL,NULL,NULL,NULL,"Y","Y","Y",NULL,NULL,NULL,NULL,NULL,"SIDE-LEFT",NULL,NULL,NULL,NULL,NULL,NULL,NULL,NULL,NULL,NULL,NULL,NULL,NULL,NULL,NULL,NULL,NULL,NULL,NULL,NULL,NULL,NULL,NULL,NULL,NULL,NULL,NULL,NULL,NULL,NULL,NULL,NULL,NULL
"519033","e703b46323d07f5c4d72260bd1c0ab6ecaa238471841f2dbf0ed88bfb9510981ae426b7e8b0b516b7b9f75199b3aeaaf9136197d5aeb2f7d09ace9890d153bef","JB509663","11/09/2018 12:35:00 PM","2","DRIVER",NULL,"495766.0",NULL,"FIAT","FIAT","IL","2019.0","NONE","PASSENGER","PERSONAL","N","SLOW/STOP IN TRAFFIC",NULL,NULL,"1.0",NULL,NULL,NULL,NULL,NULL,NULL,NULL,"Y","Y","Y",NULL,NULL,NULL,NULL,NULL,NULL,NULL,"REAR",NULL,NULL,NULL,NULL,NULL,NULL,NULL,NULL,NULL,NULL,NULL,NULL,NULL,NULL,NULL,NULL,NULL,NULL,NULL,NULL,NULL,NULL,NULL,NULL,NULL,NULL,NULL,NULL,NULL,NULL,NULL,NULL,NULL
"519297","0604b2cb54df757592eeecf9a682f08b43a9c837d0809bbe45309c59c9333ac11ecd5ed8de801bf3c345a21d48e655bfbe0f81caa4d030ac01542c7fd7169f86","JB510975","11/09/2018 07:14:00 PM","1","DRIVER",NULL,"496017.0",NULL,"FORD","Focus","IL","2014.0","NONE","PASSENGER","PERSONAL","N","TURNING LEFT",NULL,NULL,"1.0",NULL,NULL,NULL,NULL,NULL,NULL,NULL,NULL,NULL,NULL,NULL,"N",NULL,NULL,NULL,NULL,NULL,"FRONT-LEFT",NULL,NULL,NULL,NULL,NULL,NULL,NULL,NULL,NULL,NULL,NULL,NULL,NULL,NULL,NULL,NULL,NULL,NULL,NULL,NULL,NULL,NULL,NULL,NULL,NULL,NULL,NULL,NULL,NULL,NULL,NULL,NULL,NULL
"519478","629974a901d68a5afbef76052d587e9749540cc98e957fcfecce20081bcfde308843b408dd18f8925baf8fcc16933fa9db3edcd635e905b078b84622b6285221","JB511281","11/10/2018 06:05:00 PM","3","DRIVER",NULL,"496190.0",NULL,"TOYOTA MOTOR COMPANY, LTD.","COROLLA","IL","2014.0","UNKNOWN","PASSENGER","UNKNOWN/NA","SE","SLOW/STOP IN TRAFFIC",NULL,NULL,"1.0",NULL,NULL,NULL,NULL,NULL,NULL,NULL,NULL,"Y",NULL,NULL,NULL,NULL,NULL,NULL,NULL,NULL,"REAR",NULL,NULL,NULL,NULL,NULL,NULL,NULL,NULL,NULL,NULL,NULL,NULL,NULL,NULL,NULL,NULL,NULL,NULL,NULL,NULL,NULL,NULL,NULL,NULL,NULL,NULL,NULL,NULL,NULL,NULL,NULL,NULL,NULL
"519790","0f72162f098acfb5ad58ae87e2fe89c117a82328fa7315559bf62d642f887add35e8475b2144f9ecc14ba451717117cf301bfdeff036137ef09ea13e06221ad0","JB506821","11/07/2018 08:40:00 AM","2","DRIVER","1.0","496493.0",NULL,"FORD","EXPLORER","IL","2015.0","NONE","PASSENGER","PERSONAL","S","STRAIGHT AHEAD",NULL,NULL,"2.0",NULL,NULL,NULL,NULL,NULL,"Y",NULL,NULL,NULL,NULL,NULL,NULL,NULL,NULL,NULL,NULL,NULL,"FRONT-RIGHT",NULL,NULL,NULL,NULL,NULL,NULL,NULL,NULL,NULL,NULL,NULL,NULL,NULL,NULL,NULL,NULL,NULL,NULL,NULL,NULL,NULL,NULL,NULL,NULL,NULL,NULL,NULL,NULL,NULL,NULL,NULL,NULL,NULL
"519982","cb1d4da953b20aa8a9dd3586b7f694db0255305c616fcf867017de0ba2d9a2db876b6967f860ba8fd968717d5776e9d43b1ca222c424fbb306634b2904caf1d0","JB512249","11/11/2018 05:03:00 PM","1","DRIVER",NULL,"496661.0",NULL,"NISSAN","SENTRA (DATSUN AND NISSAN HAVE MERGED)","CO","2014.0","NONE","PASSENGER","PERSONAL","S","STRAIGHT AHEAD",NULL,NULL,"1.0",NULL,NULL,NULL,NULL,"Y",NULL,NULL,NULL,NULL,NULL,NULL,NULL,NULL,NULL,NULL,NULL,NULL,"FRONT",NULL,NULL,NULL,NULL,NULL,NULL,NULL,NULL,NULL,NULL,NULL,NULL,NULL,NULL,NULL,NULL,NULL,NULL,NULL,NULL,NULL,NULL,NULL,NULL,NULL,NULL,NULL,NULL,NULL,NULL,NULL,NULL,NULL
"519994","87e3104846ab7a0831bb2e8c566234c0e6fc57a245f6525240a886efeeb7c50077ed630092600338dbed8f577f739097eb9f6540a4bb38310068e22a33d469a7","JB512244","11/11/2018 04:41:00 PM","1","DRIVER",NULL,"496669.0",NULL,"SATURN","Vue","IL","2008.0","NONE","PASSENGER","PERSONAL","S","TURNING LEFT",NULL,NULL,"1.0",NULL,NULL,NULL,NULL,NULL,NULL,NULL,NULL,NULL,NULL,NULL,"Y",NULL,NULL,NULL,NULL,NULL,"FRONT-LEFT",NULL,NULL,NULL,NULL,NULL,NULL,NULL,NULL,NULL,NULL,NULL,NULL,NULL,NULL,NULL,NULL,NULL,NULL,NULL,NULL,NULL,NULL,NULL,NULL,NULL,NULL,NULL,NULL,NULL,NULL,NULL,NULL,NULL
"520294","1364cb83b19a8c614e2d2bcabd232bc24c81a9ee2f8c9a814dce994e6d51f868e0cacb77273eb88392ddab70fa6ea98cf58d35880431a383df6f68a92228aaf6","JB512872","11/10/2018 05:00:00 PM","1","DRIVER",NULL,"496955.0",NULL,"CHEVROLET","MALIBU (CHEVELLE)","IL","2008.0","UNKNOWN","PASSENGER","UNKNOWN/NA","E","SLOW/STOP IN TRAFFIC",NULL,NULL,"1.0",NULL,NULL,NULL,NULL,NULL,"Y",NULL,NULL,NULL,NULL,NULL,NULL,NULL,NULL,NULL,NULL,NULL,"FRONT-RIGHT",NULL,NULL,NULL,NULL,NULL,NULL,NULL,NULL,NULL,NULL,NULL,NULL,NULL,NULL,NULL,NULL,NULL,NULL,NULL,NULL,NULL,NULL,NULL,NULL,NULL,NULL,NULL,NULL,NULL,NULL,NULL,NULL,NULL
"520386","3ac88b9a95a37e4025365c3aeeb15f1684db8553a2380a6da0ab3f8308f74a1767957c3a775051edd47f70d1ec35b954a878d6029e9090dadbef4cea81f46c17","JB513061","11/12/2018 12:15:00 PM","2","DRIVER",NULL,"497044.0",NULL,"NISSAN","NISSAN ALTIMA","IL","2012.0","NONE","PASSENGER","PERSONAL","W","STRAIGHT AHEAD","Y",NULL,"1.0",NULL,"A & E TOWING- ILCC210945","UNK",NULL,"Y","Y","Y",NULL,NULL,NULL,NULL,NULL,NULL,NULL,NULL,NULL,NULL,"FRONT-RIGHT",NULL,NULL,NULL,NULL,NULL,NULL,NULL,NULL,NULL,NULL,NULL,NULL,NULL,NULL,NULL,NULL,NULL,NULL,NULL,NULL,NULL,NULL,NULL,NULL,NULL,NULL,NULL,NULL,NULL,NULL,NULL,NULL,NULL
"520928","0be35e36eb52e185267cdc64d3db9d282d26494a34809182aa061de936ab0adb8c4d77e86c927aa4a5f15067cbb9d45c7941cb4f5a8653b2c9da6cc84cd396e0","JB507651","11/07/2018 07:05:00 PM","1","DRIVER",NULL,"497569.0",NULL,"CHEVROLET","UNKNOWN","IL","2018.0","NONE","SPORT UTILITY VEHICLE (SUV)","PERSONAL","N","SLOW/STOP - LEFT TURN",NULL,NULL,"1.0",NULL,NULL,NULL,"Y",NULL,NULL,NULL,NULL,NULL,NULL,NULL,NULL,NULL,NULL,NULL,NULL,NULL,"FRONT",NULL,NULL,NULL,NULL,NULL,NULL,NULL,NULL,NULL,NULL,NULL,NULL,NULL,NULL,NULL,NULL,NULL,NULL,NULL,NULL,NULL,NULL,NULL,NULL,NULL,NULL,NULL,NULL,NULL,NULL,NULL,NULL,NULL
"521385","8c25976a1c796b477efd9b5cd74004e57c2880860b4d9496d46842d7e2fed49afa2cf269fa4c6c46c45ac7c644b69428e351f4a06cc9b3e1a55b91366ec1c03a","JB514947","11/13/2018 08:00:00 PM","2","DRIVER",NULL,"498010.0",NULL,"NISSAN","NISSAN ALTIMA","IL","2008.0","NONE","PASSENGER","PERSONAL","W","STRAIGHT AHEAD",NULL,NULL,"1.0",NULL,NULL,NULL,NULL,NULL,NULL,NULL,NULL,NULL,"Y","Y",NULL,NULL,NULL,NULL,NULL,NULL,"REAR-LEFT",NULL,NULL,NULL,NULL,NULL,NULL,NULL,NULL,NULL,NULL,NULL,NULL,NULL,NULL,NULL,NULL,NULL,NULL,NULL,NULL,NULL,NULL,NULL,NULL,NULL,NULL,NULL,NULL,NULL,NULL,NULL,NULL,NULL
"521389","bf78a941b247d522caaec43b40c785172924fbd8d874e56633d93db2a0640826fba0b68a7afb66d9b144b195a6f7283446e174ed565ee817f228834d2b44e518","JB514948","11/13/2018 05:45:00 PM","2","DRIVER",NULL,"498007.0",NULL,"HONDA","CIVIC","IL","2013.0","NONE","PASSENGER","PERSONAL","S","STRAIGHT AHEAD",NULL,NULL,"1.0",NULL,NULL,NULL,NULL,NULL,"Y",NULL,NULL,NULL,NULL,NULL,NULL,NULL,NULL,NULL,NULL,NULL,"FRONT-RIGHT",NULL,NULL,NULL,NULL,NULL,NULL,NULL,NULL,NULL,NULL,NULL,NULL,NULL,NULL,NULL,NULL,NULL,NULL,NULL,NULL,NULL,NULL,NULL,NULL,NULL,NULL,NULL,NULL,NULL,NULL,NULL,NULL,NULL
"521742","ee9cc18c4cbfa525246a1650ce4a401bc581582432225ede433c9b69a04e43d53f743ed1dae16cfba9779071e9a2fc1d42d1c2ae07d6b3cf49e414f7af335ccb","JB515478","11/14/2018 11:18:00 AM","2","PARKED",NULL,"498348.0",NULL,"FORD","ESCAPE (SUV)","IL","2010.0","UNKNOWN","PASSENGER","NOT IN USE","N","PARKED",NULL,NULL,"0.0",NULL,NULL,NULL,NULL,NULL,NULL,NULL,"Y",NULL,NULL,NULL,NULL,NULL,NULL,NULL,NULL,NULL,"REAR-RIGHT",NULL,NULL,NULL,NULL,NULL,NULL,NULL,NULL,NULL,NULL,NULL,NULL,NULL,NULL,NULL,NULL,NULL,NULL,NULL,NULL,NULL,NULL,NULL,NULL,NULL,NULL,NULL,NULL,NULL,NULL,NULL,NULL,NULL
"522013","74c38732910f08f8b6702f9890490d065915ad71cdabf15f0514bb13d55e82867f95afb4eb00d91e231b8e7a9409d1dfde51aa63afe205a974f1bf256ccab861","JB516038","11/14/2018 06:00:00 PM","1","DRIVER",NULL,"498594.0",NULL,"NISSAN","NISSAN ALTIMA","IL","2015.0","UNKNOWN","PASSENGER","OTHER","S","STRAIGHT AHEAD",NULL,NULL,"1.0",NULL,NULL,NULL,NULL,NULL,"N","N","N",NULL,"Y","Y","Y",NULL,NULL,NULL,NULL,NULL,"SIDE-LEFT",NULL,NULL,NULL,NULL,NULL,NULL,NULL,NULL,NULL,NULL,NULL,NULL,NULL,NULL,NULL,NULL,NULL,NULL,NULL,NULL,NULL,NULL,NULL,NULL,NULL,NULL,NULL,NULL,NULL,NULL,NULL,NULL,NULL
"522831","79cec638b2fde172bc958301297fe6b00f0372c66c789b2ffea079b69aa37f16d709885af25a80b854382a0f59820760984fbe37569ddfe5c77fd4522764498f","JB517380","11/15/2018 05:30:00 PM","2","DRIVER",NULL,"499378.0",NULL,"FORD","EXPLORER","IL","2014.0","NONE","PASSENGER","PERSONAL","W","STRAIGHT AHEAD",NULL,NULL,"1.0",NULL,NULL,NULL,NULL,NULL,NULL,"Y","Y",NULL,NULL,NULL,NULL,NULL,NULL,NULL,NULL,NULL,"SIDE-RIGHT",NULL,NULL,NULL,NULL,NULL,NULL,NULL,NULL,NULL,NULL,NULL,NULL,NULL,NULL,NULL,NULL,NULL,NULL,NULL,NULL,NULL,NULL,NULL,NULL,NULL,NULL,NULL,NULL,NULL,NULL,NULL,NULL,NULL
"522890","238e1c6956f96070e1356aeb5fb9c41f815f0bcc3cb9ea3b2331c6140ecac71184c211fe29896615c810c428b8d7e26a07e4ca33deab737c5c2a1009d3b692b6","JB517441","11/15/2018 07:26:00 PM","2","DRIVER","4.0","499430.0",NULL,"FORD","ESCAPE (SUV)","IL","2012.0","NONE","PASSENGER","TAXI/FOR HIRE","S","STRAIGHT AHEAD",NULL,NULL,"5.0",NULL,NULL,NULL,NULL,NULL,NULL,NULL,NULL,"Y",NULL,NULL,NULL,NULL,NULL,NULL,NULL,NULL,"REAR",NULL,NULL,NULL,NULL,NULL,NULL,NULL,NULL,NULL,NULL,NULL,NULL,NULL,NULL,NULL,NULL,NULL,NULL,NULL,NULL,NULL,NULL,NULL,NULL,NULL,NULL,NULL,NULL,NULL,NULL,NULL,NULL,NULL
"523034","054e130716df2c0c4d0b3168bbf29d03968fc859b5dbd97065e9d42fc630cf1e05cc5b1896f8e15f50bbb2200079b3b7a0b16779204ba8c4cd9a40f077a8c533","JB517759","11/16/2018 07:13:00 AM","2","PARKED",NULL,"499565.0",NULL,"CHEVROLET","CRUZE","IL","2016.0","UNKNOWN","PASSENGER","NOT IN USE","W","PARKED",NULL,NULL,"0.0",NULL,NULL,NULL,NULL,"Y",NULL,NULL,NULL,NULL,NULL,NULL,NULL,NULL,NULL,NULL,NULL,NULL,"FRONT",NULL,NULL,NULL,NULL,NULL,NULL,NULL,NULL,NULL,NULL,NULL,NULL,NULL,NULL,NULL,NULL,NULL,NULL,NULL,NULL,NULL,NULL,NULL,NULL,NULL,NULL,NULL,NULL,NULL,NULL,NULL,NULL,NULL
"523188","7d4eda9a44f7e0e911d8fd77ee9a6f9eb84b229c6079c1af9cb02a968fcd06023b3ebe6c04bd80dbc55cb065e5f5f27f31bb68d0fd3ec8e65c32144af472daa6","JB518074","11/16/2018 11:40:00 AM","1","DRIVER","1.0","499712.0",NULL,"HYUNDAI","SONATA","IL","2013.0","NONE","PASSENGER","PERSONAL","NE","TURNING LEFT",NULL,NULL,"2.0",NULL,NULL,NULL,NULL,NULL,"Y",NULL,NULL,NULL,NULL,NULL,NULL,NULL,NULL,NULL,NULL,NULL,"FRONT-RIGHT",NULL,NULL,NULL,NULL,NULL,NULL,NULL,NULL,NULL,NULL,NULL,NULL,NULL,NULL,NULL,NULL,NULL,NULL,NULL,NULL,NULL,NULL,NULL,NULL,NULL,NULL,NULL,NULL,NULL,NULL,NULL,NULL,NULL
"523193","13e3966844fe96e730bda107b3e0505dcacac099a9aed68e4722861c032241086a035e2227fe5080063d3586189cb7affa7f4f32610ed6c5f00961d5c3ba2948","JB518071","11/16/2018 11:30:00 AM","1","DRIVER","1.0","499714.0",NULL,"NISSAN","VERSA","IL","2015.0","NONE","PASSENGER","PERSONAL","NE","STRAIGHT AHEAD",NULL,NULL,"2.0",NULL,NULL,NULL,NULL,NULL,"Y","Y",NULL,NULL,NULL,NULL,NULL,NULL,NULL,NULL,NULL,NULL,"SIDE-RIGHT",NULL,NULL,NULL,NULL,NULL,NULL,NULL,NULL,NULL,NULL,NULL,NULL,NULL,NULL,NULL,NULL,NULL,NULL,NULL,NULL,NULL,NULL,NULL,NULL,NULL,NULL,NULL,NULL,NULL,NULL,NULL,NULL,NULL
"523417","c97c5e5003835e6877d2803010a414a98a8edb90a0f4170e05bf50f3c356272272c553e9243320393b75c4dbbed0978fb26d7d9c287626e0d618a2533e3d2292","JB518444","11/16/2018 02:45:00 PM","1","DRIVER",NULL,"499934.0",NULL,"INTERNATIONAL HARVESTER","INTERNATIONAL HARVESTER","IN","2012.0","NONE","TRUCK - SINGLE UNIT","OTHER","W","MERGING",NULL,NULL,"1.0",NULL,NULL,NULL,"N",NULL,NULL,NULL,NULL,NULL,NULL,NULL,"Y",NULL,NULL,NULL,NULL,NULL,"FRONT-LEFT",NULL,NULL,NULL,NULL,NULL,NULL,NULL,NULL,NULL,NULL,NULL,NULL,NULL,NULL,NULL,NULL,NULL,NULL,NULL,NULL,NULL,NULL,NULL,NULL,NULL,NULL,NULL,NULL,NULL,NULL,NULL,NULL,NULL
"523907","c87251661af23a57cae6a2e22434cb06efeb7fa45e6fbeaa8ed6c43387aaba14a9472083b4c214a62a77e3a9d844ddf5f6d640720651e8d7a8cc156170b78de1","JB519349","11/17/2018 08:00:00 AM","2","PARKED",NULL,"500398.0",NULL,"TOYOTA MOTOR COMPANY, LTD.","YARIS","IL","2008.0","NONE","PASSENGER","NOT IN USE","N","PARKED","Y",NULL,"0.0",NULL,NULL,NULL,NULL,NULL,NULL,NULL,NULL,NULL,NULL,NULL,"Y",NULL,NULL,NULL,NULL,NULL,"FRONT-LEFT",NULL,NULL,NULL,NULL,NULL,NULL,NULL,NULL,NULL,NULL,NULL,NULL,NULL,NULL,NULL,NULL,NULL,NULL,NULL,NULL,NULL,NULL,NULL,NULL,NULL,NULL,NULL,NULL,NULL,NULL,NULL,NULL,NULL
"524053","c6736db59458c701ec8a5d33b8b09467fdabaaa6e8db1f2f73a46a7102507a68e38dd3ed2ddef5780784661c7957cd150aefdcebd71751a52d8cd1a4a1501474","JB519571","11/17/2018 01:19:00 PM","2","DRIVER",NULL,"500544.0",NULL,"CHEVROLET","CRUZE","IL","2017.0","NONE","PASSENGER","PERSONAL","N","STRAIGHT AHEAD",NULL,NULL,"1.0",NULL,NULL,NULL,NULL,NULL,NULL,NULL,NULL,"Y",NULL,NULL,NULL,NULL,NULL,NULL,NULL,NULL,"REAR",NULL,NULL,NULL,NULL,NULL,NULL,NULL,NULL,NULL,NULL,NULL,NULL,NULL,NULL,NULL,NULL,NULL,NULL,NULL,NULL,NULL,NULL,NULL,NULL,NULL,NULL,NULL,NULL,NULL,NULL,NULL,NULL,NULL
"524299","7f667c582cbccb6ad9e52c890e98a5681942e980dcae3227927fdb6104cc59797f92e1dbe55b1def3d1aa560c8859f9009e8321706e2189ee93953660f5f5a02","JB519893","11/17/2018 06:03:00 PM","2","DRIVER",NULL,"500772.0",NULL,"TOYOTA MOTOR COMPANY, LTD.","Prius","IL","2013.0","NONE","PASSENGER","TAXI/FOR HIRE","E","PASSING/OVERTAKING",NULL,NULL,"1.0",NULL,NULL,NULL,NULL,NULL,NULL,NULL,"Y",NULL,NULL,NULL,NULL,NULL,NULL,NULL,NULL,NULL,"REAR-RIGHT",NULL,NULL,NULL,NULL,NULL,NULL,NULL,NULL,NULL,NULL,NULL,NULL,NULL,NULL,NULL,NULL,NULL,NULL,NULL,NULL,NULL,NULL,NULL,NULL,NULL,NULL,NULL,NULL,NULL,NULL,NULL,NULL,NULL
"524827","22776f0260f63731323d2a9ae2e4e41743992a9efe24f800ab3a7fd2480c0bc7e557b9e537375526efeed5602046c4824a845ee5f6b3870a8bfe2d7c2cabdc4d","JB520730","11/16/2018 03:55:00 PM","2","DRIVER","1.0","501286.0",NULL,"FORD","ESCAPE (SUV)","IL","2015.0","NONE","SPORT UTILITY VEHICLE (SUV)","PERSONAL","S","SLOW/STOP IN TRAFFIC",NULL,NULL,"2.0",NULL,NULL,NULL,NULL,NULL,NULL,NULL,"Y","Y","Y",NULL,NULL,NULL,NULL,NULL,NULL,NULL,"REAR",NULL,NULL,NULL,NULL,NULL,NULL,NULL,NULL,NULL,NULL,NULL,NULL,NULL,NULL,NULL,NULL,NULL,NULL,NULL,NULL,NULL,NULL,NULL,NULL,NULL,NULL,NULL,NULL,NULL,NULL,NULL,NULL,NULL
"525085","197f1ff17374701fcb6fde7fe6ae88c1965b29bc803916e5e7c465b0202e32b539fe73b2ee44991f97e09086fbdef195294f12d8597cb0866202ca096d763660","JB521234","11/19/2018 12:40:00 AM","2","DRIVER",NULL,"501522.0",NULL,"BMW","535 SERIES","IL","2014.0","NONE","PASSENGER","PERSONAL","W","STRAIGHT AHEAD",NULL,NULL,"1.0",NULL,NULL,NULL,NULL,NULL,NULL,NULL,NULL,NULL,NULL,"Y","Y",NULL,NULL,NULL,NULL,NULL,"SIDE-LEFT",NULL,NULL,NULL,NULL,NULL,NULL,NULL,NULL,NULL,NULL,NULL,NULL,NULL,NULL,NULL,NULL,NULL,NULL,NULL,NULL,NULL,NULL,NULL,NULL,NULL,NULL,NULL,NULL,NULL,NULL,NULL,NULL,NULL
"525202","bb07a2e2f5915b699e1d79978c2797252cc231116508dc051b38ea185f70d7baf60e68a1efc80993ec166494709bcd3666158a6f9ba6e8dcc29c9a4f64a055b1","JB521420","11/19/2018 08:55:00 AM","1","DRIVER",NULL,"501638.0",NULL,"CHEVROLET","UNKNOWN","IL","2017.0","NONE","VAN/MINI-VAN","CONSTRUCTION/MAINTENANCE","W","TURNING RIGHT",NULL,NULL,"1.0",NULL,NULL,NULL,NULL,NULL,NULL,NULL,NULL,NULL,NULL,"Y",NULL,NULL,NULL,NULL,NULL,NULL,"SIDE-LEFT",NULL,NULL,NULL,NULL,NULL,NULL,NULL,NULL,NULL,NULL,NULL,NULL,NULL,NULL,NULL,NULL,NULL,NULL,NULL,NULL,NULL,NULL,NULL,NULL,NULL,NULL,NULL,NULL,NULL,NULL,NULL,NULL,NULL