"CRASH_UNIT_ID","CRASH_RECORD_ID","RD_NO","CRASH_DATE","UNIT_NO","UNIT_TYPE","NUM_PASSENGERS","VEHICLE_ID","CMRC_VEH_I","MAKE","MODEL","LIC_PLATE_STATE","VEHICLE_YEAR","VEHICLE_DEFECT","VEHICLE_TYPE","VEHICLE_USE","TRAVEL_DIRECTION","MANEUVER","TOWED_I","FIRE_I","OCCUPANT_CNT","EXCEED_SPEED_LIMIT_I","TOWED_BY","TOWED_TO","AREA_00_I","AREA_01_I","AREA_02_I","AREA_03_I","AREA_04_I","AREA_05_I","AREA_06_I","AREA_07_I","AREA_08_I","AREA_09_I","AREA_10_I","AREA_11_I","AREA_12_I","AREA_99_I","FIRST_CONTACT_POINT","CMV_ID","USDOT_NO","CCMC_NO","ILCC_NO","COMMERCIAL_SRC","GVWR","CARRIER_NAME","CARRIER_STATE","CARRIER_CITY","HAZMAT_PLACARDS_I","HAZMAT_NAME","UN_NO","HAZMAT_PRESENT_I","HAZMAT_REPORT_I","HAZMAT_REPORT_NO","MCS_REPORT_I","MCS_REPORT_NO","HAZMAT_VIO_CAUSE_CRASH_I","MCS_VIO_CAUSE_CRASH_I","IDOT_PERMIT_NO","WIDE_LOAD_I","TRAILER1_WIDTH","TRAILER2_WIDTH","TRAILER1_LENGTH","TRAILER2_LENGTH","TOTAL_VEHICLE_LENGTH","AXLE_CNT","VEHICLE_CONFIG","CARGO_BODY_TYPE","LOAD_TYPE","HAZMAT_OUT_OF_SERVICE_I","MCS_OUT_OF_SERVICE_I","HAZMAT_CLASS"
"525299","11eda741fc6abe2fae496524f683d3809460646e1b15961c8839462ab8a624c5acb33c8388990dee93e5402ed0eba7de3d109fa67781ce64c6efb82a3f11b128","JB521636","11/17/2018 10:15:00 PM","1","DRIVER",NULL,"501724.0",NULL,"KIA MOTORS CORP","SOUL","IL","2017.0","NONE","SPORT UTILITY VEHICLE (SUV)","RIDESHARE SERVICE","S","STRAIGHT AHEAD",NULL,NULL,"1.0",NULL,NULL,NULL,NULL,NULL,NULL,NULL,NULL,NULL,NULL,NULL,NULL,NULL,NULL,NULL,NULL,"Y","FRONT",NULL,NULL,NULL,NULL,NULL,NULL,NULL,NULL,NULL,NULL,NULL,NULL,NULL,NULL,NULL,NULL,NULL,NULL,NULL,NULL,NULL,NULL,NULL,NULL,NULL,NULL,NULL,NULL,NULL,NULL,NULL,NULL,NULL
"525835","c6767d34bb3d584a8a1c37885ce81ba46b1b92456c7606cfc2745f1fcb8238b07203406557d97e8b1dd881262f67d0d20d5a098e5067e543f56f40619adf06ac","JB522580","11/20/2018 08:05:00 AM","2","DRIVER","1.0","502225.0",NULL,"NISSAN","Murano","IL","2015.0","NONE","SPORT UTILITY VEHICLE (SUV)","PERSONAL","N","SLOW/STOP IN TRAFFIC",NULL,NULL,"2.0",NULL,NULL,NULL,NULL,NULL,"Y",NULL,NULL,NULL,NULL,NULL,NULL,NULL,NULL,NULL,NULL,NULL,"FRONT-RIGHT",NULL,NULL,NULL,NULL,NULL,NULL,NULL,NULL,NULL,NULL,NULL,NULL,NULL,NULL,NULL,NULL,NULL,NULL,NULL,NULL,NULL,NULL,NULL,NULL,NULL,NULL,NULL,NULL,NULL,NULL,NULL,NULL,NULL
"525893","0c35a9d59928f1ce8e71934e31fbc9cff2e18457388863a31967b1feb0b78f268190b671f70f375668990cf0a7ba011bd6f7fa154ee5f8f50a9b07fe1eaf0785","JB522686","11/20/2018 09:50:00 AM","1","DRIVER",NULL,"502272.0",NULL,"NISSAN","UNKNOWN","IL","2015.0","NONE","VAN/MINI-VAN","OTHER","W","STRAIGHT AHEAD",NULL,NULL,"1.0",NULL,NULL,NULL,NULL,NULL,"Y",NULL,NULL,NULL,NULL,NULL,NULL,NULL,NULL,NULL,NULL,NULL,"FRONT-RIGHT",NULL,NULL,NULL,NULL,NULL,NULL,NULL,NULL,NULL,NULL,NULL,NULL,NULL,NULL,NULL,NULL,NULL,NULL,NULL,NULL,NULL,NULL,NULL,NULL,NULL,NULL,NULL,NULL,NULL,NULL,NULL,NULL,NULL
"526589","e5dfaef343eae01b451174bf68fb2c043939862939da2ae90b9fd195920e48dba7370499a9442403bf61e7d4644004af315e161e9b73f7cd7da7c927af74cf4e","JB522934","11/20/2018 01:00:00 PM","2","DRIVER","2.0","502944.0",NULL,"MERCURY","Mountaineer (sport utility)","IL","2010.0","NONE","SPORT UTILITY VEHICLE (SUV)","PERSONAL","N","SLOW/STOP IN TRAFFIC","Y",NULL,"3.0",NULL,NULL,NULL,NULL,"Y",NULL,NULL,NULL,NULL,"Y","Y","Y",NULL,NULL,NULL,NULL,NULL,"REAR-LEFT",NULL,NULL,NULL,NULL,NULL,NULL,NULL,NULL,NULL,NULL,NULL,NULL,NULL,NULL,NULL,NULL,NULL,NULL,NULL,NULL,NULL,NULL,NULL,NULL,NULL,NULL,NULL,NULL,NULL,NULL,NULL,NULL,NULL
"526839","61995a707cde899f58fff35be4d1b4fb98bc1105c7e2176127be3045c4d5b2ff40a8047483dffc2c6d594b1980ed4ed4eb793d8deeb8cd484380e87271c0e320","JB524419","11/21/2018 02:30:00 PM","1","DRIVER",NULL,"503171.0",NULL,"CHEVROLET","EQUINOX","IL","2015.0","NONE","SPORT UTILITY VEHICLE (SUV)","PERSONAL","N","CHANGING LANES",NULL,NULL,"1.0",NULL,NULL,NULL,NULL,NULL,"Y","Y",NULL,NULL,NULL,NULL,NULL,NULL,NULL,NULL,NULL,NULL,"FRONT-RIGHT",NULL,NULL,NULL,NULL,NULL,NULL,NULL,NULL,NULL,NULL,NULL,NULL,NULL,NULL,NULL,NULL,NULL,NULL,NULL,NULL,NULL,NULL,NULL,NULL,NULL,NULL,NULL,NULL,NULL,NULL,NULL,NULL,NULL
"527100","e9ae12803ff7bee1d85c8a9058619bb209fa2e1ebbbde049dbfd1df9c6be160d58293e4a9192d8c1bbcead1db919f36b49a8e5aca98d9beeabea9eeb5a1aedfd","JB524945","11/22/2018 12:45:00 AM","2","DRIVER",NULL,"503430.0",NULL,"TOYOTA MOTOR COMPANY, LTD.","CAMRY","IL","2012.0","UNKNOWN","PASSENGER","TAXI/FOR HIRE","E","STRAIGHT AHEAD",NULL,NULL,"1.0",NULL,NULL,NULL,NULL,NULL,"Y",NULL,NULL,NULL,NULL,NULL,NULL,NULL,NULL,NULL,NULL,NULL,"FRONT-RIGHT",NULL,NULL,NULL,NULL,NULL,NULL,NULL,NULL,NULL,NULL,NULL,NULL,NULL,NULL,NULL,NULL,NULL,NULL,NULL,NULL,NULL,NULL,NULL,NULL,NULL,NULL,NULL,NULL,NULL,NULL,NULL,NULL,NULL
"527222","586a2280e3ea0b44130d6db42d582a70877651b2806a13609f19be55758eb59238fa8baedfb832b2b73a5d71bce1237cd926b0eec728937a7856e99eb3e650e8","JB525123","11/22/2018 08:00:00 AM","1","DRIVER",NULL,"503543.0",NULL,"CHRYSLER","TOWN & COUNTRY","IL","2008.0","NONE","PASSENGER","PERSONAL","S","STRAIGHT AHEAD",NULL,NULL,"1.0",NULL,NULL,NULL,NULL,NULL,"Y","Y",NULL,NULL,NULL,NULL,NULL,NULL,NULL,NULL,NULL,NULL,"FRONT-RIGHT",NULL,NULL,NULL,NULL,NULL,NULL,NULL,NULL,NULL,NULL,NULL,NULL,NULL,NULL,NULL,NULL,NULL,NULL,NULL,NULL,NULL,NULL,NULL,NULL,NULL,NULL,NULL,NULL,NULL,NULL,NULL,NULL,NULL
"527475","1753adafe1ddf0821c77338f6e4a3578e80850c9e98782a1d1a32964796299ae2b61b59dd35ad4efc1b3cfb92fc8f45447a75d4626dc259acc34266bc4054ab1","JB525600","11/22/2018 08:26:00 PM","2","DRIVER","2.0","503778.0",NULL,"HONDA","CRV","IL","2010.0","NONE","PASSENGER","PERSONAL","S","STRAIGHT AHEAD","Y",NULL,"3.0",NULL,NULL,NULL,NULL,"Y",NULL,NULL,NULL,NULL,NULL,NULL,NULL,NULL,NULL,NULL,NULL,NULL,"FRONT",NULL,NULL,NULL,NULL,NULL,NULL,NULL,NULL,NULL,NULL,NULL,NULL,NULL,NULL,NULL,NULL,NULL,NULL,NULL,NULL,NULL,NULL,NULL,NULL,NULL,NULL,NULL,NULL,NULL,NULL,NULL,NULL,NULL
"528017","78bfee6da07faedd3aa5af4b3eadf08c1aab221c61b090cbe197bfd7bf5037d2876ecf25314af67c5f93534a60da571c39a153d17b8c5d3152bdd844907f9283","JB526786","11/23/2018 09:00:00 PM","2","PARKED",NULL,"504259.0",NULL,"CHEVROLET","IMPALA","IL","2014.0","UNKNOWN","PASSENGER","PERSONAL","E","PARKED",NULL,NULL,"0.0",NULL,NULL,NULL,NULL,"Y",NULL,NULL,NULL,"Y",NULL,NULL,NULL,NULL,NULL,NULL,NULL,NULL,"REAR",NULL,NULL,NULL,NULL,NULL,NULL,NULL,NULL,NULL,NULL,NULL,NULL,NULL,NULL,NULL,NULL,NULL,NULL,NULL,NULL,NULL,NULL,NULL,NULL,NULL,NULL,NULL,NULL,NULL,NULL,NULL,NULL,NULL
"528410","8ef0c97b70ec8cd322fb7e751f3741f5156b4c01dd677fae2a7c5840679f8c5e795d5c255aa430723b74f719f7cf3c7de220920b647a786fb6bb72bf549595c8","JB527496","11/24/2018 03:42:00 PM","1","DRIVER",NULL,"504644.0",NULL,"TOYOTA MOTOR COMPANY, LTD.","COROLLA","IL","2015.0","NONE","PASSENGER","PERSONAL","S","PASSING/OVERTAKING",NULL,NULL,"1.0",NULL,NULL,NULL,NULL,NULL,"Y",NULL,NULL,NULL,NULL,NULL,NULL,NULL,NULL,NULL,NULL,NULL,"FRONT-RIGHT",NULL,NULL,NULL,NULL,NULL,NULL,NULL,NULL,NULL,NULL,NULL,NULL,NULL,NULL,NULL,NULL,NULL,NULL,NULL,NULL,NULL,NULL,NULL,NULL,NULL,NULL,NULL,NULL,NULL,NULL,NULL,NULL,NULL
"529222","827009a13bbe4cf6633fd35e1b4c65feb0d43d048e62cb79785c57002266511c4793d1fce9bfc08336d698b8f4658d4bbf1dc71ccbeaa6a9738df8acb4c4bfca","JB529141","11/26/2018 07:30:00 AM","1","DRIVER",NULL,"505391.0",NULL,"GENERAL MOTORS CORP.","ACADIA","IL","2014.0","NONE","SPORT UTILITY VEHICLE (SUV)","PERSONAL","W","BACKING",NULL,NULL,"1.0",NULL,NULL,NULL,NULL,NULL,NULL,NULL,NULL,NULL,NULL,NULL,NULL,NULL,NULL,NULL,NULL,"Y","UNKNOWN",NULL,NULL,NULL,NULL,NULL,NULL,NULL,NULL,NULL,NULL,NULL,NULL,NULL,NULL,NULL,NULL,NULL,NULL,NULL,NULL,NULL,NULL,NULL,NULL,NULL,NULL,NULL,NULL,NULL,NULL,NULL,NULL,NULL
"530131","be159e9d230cdb11a90efc1194b86a89d85f3b2b38c8491b1b56c82a284aea33d29cd0c9c42728f091af8530b95339aa96ae7da41f48f493c00a00008ce8cdd6","JB530379","11/27/2018 04:00:00 AM","2","PARKED",NULL,"506214.0",NULL,"CHEVROLET","UNKNOWN","IL","2015.0","NONE","SPORT UTILITY VEHICLE (SUV)","PERSONAL","S","PARKED",NULL,NULL,"0.0",NULL,NULL,NULL,NULL,"Y",NULL,NULL,NULL,NULL,NULL,NULL,"Y",NULL,NULL,NULL,NULL,NULL,"SIDE-LEFT",NULL,NULL,NULL,NULL,NULL,NULL,NULL,NULL,NULL,NULL,NULL,NULL,NULL,NULL,NULL,NULL,NULL,NULL,NULL,NULL,NULL,NULL,NULL,NULL,NULL,NULL,NULL,NULL,NULL,NULL,NULL,NULL,NULL
"530244","0aa1abe433d27384781812c2c8b09aa84612d7de383a7bbfa60c596990f80d7969e808cd738791fb5661cf98104fe9ddae80837cc0fb48ce2456204fcd395ef8","JB530576","11/27/2018 11:15:00 AM","1","DRIVER",NULL,"506320.0",NULL,"CHEVROLET","Colorado","IL","2015.0","NONE","PICKUP","PERSONAL","S","STRAIGHT AHEAD",NULL,NULL,"1.0",NULL,NULL,NULL,NULL,"Y",NULL,NULL,NULL,NULL,NULL,NULL,NULL,NULL,NULL,NULL,NULL,NULL,"FRONT",NULL,NULL,NULL,NULL,NULL,NULL,NULL,NULL,NULL,NULL,NULL,NULL,NULL,NULL,NULL,NULL,NULL,NULL,NULL,NULL,NULL,NULL,NULL,NULL,NULL,NULL,NULL,NULL,NULL,NULL,NULL,NULL,NULL
"530390","1fab5420070adc5402928d15f4aef86baca01eba26cf1d3b2a662efdfb228a1c441d4aa9e268a2879ba3b94e41e580a593568f65ff0c3ee543158ccec58dd7ea","JB530819","11/27/2018 02:05:00 PM","2","DRIVER",NULL,"506466.0",NULL,"TOYOTA MOTOR COMPANY, LTD.","COROLLA","IL","2015.0","UNKNOWN","PASSENGER","PERSONAL","E","STARTING IN TRAFFIC","Y",NULL,"1.0",NULL,"private","na",NULL,NULL,NULL,NULL,NULL,NULL,NULL,NULL,"Y",NULL,NULL,NULL,NULL,NULL,"FRONT-LEFT",NULL,NULL,NULL,NULL,NULL,NULL,NULL,NULL,NULL,NULL,NULL,NULL,NULL,NULL,NULL,NULL,NULL,NULL,NULL,NULL,NULL,NULL,NULL,NULL,NULL,NULL,NULL,NULL,NULL,NULL,NULL,NULL,NULL
"530597","b674dadca30ddce6069e12ef349650026e6112513c839b3c367061bcd673ad6f327bd81e38e65f0ff410735d86d7e14f18b73b1be479ea11396b929e722ed531","JB531133","11/27/2018 04:25:00 PM","2","DRIVER",NULL,"506662.0",NULL,"DODGE","RAM 1500 VAN","IL","2015.0","NONE","VAN/MINI-VAN","OTHER","W","STRAIGHT AHEAD",NULL,NULL,"1.0",NULL,NULL,NULL,NULL,NULL,NULL,NULL,NULL,NULL,"Y","Y","Y",NULL,NULL,NULL,NULL,NULL,"SIDE-LEFT",NULL,NULL,NULL,NULL,NULL,NULL,NULL,NULL,NULL,NULL,NULL,NULL,NULL,NULL,NULL,NULL,NULL,NULL,NULL,NULL,NULL,NULL,NULL,NULL,NULL,NULL,NULL,NULL,NULL,NULL,NULL,NULL,NULL
"531019","f117a8bb348b706da53fc3397664a53e20d8cd755a9ac3fdd5249960b64eccb40c77d28a9926536cfe757873e44e170fb561b586a3ae6ea4cc7e10a4eda66f8e","JB531878","11/28/2018 11:10:00 AM","1","DRIVER",NULL,"507078.0",NULL,"CHEVROLET","MALIBU (CHEVELLE)","IL","2016.0","NONE","PASSENGER","PERSONAL","E","STRAIGHT AHEAD",NULL,NULL,"1.0",NULL,NULL,NULL,NULL,NULL,"Y","Y",NULL,NULL,NULL,NULL,NULL,NULL,NULL,NULL,NULL,NULL,"FRONT-RIGHT",NULL,NULL,NULL,NULL,NULL,NULL,NULL,NULL,NULL,NULL,NULL,NULL,NULL,NULL,NULL,NULL,NULL,NULL,NULL,NULL,NULL,NULL,NULL,NULL,NULL,NULL,NULL,NULL,NULL,NULL,NULL,NULL,NULL
"531110","99725cdfcd6658f328b668edd7cba5d9ada32450397ac7a63ed78dc25a73c75fd2ca5a1542faf6bf9c89bd7ec3e3df2c4dcb93e2a87c2dbbd09726d78182b851","JB532071","11/27/2018 09:00:00 PM","2","PARKED",NULL,"507161.0",NULL,"BUICK","UNKNOWN","IL","2015.0","NONE","PASSENGER","PERSONAL","S","PARKED",NULL,NULL,"0.0",NULL,NULL,NULL,NULL,NULL,NULL,NULL,NULL,NULL,NULL,"Y",NULL,NULL,NULL,NULL,NULL,NULL,"SIDE-LEFT",NULL,NULL,NULL,NULL,NULL,NULL,NULL,NULL,NULL,NULL,NULL,NULL,NULL,NULL,NULL,NULL,NULL,NULL,NULL,NULL,NULL,NULL,NULL,NULL,NULL,NULL,NULL,NULL,NULL,NULL,NULL,NULL,NULL
"531372","a3e7bbbd322a5e5af577820606cf1b4a385b661468e8731df2ea56f6a83badc015bfacedadd1f180855e668257d923083e8eb14ae553e6b3a70458635b758570","JB532464","11/25/2018 08:00:00 PM","1","DRIVER",NULL,"507415.0",NULL,"BUICK","UNKNOWN","IL","2014.0","UNKNOWN","PASSENGER","PERSONAL","E","STRAIGHT AHEAD",NULL,NULL,"1.0",NULL,NULL,NULL,NULL,"Y",NULL,NULL,NULL,NULL,NULL,NULL,NULL,NULL,NULL,NULL,NULL,NULL,"FRONT",NULL,NULL,NULL,NULL,NULL,NULL,NULL,NULL,NULL,NULL,NULL,NULL,NULL,NULL,NULL,NULL,NULL,NULL,NULL,NULL,NULL,NULL,NULL,NULL,NULL,NULL,NULL,NULL,NULL,NULL,NULL,NULL,NULL
"531504","d013980561b3086c8143ceeb06d69538be01a8f7a91beb002b0465893197a79b17e04d4db0013dc0ba51b941e4997d3119956de4272a5de6edc4a15e451fb038","JB532787","11/28/2018 11:48:00 PM","1","DRIVER",NULL,"507543.0",NULL,"HONDA","ACCORD","IL","2014.0","NONE","PASSENGER","PERSONAL","S","TURNING LEFT","Y",NULL,"1.0",NULL,"city of chicago","chicago tow",NULL,"Y","Y",NULL,NULL,NULL,NULL,NULL,NULL,NULL,NULL,NULL,NULL,NULL,"FRONT-RIGHT",NULL,NULL,NULL,NULL,NULL,NULL,NULL,NULL,NULL,NULL,NULL,NULL,NULL,NULL,NULL,NULL,NULL,NULL,NULL,NULL,NULL,NULL,NULL,NULL,NULL,NULL,NULL,NULL,NULL,NULL,NULL,NULL,NULL
"531573","1c1e5c6d16a2a46657040d658dce6f64d2f94cf12c8e404e8332e42d26e3c6d60d97084e23fbf4ffa71ab1c93ae771bd3f6af2d1e96500565cb8ffcba85af4a7","JB532913","11/29/2018 07:01:00 AM","1","DRIVER",NULL,"507655.0",NULL,"TOYOTA MOTOR COMPANY, LTD.","CAMRY","IL","2016.0","UNKNOWN","PASSENGER","PERSONAL","N","CHANGING LANES",NULL,NULL,"1.0",NULL,NULL,NULL,NULL,NULL,NULL,NULL,NULL,NULL,NULL,NULL,"Y",NULL,NULL,NULL,NULL,NULL,"FRONT-LEFT",NULL,NULL,NULL,NULL,NULL,NULL,NULL,NULL,NULL,NULL,NULL,NULL,NULL,NULL,NULL,NULL,NULL,NULL,NULL,NULL,NULL,NULL,NULL,NULL,NULL,NULL,NULL,NULL,NULL,NULL,NULL,NULL,NULL
"531741","ac66a06f22a8fae7623d72010be9d671bbf865b9356b1423e1a43a642028df264177761d30d1efba83eeb7326ca669bb62f241ed75a3d43e783e8c26ef97bfce","JB533251","11/29/2018 11:30:00 AM","2","DRIVER",NULL,"507776.0",NULL,"CHRYSLER","300","IL","2010.0","NONE","PASSENGER","PERSONAL","UNKNOWN","STRAIGHT AHEAD",NULL,NULL,"1.0",NULL,NULL,NULL,NULL,NULL,NULL,NULL,NULL,NULL,NULL,NULL,"Y",NULL,NULL,NULL,NULL,NULL,"FRONT-LEFT",NULL,NULL,NULL,NULL,NULL,NULL,NULL,NULL,NULL,NULL,NULL,NULL,NULL,NULL,NULL,NULL,NULL,NULL,NULL,NULL,NULL,NULL,NULL,NULL,NULL,NULL,NULL,NULL,NULL,NULL,NULL,NULL,NULL
"531833","26937bb650c6956fd99961a6a084ed070c19945244d253f7655dc880fd2c951d4df2e412bdb76b53a9d6c37cc82472d4b10c9c2c9699f8bd156e7f20d02abf4b","JB533435","11/29/2018 12:20:00 PM","1","DRIVER",NULL,"507843.0",NULL,"FORD","F-150XLT(has 3RD door on passenger side)","IL","2018.0","UNKNOWN","PICKUP","PERSONAL","N","BACKING",NULL,NULL,"1.0",NULL,NULL,NULL,NULL,NULL,NULL,NULL,NULL,"N","Y",NULL,NULL,NULL,NULL,NULL,NULL,NULL,"REAR-LEFT",NULL,NULL,NULL,NULL,NULL,NULL,NULL,NULL,NULL,NULL,NULL,NULL,NULL,NULL,NULL,NULL,NULL,NULL,NULL,NULL,NULL,NULL,NULL,NULL,NULL,NULL,NULL,NULL,NULL,NULL,NULL,NULL,NULL
"532019","abd6923a68e5c299ef3623aa5ab8e4741a324e12f361c887f1883f3af0c997995a2bbbeef6bfa56aef2dea039fd3f298a5431cc41067ffefac72497be4b2dc69","JB533767","11/29/2018 02:00:00 AM","2","DRIVER",NULL,"508017.0",NULL,"INFINITI","QX56","IL","2015.0","NONE","PASSENGER","PERSONAL","S","STRAIGHT AHEAD",NULL,NULL,"1.0",NULL,NULL,NULL,NULL,NULL,NULL,NULL,NULL,NULL,NULL,"Y","Y",NULL,NULL,NULL,NULL,NULL,"SIDE-LEFT",NULL,NULL,NULL,NULL,NULL,NULL,NULL,NULL,NULL,NULL,NULL,NULL,NULL,NULL,NULL,NULL,NULL,NULL,NULL,NULL,NULL,NULL,NULL,NULL,NULL,NULL,NULL,NULL,NULL,NULL,NULL,NULL,NULL
"532294","b4818f17044fb58a20b2ae0c999b8e2476268fe4e44619a968e5b22500086e6e18ad7af5dc8c72ed4e5f89b00cc183a0fc07baaec6d4631bf2e0a8349a2e9496","JB534324","11/30/2018 09:10:00 AM","2","DRIVER",NULL,"508289.0",NULL,"DODGE","DART","IL","2016.0","NONE","PASSENGER","PERSONAL","N","SLOW/STOP IN TRAFFIC",NULL,NULL,"1.0",NULL,NULL,NULL,NULL,NULL,NULL,NULL,NULL,"Y",NULL,NULL,NULL,NULL,NULL,NULL,NULL,NULL,"REAR",NULL,NULL,NULL,NULL,NULL,NULL,NULL,NULL,NULL,NULL,NULL,NULL,NULL,NULL,NULL,NULL,NULL,NULL,NULL,NULL,NULL,NULL,NULL,NULL,NULL,NULL,NULL,NULL,NULL,NULL,NULL,NULL,NULL
"532365","801898faf4477dc24ce40cf920613a01aa86ba8f378cf68d3bc6dad49e2b292934586ed043aedeec8f8df9ed6a8f82a88ec5b2c90af4d6d0959bf4991cf20b02","JB534446","11/30/2018 10:15:00 AM","1","DRIVER",NULL,"508349.0",NULL,"NISSAN","Frontier","IL","2013.0","NONE","PICKUP","PERSONAL","N","BACKING",NULL,NULL,"1.0",NULL,NULL,NULL,NULL,NULL,NULL,NULL,NULL,"Y",NULL,NULL,NULL,NULL,NULL,NULL,NULL,NULL,"REAR",NULL,NULL,NULL,NULL,NULL,NULL,NULL,NULL,NULL,NULL,NULL,NULL,NULL,NULL,NULL,NULL,NULL,NULL,NULL,NULL,NULL,NULL,NULL,NULL,NULL,NULL,NULL,NULL,NULL,NULL,NULL,NULL,NULL
"532513","ae6655282a3101b18e8b7eba004e713da0740353e157f40ae316098a20106dbc3d3f668dbe0f81c5e92e1c16ebafcfd46a17c7a0181ae573dd4167ba971e1287","JB534665","11/30/2018 12:00:00 PM","2","PARKED",NULL,"508485.0",NULL,"CHEVROLET","EQUINOX",NULL,"2010.0","UNKNOWN","UNKNOWN/NA","UNKNOWN/NA","S","PARKED",NULL,NULL,"0.0",NULL,NULL,NULL,NULL,NULL,NULL,NULL,NULL,NULL,"Y",NULL,NULL,NULL,NULL,NULL,NULL,NULL,"REAR-LEFT",NULL,NULL,NULL,NULL,NULL,NULL,NULL,NULL,NULL,NULL,NULL,NULL,NULL,NULL,NULL,NULL,NULL,NULL,NULL,NULL,NULL,NULL,NULL,NULL,NULL,NULL,NULL,NULL,NULL,NULL,NULL,NULL,NULL
"532517","380cb39e0a9c82a842fe1739286d1a6bc2f19bf987638141e48f26a55ce0e03ae5dc67490b4ff9422e5d8cf6cfcb74df2f23c7c548f9f6c7c9d153bd488cda28","JB534607","11/30/2018 01:00:00 PM","2","DRIVER",NULL,"508495.0",NULL,"DODGE","JOURNEY","IL","2012.0","NONE","PASSENGER","PERSONAL","N","STRAIGHT AHEAD",NULL,NULL,"1.0",NULL,NULL,NULL,NULL,NULL,NULL,NULL,NULL,NULL,NULL,"Y",NULL,NULL,NULL,NULL,NULL,NULL,"SIDE-LEFT",NULL,NULL,NULL,NULL,NULL,NULL,NULL,NULL,NULL,NULL,NULL,NULL,NULL,NULL,NULL,NULL,NULL,NULL,NULL,NULL,NULL,NULL,NULL,NULL,NULL,NULL,NULL,NULL,NULL,NULL,NULL,NULL,NULL
"532700","5d6291367c542d0e598843f71d76153d64f156cedb55c543c8438266058e071c229358c8998c80e69080da4c7abf48773b9ffb583b9e77da6e5f92348ff80c70","JB534929","11/30/2018 04:08:00 PM","2","DRIVER",NULL,"508668.0",NULL,"LEXUS","RX350","IL","2014.0","NONE","SPORT UTILITY VEHICLE (SUV)","PERSONAL","N","STRAIGHT AHEAD","Y",NULL,"1.0",NULL,"PERSONAL",NULL,NULL,NULL,NULL,NULL,NULL,NULL,"Y",NULL,NULL,NULL,NULL,NULL,NULL,NULL,"REAR-LEFT",NULL,NULL,NULL,NULL,NULL,NULL,NULL,NULL,NULL,NULL,NULL,NULL,NULL,NULL,NULL,NULL,NULL,NULL,NULL,NULL,NULL,NULL,NULL,NULL,NULL,NULL,NULL,NULL,NULL,NULL,NULL,NULL,NULL
"532861","028ba87cc6f9c2028044b672a85d1e1203c1377f3cad77344a282720e9c26d977c5ef0cba66285ec203a566d435026c91991d25cadb88adc06fde0d598e18314","JB535187","11/30/2018 06:35:00 PM","1","DRIVER",NULL,"508817.0",NULL,"FORD","UNKNOWN","IL","2014.0","NONE","BUS OVER 15 PASS.","OTHER TRANSIT","W","SLOW/STOP IN TRAFFIC",NULL,NULL,"1.0",NULL,NULL,NULL,NULL,NULL,"Y",NULL,NULL,NULL,NULL,NULL,NULL,NULL,NULL,NULL,NULL,NULL,"FRONT-RIGHT",NULL,NULL,NULL,NULL,NULL,NULL,NULL,NULL,NULL,NULL,NULL,NULL,NULL,NULL,NULL,NULL,NULL,NULL,NULL,NULL,NULL,NULL,NULL,NULL,NULL,NULL,NULL,NULL,NULL,NULL,NULL,NULL,NULL
"532930","b644f2743ce0e6c29e911169239fefa8729e993ef1da36bb653a7155e4d56bffe764f581dc25110282b77a407c0a64594cbc3fd3df5f0d5f7dfbd16fa6c1e195","JB535265","11/30/2018 06:50:00 PM","2","DRIVER",NULL,"508876.0",NULL,"MAZDA","Mazda 3",NULL,"2013.0","NONE","PASSENGER","PERSONAL","S","SLOW/STOP IN TRAFFIC",NULL,NULL,"1.0",NULL,NULL,NULL,NULL,NULL,NULL,NULL,"Y","Y","Y",NULL,NULL,NULL,NULL,NULL,NULL,NULL,"REAR",NULL,NULL,NULL,NULL,NULL,NULL,NULL,NULL,NULL,NULL,NULL,NULL,NULL,NULL,NULL,NULL,NULL,NULL,NULL,NULL,NULL,NULL,NULL,NULL,NULL,NULL,NULL,NULL,NULL,NULL,NULL,NULL,NULL
"533167","1e5fa2032dcfc177bf7c6b7728032595183e77867158ac79353a9a0f94fbf802cb8ecab860dc40d3a527b1a3f557db6fb8cf7212d144603c76ee0327b85d3366","JB535712","11/27/2018 03:00:00 PM","2","PARKED",NULL,"509105.0",NULL,"CHEVROLET","UNKNOWN","IL","2012.0","NONE","PASSENGER","PERSONAL","E","PARKED",NULL,NULL,"0.0",NULL,NULL,NULL,NULL,NULL,"Y",NULL,NULL,NULL,NULL,NULL,NULL,NULL,NULL,NULL,NULL,NULL,"FRONT-RIGHT",NULL,NULL,NULL,NULL,NULL,NULL,NULL,NULL,NULL,NULL,NULL,NULL,NULL,NULL,NULL,NULL,NULL,NULL,NULL,NULL,NULL,NULL,NULL,NULL,NULL,NULL,NULL,NULL,NULL,NULL,NULL,NULL,NULL
"533428","6968b7f1a644cbed86f17819e810d7f204e0465fb99d267ca9568093c63607e2ead050b4126d700a063163b47dab3cac1bfa039fcac6ad40dd3b87a53dd9f086","JB536178","12/01/2018 03:40:00 PM","1","DRIVER",NULL,"509349.0",NULL,"JEEP","CHEROKEE","IL","2015.0","NONE","PASSENGER","PERSONAL","N","BACKING",NULL,NULL,"1.0",NULL,NULL,NULL,NULL,NULL,NULL,NULL,NULL,"Y",NULL,NULL,NULL,NULL,NULL,NULL,NULL,NULL,"REAR",NULL,NULL,NULL,NULL,NULL,NULL,NULL,NULL,NULL,NULL,NULL,NULL,NULL,NULL,NULL,NULL,NULL,NULL,NULL,NULL,NULL,NULL,NULL,NULL,NULL,NULL,NULL,NULL,NULL,NULL,NULL,NULL,NULL