"CRASH_UNIT_ID","CRASH_RECORD_ID","RD_NO","CRASH_DATE","UNIT_NO","UNIT_TYPE","NUM_PASSENGERS","VEHICLE_ID","CMRC_VEH_I","MAKE","MODEL","LIC_PLATE_STATE","VEHICLE_YEAR","VEHICLE_DEFECT","VEHICLE_TYPE","VEHICLE_USE","TRAVEL_DIRECTION","MANEUVER","TOWED_I","FIRE_I","OCCUPANT_CNT","EXCEED_SPEED_LIMIT_I","TOWED_BY","TOWED_TO","AREA_00_I","AREA_01_I","AREA_02_I","AREA_03_I","AREA_04_I","AREA_05_I","AREA_06_I","AREA_07_I","AREA_08_I","AREA_09_I","AREA_10_I","AREA_11_I","AREA_12_I","AREA_99_I","FIRST_CONTACT_POINT","CMV_ID","USDOT_NO","CCMC_NO","ILCC_NO","COMMERCIAL_SRC","GVWR","CARRIER_NAME","CARRIER_STATE","CARRIER_CITY","HAZMAT_PLACARDS_I","HAZMAT_NAME","UN_NO","HAZMAT_PRESENT_I","HAZMAT_REPORT_I","HAZMAT_REPORT_NO","MCS_REPORT_I","MCS_REPORT_NO","HAZMAT_VIO_CAUSE_CRASH_I","MCS_VIO_CAUSE_CRASH_I","IDOT_PERMIT_NO","WIDE_LOAD_I","TRAILER1_WIDTH","TRAILER2_WIDTH","TRAILER1_LENGTH","TRAILER2_LENGTH","TOTAL_VEHICLE_LENGTH","AXLE_CNT","VEHICLE_CONFIG","CARGO_BODY_TYPE","LOAD_TYPE","HAZMAT_OUT_OF_SERVICE_I","MCS_OUT_OF_SERVICE_I","HAZMAT_CLASS"
"540379","108b81419ad69db385baf8b98ec42b2bd0a35b723cc787eda0e79aa69f08974134944a8e665f4bf542e73b8c7a822ae80be5f13d3bc49871649e39123c96dc5a","JB548630","12/10/2018 04:15:00 PM","2","DRIVER",NULL,"515854.0",NULL,"AMTRAN CORP, GENSIS BUSES","AMTRAN CORP, GENSIS BUSES","IL","2012.0","UNKNOWN","BUS UP TO 15 PASS.","SCHOOL BUS","E","STRAIGHT AHEAD",NULL,NULL,"1.0",NULL,NULL,NULL,NULL,NULL,NULL,NULL,NULL,NULL,NULL,NULL,NULL,NULL,NULL,NULL,NULL,"Y","UNKNOWN",NULL,NULL,NULL,NULL,NULL,NULL,NULL,NULL,NULL,NULL,NULL,NULL,NULL,NULL,NULL,NULL,NULL,NULL,NULL,NULL,NULL,NULL,NULL,NULL,NULL,NULL,NULL,NULL,NULL,NULL,NULL,NULL,NULL
"540748","11fb5938764a61dcc7ff1d7fdcf095f7f8426381691a8f247f7f13dccbe6303b41b34cd9cbbcecc5f08a8c77e0467734d0216b382e48c1b89adc5599a89b5b0d","JB549183","12/11/2018 11:30:00 AM","2","PARKED",NULL,"516192.0",NULL,"DODGE","GRAND CARAVAN","IL","2010.0","UNKNOWN","VAN/MINI-VAN","NOT IN USE","S","PARKED",NULL,NULL,"0.0",NULL,NULL,NULL,NULL,NULL,NULL,NULL,NULL,NULL,NULL,NULL,"Y",NULL,NULL,NULL,NULL,NULL,"FRONT-LEFT",NULL,NULL,NULL,NULL,NULL,NULL,NULL,NULL,NULL,NULL,NULL,NULL,NULL,NULL,NULL,NULL,NULL,NULL,NULL,NULL,NULL,NULL,NULL,NULL,NULL,NULL,NULL,NULL,NULL,NULL,NULL,NULL,NULL
"540888","3a049c1fd4b3aa2fa29b9b0ed8aa50eb8a0a77235935108a62c27d22c617e622aaa60f68db6dab9a32a202d3c2c3bc8c4262a2117cd9abe3ce6585e9fe0865a6","JB549427","12/11/2018 07:15:00 PM","2","DRIVER","2.0","516330.0",NULL,"CHEVROLET","MALIBU (CHEVELLE)","IL","2014.0","NONE","PASSENGER","PERSONAL","W","SLOW/STOP IN TRAFFIC",NULL,NULL,"3.0",NULL,NULL,NULL,NULL,NULL,NULL,NULL,NULL,"Y",NULL,NULL,NULL,NULL,NULL,NULL,NULL,NULL,"REAR",NULL,NULL,NULL,NULL,NULL,NULL,NULL,NULL,NULL,NULL,NULL,NULL,NULL,NULL,NULL,NULL,NULL,NULL,NULL,NULL,NULL,NULL,NULL,NULL,NULL,NULL,NULL,NULL,NULL,NULL,NULL,NULL,NULL
"541309","98f8450273bd675dc20cc17ff6886fb15a4e06cf9648d95b331ee2f32952152e8b79ccfa3bcdd4f1b5fbd7e45b187eb2d1aad4a8402310d6c444a270ba241e50","JB550076","12/12/2018 10:35:00 AM","2","DRIVER",NULL,"516755.0",NULL,"VOLKSWAGEN","PASSAT","IL","2017.0","UNKNOWN","PASSENGER","PERSONAL","S","OTHER",NULL,NULL,"1.0",NULL,NULL,NULL,NULL,NULL,NULL,NULL,NULL,NULL,NULL,NULL,NULL,NULL,NULL,NULL,NULL,"Y","FRONT-LEFT",NULL,NULL,NULL,NULL,NULL,NULL,NULL,NULL,NULL,NULL,NULL,NULL,NULL,NULL,NULL,NULL,NULL,NULL,NULL,NULL,NULL,NULL,NULL,NULL,NULL,NULL,NULL,NULL,NULL,NULL,NULL,NULL,NULL
"541550","41477f1a4a1b8f499734f4215f651b590301eaa81521468f3dcb293cbecf39d6663764a04c74924d648c9daf468073a8057b897913fa6d8d4310a852516825f2","JB550595","12/12/2018 05:20:00 PM","1","DRIVER",NULL,"516931.0",NULL,"GENERAL MOTORS CORP.","Canyon","IL","2011.0","NONE","SPORT UTILITY VEHICLE (SUV)","PERSONAL","E","SLOW/STOP IN TRAFFIC",NULL,NULL,"1.0",NULL,NULL,NULL,NULL,"Y",NULL,NULL,NULL,NULL,NULL,NULL,NULL,NULL,NULL,NULL,NULL,NULL,"FRONT",NULL,NULL,NULL,NULL,NULL,NULL,NULL,NULL,NULL,NULL,NULL,NULL,NULL,NULL,NULL,NULL,NULL,NULL,NULL,NULL,NULL,NULL,NULL,NULL,NULL,NULL,NULL,NULL,NULL,NULL,NULL,NULL,NULL
"541779","b78b1de67023cb0b325cde0877695ffc0d7fe9d835f092315df40a94d4cef230b8912520a1aecdeebd5519be5a06c4c0bf01bbcdf3639b7adc4249c3a6a18ae7","JB551005","12/13/2018 12:32:00 AM","2","DRIVER",NULL,"517140.0",NULL,"HYUNDAI","SONATA","IL","2016.0","NONE","PASSENGER","PERSONAL","N","SLOW/STOP IN TRAFFIC",NULL,NULL,"1.0",NULL,NULL,NULL,NULL,NULL,NULL,NULL,NULL,"Y",NULL,NULL,NULL,NULL,NULL,NULL,NULL,NULL,"REAR",NULL,NULL,NULL,NULL,NULL,NULL,NULL,NULL,NULL,NULL,NULL,NULL,NULL,NULL,NULL,NULL,NULL,NULL,NULL,NULL,NULL,NULL,NULL,NULL,NULL,NULL,NULL,NULL,NULL,NULL,NULL,NULL,NULL
"542009","6b80b541333ff8f6724dac05706c24038401191b3dc73b764d39c407dbb0b48fb4d8654a4f4c49c4e54d2ebc965bd0df1db53fa7adca0485a3b7d4b69bf04da3","JB551340","12/13/2018 08:55:00 AM","1","DRIVER","1.0","517359.0",NULL,"CHEVROLET","CRUZE","IL","2014.0","OTHER","PASSENGER","UNKNOWN/NA","N","STRAIGHT AHEAD",NULL,NULL,"2.0",NULL,NULL,NULL,NULL,"Y",NULL,NULL,NULL,NULL,NULL,NULL,NULL,NULL,NULL,NULL,NULL,NULL,"FRONT",NULL,NULL,NULL,NULL,NULL,NULL,NULL,NULL,NULL,NULL,NULL,NULL,NULL,NULL,NULL,NULL,NULL,NULL,NULL,NULL,NULL,NULL,NULL,NULL,NULL,NULL,NULL,NULL,NULL,NULL,NULL,NULL,NULL
"542112","c3eb85bb9657286588011245034f5b22790a382d385872fd4a3f5211e7ced361ecad54b257e171c76831d0c3025449378a358c6ee82a1251ebbe79e8238e9124","JB551618","12/13/2018 01:10:00 PM","1","DRIVER",NULL,"517469.0",NULL,"FORD","EDGE","IL","2009.0","UNKNOWN","SPORT UTILITY VEHICLE (SUV)","UNKNOWN/NA","E","BACKING",NULL,NULL,"1.0",NULL,NULL,NULL,"Y",NULL,NULL,NULL,NULL,"N",NULL,NULL,NULL,NULL,NULL,NULL,NULL,NULL,"REAR",NULL,NULL,NULL,NULL,NULL,NULL,NULL,NULL,NULL,NULL,NULL,NULL,NULL,NULL,NULL,NULL,NULL,NULL,NULL,NULL,NULL,NULL,NULL,NULL,NULL,NULL,NULL,NULL,NULL,NULL,NULL,NULL,NULL
"542414","462d6df68de80abce4d59e69596de34e0fb8feacceea1103a9c9074229b9c1db2bc9c3ce9a123f9d783c71fe35a50d06cd1a5134f0254b35b4fcec815ef6ce9f","JB552132","12/13/2018 06:45:00 PM","3","DRIVER",NULL,"517751.0",NULL,"FORD","FUSION","IL","2010.0","UNKNOWN","PASSENGER","PERSONAL","W","SLOW/STOP IN TRAFFIC",NULL,NULL,"1.0",NULL,NULL,NULL,NULL,NULL,NULL,NULL,NULL,"Y",NULL,NULL,NULL,NULL,NULL,NULL,NULL,NULL,"REAR",NULL,NULL,NULL,NULL,NULL,NULL,NULL,NULL,NULL,NULL,NULL,NULL,NULL,NULL,NULL,NULL,NULL,NULL,NULL,NULL,NULL,NULL,NULL,NULL,NULL,NULL,NULL,NULL,NULL,NULL,NULL,NULL,NULL
"542465","1cf463c13f4ad6c2ee97d11ede5670946aadad972402ace0bbd58f046eeaf9d5c4e8ffab51f8306a561405410e359ddaea3d6a70902d4f3f09f5cd00c512f729","JB552161","12/13/2018 07:05:00 PM","1","DRIVER",NULL,"517783.0",NULL,"KIA MOTORS CORP","Optima","IL","2013.0","NONE","PASSENGER","PERSONAL","S","TURNING RIGHT",NULL,NULL,"1.0",NULL,NULL,NULL,NULL,NULL,"Y","Y",NULL,NULL,NULL,NULL,NULL,NULL,NULL,NULL,NULL,NULL,"FRONT-RIGHT",NULL,NULL,NULL,NULL,NULL,NULL,NULL,NULL,NULL,NULL,NULL,NULL,NULL,NULL,NULL,NULL,NULL,NULL,NULL,NULL,NULL,NULL,NULL,NULL,NULL,NULL,NULL,NULL,NULL,NULL,NULL,NULL,NULL
"542583","9c2f008242e3d2b1cdafb3c0b3f22cb581b84e7803e2cf085260e1b89c202b45268d1b703f40c7d85043547a6301c2b1ef9e8c1f8d6b6db26885fea9392c529a","JB551077","12/13/2018 05:22:00 AM","1","DRIVER",NULL,"517899.0",NULL,"VOLVO","UNKNOWN","IL","2012.0","NONE","TRUCK - SINGLE UNIT","COMMERCIAL - SINGLE UNIT","S","OTHER",NULL,NULL,"1.0",NULL,NULL,NULL,NULL,NULL,NULL,"Y",NULL,NULL,NULL,NULL,NULL,NULL,NULL,NULL,NULL,NULL,"SIDE-RIGHT",NULL,NULL,NULL,NULL,NULL,NULL,NULL,NULL,NULL,NULL,NULL,NULL,NULL,NULL,NULL,NULL,NULL,NULL,NULL,NULL,NULL,NULL,NULL,NULL,NULL,NULL,NULL,NULL,NULL,NULL,NULL,NULL,NULL
"542613","fd9e32de06b4abf27540b0a41df34eb88fd9e5194255e1a2a1a75c18401d3214f48d953eb552eb8d1c24578d1e7f3bff2d3806b4522158f505760c012da093be","JB552389","12/13/2018 11:00:00 PM","2","DRIVER","1.0","517930.0",NULL,"PONTIAC","G6","IL","2009.0","UNKNOWN","PASSENGER","PERSONAL","E","TURNING LEFT","Y",NULL,"2.0",NULL,"ABELS TOWING PRIVATE TOW","PRIVATE TOW",NULL,"N","Y","Y","Y","Y",NULL,NULL,NULL,NULL,NULL,NULL,NULL,NULL,"SIDE-RIGHT",NULL,NULL,NULL,NULL,NULL,NULL,NULL,NULL,NULL,NULL,NULL,NULL,NULL,NULL,NULL,NULL,NULL,NULL,NULL,NULL,NULL,NULL,NULL,NULL,NULL,NULL,NULL,NULL,NULL,NULL,NULL,NULL,NULL
"542625","0061f6ede87356f8ef4510b032a50a9db6bc876cb7798bf29f6ffe5b898bf8f8db27566f5fcbda3b2090800cae964af04c7de518ea67071cd8f17881072d91c8","JB552424","12/13/2018 06:50:00 AM","2","DRIVER",NULL,"517943.0",NULL,"TOYOTA MOTOR COMPANY, LTD.","Prius","IL","2014.0","UNKNOWN","PASSENGER","UNKNOWN/NA","E","CHANGING LANES",NULL,NULL,"1.0",NULL,NULL,NULL,NULL,NULL,NULL,NULL,"Y","Y",NULL,NULL,NULL,NULL,NULL,NULL,NULL,NULL,"REAR-RIGHT",NULL,NULL,NULL,NULL,NULL,NULL,NULL,NULL,NULL,NULL,NULL,NULL,NULL,NULL,NULL,NULL,NULL,NULL,NULL,NULL,NULL,NULL,NULL,NULL,NULL,NULL,NULL,NULL,NULL,NULL,NULL,NULL,NULL
"542912","9bde26cdb3dca1d03e2ea9f5d1dcb260d7aad36d00cc4db7a66405c89646023db23ee6f0de12cc27b49fb86296ee021db352839919a5cf498d19bb9c98a07e57","JB552844","12/14/2018 08:15:00 AM","1","DRIVER",NULL,"518211.0",NULL,"KIA MOTORS CORP","UNKNOWN","IL","2018.0","UNKNOWN","PASSENGER","PERSONAL","N","STRAIGHT AHEAD",NULL,NULL,"1.0",NULL,NULL,NULL,NULL,NULL,NULL,NULL,NULL,NULL,NULL,NULL,NULL,NULL,NULL,NULL,NULL,"Y","FRONT-LEFT",NULL,NULL,NULL,NULL,NULL,NULL,NULL,NULL,NULL,NULL,NULL,NULL,NULL,NULL,NULL,NULL,NULL,NULL,NULL,NULL,NULL,NULL,NULL,NULL,NULL,NULL,NULL,NULL,NULL,NULL,NULL,NULL,NULL
"543003","9eec4e6ff92e2e14a9db947f8fd151eeb4f8e343440f580045d28db4a59f7c2ad6c030045a91458e384a311df63a8c069498e13bd16da0f3e4f9388df8048210","JB550105","12/12/2018 08:55:00 AM","1","DRIVER",NULL,"518294.0",NULL,"HYUNDAI","ELANTRA","IN","2017.0","NONE","PASSENGER","PERSONAL","N","TURNING LEFT",NULL,NULL,"1.0",NULL,NULL,NULL,NULL,NULL,NULL,NULL,NULL,NULL,NULL,"Y",NULL,NULL,NULL,NULL,NULL,NULL,"SIDE-LEFT",NULL,NULL,NULL,NULL,NULL,NULL,NULL,NULL,NULL,NULL,NULL,NULL,NULL,NULL,NULL,NULL,NULL,NULL,NULL,NULL,NULL,NULL,NULL,NULL,NULL,NULL,NULL,NULL,NULL,NULL,NULL,NULL,NULL
"543264","27b4cb2205603ed870e91b06337c1ca3de93db8a75a2bbad4e801788cf878c4dfccff6ce8bd4ce7e76fdd8261c77d8c5db5ef05a3bc912762b3fdb78328713c3","JB553278","12/14/2018 03:05:00 PM","2","PARKED",NULL,"518573.0",NULL,"TOYOTA MOTOR COMPANY, LTD.","TOYOTA","IL","2012.0","NONE","PASSENGER","NOT IN USE","S","PARKED",NULL,NULL,"0.0",NULL,NULL,NULL,NULL,NULL,NULL,NULL,NULL,NULL,NULL,NULL,"Y",NULL,NULL,NULL,NULL,NULL,"FRONT-LEFT",NULL,NULL,NULL,NULL,NULL,NULL,NULL,NULL,NULL,NULL,NULL,NULL,NULL,NULL,NULL,NULL,NULL,NULL,NULL,NULL,NULL,NULL,NULL,NULL,NULL,NULL,NULL,NULL,NULL,NULL,NULL,NULL,NULL
"543373","fa605a0085c2264e49370238b75f018b004b3d4b909030fca272fc7475e1ba935dd3a158f472928a4227fcd6033b5b56de293abbb057d6847fbfc39be5b28a72","JB553614","12/14/2018 07:40:00 PM","1","DRIVER",NULL,"518649.0",NULL,"TOYOTA MOTOR COMPANY, LTD.","RAV4 (sport utility)","IN","2015.0","NONE","SPORT UTILITY VEHICLE (SUV)","PERSONAL","N","STRAIGHT AHEAD",NULL,NULL,"1.0",NULL,NULL,NULL,NULL,NULL,"Y",NULL,NULL,NULL,NULL,NULL,NULL,NULL,NULL,NULL,NULL,NULL,"FRONT-RIGHT",NULL,NULL,NULL,NULL,NULL,NULL,NULL,NULL,NULL,NULL,NULL,NULL,NULL,NULL,NULL,NULL,NULL,NULL,NULL,NULL,NULL,NULL,NULL,NULL,NULL,NULL,NULL,NULL,NULL,NULL,NULL,NULL,NULL
"543902","743ca82c65e1505a88844b8587f1b5ce19a887792225c4dc469499718f3d8e4e1f385ed94f30fd70982259547d83c0cc6f7b2b097b2884c544a9f289b12c8aa2","JB554619","12/14/2018 08:00:00 AM","1","DRIVER",NULL,"519149.0",NULL,"FORD","FUSION","WI","2017.0","NONE","PASSENGER","PERSONAL","N","BACKING",NULL,NULL,"1.0",NULL,NULL,NULL,NULL,NULL,NULL,NULL,NULL,"Y",NULL,NULL,NULL,NULL,NULL,NULL,NULL,NULL,"REAR",NULL,NULL,NULL,NULL,NULL,NULL,NULL,NULL,NULL,NULL,NULL,NULL,NULL,NULL,NULL,NULL,NULL,NULL,NULL,NULL,NULL,NULL,NULL,NULL,NULL,NULL,NULL,NULL,NULL,NULL,NULL,NULL,NULL
"543928","67bd06362263ff884a91cb7f54c8c977dee57c3426b607b548a8ca614245ddd14452dc35a75557ab71d3bfb75aa721c2d7b0a4a47ce7a9fdcf6cb38e47eae9f6","JB554662","12/15/2018 03:21:00 PM","1","DRIVER",NULL,"519176.0",NULL,"AUDI","UNKNOWN","IL","2009.0","UNKNOWN","PASSENGER","UNKNOWN/NA","N","STRAIGHT AHEAD",NULL,NULL,"1.0",NULL,NULL,NULL,NULL,NULL,"Y",NULL,NULL,NULL,NULL,NULL,NULL,NULL,NULL,NULL,NULL,NULL,"FRONT-RIGHT",NULL,NULL,NULL,NULL,NULL,NULL,NULL,NULL,NULL,NULL,NULL,NULL,NULL,NULL,NULL,NULL,NULL,NULL,NULL,NULL,NULL,NULL,NULL,NULL,NULL,NULL,NULL,NULL,NULL,NULL,NULL,NULL,NULL
"544068","ee39a606521c42580bab4b3dcd99a6b7826a9f9d65002e845469f0a201107bea29934404406671720dc4d2ed049ce4f4a6a4517875841c40b58f877dfcd7d9aa","JB554861","12/15/2018 06:40:00 PM","1","DRIVER",NULL,"519307.0",NULL,"LEXUS","UNKNOWN","IL","2018.0","UNKNOWN","PASSENGER","PERSONAL","E","TURNING RIGHT",NULL,NULL,"1.0",NULL,NULL,NULL,NULL,NULL,NULL,NULL,NULL,NULL,"Y",NULL,NULL,NULL,NULL,NULL,NULL,NULL,"REAR-LEFT",NULL,NULL,NULL,NULL,NULL,NULL,NULL,NULL,NULL,NULL,NULL,NULL,NULL,NULL,NULL,NULL,NULL,NULL,NULL,NULL,NULL,NULL,NULL,NULL,NULL,NULL,NULL,NULL,NULL,NULL,NULL,NULL,NULL
"544319","c339f3cd752b9f655f1e3fb8efc3fc098ef95ef299952a73b6a139969282a9c81ef629209c44b8f807458147c4b95fc6db63bfc2e1e617278bfe9b86d7b0c752","JB555244","12/16/2018 02:20:00 AM","2","DRIVER","1.0","519555.0",NULL,"NISSAN","VERSA","IL","2015.0","NONE","PASSENGER","RIDESHARE SERVICE","W","SLOW/STOP IN TRAFFIC","Y",NULL,"2.0",NULL,"Private Tow","Unknown",NULL,NULL,NULL,NULL,NULL,NULL,"Y","Y","Y",NULL,NULL,NULL,NULL,NULL,"REAR-LEFT",NULL,NULL,NULL,NULL,NULL,NULL,NULL,NULL,NULL,NULL,NULL,NULL,NULL,NULL,NULL,NULL,NULL,NULL,NULL,NULL,NULL,NULL,NULL,NULL,NULL,NULL,NULL,NULL,NULL,NULL,NULL,NULL,NULL
"544865","91ccbc5a937e9874a6b07f5246e50eb9ff771f083ae137a81a9d7381cda98968f59b2af42fdf723294b9d434febd9d41efc6f209ae6fd2e42e248c244705fd88","JB556156","12/16/2018 06:15:00 PM","2","DRIVER",NULL,"520055.0",NULL,"CHEVROLET","EQUINOX","IL","2014.0","UNKNOWN","PASSENGER","PERSONAL","S","STRAIGHT AHEAD",NULL,NULL,"1.0",NULL,NULL,NULL,NULL,NULL,NULL,"Y","Y",NULL,NULL,NULL,NULL,NULL,NULL,NULL,NULL,NULL,"SIDE-RIGHT",NULL,NULL,NULL,NULL,NULL,NULL,NULL,NULL,NULL,NULL,NULL,NULL,NULL,NULL,NULL,NULL,NULL,NULL,NULL,NULL,NULL,NULL,NULL,NULL,NULL,NULL,NULL,NULL,NULL,NULL,NULL,NULL,NULL
"544945","7b02a66d12c77ae490498fea15b8c6c27a460b0ea837176a92d30e56b88830d32bad857dbb21c9c68ad850c14d5382f5eb1d8b3f2f0cfb281c810904f95b66fa","JB556308","12/16/2018 09:15:00 PM","1","DRIVER",NULL,"520124.0",NULL,"HYUNDAI","ELANTRA","IL","2018.0","UNKNOWN","PASSENGER","PERSONAL","E","STARTING IN TRAFFIC",NULL,NULL,"1.0",NULL,NULL,NULL,NULL,NULL,"Y",NULL,NULL,NULL,NULL,NULL,NULL,NULL,NULL,NULL,NULL,NULL,"FRONT-RIGHT",NULL,NULL,NULL,NULL,NULL,NULL,NULL,NULL,NULL,NULL,NULL,NULL,NULL,NULL,NULL,NULL,NULL,NULL,NULL,NULL,NULL,NULL,NULL,NULL,NULL,NULL,NULL,NULL,NULL,NULL,NULL,NULL,NULL
"544995","fdcad8a2413ce43be7c0e9f0f4a3013d8a912c3e225c4e3f376de79534345fc1df305989d8ed4e72d0ebaa72170b48bb65144f9d2dbb56d3eb1a1bce5f5b1145","JB556368","12/16/2018 09:55:00 PM","2","DRIVER",NULL,"520212.0",NULL,"NISSAN","VERSA","IL","2016.0","NONE","PASSENGER","PERSONAL","W","SLOW/STOP IN TRAFFIC",NULL,NULL,"1.0",NULL,NULL,NULL,NULL,NULL,"Y",NULL,NULL,NULL,NULL,NULL,NULL,NULL,NULL,NULL,NULL,NULL,"FRONT-RIGHT",NULL,NULL,NULL,NULL,NULL,NULL,NULL,NULL,NULL,NULL,NULL,NULL,NULL,NULL,NULL,NULL,NULL,NULL,NULL,NULL,NULL,NULL,NULL,NULL,NULL,NULL,NULL,NULL,NULL,NULL,NULL,NULL,NULL
"545263","91c4b692d6ea5fa1b8ba64e121e342d07cb71e25305b433410e2f0eece8a5fd58bc24eacfd5b99d5c8e83d0fdfe145280f00a9910777eea76631899cc83fabfe","JB556859","12/17/2018 08:30:00 AM","2","PARKED",NULL,"520412.0",NULL,"TOYOTA MOTOR COMPANY, LTD.","CAMRY",NULL,"2017.0","NONE","PASSENGER","NOT IN USE","W","PARKED",NULL,NULL,"0.0",NULL,NULL,NULL,NULL,NULL,NULL,NULL,NULL,NULL,NULL,NULL,"Y",NULL,NULL,NULL,NULL,NULL,"SIDE-LEFT",NULL,NULL,NULL,NULL,NULL,NULL,NULL,NULL,NULL,NULL,NULL,NULL,NULL,NULL,NULL,NULL,NULL,NULL,NULL,NULL,NULL,NULL,NULL,NULL,NULL,NULL,NULL,NULL,NULL,NULL,NULL,NULL,NULL
"545504","19197d02e15fb561075041b9237f7bb3fed728e99cc307500bc01df6b74a57d82e74df2c38622f19c737e876242cecf37981b3870bd9c8224f0c8bf0fc8877d0","JB557311","12/17/2018 03:30:00 PM","1","DRIVER","1.0","520638.0",NULL,"TOYOTA MOTOR COMPANY, LTD.","CAMRY","IL","2012.0","NONE","PASSENGER","TAXI/FOR HIRE","N","STRAIGHT AHEAD",NULL,NULL,"2.0",NULL,NULL,NULL,"Y",NULL,NULL,NULL,NULL,NULL,NULL,NULL,NULL,NULL,NULL,NULL,NULL,NULL,"NONE",NULL,NULL,NULL,NULL,NULL,NULL,NULL,NULL,NULL,NULL,NULL,NULL,NULL,NULL,NULL,NULL,NULL,NULL,NULL,NULL,NULL,NULL,NULL,NULL,NULL,NULL,NULL,NULL,NULL,NULL,NULL,NULL,NULL
"545680","10914660e0796047507a0d879085bd4af6305550289237c4fe3256551de90a4be5292a697e41ec217c8de1c146c2f2a4b87a93c2867b82bd0888f6dd4b71a7c1","JB557501","12/17/2018 06:15:00 PM","1","DRIVER",NULL,"520787.0",NULL,"GENERAL MOTORS CORP.","ACADIA","IL","2013.0","NONE","SPORT UTILITY VEHICLE (SUV)","PERSONAL","N","STRAIGHT AHEAD",NULL,NULL,"1.0",NULL,NULL,NULL,NULL,"Y",NULL,NULL,NULL,NULL,NULL,NULL,NULL,NULL,NULL,NULL,NULL,NULL,"FRONT",NULL,NULL,NULL,NULL,NULL,NULL,NULL,NULL,NULL,NULL,NULL,NULL,NULL,NULL,NULL,NULL,NULL,NULL,NULL,NULL,NULL,NULL,NULL,NULL,NULL,NULL,NULL,NULL,NULL,NULL,NULL,NULL,NULL
"545849","ddf9a1c0125dc2bd76076af8dde599f849c3c03528a6f90cf3d45516834ed04f1349dba1d2b2943b85ae3722ac4f07ab393123a9f40f733ea996ee6b3a607297","JB557917","12/18/2018 06:40:00 AM","1","DRIVER",NULL,"520953.0",NULL,"CHEVROLET","MALIBU (CHEVELLE)","IL","2017.0","UNKNOWN","PASSENGER","UNKNOWN/NA","N","OTHER",NULL,NULL,"1.0",NULL,NULL,NULL,NULL,NULL,NULL,"Y",NULL,NULL,NULL,NULL,NULL,NULL,NULL,NULL,NULL,NULL,"SIDE-RIGHT",NULL,NULL,NULL,NULL,NULL,NULL,NULL,NULL,NULL,NULL,NULL,NULL,NULL,NULL,NULL,NULL,NULL,NULL,NULL,NULL,NULL,NULL,NULL,NULL,NULL,NULL,NULL,NULL,NULL,NULL,NULL,NULL,NULL
"545960","e4006c530a4d41c65275e33bf21e3b491a3ca287bf3c72294e6b1ddd72807e76073628ef5b5ff223103c40096a56bef15f07f02c8d0f8799b368c230f2e47def","JB558048","12/18/2018 08:40:00 AM","1","DRIVER",NULL,"521058.0",NULL,"TOYOTA MOTOR COMPANY, LTD.","TOYOTA","IL","2008.0","NONE","PASSENGER","PERSONAL","S","STRAIGHT AHEAD",NULL,NULL,"1.0",NULL,NULL,NULL,NULL,NULL,NULL,NULL,NULL,NULL,NULL,NULL,NULL,NULL,NULL,NULL,NULL,"Y","FRONT",NULL,NULL,NULL,NULL,NULL,NULL,NULL,NULL,NULL,NULL,NULL,NULL,NULL,NULL,NULL,NULL,NULL,NULL,NULL,NULL,NULL,NULL,NULL,NULL,NULL,NULL,NULL,NULL,NULL,NULL,NULL,NULL,NULL
"546118","aabebbbf69295bd57ed45a87f01c57945c6ef58e0057a0f26bb7d6ba0f24913d4b29b045a6ba7e30acfcb29b0d71857dc9af460f25fcfe1c24fc07135e0bb0b5","JB558348","12/18/2018 12:36:00 PM","3","DRIVER",NULL,"521230.0",NULL,"HONDA","CIVIC","IL","2010.0","NONE","PASSENGER","PERSONAL","E","STRAIGHT AHEAD",NULL,NULL,"1.0",NULL,NULL,NULL,NULL,NULL,NULL,NULL,"Y",NULL,NULL,NULL,NULL,NULL,NULL,NULL,NULL,NULL,"REAR-RIGHT",NULL,NULL,NULL,NULL,NULL,NULL,NULL,NULL,NULL,NULL,NULL,NULL,NULL,NULL,NULL,NULL,NULL,NULL,NULL,NULL,NULL,NULL,NULL,NULL,NULL,NULL,NULL,NULL,NULL,NULL,NULL,NULL,NULL
"546160","14fd0a83ba0ea9de3db7774f652de1125b38af72d495595fc220baff93c644d1bc66257167a41401f888a159998fbc46127e4c45dada0589df87e042cd269afc","JB558488","12/18/2018 01:55:00 PM","1","DRIVER",NULL,"521250.0",NULL,"CHEVROLET","MALIBU (CHEVELLE)","IL","2013.0","NONE","PASSENGER","PERSONAL","N","TURNING LEFT",NULL,NULL,"1.0",NULL,NULL,NULL,NULL,NULL,"Y",NULL,NULL,NULL,NULL,NULL,NULL,NULL,NULL,NULL,NULL,NULL,"FRONT-RIGHT",NULL,NULL,NULL,NULL,NULL,NULL,NULL,NULL,NULL,NULL,NULL,NULL,NULL,NULL,NULL,NULL,NULL,NULL,NULL,NULL,NULL,NULL,NULL,NULL,NULL,NULL,NULL,NULL,NULL,NULL,NULL,NULL,NULL
"546321","c46e844f2aac64cde2cf782bfc0596822f2a7da6b081577bff4aa393bcb5da182f1de893acd3ece7a0d6d28576d84dc1fb57cf60be19a5aefc40295058ab1639","JB558749","12/18/2018 04:00:00 PM","2","DRIVER",NULL,"521408.0",NULL,"DODGE","CALIBER","IL","2010.0","NONE","PASSENGER","PERSONAL","E","SLOW/STOP IN TRAFFIC",NULL,NULL,"1.0",NULL,NULL,NULL,NULL,NULL,NULL,"Y",NULL,NULL,NULL,NULL,NULL,NULL,NULL,NULL,NULL,NULL,"SIDE-RIGHT",NULL,NULL,NULL,NULL,NULL,NULL,NULL,NULL,NULL,NULL,NULL,NULL,NULL,NULL,NULL,NULL,NULL,NULL,NULL,NULL,NULL,NULL,NULL,NULL,NULL,NULL,NULL,NULL,NULL,NULL,NULL,NULL,NULL