"CRASH_UNIT_ID","CRASH_RECORD_ID","RD_NO","CRASH_DATE","UNIT_NO","UNIT_TYPE","NUM_PASSENGERS","VEHICLE_ID","CMRC_VEH_I","MAKE","MODEL","LIC_PLATE_STATE","VEHICLE_YEAR","VEHICLE_DEFECT","VEHICLE_TYPE","VEHICLE_USE","TRAVEL_DIRECTION","MANEUVER","TOWED_I","FIRE_I","OCCUPANT_CNT","EXCEED_SPEED_LIMIT_I","TOWED_BY","TOWED_TO","AREA_00_I","AREA_01_I","AREA_02_I","AREA_03_I","AREA_04_I","AREA_05_I","AREA_06_I","AREA_07_I","AREA_08_I","AREA_09_I","AREA_10_I","AREA_11_I","AREA_12_I","AREA_99_I","FIRST_CONTACT_POINT","CMV_ID","USDOT_NO","CCMC_NO","ILCC_NO","COMMERCIAL_SRC","GVWR","CARRIER_NAME","CARRIER_STATE","CARRIER_CITY","HAZMAT_PLACARDS_I","HAZMAT_NAME","UN_NO","HAZMAT_PRESENT_I","HAZMAT_REPORT_I","HAZMAT_REPORT_NO","MCS_REPORT_I","MCS_REPORT_NO","HAZMAT_VIO_CAUSE_CRASH_I","MCS_VIO_CAUSE_CRASH_I","IDOT_PERMIT_NO","WIDE_LOAD_I","TRAILER1_WIDTH","TRAILER2_WIDTH","TRAILER1_LENGTH","TRAILER2_LENGTH","TOTAL_VEHICLE_LENGTH","AXLE_CNT","VEHICLE_CONFIG","CARGO_BODY_TYPE","LOAD_TYPE","HAZMAT_OUT_OF_SERVICE_I","MCS_OUT_OF_SERVICE_I","HAZMAT_CLASS"
"591799","f9e666baad99b646dd2258ed2b89691756ff078917d61139978847a93a478e8e27e8162f6ce37a5cb6cc700c24f6572dba7174c3a80db67d00cedcd2b548e62f","JC165592","02/25/2019 04:01:00 PM","2","DRIVER","2.0","564162.0",NULL,"FORD","Focus","IL","2016.0","UNKNOWN","PASSENGER","PERSONAL","S","STRAIGHT AHEAD",NULL,NULL,"3.0",NULL,NULL,NULL,NULL,NULL,NULL,NULL,"Y","Y","Y",NULL,NULL,NULL,NULL,NULL,NULL,NULL,"REAR",NULL,NULL,NULL,NULL,NULL,NULL,NULL,NULL,NULL,NULL,NULL,NULL,NULL,NULL,NULL,NULL,NULL,NULL,NULL,NULL,NULL,NULL,NULL,NULL,NULL,NULL,NULL,NULL,NULL,NULL,NULL,NULL,NULL
"591944","f5e40a5131d44005a89fd69cf8fac2c0837e2096d7f23f635030234fb87f2854a2ae432675bfe3f629ec3ea91bf30d9ee1e864a7abad031c735f05459836b026","JC165946","02/25/2019 11:00:00 PM","2","PARKED",NULL,"564265.0",NULL,"ACURA (DIV. OF AMERICAN HONDA MOTOR CO.)","TL","IL","2016.0","NONE","PASSENGER","PERSONAL","N","PARKED",NULL,NULL,"0.0",NULL,NULL,NULL,NULL,NULL,NULL,NULL,NULL,NULL,NULL,NULL,"Y",NULL,NULL,NULL,NULL,NULL,"FRONT-LEFT",NULL,NULL,NULL,NULL,NULL,NULL,NULL,NULL,NULL,NULL,NULL,NULL,NULL,NULL,NULL,NULL,NULL,NULL,NULL,NULL,NULL,NULL,NULL,NULL,NULL,NULL,NULL,NULL,NULL,NULL,NULL,NULL,NULL
"592125","30c3698df13da7c2b2b703bbf9274c4d5320bb812aaa8ec0bd7c7c77f755e1afa99fdd934c00a8e3dfff80b2a16c9b6dfcf4f2699048e8a74d1b31e2ec812a25","JC166232","02/26/2019 10:15:00 AM","2","DRIVER","1.0","564445.0",NULL,"CHEVROLET","CRUZE","IL","2014.0","UNKNOWN","PASSENGER","UNKNOWN/NA","N","STRAIGHT AHEAD",NULL,NULL,"2.0",NULL,NULL,NULL,NULL,NULL,NULL,NULL,"Y",NULL,NULL,NULL,NULL,NULL,NULL,NULL,NULL,NULL,"REAR-RIGHT",NULL,NULL,NULL,NULL,NULL,NULL,NULL,NULL,NULL,NULL,NULL,NULL,NULL,NULL,NULL,NULL,NULL,NULL,NULL,NULL,NULL,NULL,NULL,NULL,NULL,NULL,NULL,NULL,NULL,NULL,NULL,NULL,NULL
"592264","f7c05317f408878548df7f31960d5c812fd47a719f04d8a4c460fe26c4d02f1ec5fd9c78d1b5bfb697ccd20c7eb0f7746787682dc716f47c008c3d18eb0d0dd5","JC166479","02/23/2019 06:00:00 PM","1","DRIVER",NULL,"564569.0",NULL,"HYUNDAI","AZERA","IL","2011.0","NONE","PASSENGER","PERSONAL","W","STRAIGHT AHEAD",NULL,NULL,"1.0",NULL,NULL,NULL,NULL,"Y",NULL,NULL,NULL,NULL,NULL,NULL,NULL,NULL,NULL,NULL,NULL,NULL,"FRONT",NULL,NULL,NULL,NULL,NULL,NULL,NULL,NULL,NULL,NULL,NULL,NULL,NULL,NULL,NULL,NULL,NULL,NULL,NULL,NULL,NULL,NULL,NULL,NULL,NULL,NULL,NULL,NULL,NULL,NULL,NULL,NULL,NULL
"592318","ebfdd0522aac372eb3031b69bd7a5299959bef514a408856506698b065318fdd80088ac9e71aaa241fb90fb0edc63b586f80578fd4d06f42eca7cd1a5636a295","JC166560","02/26/2019 02:20:00 PM","1","DRIVER","1.0","564612.0",NULL,"FORD","TAURUS","IL","2012.0","NONE","PASSENGER","PERSONAL","S","TURNING LEFT","Y",NULL,"2.0",NULL,"SELF",NULL,NULL,"Y","Y",NULL,NULL,NULL,NULL,NULL,"Y",NULL,NULL,NULL,NULL,NULL,"FRONT",NULL,NULL,NULL,NULL,NULL,NULL,NULL,NULL,NULL,NULL,NULL,NULL,NULL,NULL,NULL,NULL,NULL,NULL,NULL,NULL,NULL,NULL,NULL,NULL,NULL,NULL,NULL,NULL,NULL,NULL,NULL,NULL,NULL
"592402","a32806066f2f8179315bbd37214b11a0a0b1e6d0c9365dbb0588d4227c772459332d20307df3311be6bc6669d472c8e1b78b22b8c10fa111203897a76e285615","JC166724","02/26/2019 04:20:00 PM","2","DRIVER",NULL,"564697.0",NULL,"FORD","FORD-TRUCK,VAN,SUV, ETC","IL","2008.0","NONE","OTHER","OTHER","N","STRAIGHT AHEAD",NULL,NULL,"1.0",NULL,NULL,NULL,NULL,NULL,"Y",NULL,NULL,NULL,NULL,NULL,NULL,NULL,NULL,NULL,NULL,NULL,"FRONT-RIGHT",NULL,NULL,NULL,NULL,NULL,NULL,NULL,NULL,NULL,NULL,NULL,NULL,NULL,NULL,NULL,NULL,NULL,NULL,NULL,NULL,NULL,NULL,NULL,NULL,NULL,NULL,NULL,NULL,NULL,NULL,NULL,NULL,NULL
"592604","48da1fe7bc1c8a4c27e783247655cbf509f41331681a29962314b82c6d603dfef31ac8f287771c5a549d9150d746797d28f797c96cdde9fca9262fa82d8c935e","JC167023","02/26/2019 07:20:00 PM","2","DRIVER",NULL,"564888.0",NULL,"VOLVO","VOLVO","IL","2017.0","NONE","SPORT UTILITY VEHICLE (SUV)","PERSONAL","E","STRAIGHT AHEAD","Y",NULL,"1.0",NULL,"OWNER","PRIVATE",NULL,NULL,NULL,NULL,NULL,NULL,NULL,NULL,"Y",NULL,NULL,NULL,NULL,NULL,"FRONT-LEFT",NULL,NULL,NULL,NULL,NULL,NULL,NULL,NULL,NULL,NULL,NULL,NULL,NULL,NULL,NULL,NULL,NULL,NULL,NULL,NULL,NULL,NULL,NULL,NULL,NULL,NULL,NULL,NULL,NULL,NULL,NULL,NULL,NULL
"592761","b319d31ba16b9000373c77ce5dbd09b74c3d08f1faa264e74e274d9a2e42c12155ff37698d5701ac51bcd18dc769c13314b80916a9d356b7665fc6cc1aacac83","JC167357","02/27/2019 06:45:00 AM","1","DRIVER",NULL,"565037.0",NULL,"HONDA","CIVIC","IL","2008.0","NONE","PASSENGER","PERSONAL","N","STRAIGHT AHEAD",NULL,NULL,"1.0",NULL,NULL,NULL,NULL,"Y",NULL,NULL,NULL,NULL,NULL,NULL,NULL,NULL,NULL,NULL,NULL,NULL,"FRONT",NULL,NULL,NULL,NULL,NULL,NULL,NULL,NULL,NULL,NULL,NULL,NULL,NULL,NULL,NULL,NULL,NULL,NULL,NULL,NULL,NULL,NULL,NULL,NULL,NULL,NULL,NULL,NULL,NULL,NULL,NULL,NULL,NULL
"593744","6e36cc369e749f0348676c51d8828867dcdcb26c188f6f52a4d1ec6cd77b9b28b11d3bbadd683ce3d115d58835e4f1859b1e625f678c35acc659f4411bbd0cf6","JC169046","02/28/2019 03:28:00 PM","2","DRIVER",NULL,"565958.0",NULL,"TOYOTA MOTOR COMPANY, LTD.","RAV4 (sport utility)","IL","2017.0","NONE","SPORT UTILITY VEHICLE (SUV)","PERSONAL","NE","STRAIGHT AHEAD",NULL,NULL,"1.0",NULL,NULL,NULL,NULL,NULL,NULL,NULL,"Y",NULL,NULL,NULL,NULL,NULL,NULL,NULL,NULL,NULL,"REAR-RIGHT",NULL,NULL,NULL,NULL,NULL,NULL,NULL,NULL,NULL,NULL,NULL,NULL,NULL,NULL,NULL,NULL,NULL,NULL,NULL,NULL,NULL,NULL,NULL,NULL,NULL,NULL,NULL,NULL,NULL,NULL,NULL,NULL,NULL
"593865","3c6e912a1d5b0d0579cdc520802e2faad04c5cf1e3692518766ac742c37a21dc6354eac3dedcf548bb27c428d6818d68041e54076dc5b303e4487b5b2c8dd5cd","JC169294","02/23/2019 02:45:00 PM","2","PARKED","2.0","566079.0",NULL,"NISSAN","NISSAN ALTIMA","IL","2012.0","NONE","PASSENGER","NOT IN USE","N","PARKED",NULL,NULL,"2.0",NULL,NULL,NULL,NULL,NULL,NULL,NULL,NULL,NULL,"Y",NULL,NULL,NULL,NULL,NULL,NULL,NULL,"REAR-LEFT",NULL,NULL,NULL,NULL,NULL,NULL,NULL,NULL,NULL,NULL,NULL,NULL,NULL,NULL,NULL,NULL,NULL,NULL,NULL,NULL,NULL,NULL,NULL,NULL,NULL,NULL,NULL,NULL,NULL,NULL,NULL,NULL,NULL
"594299","576c04d8a5a554ddd245084fec69b4671b83d775ccfb4375ea9094aa16f9dbdd68d85eab253d7fc192b6c7debf7dfaa9fced31639af2d281b347eb608d9f618b","JC170060","02/28/2019 01:45:00 PM","2","DRIVER",NULL,"566501.0","Y","KENWORTH MOTOR TRUCK CO.","KENWORTH MOTOR TRUCK CO.","IL","2009.0","NONE","TRACTOR W/O SEMI-TRAILER","CONSTRUCTION/MAINTENANCE","SE","TURNING RIGHT",NULL,NULL,"1.0",NULL,NULL,NULL,NULL,NULL,NULL,NULL,NULL,NULL,NULL,NULL,"Y",NULL,NULL,NULL,NULL,NULL,"REAR-LEFT","5992.0","697477",NULL,NULL,"DRIVER","24000","M&J UNDERGROUND INC","IL","MONEE",NULL,NULL,NULL,"N","U",NULL,NULL,NULL,"N","N",NULL,NULL,"0-96",NULL,NULL,NULL,"42.0","5.0","UNKNOWN HEAVY TRUCK","OTHER","CONSTRUCTION EQUIPMENT","N","N","MISCELLANEOUS"
"594354","c96903fa0492a858df1422d572d5f6789922694ba42163100fe469c8bf29f26b06abda5f8e771932ad65fbc113474058d4599e1a6b3442758ae1f7e054582af1","JC170125","03/01/2019 02:05:00 PM","1","PARKED","2.0","566541.0",NULL,"CHEVROLET","MALIBU (CHEVELLE)","IL","2013.0","UNKNOWN","UNKNOWN/NA","UNKNOWN/NA","N","PARKED IN TRAFFIC LANE",NULL,NULL,"2.0",NULL,NULL,NULL,NULL,NULL,NULL,"Y",NULL,NULL,NULL,NULL,NULL,NULL,NULL,NULL,NULL,NULL,"SIDE-RIGHT",NULL,NULL,NULL,NULL,NULL,NULL,NULL,NULL,NULL,NULL,NULL,NULL,NULL,NULL,NULL,NULL,NULL,NULL,NULL,NULL,NULL,NULL,NULL,NULL,NULL,NULL,NULL,NULL,NULL,NULL,NULL,NULL,NULL
"594488","1aecbf3fb7a5ace3495d3cad4f799e094790ef648d8cef67ffe778d12749fca2319f275606f149ce72751309d4886a0999a4bb999c73687e7b44a5a578d31cf8","JC170283","03/01/2019 03:30:00 PM","2","DRIVER","2.0","566690.0",NULL,"DODGE","CARAVAN","IL","2016.0","NONE","VAN/MINI-VAN","OTHER TRANSIT","E","STRAIGHT AHEAD",NULL,NULL,"3.0",NULL,NULL,NULL,NULL,NULL,NULL,NULL,"Y","Y",NULL,NULL,NULL,NULL,NULL,NULL,NULL,NULL,"REAR-RIGHT",NULL,NULL,NULL,NULL,NULL,NULL,NULL,NULL,NULL,NULL,NULL,NULL,NULL,NULL,NULL,NULL,NULL,NULL,NULL,NULL,NULL,NULL,NULL,NULL,NULL,NULL,NULL,NULL,NULL,NULL,NULL,NULL,NULL
"594849","ce8d85c5ad5bc69a0153e5bd9dd883c0917a27a2cb4c1a76b683853434c487943cf3f15f50409154e7256c4df165f8de75fdf59345e62ad4a4124043b0ab6dcf","JC170967","03/02/2019 09:15:00 AM","2","DRIVER",NULL,"567017.0",NULL,"CHEVROLET","CRUZE","IL","2017.0","NONE","PASSENGER","PERSONAL","E","STRAIGHT AHEAD",NULL,NULL,"1.0",NULL,NULL,NULL,NULL,"Y",NULL,NULL,NULL,NULL,NULL,NULL,NULL,NULL,NULL,NULL,NULL,NULL,"FRONT",NULL,NULL,NULL,NULL,NULL,NULL,NULL,NULL,NULL,NULL,NULL,NULL,NULL,NULL,NULL,NULL,NULL,NULL,NULL,NULL,NULL,NULL,NULL,NULL,NULL,NULL,NULL,NULL,NULL,NULL,NULL,NULL,NULL
"594927","172bf56eb1dabfa78a374b59c16bcedb1fd2b85871703acae813e157392f5f4bc44f075ab9635602fedd148086cba7c46ff0200ef667eb26a0508517af712cc6","JC171092","02/24/2019 09:00:00 PM","1","DRIVER",NULL,"567093.0",NULL,"NISSAN","NISSAN ALTIMA","IL","2013.0","NONE","PASSENGER","PERSONAL","S","STRAIGHT AHEAD",NULL,NULL,"1.0",NULL,NULL,NULL,NULL,NULL,"Y",NULL,NULL,NULL,NULL,NULL,NULL,NULL,NULL,NULL,NULL,NULL,"FRONT-RIGHT",NULL,NULL,NULL,NULL,NULL,NULL,NULL,NULL,NULL,NULL,NULL,NULL,NULL,NULL,NULL,NULL,NULL,NULL,NULL,NULL,NULL,NULL,NULL,NULL,NULL,NULL,NULL,NULL,NULL,NULL,NULL,NULL,NULL
"595117","59f53bbb5ed2d00ac60580a0ac3198889d471c15f122a4f9514678eed67e3020d5ea3c98185497a61760cc4642b0c23b3bcf18a88b7a20e1e8a965a037feaa2b","JC171353","03/02/2019 03:00:00 PM","1","DRIVER",NULL,"567265.0",NULL,"VOLKSWAGEN","PASSAT","IL","2014.0","UNKNOWN","PASSENGER","PERSONAL","E","TURNING LEFT",NULL,NULL,"1.0",NULL,NULL,NULL,NULL,NULL,NULL,NULL,NULL,"Y",NULL,NULL,NULL,NULL,NULL,NULL,NULL,NULL,"REAR",NULL,NULL,NULL,NULL,NULL,NULL,NULL,NULL,NULL,NULL,NULL,NULL,NULL,NULL,NULL,NULL,NULL,NULL,NULL,NULL,NULL,NULL,NULL,NULL,NULL,NULL,NULL,NULL,NULL,NULL,NULL,NULL,NULL
"595186","3f96163fb5bfe06f9be3b94a78c0706853ec1bf833f85ebbf146ca3d3cd8a6e7e75fea4230e830cfa5f4b76117c36f8592a22b5a820d198dbdde500202ef6684","JC171456","03/02/2019 03:50:00 PM","2","DRIVER",NULL,"567339.0",NULL,"SUBARU","OUTBACK","IL","2019.0","UNKNOWN","SPORT UTILITY VEHICLE (SUV)","PERSONAL","S","STRAIGHT AHEAD",NULL,NULL,"1.0",NULL,NULL,NULL,NULL,NULL,NULL,"Y",NULL,NULL,NULL,NULL,NULL,NULL,NULL,NULL,NULL,NULL,"SIDE-RIGHT",NULL,NULL,NULL,NULL,NULL,NULL,NULL,NULL,NULL,NULL,NULL,NULL,NULL,NULL,NULL,NULL,NULL,NULL,NULL,NULL,NULL,NULL,NULL,NULL,NULL,NULL,NULL,NULL,NULL,NULL,NULL,NULL,NULL
"595207","e0582991bc816e97df5a4d3fab173f1d2877ba5ff6900577992d4cad043cc6570bc5d81a820c67fcc94aab40d404057388acf8c85c4502dbb59da544814d1c7a","JC171461","03/02/2019 04:07:00 PM","1","DRIVER",NULL,"567358.0",NULL,"JEEP","UNKNOWN","IN","2008.0","UNKNOWN","SPORT UTILITY VEHICLE (SUV)","UNKNOWN/NA","NE","BACKING",NULL,NULL,"1.0",NULL,NULL,NULL,NULL,NULL,NULL,NULL,"Y",NULL,NULL,NULL,NULL,NULL,NULL,NULL,NULL,NULL,"REAR-RIGHT",NULL,NULL,NULL,NULL,NULL,NULL,NULL,NULL,NULL,NULL,NULL,NULL,NULL,NULL,NULL,NULL,NULL,NULL,NULL,NULL,NULL,NULL,NULL,NULL,NULL,NULL,NULL,NULL,NULL,NULL,NULL,NULL,NULL
"595260","289f413ef645e12924de151b5d1a54fd107d2dfea09f1c1cdffd83717c13a4fec78b940563a17725173d3fab00aff130e7301c94ac3d00dc2b9326ac796f4388","JC171593","03/02/2019 03:30:00 PM","2","DRIVER",NULL,"567415.0",NULL,"FORD","Focus","IL","2012.0","NONE","PASSENGER","PERSONAL","E","SLOW/STOP IN TRAFFIC",NULL,NULL,"1.0",NULL,NULL,NULL,NULL,"Y","Y",NULL,"Y","Y","Y",NULL,"Y",NULL,NULL,NULL,NULL,NULL,"OTHER",NULL,NULL,NULL,NULL,NULL,NULL,NULL,NULL,NULL,NULL,NULL,NULL,NULL,NULL,NULL,NULL,NULL,NULL,NULL,NULL,NULL,NULL,NULL,NULL,NULL,NULL,NULL,NULL,NULL,NULL,NULL,NULL,NULL
"595366","7eccad66568356fc908dfc1ffdd50ba75c37fb83cfbdd6b94eafa43574d5c713dd02de3341715195a2e09b4ef3f1218806f0d4fae33bdc5eae7071ea52b3f258","JC171748","03/02/2019 09:50:00 PM","1","DRIVER",NULL,"567506.0",NULL,"HYUNDAI","Accent","MN","2019.0","NONE","PASSENGER","PERSONAL","W","STRAIGHT AHEAD",NULL,NULL,"1.0",NULL,NULL,NULL,NULL,"Y","Y",NULL,NULL,NULL,NULL,NULL,"Y",NULL,NULL,NULL,NULL,NULL,"FRONT",NULL,NULL,NULL,NULL,NULL,NULL,NULL,NULL,NULL,NULL,NULL,NULL,NULL,NULL,NULL,NULL,NULL,NULL,NULL,NULL,NULL,NULL,NULL,NULL,NULL,NULL,NULL,NULL,NULL,NULL,NULL,NULL,NULL
"595577","5c2daf3db768e68b17412d90a381eb0b35684b4c5a133fe932868542c8b3395f9ea896dfbe042e8c9d7994dba2cddae7eb9862d1093e26e3bb039d3b3d55316b","JC172222","03/03/2019 12:05:00 PM","2","DRIVER","2.0","567712.0",NULL,"HYUNDAI","SONATA","IL","2017.0","NONE","PASSENGER","TAXI/FOR HIRE","E","STRAIGHT AHEAD",NULL,NULL,"3.0",NULL,NULL,NULL,NULL,NULL,NULL,NULL,"Y","Y","Y",NULL,NULL,NULL,NULL,NULL,NULL,NULL,"REAR",NULL,NULL,NULL,NULL,NULL,NULL,NULL,NULL,NULL,NULL,NULL,NULL,NULL,NULL,NULL,NULL,NULL,NULL,NULL,NULL,NULL,NULL,NULL,NULL,NULL,NULL,NULL,NULL,NULL,NULL,NULL,NULL,NULL
"595717","f1df2b5b98886841c2bece7c44a36fc9bfa9e1da357ad22904f60b1d56af0640fdf2c4a0e8e08d0cf1229e848d82b5b70b3fda9a74341efbb3b48bd3a66db8ff","JC172410","03/03/2019 03:38:00 PM","2","DRIVER","2.0","567854.0",NULL,"HYUNDAI","ELANTRA","IL","2016.0","NONE","PASSENGER","PERSONAL","N","STRAIGHT AHEAD","Y",NULL,"3.0",NULL,"AUBOR TOWING",NULL,NULL,"Y","Y",NULL,NULL,NULL,NULL,NULL,"Y",NULL,NULL,"Y",NULL,NULL,"FRONT",NULL,NULL,NULL,NULL,NULL,NULL,NULL,NULL,NULL,NULL,NULL,NULL,NULL,NULL,NULL,NULL,NULL,NULL,NULL,NULL,NULL,NULL,NULL,NULL,NULL,NULL,NULL,NULL,NULL,NULL,NULL,NULL,NULL
"596030","964e173f71df15e6de0059142ce1c5cf197b71b668fc6cc8cbc4e433bcf1d25b5cfa2ee4d0694abfdc9c6efda96055fc4496d20aa78639fbb45aece0d0734b2a","JC173033","03/04/2019 09:15:00 AM","1","DRIVER",NULL,"568152.0",NULL,"TOYOTA MOTOR COMPANY, LTD.","CAMRY","IL","2012.0","NONE","PASSENGER","TAXI/FOR HIRE","E","TURNING RIGHT",NULL,NULL,"1.0",NULL,NULL,NULL,NULL,NULL,NULL,NULL,NULL,NULL,NULL,NULL,"Y",NULL,NULL,NULL,NULL,NULL,"FRONT-LEFT",NULL,NULL,NULL,NULL,NULL,NULL,NULL,NULL,NULL,NULL,NULL,NULL,NULL,NULL,NULL,NULL,NULL,NULL,NULL,NULL,NULL,NULL,NULL,NULL,NULL,NULL,NULL,NULL,NULL,NULL,NULL,NULL,NULL
"596083","177916ca1f2bdeea70b2d9e0b2a461735b8fae4d8222bb3cb0df2ba9ec930766e7721ae6470dd1ef6870d719b0b5919cd74fca0343dbe027f884d53f968f5d72","JC173108","03/04/2019 09:30:00 AM","1","DRIVER",NULL,"568202.0",NULL,"NISSAN","NISSAN ALTIMA","IL","2017.0","NONE","PASSENGER","PERSONAL","E","STRAIGHT AHEAD","Y",NULL,"1.0",NULL,"OWNER",NULL,NULL,NULL,NULL,NULL,NULL,NULL,NULL,"Y","Y",NULL,NULL,NULL,NULL,NULL,"FRONT-LEFT",NULL,NULL,NULL,NULL,NULL,NULL,NULL,NULL,NULL,NULL,NULL,NULL,NULL,NULL,NULL,NULL,NULL,NULL,NULL,NULL,NULL,NULL,NULL,NULL,NULL,NULL,NULL,NULL,NULL,NULL,NULL,NULL,NULL
"596153","145360a22da5573043ce09cfb9b02df576092cbc5d64c33ea572f368e91f1403787346eea7973fbd9cfda47c522d990449e0e15f654d280ebeb9afefc68cb852","JC173223","03/04/2019 12:00:00 PM","1","DRIVER",NULL,"568273.0","Y","CUB CADET (MFD. BY INTERNATIONAL HARVESTER CO.)","CUB CADET (MFD. BY INTERNATIONAL HARVESTER CO.)","IL","2017.0","UNKNOWN","TRUCK - SINGLE UNIT","OTHER","E","STRAIGHT AHEAD",NULL,NULL,"1.0",NULL,NULL,NULL,NULL,"Y",NULL,NULL,NULL,NULL,NULL,NULL,NULL,NULL,NULL,NULL,NULL,NULL,"FRONT","6004.0","475701",NULL,NULL,"SIDE OF TRUCK","26000","SUPREME LOBSTER AND SEAFOOD CO","IL","VILLA PARK",NULL,NULL,NULL,"N","N",NULL,"N",NULL,"N","N",NULL,NULL,NULL,NULL,NULL,NULL,NULL,NULL,"SINGLE UNIT TRUCK, 2 AXLES, 6 TIRES","OTHER","UNKNOWN","N","N",NULL
"596248","99f23a70a5c04c6ee125698accdef81edc69ff094f32816f519094efbeccb4cee7cdd9079b699609a2a304414ee929505009392eb55ba95cc8c6d9879741a597","JC173443","03/04/2019 03:15:00 PM","2","DRIVER","1.0","568362.0",NULL,"DODGE","CARAVAN","IL","2019.0","NONE","VAN/MINI-VAN","OTHER","W","SLOW/STOP IN TRAFFIC",NULL,NULL,"2.0",NULL,NULL,NULL,NULL,NULL,NULL,NULL,NULL,NULL,"Y",NULL,NULL,NULL,NULL,NULL,NULL,NULL,"REAR-LEFT",NULL,NULL,NULL,NULL,NULL,NULL,NULL,NULL,NULL,NULL,NULL,NULL,NULL,NULL,NULL,NULL,NULL,NULL,NULL,NULL,NULL,NULL,NULL,NULL,NULL,NULL,NULL,NULL,NULL,NULL,NULL,NULL,NULL
"596461","abecb8e78d8acabb986b8c46327b92881cd4430ac405816299945d71630613ae5755d2fbb0fd5f061f3d35fd043c60989fc381a06a63f7640bbdf9e10a810fc0","JC173740","03/04/2019 05:30:00 PM","1","DRIVER","2.0","568566.0",NULL,"TOYOTA MOTOR COMPANY, LTD.","Previa","IL","2009.0","UNKNOWN","VAN/MINI-VAN","PERSONAL","UNKNOWN","STRAIGHT AHEAD",NULL,NULL,"3.0",NULL,NULL,NULL,NULL,NULL,NULL,"Y",NULL,NULL,NULL,NULL,NULL,NULL,NULL,NULL,NULL,NULL,"SIDE-RIGHT",NULL,NULL,NULL,NULL,NULL,NULL,NULL,NULL,NULL,NULL,NULL,NULL,NULL,NULL,NULL,NULL,NULL,NULL,NULL,NULL,NULL,NULL,NULL,NULL,NULL,NULL,NULL,NULL,NULL,NULL,NULL,NULL,NULL
"596837","a28504d05fc7ea4565d26e1e11f54ae728500655d208be2b7b30022319bb0832ad52d7faa39906d35b133e579312e4cac96adef8e49699bcd4c98b54aaa5d3f9","JC174231","03/04/2019 01:05:00 PM","2","PARKED",NULL,"568908.0",NULL,"TOYOTA MOTOR COMPANY, LTD.","RAV4 (sport utility)","IL","2018.0","NONE","SPORT UTILITY VEHICLE (SUV)","PERSONAL","W","PARKED",NULL,NULL,"0.0",NULL,NULL,NULL,NULL,NULL,NULL,NULL,NULL,NULL,"Y",NULL,NULL,NULL,NULL,NULL,NULL,NULL,"REAR-LEFT",NULL,NULL,NULL,NULL,NULL,NULL,NULL,NULL,NULL,NULL,NULL,NULL,NULL,NULL,NULL,NULL,NULL,NULL,NULL,NULL,NULL,NULL,NULL,NULL,NULL,NULL,NULL,NULL,NULL,NULL,NULL,NULL,NULL
"596949","65fc70dc5a9f5b6cd4467bdb5940de3e70d76853d0accd9d0a8c95fd2f2b2fce8c391733175282ae65c0b4a946ac8210390f09db25ec22270fd097cdcac22367","JC174444","03/05/2019 02:05:00 PM","1","DRIVER",NULL,"569013.0",NULL,"HONDA","CIVIC","IL","2016.0","NONE","PASSENGER","PERSONAL","N","TURNING LEFT",NULL,NULL,"1.0",NULL,NULL,NULL,NULL,"Y",NULL,NULL,NULL,NULL,NULL,NULL,"Y",NULL,NULL,NULL,NULL,NULL,"FRONT",NULL,NULL,NULL,NULL,NULL,NULL,NULL,NULL,NULL,NULL,NULL,NULL,NULL,NULL,NULL,NULL,NULL,NULL,NULL,NULL,NULL,NULL,NULL,NULL,NULL,NULL,NULL,NULL,NULL,NULL,NULL,NULL,NULL
"596972","164a94e461ceef881b7fb013e10863d18d5e013ab7ecb2dc821c10eb758e5c1c517d7ba8fdde73993a9362298a486cfb83e9ace8029e993e3c3fab2ee390ef74","JC174488","03/05/2019 10:00:00 AM","1","PARKED",NULL,"569037.0",NULL,"NISSAN","UNKNOWN","IL","2016.0","NONE","VAN/MINI-VAN","UNKNOWN/NA","N","PARKED",NULL,NULL,"0.0",NULL,NULL,NULL,NULL,NULL,NULL,NULL,"Y",NULL,NULL,NULL,NULL,NULL,NULL,NULL,NULL,NULL,"REAR-RIGHT",NULL,NULL,NULL,NULL,NULL,NULL,NULL,NULL,NULL,NULL,NULL,NULL,NULL,NULL,NULL,NULL,NULL,NULL,NULL,NULL,NULL,NULL,NULL,NULL,NULL,NULL,NULL,NULL,NULL,NULL,NULL,NULL,NULL
"596985","45a6ada4c29b7497119664580213dc9f1dbaab3fd1aeee3fae43f41983c662dc92e1dfd04a2b9475fb36b272073cd1660bea2b2a90ca8efd8f69ff0a5a716f06","JC174492","03/05/2019 02:05:00 PM","1","DRIVER",NULL,"569054.0","Y","STERLING","UNKNOWN","MI","2009.0","NONE","TRACTOR W/ SEMI-TRAILER","OTHER","NE","TURNING LEFT",NULL,NULL,"1.0",NULL,NULL,NULL,"Y",NULL,NULL,NULL,NULL,NULL,NULL,NULL,NULL,NULL,NULL,NULL,NULL,NULL,"REAR-LEFT","6016.0","790261",NULL,NULL,"SIDE OF TRUCK","80000","URS MIDWEST INC.","MI","ROMULUS",NULL,NULL,NULL,NULL,NULL,NULL,NULL,NULL,NULL,NULL,NULL,NULL,NULL,NULL,NULL,NULL,NULL,NULL,NULL,"AUTO TRANSPORTER","OTHER",NULL,NULL,NULL