"CRASH_UNIT_ID","CRASH_RECORD_ID","RD_NO","CRASH_DATE","UNIT_NO","UNIT_TYPE","NUM_PASSENGERS","VEHICLE_ID","CMRC_VEH_I","MAKE","MODEL","LIC_PLATE_STATE","VEHICLE_YEAR","VEHICLE_DEFECT","VEHICLE_TYPE","VEHICLE_USE","TRAVEL_DIRECTION","MANEUVER","TOWED_I","FIRE_I","OCCUPANT_CNT","EXCEED_SPEED_LIMIT_I","TOWED_BY","TOWED_TO","AREA_00_I","AREA_01_I","AREA_02_I","AREA_03_I","AREA_04_I","AREA_05_I","AREA_06_I","AREA_07_I","AREA_08_I","AREA_09_I","AREA_10_I","AREA_11_I","AREA_12_I","AREA_99_I","FIRST_CONTACT_POINT","CMV_ID","USDOT_NO","CCMC_NO","ILCC_NO","COMMERCIAL_SRC","GVWR","CARRIER_NAME","CARRIER_STATE","CARRIER_CITY","HAZMAT_PLACARDS_I","HAZMAT_NAME","UN_NO","HAZMAT_PRESENT_I","HAZMAT_REPORT_I","HAZMAT_REPORT_NO","MCS_REPORT_I","MCS_REPORT_NO","HAZMAT_VIO_CAUSE_CRASH_I","MCS_VIO_CAUSE_CRASH_I","IDOT_PERMIT_NO","WIDE_LOAD_I","TRAILER1_WIDTH","TRAILER2_WIDTH","TRAILER1_LENGTH","TRAILER2_LENGTH","TOTAL_VEHICLE_LENGTH","AXLE_CNT","VEHICLE_CONFIG","CARGO_BODY_TYPE","LOAD_TYPE","HAZMAT_OUT_OF_SERVICE_I","MCS_OUT_OF_SERVICE_I","HAZMAT_CLASS"
"597014","f57eb2ae42856c6d74735055b2a228c269b96f110e6084c09fb23456915b75a22d2f398099052eda75448bf98513a6fffe544575c50e66ce2744fd1d2934aabc","JC174547","03/05/2019 02:30:00 PM","2","DRIVER",NULL,"569080.0",NULL,"CHEVROLET","Colorado","IL","2016.0","NONE","PICKUP","PERSONAL","S","SLOW/STOP IN TRAFFIC",NULL,NULL,"1.0",NULL,NULL,NULL,NULL,NULL,NULL,"Y",NULL,NULL,NULL,NULL,NULL,NULL,NULL,NULL,NULL,NULL,"SIDE-RIGHT",NULL,NULL,NULL,NULL,NULL,NULL,NULL,NULL,NULL,NULL,NULL,NULL,NULL,NULL,NULL,NULL,NULL,NULL,NULL,NULL,NULL,NULL,NULL,NULL,NULL,NULL,NULL,NULL,NULL,NULL,NULL,NULL,NULL
"597064","770204fb247989f4d852b780f1d14bf0d22b2cb28bb712cee16b5dbc519431a93e84b275513d5895d3a3e7e51f966cc4c48ed61dfd9172df6d5e514dfa4cf500","JC174662","03/05/2019 03:50:00 PM","2","DRIVER",NULL,"569118.0",NULL,"DODGE","CARAVAN","IL","2013.0","NONE","VAN/MINI-VAN","PERSONAL","NE","STRAIGHT AHEAD",NULL,NULL,"1.0",NULL,NULL,NULL,NULL,NULL,NULL,NULL,NULL,NULL,"Y",NULL,NULL,NULL,NULL,NULL,NULL,NULL,"REAR-LEFT",NULL,NULL,NULL,NULL,NULL,NULL,NULL,NULL,NULL,NULL,NULL,NULL,NULL,NULL,NULL,NULL,NULL,NULL,NULL,NULL,NULL,NULL,NULL,NULL,NULL,NULL,NULL,NULL,NULL,NULL,NULL,NULL,NULL
"597143","6e6ee54ec2179d1fd4b9b815a9adf686893b22c81e8342df57f6156b4b08c4be2151647031deb660d4808e2a2fea501b0f8cde8fa29c4d1a8ee6ca0fc4b87240","JC174689","03/05/2019 04:58:00 PM","1","DRIVER",NULL,"569214.0",NULL,"CHEVROLET","CRUZE","IL","2014.0","NONE","PASSENGER","PERSONAL","S","STRAIGHT AHEAD","Y",NULL,"1.0",NULL,"A&E TOWING","6876 S CHICAGO AVENUE",NULL,"Y","Y",NULL,NULL,NULL,NULL,NULL,NULL,NULL,NULL,NULL,NULL,NULL,"FRONT",NULL,NULL,NULL,NULL,NULL,NULL,NULL,NULL,NULL,NULL,NULL,NULL,NULL,NULL,NULL,NULL,NULL,NULL,NULL,NULL,NULL,NULL,NULL,NULL,NULL,NULL,NULL,NULL,NULL,NULL,NULL,NULL,NULL
"597252","3c4f9ae27f19f415c1c1e5eb8f37c302a86bccc1829366b7cbdb03692894a9fb8e1762eb5450d289c79ec874256fadf34ade1d7b51a18e2fe145f1fdcc8ffea1","JC174824","03/05/2019 06:34:00 PM","2","DRIVER",NULL,"569315.0",NULL,"TOYOTA MOTOR COMPANY, LTD.","CAMRY","IL","2012.0","NONE","PASSENGER","PERSONAL","S","STRAIGHT AHEAD",NULL,NULL,"1.0",NULL,NULL,NULL,NULL,"N",NULL,NULL,NULL,"Y",NULL,NULL,NULL,NULL,NULL,NULL,NULL,NULL,"REAR",NULL,NULL,NULL,NULL,NULL,NULL,NULL,NULL,NULL,NULL,NULL,NULL,NULL,NULL,NULL,NULL,NULL,NULL,NULL,NULL,NULL,NULL,NULL,NULL,NULL,NULL,NULL,NULL,NULL,NULL,NULL,NULL,NULL
"597329","a00621067090692eabce32671fe25d539873ab1535a2127fb369933e023cb0e210e31303e51aa20502c9f74c1e0efbfe5d40333658fb52236c58b4c446c52f4b","JC175047","03/05/2019 10:44:00 PM","1","DRIVER",NULL,"569388.0",NULL,"FORD","FUSION","IL","2017.0","UNKNOWN","PASSENGER","PERSONAL","W","STRAIGHT AHEAD",NULL,NULL,"1.0",NULL,NULL,NULL,NULL,"Y","Y",NULL,NULL,NULL,NULL,NULL,NULL,NULL,"Y",NULL,NULL,NULL,"FRONT",NULL,NULL,NULL,NULL,NULL,NULL,NULL,NULL,NULL,NULL,NULL,NULL,NULL,NULL,NULL,NULL,NULL,NULL,NULL,NULL,NULL,NULL,NULL,NULL,NULL,NULL,NULL,NULL,NULL,NULL,NULL,NULL,NULL
"597503","1a8182a54edb08538207df0030506126f7206619f294aa6b90e3021f67abfca735ff21f4c7144f2091226fd0ffc7bd524a131338ebbbe4daff52e3890ea32dcd","JC175331","03/06/2019 09:00:00 AM","1","DRIVER",NULL,"569545.0",NULL,"LEXUS","UNKNOWN","IL","2018.0","UNKNOWN","PASSENGER","PERSONAL","N","STRAIGHT AHEAD","Y",NULL,"1.0",NULL,"private",NULL,NULL,NULL,"Y",NULL,NULL,NULL,NULL,NULL,"Y",NULL,NULL,NULL,NULL,NULL,"FRONT-LEFT",NULL,NULL,NULL,NULL,NULL,NULL,NULL,NULL,NULL,NULL,NULL,NULL,NULL,NULL,NULL,NULL,NULL,NULL,NULL,NULL,NULL,NULL,NULL,NULL,NULL,NULL,NULL,NULL,NULL,NULL,NULL,NULL,NULL
"597564","09497afe3f34b0663aeffe9472228e81dfeb25af6e2c951eae6661a2b8c2bd762e61c0bfaab80d2ee878c1bc30e3b3de3e0dc8203b2d4a360ca5255ac5d8c88e","JC175485","03/06/2019 12:04:00 PM","2","DRIVER",NULL,"569620.0",NULL,"SUBARU","UNKNOWN","IL","2018.0","NONE","TRUCK - SINGLE UNIT","PERSONAL","S","STRAIGHT AHEAD",NULL,NULL,"1.0",NULL,NULL,NULL,NULL,NULL,NULL,NULL,NULL,"Y",NULL,NULL,NULL,NULL,NULL,NULL,NULL,NULL,"REAR",NULL,NULL,NULL,NULL,NULL,NULL,NULL,NULL,NULL,NULL,NULL,NULL,NULL,NULL,NULL,NULL,NULL,NULL,NULL,NULL,NULL,NULL,NULL,NULL,NULL,NULL,NULL,NULL,NULL,NULL,NULL,NULL,NULL
"597594","fe5bfe9f575c5b35d6c06fc5bb22d3a2af7ee66dd6b13344d9eb7d1cf0243c26e45feefa1ac188ba2afc3950e98875468e594f963e86f92428b2829829ec24f3","JC175552","03/06/2019 12:43:00 PM","1","DRIVER",NULL,"569643.0",NULL,"TOYOTA MOTOR COMPANY, LTD.","Prius",NULL,"2015.0","UNKNOWN","PASSENGER","PERSONAL","W","STRAIGHT AHEAD",NULL,NULL,"1.0",NULL,NULL,NULL,NULL,"Y","Y",NULL,NULL,NULL,NULL,NULL,"Y",NULL,NULL,NULL,NULL,NULL,"FRONT",NULL,NULL,NULL,NULL,NULL,NULL,NULL,NULL,NULL,NULL,NULL,NULL,NULL,NULL,NULL,NULL,NULL,NULL,NULL,NULL,NULL,NULL,NULL,NULL,NULL,NULL,NULL,NULL,NULL,NULL,NULL,NULL,NULL
"598007","65822d565d5e8029e763f2d0001b99419aed48ebd3f50fb1381ee2c1ade64cd780cf35f8a6696966b050810e56887526875e3e48b93ba48e76a4d2ae933fe78f","JC176208","03/06/2019 09:53:00 PM","2","DRIVER",NULL,"570034.0",NULL,"HYUNDAI","ELANTRA","IL","2011.0","UNKNOWN","PASSENGER","PERSONAL","N","STRAIGHT AHEAD","Y",NULL,"1.0",NULL,"PRIVATE TOW","PRIVATE LOT",NULL,"Y",NULL,NULL,NULL,NULL,"Y","Y","Y",NULL,NULL,"Y",NULL,NULL,"SIDE-LEFT",NULL,NULL,NULL,NULL,NULL,NULL,NULL,NULL,NULL,NULL,NULL,NULL,NULL,NULL,NULL,NULL,NULL,NULL,NULL,NULL,NULL,NULL,NULL,NULL,NULL,NULL,NULL,NULL,NULL,NULL,NULL,NULL,NULL
"598293","26db8e49780e83a3118b7211df5eda57dc4e3486c4a0627ed21f2b68c3709f67e81fe33cc1db5fc4b5d3de853feb600ef648cc5df2b643a60c77d2d00e68afc3","JC176774","03/07/2019 08:40:00 AM","2","DRIVER",NULL,"570308.0",NULL,"HYUNDAI","ELANTRA","IL","2017.0","NONE","PASSENGER","PERSONAL","W","STRAIGHT AHEAD",NULL,NULL,"1.0",NULL,NULL,NULL,NULL,NULL,NULL,NULL,NULL,"Y",NULL,NULL,NULL,NULL,NULL,NULL,NULL,NULL,"REAR",NULL,NULL,NULL,NULL,NULL,NULL,NULL,NULL,NULL,NULL,NULL,NULL,NULL,NULL,NULL,NULL,NULL,NULL,NULL,NULL,NULL,NULL,NULL,NULL,NULL,NULL,NULL,NULL,NULL,NULL,NULL,NULL,NULL
"598498","af7e76318632b20ddd0c3b2da7a6c8d5b8c1323ccd2485869c212ba7e20a8cc69b75d011868d8388e84e78c4753c33befed7c6e96c8aa004e0e18b5639cc6fba","JC177124","03/07/2019 05:30:00 PM","2","DRIVER",NULL,"570501.0",NULL,"LEXUS","RX350","IL","2011.0","NONE","PASSENGER","PERSONAL","W","TURNING RIGHT",NULL,NULL,"1.0",NULL,NULL,NULL,NULL,NULL,NULL,NULL,NULL,NULL,"Y","Y",NULL,NULL,NULL,NULL,NULL,NULL,"SIDE-LEFT",NULL,NULL,NULL,NULL,NULL,NULL,NULL,NULL,NULL,NULL,NULL,NULL,NULL,NULL,NULL,NULL,NULL,NULL,NULL,NULL,NULL,NULL,NULL,NULL,NULL,NULL,NULL,NULL,NULL,NULL,NULL,NULL,NULL
"598621","ee029993f588de94cc5d7740c2b0ec00191a33d2f7fb22fd84e4f1e2a3a999359fbc418479d8fa0052fe91d1d827c87f38607fcc97abbc2a5d35601195c65fd6","JC177310","03/07/2019 08:00:00 PM","3","PARKED",NULL,"570625.0",NULL,"ACURA","ACURA","IL","2015.0","UNKNOWN","PASSENGER","PERSONAL","N","PARKED",NULL,NULL,"0.0",NULL,NULL,NULL,NULL,NULL,NULL,NULL,NULL,NULL,"Y","Y","Y",NULL,NULL,NULL,NULL,NULL,"FRONT-LEFT",NULL,NULL,NULL,NULL,NULL,NULL,NULL,NULL,NULL,NULL,NULL,NULL,NULL,NULL,NULL,NULL,NULL,NULL,NULL,NULL,NULL,NULL,NULL,NULL,NULL,NULL,NULL,NULL,NULL,NULL,NULL,NULL,NULL
"598788","f567853b7dfdc3916c968fde59e6a406363996875cdfae25ae3418846b7c7c0093b1f2de73c0594d3ae9635b5a653f6cf320eebf50eab4cef9f658817fbc0a1d","JC177617","03/08/2019 06:40:00 AM","2","PARKED",NULL,"570760.0",NULL,"PONTIAC","G5","IL","2009.0","NONE","PASSENGER","NOT IN USE","E","PARKED","Y",NULL,"0.0",NULL,"OWNERS REQUEST",NULL,NULL,"Y",NULL,NULL,"Y","Y","Y",NULL,NULL,NULL,NULL,NULL,NULL,NULL,"REAR",NULL,NULL,NULL,NULL,NULL,NULL,NULL,NULL,NULL,NULL,NULL,NULL,NULL,NULL,NULL,NULL,NULL,NULL,NULL,NULL,NULL,NULL,NULL,NULL,NULL,NULL,NULL,NULL,NULL,NULL,NULL,NULL,NULL
"598903","a0d9d0128b7a472065f0115f0805a433c615106732ec67a1e69848819ecb2f09745bfb717b1de4a12b9a484279eed4279c2ed38626a08d4d2e25a2e364810292","JC177816","03/08/2019 10:30:00 AM","2","DRIVER",NULL,"570859.0",NULL,"FORD","EXPLORER","IL","2014.0","NONE","SPORT UTILITY VEHICLE (SUV)","PERSONAL","E","SLOW/STOP IN TRAFFIC",NULL,NULL,"1.0",NULL,NULL,NULL,NULL,NULL,NULL,NULL,NULL,NULL,"Y",NULL,NULL,NULL,NULL,"Y",NULL,NULL,"REAR-LEFT",NULL,NULL,NULL,NULL,NULL,NULL,NULL,NULL,NULL,NULL,NULL,NULL,NULL,NULL,NULL,NULL,NULL,NULL,NULL,NULL,NULL,NULL,NULL,NULL,NULL,NULL,NULL,NULL,NULL,NULL,NULL,NULL,NULL
"599100","1a4fad081aaf4608195b50ce482073f7fd82d4de27678ed2eb5beb3da19cfe65326d38ad2a7aa5384f86ba60a429c61afc20cf6da3b5308b8b7da3785dd26521","JC178162","03/08/2019 02:30:00 PM","2","DRIVER",NULL,"571056.0",NULL,"CHEVROLET","MALIBU (CHEVELLE)","IL","2008.0","NONE","PASSENGER","PERSONAL","S","ENTERING TRAFFIC LANE FROM PARKING",NULL,NULL,"1.0",NULL,NULL,NULL,NULL,NULL,NULL,NULL,NULL,NULL,NULL,"Y",NULL,NULL,NULL,NULL,NULL,NULL,"FRONT-LEFT",NULL,NULL,NULL,NULL,NULL,NULL,NULL,NULL,NULL,NULL,NULL,NULL,NULL,NULL,NULL,NULL,NULL,NULL,NULL,NULL,NULL,NULL,NULL,NULL,NULL,NULL,NULL,NULL,NULL,NULL,NULL,NULL,NULL
"599135","d1ed8d4f11ac673c89524d763866e0ec17cb0c73f7ffa525500c044e0b1db9d242e5c00cfd62f630d9d20e227d9ebe879c267466c86d1be3e5ae9a3d32b7a3b9","JC178178","03/08/2019 02:15:00 PM","1","DRIVER",NULL,"571090.0",NULL,"CHEVROLET","CHEVROLET","IL","2012.0","UNKNOWN","PASSENGER","PERSONAL","E","MERGING",NULL,NULL,"1.0",NULL,NULL,NULL,NULL,NULL,NULL,NULL,NULL,NULL,NULL,NULL,"Y",NULL,NULL,NULL,NULL,NULL,"FRONT-LEFT",NULL,NULL,NULL,NULL,NULL,NULL,NULL,NULL,NULL,NULL,NULL,NULL,NULL,NULL,NULL,NULL,NULL,NULL,NULL,NULL,NULL,NULL,NULL,NULL,NULL,NULL,NULL,NULL,NULL,NULL,NULL,NULL,NULL
"600070","db60c32fb6dfa1aabfac69e2ce1aba0c4f642639d6ef199e037bb1fff34bcac41bf3e36b6614d9e68989a6d5a15fb298a6f640f9ce8c5e44b47cdbd52eec16fc","JC179701","03/09/2019 08:20:00 PM","2","DRIVER",NULL,"571987.0",NULL,"HONDA","ACCORD","IL","2013.0","NONE","PASSENGER","PERSONAL","N","SLOW/STOP - LEFT TURN","Y",NULL,"1.0",NULL,"OWNER DISCRETION","OWNER DISCRETION",NULL,NULL,NULL,NULL,NULL,NULL,NULL,"Y","Y",NULL,NULL,NULL,NULL,NULL,"SIDE-LEFT",NULL,NULL,NULL,NULL,NULL,NULL,NULL,NULL,NULL,NULL,NULL,NULL,NULL,NULL,NULL,NULL,NULL,NULL,NULL,NULL,NULL,NULL,NULL,NULL,NULL,NULL,NULL,NULL,NULL,NULL,NULL,NULL,NULL
"600075","cffcf7176785bd1e302042eeac0f986a4129a9bbef3f7a6e167ef0a0f8cacac105d94f249960c4a9172c38a3d87ba885e2b09ab78379098c092e611462418ff9","JC179719","03/09/2019 07:00:00 PM","2","DRIVER",NULL,"571984.0",NULL,"HONDA","UNKNOWN","IL","2019.0","UNKNOWN","PASSENGER","PERSONAL","S","SLOW/STOP IN TRAFFIC",NULL,NULL,"1.0",NULL,NULL,NULL,NULL,NULL,NULL,NULL,NULL,NULL,"Y","Y",NULL,NULL,NULL,NULL,NULL,NULL,"SIDE-LEFT",NULL,NULL,NULL,NULL,NULL,NULL,NULL,NULL,NULL,NULL,NULL,NULL,NULL,NULL,NULL,NULL,NULL,NULL,NULL,NULL,NULL,NULL,NULL,NULL,NULL,NULL,NULL,NULL,NULL,NULL,NULL,NULL,NULL
"600759","035b2623f26bb5f107d9ae34e3272d3b7bc520a19aef9f4d91bda5d3024c562e59e5f91f7a55e72ddf7b37c805568c7007de8eee7031e9b573a6ef666c69c5dd","JC180933","03/11/2019 01:08:00 AM","1","DRIVER",NULL,"572616.0",NULL,"HYUNDAI","ELANTRA","IL","2017.0","NONE","PASSENGER","PERSONAL","W","PASSING/OVERTAKING","Y",NULL,"1.0",NULL,"HERTZ",NULL,NULL,"Y","Y",NULL,NULL,NULL,NULL,NULL,"Y",NULL,NULL,NULL,NULL,NULL,"FRONT-LEFT",NULL,NULL,NULL,NULL,NULL,NULL,NULL,NULL,NULL,NULL,NULL,NULL,NULL,NULL,NULL,NULL,NULL,NULL,NULL,NULL,NULL,NULL,NULL,NULL,NULL,NULL,NULL,NULL,NULL,NULL,NULL,NULL,NULL
"600810","8fa1d85bebd6c676efc73ed74b5aca6baf363fca5dfb06767b3eea8ae19f826ef8083a7db38f343c3890e685b5ec561bd252d922bc6d8fc22574a05662f7bf31","JC181072","03/11/2019 07:25:00 AM","2","DRIVER","2.0","572663.0",NULL,"CHEVROLET","MALIBU (CHEVELLE)","IL","2011.0","NONE","PASSENGER","PERSONAL","N","STRAIGHT AHEAD",NULL,NULL,"3.0",NULL,NULL,NULL,NULL,"Y","Y","Y",NULL,NULL,NULL,NULL,NULL,NULL,NULL,NULL,NULL,NULL,"FRONT-RIGHT",NULL,NULL,NULL,NULL,NULL,NULL,NULL,NULL,NULL,NULL,NULL,NULL,NULL,NULL,NULL,NULL,NULL,NULL,NULL,NULL,NULL,NULL,NULL,NULL,NULL,NULL,NULL,NULL,NULL,NULL,NULL,NULL,NULL
"601171","5830f12cfd385ff8074fedebd46a67e386b04a8e605b2286c8ea27fa095905986407dc2468bd8d5f6600111fd7589080a912b5c93528cfbbec5ea36f8de06763","JC181792","03/11/2019 11:00:00 AM","2","DRIVER",NULL,"572998.0",NULL,"CHEVROLET","IMPALA","IL","2017.0","NONE","PASSENGER","PERSONAL","W","STRAIGHT AHEAD",NULL,NULL,"1.0",NULL,NULL,NULL,NULL,NULL,NULL,"N","N",NULL,"Y","Y",NULL,NULL,NULL,NULL,NULL,NULL,"REAR-LEFT",NULL,NULL,NULL,NULL,NULL,NULL,NULL,NULL,NULL,NULL,NULL,NULL,NULL,NULL,NULL,NULL,NULL,NULL,NULL,NULL,NULL,NULL,NULL,NULL,NULL,NULL,NULL,NULL,NULL,NULL,NULL,NULL,NULL
"601453","7a9577056856e7ca1c2b51e650e9e92adc03001973fa2f06dc7573ba2c8581e6f4f9c63332ae34d1842d6598d3b7f18c05a9f2608184925e84fa371a77451e8b","JC182380","03/12/2019 07:15:00 AM","1","DRIVER",NULL,"573251.0",NULL,"SUBARU","UNKNOWN","IL","2015.0","UNKNOWN","PASSENGER","PERSONAL","N","STRAIGHT AHEAD",NULL,NULL,"1.0",NULL,NULL,NULL,NULL,"Y","Y",NULL,NULL,NULL,NULL,NULL,"Y",NULL,NULL,NULL,NULL,NULL,"FRONT",NULL,NULL,NULL,NULL,NULL,NULL,NULL,NULL,NULL,NULL,NULL,NULL,NULL,NULL,NULL,NULL,NULL,NULL,NULL,NULL,NULL,NULL,NULL,NULL,NULL,NULL,NULL,NULL,NULL,NULL,NULL,NULL,NULL
"601546","2f61bffbc193c600803e15ae5a855b1dc9893db8179b6f640d62002b5930832ce30b2d4f8808a11a2f46c653b78698366d12a54a1b7f596bbda7039ff96f75f6","JC182446","03/12/2019 09:20:00 AM","1","DRIVER",NULL,"573326.0",NULL,"TOYOTA MOTOR COMPANY, LTD.","Prius","IL","2017.0","NONE","PASSENGER","PERSONAL","S","STRAIGHT AHEAD","Y",NULL,"1.0",NULL,NULL,NULL,NULL,"Y","Y",NULL,"N",NULL,NULL,NULL,"Y",NULL,NULL,NULL,NULL,NULL,"FRONT",NULL,NULL,NULL,NULL,NULL,NULL,NULL,NULL,NULL,NULL,NULL,NULL,NULL,NULL,NULL,NULL,NULL,NULL,NULL,NULL,NULL,NULL,NULL,NULL,NULL,NULL,NULL,NULL,NULL,NULL,NULL,NULL,NULL
"601638","6f61520757a9c6b24d0bce853d9bf334b65206ae12d10ba876c547e64b593fab9166d40095492b9576b65e15baf16ef9111cb10501d0a539b25a0a58b7cf8e8a","JC182608","03/12/2019 12:03:00 PM","2","DRIVER",NULL,"573428.0",NULL,"BUICK","LACROSSE","IL","2010.0","NONE","PASSENGER","PERSONAL","S","STRAIGHT AHEAD",NULL,NULL,"1.0",NULL,NULL,NULL,NULL,NULL,NULL,NULL,"Y",NULL,NULL,NULL,NULL,NULL,NULL,NULL,NULL,NULL,"REAR-RIGHT",NULL,NULL,NULL,NULL,NULL,NULL,NULL,NULL,NULL,NULL,NULL,NULL,NULL,NULL,NULL,NULL,NULL,NULL,NULL,NULL,NULL,NULL,NULL,NULL,NULL,NULL,NULL,NULL,NULL,NULL,NULL,NULL,NULL
"601718","2b9b7c9b58c4d6a71e77ba9a6d20fd495f046b512fb15d2b0a3dd0e027b45d42527de861041f8c349bffd6a4b5fff6a23e68ab6f79161b901376713b2d82a6d1","JC182774","03/10/2019 01:00:00 PM","2","PARKED","1.0","573491.0",NULL,"HONDA","CIVIC","IL","2015.0","NONE","PASSENGER","PERSONAL","E","PARKED",NULL,NULL,"1.0",NULL,NULL,NULL,NULL,NULL,NULL,NULL,NULL,NULL,NULL,NULL,NULL,NULL,NULL,NULL,NULL,NULL,"REAR-LEFT",NULL,NULL,NULL,NULL,NULL,NULL,NULL,NULL,NULL,NULL,NULL,NULL,NULL,NULL,NULL,NULL,NULL,NULL,NULL,NULL,NULL,NULL,NULL,NULL,NULL,NULL,NULL,NULL,NULL,NULL,NULL,NULL,NULL
"601807","0dfaa33e15ba94daed7ad152644dde15cf80394be2fba9d1f4ac7e12f10ac46310dbad01d50f0fe6ed5f45b48d76cdf86372d8d68728154ab4d2190ae51cdd70","JC182854","03/12/2019 03:15:00 PM","2","DRIVER",NULL,"573590.0",NULL,"HONDA","CRV","IL","2015.0","UNKNOWN","SPORT UTILITY VEHICLE (SUV)","PERSONAL","N","TURNING RIGHT",NULL,NULL,"1.0",NULL,NULL,NULL,NULL,"Y","Y",NULL,NULL,NULL,NULL,NULL,"Y",NULL,NULL,NULL,NULL,NULL,"FRONT-LEFT",NULL,NULL,NULL,NULL,NULL,NULL,NULL,NULL,NULL,NULL,NULL,NULL,NULL,NULL,NULL,NULL,NULL,NULL,NULL,NULL,NULL,NULL,NULL,NULL,NULL,NULL,NULL,NULL,NULL,NULL,NULL,NULL,NULL
"602059","4e1f8825ad3a514cfb4243406a824d716a9fcbc83eba351c0bebd7ee1d7b9faa5a8de3b7e2866863735a20c3284419717c0e92bb2eef6a05b6a287e10cf725f5","JC183260","03/12/2019 07:30:00 PM","2","DRIVER",NULL,"573811.0",NULL,"NISSAN","SENTRA (DATSUN AND NISSAN HAVE MERGED)","IL","2018.0","NONE","PASSENGER","PERSONAL","W","SLOW/STOP IN TRAFFIC",NULL,NULL,"1.0",NULL,NULL,NULL,NULL,"Y",NULL,NULL,NULL,NULL,NULL,NULL,NULL,NULL,NULL,NULL,NULL,NULL,"FRONT",NULL,NULL,NULL,NULL,NULL,NULL,NULL,NULL,NULL,NULL,NULL,NULL,NULL,NULL,NULL,NULL,NULL,NULL,NULL,NULL,NULL,NULL,NULL,NULL,NULL,NULL,NULL,NULL,NULL,NULL,NULL,NULL,NULL
"602922","b4c8432716ae4dad4ecf0b961caac1044379a2be31b7ea413daf3e4171ab913879160b0a7bb4611872dcdd2af317b26421a9ca23ebd85f61e1d1a259239ffc2e","JC184825","03/14/2019 07:35:00 AM","2","DRIVER",NULL,"574650.0",NULL,"FORD","Explorer","IL","2013.0","UNKNOWN","PASSENGER","PERSONAL","S","STRAIGHT AHEAD",NULL,NULL,"1.0",NULL,NULL,NULL,NULL,"Y",NULL,NULL,NULL,NULL,NULL,NULL,NULL,NULL,NULL,NULL,NULL,NULL,"FRONT",NULL,NULL,NULL,NULL,NULL,NULL,NULL,NULL,NULL,NULL,NULL,NULL,NULL,NULL,NULL,NULL,NULL,NULL,NULL,NULL,NULL,NULL,NULL,NULL,NULL,NULL,NULL,NULL,NULL,NULL,NULL,NULL,NULL
"603208","5274d6b18829e4af49ff959d2a5e2a1882778921ca565f24239c4c2e4e90358d9e364280644dd35898dfabe75819ad94557c101ab27f947a02d2a68230ca24ad","JC185328","03/14/2019 01:00:00 PM","2","DRIVER",NULL,"574912.0",NULL,"TOYOTA MOTOR COMPANY, LTD.","TOYOTA","IL","2009.0","NONE","PASSENGER","PERSONAL","N","STRAIGHT AHEAD",NULL,NULL,"1.0",NULL,NULL,NULL,NULL,"Y","Y",NULL,NULL,NULL,NULL,NULL,NULL,NULL,NULL,NULL,NULL,NULL,"FRONT-RIGHT",NULL,NULL,NULL,NULL,NULL,NULL,NULL,NULL,NULL,NULL,NULL,NULL,NULL,NULL,NULL,NULL,NULL,NULL,NULL,NULL,NULL,NULL,NULL,NULL,NULL,NULL,NULL,NULL,NULL,NULL,NULL,NULL,NULL
"603332","64fbc73529c5fe70870d5f8729edb6bcdc396dfd024e87fc3f8cfdef7c0a3752295c97137fe7007685f7278fdc9db068e7f2b07b1172d480d4a591849e2f751a","JC185624","03/14/2019 06:00:00 PM","2","DRIVER",NULL,"575034.0",NULL,"HONDA","ACCORD","IL","2013.0","NONE","PASSENGER","PERSONAL","W","STRAIGHT AHEAD",NULL,NULL,"1.0",NULL,NULL,NULL,NULL,NULL,NULL,NULL,NULL,NULL,"Y","Y",NULL,NULL,NULL,NULL,NULL,NULL,"SIDE-LEFT",NULL,NULL,NULL,NULL,NULL,NULL,NULL,NULL,NULL,NULL,NULL,NULL,NULL,NULL,NULL,NULL,NULL,NULL,NULL,NULL,NULL,NULL,NULL,NULL,NULL,NULL,NULL,NULL,NULL,NULL,NULL,NULL,NULL
"603345","74e33e945bbf8d519f2fe187ab3e89c6b5f20def1ae27f6c4c9a45e0cc0f18f0c12993ae4b78a2a36f593b6d58adeef9fbc4cad574ae63fabc460c53c2ad9b05","JC185459","03/14/2019 04:28:00 PM","1","DRIVER",NULL,"575041.0",NULL,"NISSAN","SENTRA (DATSUN AND NISSAN HAVE MERGED)","IL","2014.0","NONE","PASSENGER","PERSONAL","E","STRAIGHT AHEAD","Y",NULL,"1.0",NULL,"CITY OF CHICAGO","103RD & DOTY",NULL,"Y","Y",NULL,"Y","Y","Y",NULL,"Y",NULL,NULL,NULL,NULL,NULL,"REAR",NULL,NULL,NULL,NULL,NULL,NULL,NULL,NULL,NULL,NULL,NULL,NULL,NULL,NULL,NULL,NULL,NULL,NULL,NULL,NULL,NULL,NULL,NULL,NULL,NULL,NULL,NULL,NULL,NULL,NULL,NULL,NULL,NULL