"CRASH_UNIT_ID","CRASH_RECORD_ID","RD_NO","CRASH_DATE","UNIT_NO","UNIT_TYPE","NUM_PASSENGERS","VEHICLE_ID","CMRC_VEH_I","MAKE","MODEL","LIC_PLATE_STATE","VEHICLE_YEAR","VEHICLE_DEFECT","VEHICLE_TYPE","VEHICLE_USE","TRAVEL_DIRECTION","MANEUVER","TOWED_I","FIRE_I","OCCUPANT_CNT","EXCEED_SPEED_LIMIT_I","TOWED_BY","TOWED_TO","AREA_00_I","AREA_01_I","AREA_02_I","AREA_03_I","AREA_04_I","AREA_05_I","AREA_06_I","AREA_07_I","AREA_08_I","AREA_09_I","AREA_10_I","AREA_11_I","AREA_12_I","AREA_99_I","FIRST_CONTACT_POINT","CMV_ID","USDOT_NO","CCMC_NO","ILCC_NO","COMMERCIAL_SRC","GVWR","CARRIER_NAME","CARRIER_STATE","CARRIER_CITY","HAZMAT_PLACARDS_I","HAZMAT_NAME","UN_NO","HAZMAT_PRESENT_I","HAZMAT_REPORT_I","HAZMAT_REPORT_NO","MCS_REPORT_I","MCS_REPORT_NO","HAZMAT_VIO_CAUSE_CRASH_I","MCS_VIO_CAUSE_CRASH_I","IDOT_PERMIT_NO","WIDE_LOAD_I","TRAILER1_WIDTH","TRAILER2_WIDTH","TRAILER1_LENGTH","TRAILER2_LENGTH","TOTAL_VEHICLE_LENGTH","AXLE_CNT","VEHICLE_CONFIG","CARGO_BODY_TYPE","LOAD_TYPE","HAZMAT_OUT_OF_SERVICE_I","MCS_OUT_OF_SERVICE_I","HAZMAT_CLASS"
"609106","0c3a3fc69868dc4c63705544fcab0b5b57a85e17c4bab6941da2f0aca4c8d9603f62437ca6b19a822771dea82b1540d560b1df1e080cd23b48f1a1e2480f48e2","JC195702","03/22/2019 05:24:00 PM","1","DRIVER",NULL,"580453.0",NULL,"TOYOTA MOTOR COMPANY, LTD.","CAMRY","IL","2016.0","UNKNOWN","PASSENGER","PERSONAL","S","STRAIGHT AHEAD",NULL,NULL,"1.0",NULL,NULL,NULL,NULL,"Y",NULL,NULL,NULL,NULL,NULL,NULL,"Y",NULL,NULL,NULL,NULL,NULL,"FRONT",NULL,NULL,NULL,NULL,NULL,NULL,NULL,NULL,NULL,NULL,NULL,NULL,NULL,NULL,NULL,NULL,NULL,NULL,NULL,NULL,NULL,NULL,NULL,NULL,NULL,NULL,NULL,NULL,NULL,NULL,NULL,NULL,NULL
"609191","761e955903c0963920fe4b9eb38eb5e4027bd491a1d1a7e7c4342240e614a9b5b9931c5a37ec077aa34248f4ca3f23801c0678616ea9c30cad041afcd48baf8a","JC195854","03/22/2019 05:00:00 PM","2","DRIVER",NULL,"580533.0",NULL,"TOYOTA MOTOR COMPANY, LTD.","CAMRY","IL","2015.0","OTHER","PASSENGER","PERSONAL","UNKNOWN","STRAIGHT AHEAD",NULL,NULL,"1.0",NULL,NULL,NULL,NULL,NULL,"N","Y","Y","Y",NULL,NULL,NULL,NULL,NULL,NULL,NULL,NULL,"REAR-RIGHT",NULL,NULL,NULL,NULL,NULL,NULL,NULL,NULL,NULL,NULL,NULL,NULL,NULL,NULL,NULL,NULL,NULL,NULL,NULL,NULL,NULL,NULL,NULL,NULL,NULL,NULL,NULL,NULL,NULL,NULL,NULL,NULL,NULL
"609208","82dd40c3829e3ea80c5602c0742948b231d602d61b012154529447fd49fa36c0f91a3fdbe2b4559ef162fcd937b2570c2e3943c891b3cada01c9ecf210eb5dd1","JC195862","03/22/2019 06:30:00 PM","1","DRIVER",NULL,"580556.0",NULL,"LEXUS","UNKNOWN",NULL,"2016.0","NONE","SPORT UTILITY VEHICLE (SUV)","PERSONAL","W","STRAIGHT AHEAD",NULL,NULL,"1.0",NULL,NULL,NULL,NULL,NULL,"Y",NULL,NULL,NULL,NULL,NULL,NULL,NULL,NULL,NULL,NULL,NULL,"FRONT-RIGHT",NULL,NULL,NULL,NULL,NULL,NULL,NULL,NULL,NULL,NULL,NULL,NULL,NULL,NULL,NULL,NULL,NULL,NULL,NULL,NULL,NULL,NULL,NULL,NULL,NULL,NULL,NULL,NULL,NULL,NULL,NULL,NULL,NULL
"609631","a3b60f22d146c0153b35f3fac190e71087ba888465e0e359793c64194856307138f1f20b1139bb36d5e35d1e6cd23744d39c06f748c62eb03234cb0dffbbc7c1","JC196572","03/23/2019 02:35:00 AM","1","DRIVER",NULL,"580951.0",NULL,"NISSAN","VERSA","IL","2012.0","UNKNOWN","UNKNOWN/NA","UNKNOWN/NA","UNKNOWN","BACKING",NULL,NULL,"1.0",NULL,NULL,NULL,NULL,"Y","Y",NULL,NULL,NULL,NULL,NULL,"Y",NULL,NULL,NULL,NULL,NULL,"REAR",NULL,NULL,NULL,NULL,NULL,NULL,NULL,NULL,NULL,NULL,NULL,NULL,NULL,NULL,NULL,NULL,NULL,NULL,NULL,NULL,NULL,NULL,NULL,NULL,NULL,NULL,NULL,NULL,NULL,NULL,NULL,NULL,NULL
"609776","6191532fc5b16954c1cca4b876770811e15ed11ba15be376a3233e4c8255cb6b73c495166e5fc8aa9776cb6bd7d77f9a1be852321ebffff13c01e64d27c9c07d","JC196814","03/23/2019 02:50:00 PM","1","DRIVER",NULL,"581085.0",NULL,"TOYOTA MOTOR COMPANY, LTD.","CAMRY","IL","2014.0","NONE","PASSENGER","TAXI/FOR HIRE","S","STRAIGHT AHEAD",NULL,NULL,"1.0",NULL,NULL,NULL,NULL,NULL,NULL,NULL,NULL,NULL,NULL,NULL,NULL,NULL,NULL,NULL,NULL,"Y","FRONT-RIGHT",NULL,NULL,NULL,NULL,NULL,NULL,NULL,NULL,NULL,NULL,NULL,NULL,NULL,NULL,NULL,NULL,NULL,NULL,NULL,NULL,NULL,NULL,NULL,NULL,NULL,NULL,NULL,NULL,NULL,NULL,NULL,NULL,NULL
"609991","5fea68b56e12413ccd0292dbbdc24ea694614310f279dff2d05b5bf905ccb7af05d4718205eef5d87d34b28f7d27271290439593a224e75cebfd96d6b8114251","JC197148","03/23/2019 06:02:00 PM","1","DRIVER",NULL,"581289.0",NULL,"VOLKSWAGEN","VOLKSWAGEN","IL","2017.0","UNKNOWN","PASSENGER","PERSONAL","UNKNOWN","BACKING",NULL,NULL,"1.0",NULL,NULL,NULL,NULL,NULL,NULL,NULL,"Y","Y","Y",NULL,NULL,NULL,NULL,NULL,NULL,NULL,"REAR",NULL,NULL,NULL,NULL,NULL,NULL,NULL,NULL,NULL,NULL,NULL,NULL,NULL,NULL,NULL,NULL,NULL,NULL,NULL,NULL,NULL,NULL,NULL,NULL,NULL,NULL,NULL,NULL,NULL,NULL,NULL,NULL,NULL
"610625","a380c082b0ccf848e9444185f2a08ef6ca02d30a80324faba0e671eec4ba159b828c39d37162378d2b5a4ab5c42d2c1c32baaf8d2f5dbcd6a38786c98ecd218b","JC198210","03/24/2019 07:36:00 PM","2","DRIVER","1.0","581873.0",NULL,"FORD","EXPLORER","IL","2018.0","NONE","SPORT UTILITY VEHICLE (SUV)","POLICE","E","SLOW/STOP IN TRAFFIC",NULL,NULL,"2.0",NULL,NULL,NULL,NULL,NULL,NULL,NULL,NULL,"Y",NULL,NULL,NULL,NULL,NULL,NULL,NULL,NULL,"REAR",NULL,NULL,NULL,NULL,NULL,NULL,NULL,NULL,NULL,NULL,NULL,NULL,NULL,NULL,NULL,NULL,NULL,NULL,NULL,NULL,NULL,NULL,NULL,NULL,NULL,NULL,NULL,NULL,NULL,NULL,NULL,NULL,NULL
"611279","52e9c633a9d4a156c73da36e64faab2241a2dbd5df5f2bb5870599886acbcc5ac5aa27ca234d7c25e899a0d1bb81196d53927c46ded792597d65e4fdb465e0ad","JC199297","03/25/2019 04:00:00 PM","2","PARKED",NULL,"582494.0",NULL,"CHRYSLER","200","IL","2016.0","NONE","PASSENGER","PERSONAL","W","PARKED",NULL,NULL,"0.0",NULL,NULL,NULL,NULL,NULL,NULL,NULL,"Y",NULL,NULL,NULL,NULL,NULL,NULL,NULL,NULL,NULL,"REAR-RIGHT",NULL,NULL,NULL,NULL,NULL,NULL,NULL,NULL,NULL,NULL,NULL,NULL,NULL,NULL,NULL,NULL,NULL,NULL,NULL,NULL,NULL,NULL,NULL,NULL,NULL,NULL,NULL,NULL,NULL,NULL,NULL,NULL,NULL
"611294","e4bf588c1caa837297d468587e19e0caed078ca9cd09d12403a43528a398b1c93112ad9ed4ac1f60cd235b781be9be197f62d5779b5f90958ded8567eebbae49","JC199390","03/25/2019 05:48:00 PM","2","DRIVER",NULL,"582509.0",NULL,"CHEVROLET","CHEVROLET-TRUCK,VAN,SUV,ETC","IN","2016.0","NONE","SPORT UTILITY VEHICLE (SUV)","PERSONAL","N","SLOW/STOP IN TRAFFIC",NULL,NULL,"1.0",NULL,NULL,NULL,NULL,"Y","Y",NULL,NULL,NULL,NULL,NULL,"Y",NULL,NULL,NULL,NULL,NULL,"FRONT",NULL,NULL,NULL,NULL,NULL,NULL,NULL,NULL,NULL,NULL,NULL,NULL,NULL,NULL,NULL,NULL,NULL,NULL,NULL,NULL,NULL,NULL,NULL,NULL,NULL,NULL,NULL,NULL,NULL,NULL,NULL,NULL,NULL
"611665","1cc3d9e83061e1dc04d8d17022ee108b6216575ecba1ee8922610cda0161c953d780b8470a4cbebd8f317cdab98c440e637bcf18d9335b2a8a9cc489354b8805","JC199840","03/26/2019 07:10:00 AM","2","DRIVER",NULL,"582841.0",NULL,"FORD","ESCAPE (SUV)","IL","2014.0","NONE","SPORT UTILITY VEHICLE (SUV)","UNKNOWN/NA","E","SLOW/STOP IN TRAFFIC",NULL,NULL,"1.0",NULL,NULL,NULL,NULL,NULL,NULL,NULL,NULL,"Y",NULL,NULL,NULL,NULL,NULL,NULL,NULL,NULL,"REAR",NULL,NULL,NULL,NULL,NULL,NULL,NULL,NULL,NULL,NULL,NULL,NULL,NULL,NULL,NULL,NULL,NULL,NULL,NULL,NULL,NULL,NULL,NULL,NULL,NULL,NULL,NULL,NULL,NULL,NULL,NULL,NULL,NULL
"611801","f8464b396baa714007c76292d984eed1a6cdc5245743602252c9c7819633e554630f2d6df92d047582c6edad38722c9433169cac035877181f2853f83ddd053d","JC200227","03/26/2019 12:45:00 PM","1","DRIVER",NULL,"582983.0",NULL,"TOYOTA MOTOR COMPANY, LTD.","CAMRY","IL","2015.0","NONE","PASSENGER","PERSONAL","N","STRAIGHT AHEAD",NULL,NULL,"1.0",NULL,NULL,NULL,NULL,NULL,"Y",NULL,NULL,NULL,NULL,NULL,NULL,NULL,NULL,NULL,NULL,NULL,"FRONT-RIGHT",NULL,NULL,NULL,NULL,NULL,NULL,NULL,NULL,NULL,NULL,NULL,NULL,NULL,NULL,NULL,NULL,NULL,NULL,NULL,NULL,NULL,NULL,NULL,NULL,NULL,NULL,NULL,NULL,NULL,NULL,NULL,NULL,NULL
"611964","74224b00f8993a4e67df8eb0547b4e093abdb9002ee472b670d7c4e92f777d4cf53a2f471a89eb5e60b089335d1c4ee901bcc969b3db9ddd4cd0f52f2c090812","JC200565","03/26/2019 12:30:00 PM","2","DRIVER",NULL,"583142.0",NULL,"CHEVROLET","MALIBU (CHEVELLE)","IL","2013.0","UNKNOWN","PASSENGER","PERSONAL","S","STRAIGHT AHEAD",NULL,NULL,"1.0",NULL,NULL,NULL,NULL,NULL,NULL,NULL,NULL,NULL,"Y","Y","Y",NULL,NULL,NULL,NULL,NULL,"SIDE-LEFT",NULL,NULL,NULL,NULL,NULL,NULL,NULL,NULL,NULL,NULL,NULL,NULL,NULL,NULL,NULL,NULL,NULL,NULL,NULL,NULL,NULL,NULL,NULL,NULL,NULL,NULL,NULL,NULL,NULL,NULL,NULL,NULL,NULL
"612511","f568622535915c81e32b649ee0e75a0d448e92695b6daad3e4b86e3457909644e28d5949537a1f7b2295ca1c2c3e37c24e541e11876dbc252f0b952221cf3019","JC201608","03/27/2019 01:50:00 PM","2","DRIVER",NULL,"583668.0",NULL,"HYUNDAI","TUCSON","IL","2015.0","NONE","SPORT UTILITY VEHICLE (SUV)","PERSONAL","S","SLOW/STOP IN TRAFFIC",NULL,NULL,"1.0",NULL,NULL,NULL,NULL,"Y","Y",NULL,"Y","Y","Y",NULL,"Y",NULL,NULL,NULL,NULL,NULL,"REAR",NULL,NULL,NULL,NULL,NULL,NULL,NULL,NULL,NULL,NULL,NULL,NULL,NULL,NULL,NULL,NULL,NULL,NULL,NULL,NULL,NULL,NULL,NULL,NULL,NULL,NULL,NULL,NULL,NULL,NULL,NULL,NULL,NULL
"612590","08601725f966667ba7aa363110bcde8c26b1aee56110d2ffab9e79e92f2cd5edd0b6d2f8956f7d7a0092b472d5fb78a7cc0dbfa992a3108ed95a886dc653c06d","JC201749","03/27/2019 03:15:00 PM","2","DRIVER",NULL,"583750.0",NULL,"HONDA","CIVIC","IL","2010.0","NONE","PASSENGER","PERSONAL","SE","TURNING LEFT",NULL,NULL,"1.0",NULL,NULL,NULL,NULL,NULL,NULL,NULL,NULL,NULL,"Y",NULL,NULL,NULL,NULL,NULL,NULL,NULL,"REAR-LEFT",NULL,NULL,NULL,NULL,NULL,NULL,NULL,NULL,NULL,NULL,NULL,NULL,NULL,NULL,NULL,NULL,NULL,NULL,NULL,NULL,NULL,NULL,NULL,NULL,NULL,NULL,NULL,NULL,NULL,NULL,NULL,NULL,NULL
"612823","275e591e82074a43be7392cc593b25a4b2493f043bd07bd69e2859356ecee2631e3b9985f97df4617c5ef9903cff49241643f14044d0d01ec45fde5616217c80","JC202168","03/27/2019 08:30:00 PM","2","PARKED",NULL,"583963.0",NULL,"CHEVROLET","UNKNOWN","IL","2013.0","UNKNOWN","PASSENGER","PERSONAL","E","PARKED",NULL,NULL,"0.0",NULL,NULL,NULL,NULL,NULL,NULL,NULL,NULL,"Y",NULL,NULL,NULL,NULL,NULL,NULL,NULL,NULL,"REAR",NULL,NULL,NULL,NULL,NULL,NULL,NULL,NULL,NULL,NULL,NULL,NULL,NULL,NULL,NULL,NULL,NULL,NULL,NULL,NULL,NULL,NULL,NULL,NULL,NULL,NULL,NULL,NULL,NULL,NULL,NULL,NULL,NULL
"613053","891a49e8bf9aa0a82868ba8380135845616526ac550350dfb0a55f5d1c91a1a27017af2ff5d304a6500b8f818cb3f84d03c87e21b4c8c2824641147c7609f4c4","JC202469","03/28/2019 07:45:00 AM","1","DRIVER",NULL,"584193.0",NULL,"UNKNOWN","UNKNOWN","IL","2017.0","NONE","BUS OVER 15 PASS.","SCHOOL BUS","S","SLOW/STOP IN TRAFFIC",NULL,NULL,"1.0",NULL,NULL,NULL,NULL,"N",NULL,NULL,NULL,NULL,NULL,NULL,NULL,NULL,NULL,NULL,"Y",NULL,"OTHER",NULL,NULL,NULL,NULL,NULL,NULL,NULL,NULL,NULL,NULL,NULL,NULL,NULL,NULL,NULL,NULL,NULL,NULL,NULL,NULL,NULL,NULL,NULL,NULL,NULL,NULL,NULL,NULL,NULL,NULL,NULL,NULL,NULL
"613328","666a5bb29b7a15551410c06a3550278bfa9ecd4122eaef0dc3ea872dfae11f9b9b59482896fedd7711286115f37a6a8ac7340ae1db15e87e3e050122c67c3097","JC203215","03/28/2019 11:55:00 AM","1","DRIVER",NULL,"584448.0",NULL,"KIA MOTORS CORP","UNKNOWN","IL","2018.0","NONE","PASSENGER","PERSONAL","N","STRAIGHT AHEAD",NULL,NULL,"1.0",NULL,NULL,NULL,NULL,NULL,"Y",NULL,NULL,NULL,NULL,NULL,NULL,NULL,NULL,NULL,NULL,NULL,"FRONT-RIGHT",NULL,NULL,NULL,NULL,NULL,NULL,NULL,NULL,NULL,NULL,NULL,NULL,NULL,NULL,NULL,NULL,NULL,NULL,NULL,NULL,NULL,NULL,NULL,NULL,NULL,NULL,NULL,NULL,NULL,NULL,NULL,NULL,NULL
"613405","87f444a41a91b45a28f5b0f89d40b7637fa008ffbd7d7564aa68b8deb92c7c252b8bf331e2840ed3ee6d9bf07ffeba777478afd17d107c07cbdf003d92565b2b","JC203362","03/28/2019 06:45:00 PM","1","DRIVER",NULL,"584526.0",NULL,"FORD","FUSION","IL","2015.0","NONE","PASSENGER","PERSONAL","W","STRAIGHT AHEAD",NULL,NULL,"1.0",NULL,NULL,NULL,NULL,"Y","Y","Y",NULL,NULL,NULL,NULL,NULL,NULL,NULL,NULL,NULL,NULL,"FRONT-RIGHT",NULL,NULL,NULL,NULL,NULL,NULL,NULL,NULL,NULL,NULL,NULL,NULL,NULL,NULL,NULL,NULL,NULL,NULL,NULL,NULL,NULL,NULL,NULL,NULL,NULL,NULL,NULL,NULL,NULL,NULL,NULL,NULL,NULL
"613722","097704d02e1502a8c8277250a65dc1e86abf7dc343c97f2fc64747e2e71f87efca652a26f6e30fc6a06ac77333be07e9694cf4c6669db3b38c25a92f77a7a173","JC203937","03/29/2019 10:15:00 AM","1","DRIVER",NULL,"584833.0",NULL,"VOLKSWAGEN","RABBIT","IL","2009.0","UNKNOWN","PASSENGER","PERSONAL","E","BACKING",NULL,NULL,"1.0",NULL,NULL,NULL,NULL,NULL,NULL,NULL,"Y",NULL,NULL,NULL,NULL,NULL,NULL,NULL,NULL,NULL,"REAR-RIGHT",NULL,NULL,NULL,NULL,NULL,NULL,NULL,NULL,NULL,NULL,NULL,NULL,NULL,NULL,NULL,NULL,NULL,NULL,NULL,NULL,NULL,NULL,NULL,NULL,NULL,NULL,NULL,NULL,NULL,NULL,NULL,NULL,NULL
"614140","4c049c122e59f2b1181f84d2ce0eeb23c69dc2667ec6c0c0b604cac214b8a7b87fcbfb7845a80a48d9d8694cf973d0db7ac308a27263deef2701d0e2e92d528e","JC204701","03/29/2019 07:45:00 PM","1","DRIVER",NULL,"585227.0",NULL,"NISSAN","SENTRA (DATSUN AND NISSAN HAVE MERGED)","IL","2011.0","UNKNOWN","PASSENGER","PERSONAL","W","TURNING LEFT","Y",NULL,"1.0",NULL,NULL,NULL,NULL,NULL,"Y","Y","Y",NULL,NULL,NULL,NULL,NULL,NULL,NULL,NULL,NULL,"SIDE-RIGHT",NULL,NULL,NULL,NULL,NULL,NULL,NULL,NULL,NULL,NULL,NULL,NULL,NULL,NULL,NULL,NULL,NULL,NULL,NULL,NULL,NULL,NULL,NULL,NULL,NULL,NULL,NULL,NULL,NULL,NULL,NULL,NULL,NULL
"614372","4865afa61e0aea9f3174ef5b1d290ae180e62f107011903cf31f45d29cc512ff43a99bbe7d125e5db4a988578ced836d03dc2df2f71c648d4ae20a38f903a73f","JC204107","03/29/2019 11:55:00 AM","1","DRIVER",NULL,"585433.0","Y","FREIGHTLINER CORP.","FREIGHTLINER CORP.","KY","2017.0","UNKNOWN","TRACTOR W/ SEMI-TRAILER","OTHER","S","STRAIGHT AHEAD",NULL,NULL,"1.0",NULL,NULL,NULL,NULL,NULL,NULL,NULL,NULL,NULL,NULL,NULL,NULL,"Y",NULL,NULL,NULL,NULL,"ROOF","6232.0","1054001",NULL,NULL,"LOG BOOK","80000","CORETRANS LLC","KY","SOMERSET",NULL,NULL,NULL,"N","N",NULL,"N",NULL,"N","N",NULL,NULL,"0-96",NULL,"51.0",NULL,"63.0","5.0","TRACTOR/SEMI-TRAILER","VAN/ENCLOSED BOX","OTHER","N","N",NULL
"614525","6482972dbec66696dd756cec706d73b517eba3a288b38792209b03c4248180b4fe1332b5ccd71699db71221f8912ac5f2a8de8361b48c82401a582222c850f42","JC204953","03/30/2019 02:25:00 AM","1","DRIVER",NULL,"585564.0",NULL,"NISSAN","VERSA","IL","2008.0","UNKNOWN","PASSENGER","UNKNOWN/NA","N","STRAIGHT AHEAD","Y",NULL,"1.0",NULL,"tbd","city pound",NULL,"Y",NULL,NULL,NULL,NULL,NULL,NULL,"Y",NULL,NULL,NULL,NULL,NULL,"FRONT-LEFT",NULL,NULL,NULL,NULL,NULL,NULL,NULL,NULL,NULL,NULL,NULL,NULL,NULL,NULL,NULL,NULL,NULL,NULL,NULL,NULL,NULL,NULL,NULL,NULL,NULL,NULL,NULL,NULL,NULL,NULL,NULL,NULL,NULL
"614541","18a4098c9d27237e1d97c791686166e1983bd103da8ac0dfd8615bab2c847bd37d64e979bb9b4dca280e68655989f2005e55525edfe53b4f02c318967fa12a46","JC205315","03/29/2019 04:00:00 PM","1","DRIVER",NULL,"585588.0",NULL,"KIA MOTORS CORP","SOUL","IL","2015.0","NONE","PASSENGER","PERSONAL","E","U-TURN",NULL,NULL,"1.0",NULL,NULL,NULL,NULL,NULL,NULL,NULL,NULL,NULL,NULL,NULL,"Y",NULL,NULL,NULL,NULL,NULL,"FRONT-LEFT",NULL,NULL,NULL,NULL,NULL,NULL,NULL,NULL,NULL,NULL,NULL,NULL,NULL,NULL,NULL,NULL,NULL,NULL,NULL,NULL,NULL,NULL,NULL,NULL,NULL,NULL,NULL,NULL,NULL,NULL,NULL,NULL,NULL
"614729","a025a93f5d7c294ba6f4dfb799cd1353fadc34396f4d9d754337b1ecef68ea3e2054155dbacc366c874183ee41fb76d18c36df2e3a7f55c0da495de23962c9b3","JC205582","03/30/2019 03:45:00 PM","2","PARKED",NULL,"585767.0",NULL,"TOYOTA MOTOR COMPANY, LTD.","CAMRY","IL","2012.0","NONE","PASSENGER","TAXI/FOR HIRE","W","PARKED",NULL,NULL,"0.0",NULL,NULL,NULL,NULL,NULL,NULL,NULL,NULL,NULL,NULL,NULL,"Y",NULL,NULL,NULL,NULL,NULL,"FRONT-LEFT",NULL,NULL,NULL,NULL,NULL,NULL,NULL,NULL,NULL,NULL,NULL,NULL,NULL,NULL,NULL,NULL,NULL,NULL,NULL,NULL,NULL,NULL,NULL,NULL,NULL,NULL,NULL,NULL,NULL,NULL,NULL,NULL,NULL
"614767","6dd4f9eceb83522f7d52c1500bd76f1c34490e66be89176cb3e3429e8900c96dce5ba568300c7dd72d6bb63b56a220604825d667d3c247535abd8a731b9fcaf9","JC205593","03/30/2019 03:55:00 PM","2","DRIVER","1.0","585822.0",NULL,"TOYOTA MOTOR COMPANY, LTD.","CAMRY","IL","2012.0","NONE","PASSENGER","PERSONAL","E","STRAIGHT AHEAD",NULL,NULL,"2.0",NULL,NULL,NULL,NULL,NULL,NULL,NULL,"Y",NULL,NULL,NULL,NULL,NULL,NULL,NULL,NULL,NULL,"REAR-RIGHT",NULL,NULL,NULL,NULL,NULL,NULL,NULL,NULL,NULL,NULL,NULL,NULL,NULL,NULL,NULL,NULL,NULL,NULL,NULL,NULL,NULL,NULL,NULL,NULL,NULL,NULL,NULL,NULL,NULL,NULL,NULL,NULL,NULL
"615233","963ce2fc5b65799c80cdb3baa0c2af2671ae5eba1c890abd286487d24f9737700097f9cfae8b4d3f4ecf6c24f24bb4ac454060d9c3c408da4bed9cc6b0e7b07e","JC206515","03/31/2019 12:45:00 PM","2","DRIVER",NULL,"586258.0",NULL,"CHEVROLET","CRUZE","IL","2015.0","UNKNOWN","PASSENGER","PERSONAL","N","SLOW/STOP IN TRAFFIC",NULL,NULL,"1.0",NULL,NULL,NULL,NULL,NULL,NULL,NULL,NULL,NULL,"Y",NULL,NULL,NULL,NULL,NULL,NULL,NULL,"REAR-LEFT",NULL,NULL,NULL,NULL,NULL,NULL,NULL,NULL,NULL,NULL,NULL,NULL,NULL,NULL,NULL,NULL,NULL,NULL,NULL,NULL,NULL,NULL,NULL,NULL,NULL,NULL,NULL,NULL,NULL,NULL,NULL,NULL,NULL
"615620","ce20a65b8d5e99bf2bb1a00cec2e79408322113ce2ef9ca6ed148c49c8cb31cdd22900d8fbc87937be08b6f781556246fcb8e0381df0ff7334812cbdda0c6cf3","JC207322","04/01/2019 07:40:00 AM","1","DRIVER",NULL,"586626.0",NULL,"LEXUS","GX460","IL","2010.0","UNKNOWN","SPORT UTILITY VEHICLE (SUV)","UNKNOWN/NA","W","STRAIGHT AHEAD",NULL,NULL,"1.0",NULL,NULL,NULL,NULL,"Y","Y",NULL,NULL,NULL,NULL,NULL,"Y",NULL,NULL,NULL,NULL,NULL,"FRONT",NULL,NULL,NULL,NULL,NULL,NULL,NULL,NULL,NULL,NULL,NULL,NULL,NULL,NULL,NULL,NULL,NULL,NULL,NULL,NULL,NULL,NULL,NULL,NULL,NULL,NULL,NULL,NULL,NULL,NULL,NULL,NULL,NULL
"615703","20b4c6c05e40b8bed53159dc19250a8e192f67c652d5c3815e6b83790dc3de69253fb53cfc14660594d62b185b01afc8263d90b2e5fae2d2ec9541e5d004cc9d","JC207449","04/01/2019 08:25:00 AM","1","DRIVER",NULL,"586704.0",NULL,"MITSUBISHI","UNKNOWN","IL","2009.0","NONE","PASSENGER","PERSONAL","W","STRAIGHT AHEAD",NULL,NULL,"1.0",NULL,NULL,NULL,NULL,"Y",NULL,NULL,NULL,NULL,NULL,NULL,NULL,NULL,NULL,NULL,NULL,NULL,"FRONT",NULL,NULL,NULL,NULL,NULL,NULL,NULL,NULL,NULL,NULL,NULL,NULL,NULL,NULL,NULL,NULL,NULL,NULL,NULL,NULL,NULL,NULL,NULL,NULL,NULL,NULL,NULL,NULL,NULL,NULL,NULL,NULL,NULL
"615795","3a37c98e9e3ec11c278a4637899c649e5b508783ffea64fa34745456471f22da2e0ed67e4ef8f17fe00bcb1d0f381ef07d5e42063e4f9102094dff0667c17cbc","JC207583","04/01/2019 11:52:00 AM","2","DRIVER",NULL,"586793.0",NULL,"JEEP","Grand Cherokee (for vehicle years 1989 to present)","IL","2008.0","NONE","SPORT UTILITY VEHICLE (SUV)","PERSONAL","N","STRAIGHT AHEAD","Y",NULL,"1.0",NULL,"PRIVATE TOW","UNK",NULL,"Y",NULL,NULL,NULL,NULL,NULL,NULL,"Y",NULL,NULL,NULL,NULL,NULL,"FRONT-LEFT",NULL,NULL,NULL,NULL,NULL,NULL,NULL,NULL,NULL,NULL,NULL,NULL,NULL,NULL,NULL,NULL,NULL,NULL,NULL,NULL,NULL,NULL,NULL,NULL,NULL,NULL,NULL,NULL,NULL,NULL,NULL,NULL,NULL
"616040","31536b5d8f08624616a0d9f5933c7e31ee7ff49671534772fe77711ac69673abbec922ae0c4721dba186d38fdb86a7140844bba3e133ea48398b0c0bc7c56e57","JC208060","04/01/2019 05:50:00 PM","2","DRIVER",NULL,"587023.0",NULL,"NEW FLYER","NEW FLYER","IL","2012.0","NONE","BUS OVER 15 PASS.","CTA","N","SLOW/STOP IN TRAFFIC",NULL,NULL,"1.0",NULL,NULL,NULL,NULL,NULL,NULL,NULL,NULL,NULL,NULL,NULL,"Y",NULL,NULL,NULL,NULL,NULL,"FRONT-LEFT",NULL,NULL,NULL,NULL,NULL,NULL,NULL,NULL,NULL,NULL,NULL,NULL,NULL,NULL,NULL,NULL,NULL,NULL,NULL,NULL,NULL,NULL,NULL,NULL,NULL,NULL,NULL,NULL,NULL,NULL,NULL,NULL,NULL
"616439","2377b69723d996d22293c55831dbe3e6ab458b2bd2098d13bf751a358b9b6bae8aa675884e10c4e61c6b5be48a95c1a1988cc6785b326cc4b74aeec683068ae5","JC208711","04/02/2019 09:55:00 AM","1","DRIVER",NULL,"587390.0",NULL,"HYUNDAI","ELANTRA","IL","2017.0","NONE","PASSENGER","PERSONAL","SE","SLOW/STOP IN TRAFFIC",NULL,NULL,"1.0",NULL,NULL,NULL,NULL,NULL,"Y",NULL,NULL,NULL,NULL,NULL,NULL,NULL,NULL,NULL,NULL,NULL,"FRONT-RIGHT",NULL,NULL,NULL,NULL,NULL,NULL,NULL,NULL,NULL,NULL,NULL,NULL,NULL,NULL,NULL,NULL,NULL,NULL,NULL,NULL,NULL,NULL,NULL,NULL,NULL,NULL,NULL,NULL,NULL,NULL,NULL,NULL,NULL