"CRASH_UNIT_ID","CRASH_RECORD_ID","RD_NO","CRASH_DATE","UNIT_NO","UNIT_TYPE","NUM_PASSENGERS","VEHICLE_ID","CMRC_VEH_I","MAKE","MODEL","LIC_PLATE_STATE","VEHICLE_YEAR","VEHICLE_DEFECT","VEHICLE_TYPE","VEHICLE_USE","TRAVEL_DIRECTION","MANEUVER","TOWED_I","FIRE_I","OCCUPANT_CNT","EXCEED_SPEED_LIMIT_I","TOWED_BY","TOWED_TO","AREA_00_I","AREA_01_I","AREA_02_I","AREA_03_I","AREA_04_I","AREA_05_I","AREA_06_I","AREA_07_I","AREA_08_I","AREA_09_I","AREA_10_I","AREA_11_I","AREA_12_I","AREA_99_I","FIRST_CONTACT_POINT","CMV_ID","USDOT_NO","CCMC_NO","ILCC_NO","COMMERCIAL_SRC","GVWR","CARRIER_NAME","CARRIER_STATE","CARRIER_CITY","HAZMAT_PLACARDS_I","HAZMAT_NAME","UN_NO","HAZMAT_PRESENT_I","HAZMAT_REPORT_I","HAZMAT_REPORT_NO","MCS_REPORT_I","MCS_REPORT_NO","HAZMAT_VIO_CAUSE_CRASH_I","MCS_VIO_CAUSE_CRASH_I","IDOT_PERMIT_NO","WIDE_LOAD_I","TRAILER1_WIDTH","TRAILER2_WIDTH","TRAILER1_LENGTH","TRAILER2_LENGTH","TOTAL_VEHICLE_LENGTH","AXLE_CNT","VEHICLE_CONFIG","CARGO_BODY_TYPE","LOAD_TYPE","HAZMAT_OUT_OF_SERVICE_I","MCS_OUT_OF_SERVICE_I","HAZMAT_CLASS"
"632730","e39f79d254d3d418312d01a9acf2003b4542f2f35117433674f3480320ecee24e42e837e69ae7786ce7443df73626b017452c80c03626d02258e12fca9b3fbe1","JC238531","04/25/2019 02:00:00 PM","2","PARKED",NULL,"602698.0",NULL,"NISSAN","NISSAN ALTIMA","IL","2015.0","UNKNOWN","PASSENGER","PERSONAL","S","PARKED",NULL,NULL,"0.0",NULL,NULL,NULL,NULL,"Y","Y",NULL,NULL,NULL,NULL,NULL,NULL,NULL,NULL,NULL,NULL,NULL,"FRONT",NULL,NULL,NULL,NULL,NULL,NULL,NULL,NULL,NULL,NULL,NULL,NULL,NULL,NULL,NULL,NULL,NULL,NULL,NULL,NULL,NULL,NULL,NULL,NULL,NULL,NULL,NULL,NULL,NULL,NULL,NULL,NULL,NULL
"632899","e1e9c839211a7f609ac6207ed9aeafe95d2b95b86bc59e69d282715dcf5e5ed70a639d852c749c1d7f352ba5545760bea2d7b079c6cbb155b9503808aea726b6","JC238836","04/26/2019 08:25:00 AM","2","PARKED",NULL,"602859.0",NULL,"SATURN","ASTRA","IL","2008.0","NONE","PASSENGER","PERSONAL","S","PARKED","Y",NULL,"0.0",NULL,"UNKNOWN","UNKNOWN",NULL,NULL,NULL,NULL,NULL,NULL,NULL,NULL,NULL,"Y","Y","Y",NULL,NULL,"UNDER CARRIAGE",NULL,NULL,NULL,NULL,NULL,NULL,NULL,NULL,NULL,NULL,NULL,NULL,NULL,NULL,NULL,NULL,NULL,NULL,NULL,NULL,NULL,NULL,NULL,NULL,NULL,NULL,NULL,NULL,NULL,NULL,NULL,NULL,NULL
"633105","31bec6f583cdb3d231f5a180b743f7269c61c40b9c616baa502e67c8e1a5a4b8d6048d7c03c337a8838e71099aaa21acdad2413fa5f97000d5d4ca59fc0ed79b","JC239182","04/25/2019 09:50:00 PM","2","DRIVER",NULL,"603023.0",NULL,"HYUNDAI","ELANTRA","IL","2013.0","UNKNOWN","PASSENGER","PERSONAL","N","STRAIGHT AHEAD",NULL,NULL,"1.0",NULL,NULL,NULL,NULL,NULL,NULL,NULL,NULL,NULL,NULL,NULL,NULL,NULL,NULL,NULL,"Y",NULL,"OTHER",NULL,NULL,NULL,NULL,NULL,NULL,NULL,NULL,NULL,NULL,NULL,NULL,NULL,NULL,NULL,NULL,NULL,NULL,NULL,NULL,NULL,NULL,NULL,NULL,NULL,NULL,NULL,NULL,NULL,NULL,NULL,NULL,NULL
"633260","52a654c4b2e53e6887e194e326387b83809771a59a60ad51f28686ed6fb3d0c7bb59651037ddcb841c87433dab2ff1cfcc44bf0cc6791edfa2c6b33b82444792","JC239376","04/26/2019 03:21:00 PM","1","DRIVER","1.0","603206.0",NULL,"CHEVROLET","IMPALA","IL","2013.0","NONE","PASSENGER","PERSONAL","N","STRAIGHT AHEAD",NULL,NULL,"2.0",NULL,NULL,NULL,NULL,NULL,NULL,NULL,NULL,NULL,NULL,NULL,NULL,NULL,NULL,NULL,"Y",NULL,"OTHER",NULL,NULL,NULL,NULL,NULL,NULL,NULL,NULL,NULL,NULL,NULL,NULL,NULL,NULL,NULL,NULL,NULL,NULL,NULL,NULL,NULL,NULL,NULL,NULL,NULL,NULL,NULL,NULL,NULL,NULL,NULL,NULL,NULL
"633281","26eb172d5aeca871b8ea7ed6e52a3fa96da59408c2d37412b2b7d56669d1e67fbf4800c4a2a9a439cb312bcef2b07d6d9c29012132e40e7096f0c3e2fda0bf49","JC239435","04/26/2019 04:21:00 PM","1","DRIVER",NULL,"603207.0","N","UNKNOWN","UNKNOWN","IL","2014.0","NONE","BUS OVER 15 PASS.","CTA","N","STRAIGHT AHEAD",NULL,NULL,"1.0",NULL,NULL,NULL,"Y",NULL,NULL,NULL,NULL,NULL,NULL,NULL,NULL,NULL,NULL,NULL,NULL,NULL,"TOTAL (ALL AREAS)","6551.0",NULL,NULL,NULL,NULL,NULL,NULL,NULL,NULL,NULL,NULL,NULL,NULL,NULL,NULL,NULL,NULL,NULL,NULL,NULL,NULL,NULL,NULL,NULL,NULL,NULL,NULL,NULL,NULL,NULL,NULL,NULL,NULL
"633290","0fed593a4bf2cf182df9893e178e5f383c87386fdef025095e214df88e205382aad027865dc692e33d7b5f30b0724b344a4e4b55087c85b997293785de310a71","JC239417","04/26/2019 03:53:00 PM","4","DRIVER","1.0","603265.0",NULL,"CHEVROLET","MALIBU (CHEVELLE)","IL","2008.0","UNKNOWN","PASSENGER","PERSONAL","N","SLOW/STOP IN TRAFFIC",NULL,NULL,"2.0",NULL,NULL,NULL,NULL,NULL,NULL,NULL,NULL,NULL,"Y",NULL,NULL,NULL,NULL,NULL,NULL,NULL,"REAR-LEFT",NULL,NULL,NULL,NULL,NULL,NULL,NULL,NULL,NULL,NULL,NULL,NULL,NULL,NULL,NULL,NULL,NULL,NULL,NULL,NULL,NULL,NULL,NULL,NULL,NULL,NULL,NULL,NULL,NULL,NULL,NULL,NULL,NULL
"633543","2c4cfd26c99d59e5483e941711308579f26d31a6b6e84f3871b9ddf780f729e09dfae49c8843bfea3dd07910e0fce73ec929021109d0c9aca300a5603114a111","JC239791","04/26/2019 07:50:00 PM","2","DRIVER",NULL,"603460.0",NULL,"RANGE ROVER OF NORTH AMERICA","RANGE ROVER OF NORTH AMERICA","IL","2018.0","NONE","SPORT UTILITY VEHICLE (SUV)","PERSONAL","N","STRAIGHT AHEAD",NULL,NULL,"1.0",NULL,NULL,NULL,NULL,NULL,NULL,NULL,NULL,"Y",NULL,NULL,NULL,NULL,NULL,NULL,NULL,NULL,"REAR",NULL,NULL,NULL,NULL,NULL,NULL,NULL,NULL,NULL,NULL,NULL,NULL,NULL,NULL,NULL,NULL,NULL,NULL,NULL,NULL,NULL,NULL,NULL,NULL,NULL,NULL,NULL,NULL,NULL,NULL,NULL,NULL,NULL
"633882","1e16309d859b0bad0c99071e82c0a51ef21ff3aa32ee2e5a2837c44d81d516f022907712924a66ed893eccb6468b9af1ad628b4f497d0310417560320f8b2aa8","JC240594","04/27/2019 12:45:00 PM","1","DRIVER",NULL,"603752.0",NULL,"BMW","UNKNOWN","IL","2018.0","UNKNOWN","SPORT UTILITY VEHICLE (SUV)","PERSONAL","S","STRAIGHT AHEAD",NULL,NULL,"1.0",NULL,NULL,NULL,NULL,NULL,NULL,NULL,NULL,NULL,NULL,NULL,NULL,NULL,NULL,NULL,"Y",NULL,"OTHER",NULL,NULL,NULL,NULL,NULL,NULL,NULL,NULL,NULL,NULL,NULL,NULL,NULL,NULL,NULL,NULL,NULL,NULL,NULL,NULL,NULL,NULL,NULL,NULL,NULL,NULL,NULL,NULL,NULL,NULL,NULL,NULL,NULL
"633895","41b9ecbe05160304a04779a48715ff8c76c073d80fe800cd72fee2acfa6207243b1ed83adef5d1245c57ef0130a2fd6489e3c864aad09a324bc2baf82887ca8c","JC240596","04/27/2019 10:00:00 AM","2","PARKED",NULL,"603770.0",NULL,"FORD","UNKNOWN","IL","2018.0","UNKNOWN","VAN/MINI-VAN","NOT IN USE","E","PARKED",NULL,NULL,"0.0",NULL,NULL,NULL,NULL,NULL,NULL,NULL,NULL,NULL,NULL,"Y",NULL,NULL,NULL,NULL,NULL,NULL,"FRONT-LEFT",NULL,NULL,NULL,NULL,NULL,NULL,NULL,NULL,NULL,NULL,NULL,NULL,NULL,NULL,NULL,NULL,NULL,NULL,NULL,NULL,NULL,NULL,NULL,NULL,NULL,NULL,NULL,NULL,NULL,NULL,NULL,NULL,NULL
"633912","06bd3fea5efbff5a46a0ca6f917d1593d8f1498b84b82ac6e2e9da2478f882a8115a64d2354f7f035d91919df145ee017e8b2c11e78405b7280637ad1f6093da","JC240599","04/27/2019 01:30:00 PM","2","DRIVER","1.0","603793.0",NULL,"NISSAN","UNKNOWN","IL","2016.0","UNKNOWN","PASSENGER","PERSONAL","NW","STRAIGHT AHEAD",NULL,NULL,"2.0",NULL,NULL,NULL,NULL,NULL,NULL,NULL,NULL,NULL,"Y",NULL,NULL,NULL,NULL,NULL,NULL,NULL,"REAR-LEFT",NULL,NULL,NULL,NULL,NULL,NULL,NULL,NULL,NULL,NULL,NULL,NULL,NULL,NULL,NULL,NULL,NULL,NULL,NULL,NULL,NULL,NULL,NULL,NULL,NULL,NULL,NULL,NULL,NULL,NULL,NULL,NULL,NULL
"634068","b782221eb2e402434a7df4b7b37d8cdcf990913a9a7e6d8fffc625225cbb64c7c6dfdf1bd6a22dd57c6af45c08ab6ac94e44ebdf5948f822e11478aa6f063e77","JC240670","04/27/2019 02:22:00 PM","2","DRIVER",NULL,"603981.0",NULL,"FORD","EDGE","IL","2010.0","UNKNOWN","PASSENGER","PERSONAL","W","STRAIGHT AHEAD","Y",NULL,"1.0",NULL,"PERSONAL",NULL,NULL,"Y",NULL,NULL,NULL,NULL,NULL,NULL,NULL,NULL,NULL,"Y","Y",NULL,"OTHER",NULL,NULL,NULL,NULL,NULL,NULL,NULL,NULL,NULL,NULL,NULL,NULL,NULL,NULL,NULL,NULL,NULL,NULL,NULL,NULL,NULL,NULL,NULL,NULL,NULL,NULL,NULL,NULL,NULL,NULL,NULL,NULL,NULL
"634292","1424ec45a2f3e1eed0c7ecb1c4065b0d07081643ce24565930cabc2a61a0821cb832a0f46e178096c78c3591218ac652790e348ae9aa36f1375191cfc63cea3b","JC241103","04/27/2019 08:51:00 PM","2","DRIVER",NULL,"604169.0",NULL,"TOYOTA MOTOR COMPANY, LTD.","CAMRY","IL","2018.0","NONE","PASSENGER","PERSONAL","S","STRAIGHT AHEAD",NULL,NULL,"1.0",NULL,NULL,NULL,NULL,NULL,NULL,NULL,NULL,NULL,NULL,"Y","Y","Y",NULL,NULL,NULL,NULL,"ROOF",NULL,NULL,NULL,NULL,NULL,NULL,NULL,NULL,NULL,NULL,NULL,NULL,NULL,NULL,NULL,NULL,NULL,NULL,NULL,NULL,NULL,NULL,NULL,NULL,NULL,NULL,NULL,NULL,NULL,NULL,NULL,NULL,NULL
"634391","3b7e8e32018f9ab2316d2d69b64ef7af5c71b2aac6a0a06eca95629490fc943400bc722f90272c181baa838dbad15b66830b3bc6b8993234c70e453f339c2c3b","JC241240","04/28/2019 01:00:00 AM","2","DRIVER",NULL,"604254.0",NULL,"NISSAN","SENTRA (DATSUN AND NISSAN HAVE MERGED)","IL","2017.0","NONE","PASSENGER","RIDESHARE SERVICE","N","STRAIGHT AHEAD","Y",NULL,"1.0",NULL,"UNKNOWN","UNKNOWN",NULL,"Y","Y",NULL,NULL,NULL,NULL,NULL,NULL,NULL,NULL,NULL,NULL,NULL,"FRONT",NULL,NULL,NULL,NULL,NULL,NULL,NULL,NULL,NULL,NULL,NULL,NULL,NULL,NULL,NULL,NULL,NULL,NULL,NULL,NULL,NULL,NULL,NULL,NULL,NULL,NULL,NULL,NULL,NULL,NULL,NULL,NULL,NULL
"634728","ae12d493fa107abf65c02f8ab28ade9b43b370d75cc6f22c392463ef730d980d94a55b3e30d14a2f6278a829610c92e18a85862d9f5894fca5542a3555ebb022","JC241689","04/28/2019 02:05:00 PM","2","DRIVER",NULL,"604573.0",NULL,"KIA MOTORS CORP","Optima","IL","2016.0","NONE","PASSENGER","PERSONAL","E","STRAIGHT AHEAD",NULL,NULL,"1.0",NULL,NULL,NULL,NULL,"Y",NULL,NULL,NULL,NULL,NULL,NULL,NULL,NULL,NULL,NULL,NULL,"Y","FRONT",NULL,NULL,NULL,NULL,NULL,NULL,NULL,NULL,NULL,NULL,NULL,NULL,NULL,NULL,NULL,NULL,NULL,NULL,NULL,NULL,NULL,NULL,NULL,NULL,NULL,NULL,NULL,NULL,NULL,NULL,NULL,NULL,NULL
"634733","cf32a02b932bad841640e76bbd6d6fd4f76f63c034110a291326c694624d8da25e7b8c14b85f9a1014c21668a42156bbe7df9906a8f3add5917cf586499be72e","JC241674","04/28/2019 02:00:00 PM","1","PARKED",NULL,"604567.0",NULL,"DODGE","UNKNOWN","IL","2014.0","NONE","PASSENGER","NOT IN USE","UNKNOWN","PARKED",NULL,NULL,"0.0",NULL,NULL,NULL,NULL,NULL,NULL,NULL,NULL,NULL,NULL,"Y",NULL,NULL,NULL,NULL,NULL,NULL,"SIDE-LEFT",NULL,NULL,NULL,NULL,NULL,NULL,NULL,NULL,NULL,NULL,NULL,NULL,NULL,NULL,NULL,NULL,NULL,NULL,NULL,NULL,NULL,NULL,NULL,NULL,NULL,NULL,NULL,NULL,NULL,NULL,NULL,NULL,NULL
"635213","185a02ab66f162d2079137b0fcbf3e24a9b4c1f57d52f07dd494d163358c4a62e8d638bf4e0da7bae8a4af86c6ff0444ba62d1c5fa75af285ab27aa89367622a","JC242585","04/29/2019 09:56:00 AM","2","DRIVER",NULL,"605028.0",NULL,"BMW","BMW","IL","2011.0","NONE","PASSENGER","PERSONAL","W","LEAVING TRAFFIC LANE TO PARK",NULL,NULL,"1.0",NULL,NULL,NULL,NULL,NULL,NULL,NULL,NULL,NULL,NULL,NULL,NULL,"Y","Y","Y",NULL,NULL,"ROOF",NULL,NULL,NULL,NULL,NULL,NULL,NULL,NULL,NULL,NULL,NULL,NULL,NULL,NULL,NULL,NULL,NULL,NULL,NULL,NULL,NULL,NULL,NULL,NULL,NULL,NULL,NULL,NULL,NULL,NULL,NULL,NULL,NULL
"635342","27d76c3893cc6854ae8ee9f67a656c2968a1b5e28b7528bee01d8c5aebc07a5b74c74fd1ba5ae8874fe0f560aa0222dbf91669c1269a5da1e8a37caf52b9b788","JC242783","04/28/2019 03:15:00 PM","2","DRIVER",NULL,"605171.0",NULL,"HONDA","UNKNOWN","IL","2018.0","NONE","PASSENGER","PERSONAL","N","STRAIGHT AHEAD",NULL,NULL,"1.0",NULL,NULL,NULL,NULL,NULL,"Y","Y","Y",NULL,NULL,NULL,NULL,NULL,NULL,NULL,NULL,NULL,"SIDE-RIGHT",NULL,NULL,NULL,NULL,NULL,NULL,NULL,NULL,NULL,NULL,NULL,NULL,NULL,NULL,NULL,NULL,NULL,NULL,NULL,NULL,NULL,NULL,NULL,NULL,NULL,NULL,NULL,NULL,NULL,NULL,NULL,NULL,NULL
"635391","2ca74a0935c39678535186021903719f91f93d88f16c20b060596d5ba47813533a0397aa643c8375eabf9e29010469576f736aacf19a27d1278b5a3f620cdc79","JC242928","04/29/2019 02:00:00 PM","2","DRIVER",NULL,"605207.0",NULL,"BMW","X5","IL","2018.0","NONE","SPORT UTILITY VEHICLE (SUV)","PERSONAL","NE","STRAIGHT AHEAD",NULL,NULL,"1.0",NULL,NULL,NULL,NULL,NULL,"Y","Y",NULL,NULL,NULL,NULL,NULL,NULL,NULL,NULL,NULL,NULL,"SIDE-RIGHT",NULL,NULL,NULL,NULL,NULL,NULL,NULL,NULL,NULL,NULL,NULL,NULL,NULL,NULL,NULL,NULL,NULL,NULL,NULL,NULL,NULL,NULL,NULL,NULL,NULL,NULL,NULL,NULL,NULL,NULL,NULL,NULL,NULL
"635465","e184bae054c79362891b74986b7ffe8577460145dca7070806687897e52b0f62742bbc82bab4a5a38c832568e56fdbe29117f16609083bb1200212a657325fc4","JC243026","04/29/2019 03:15:00 PM","2","DRIVER",NULL,"605294.0",NULL,"MERCEDES-BENZ","GLK350","IL","2017.0","NONE","SPORT UTILITY VEHICLE (SUV)","PERSONAL","N","SLOW/STOP IN TRAFFIC",NULL,NULL,"1.0",NULL,NULL,NULL,NULL,NULL,NULL,NULL,NULL,"Y","Y","Y",NULL,NULL,NULL,NULL,NULL,NULL,"REAR-LEFT",NULL,NULL,NULL,NULL,NULL,NULL,NULL,NULL,NULL,NULL,NULL,NULL,NULL,NULL,NULL,NULL,NULL,NULL,NULL,NULL,NULL,NULL,NULL,NULL,NULL,NULL,NULL,NULL,NULL,NULL,NULL,NULL,NULL
"635606","48918e82dd07ff97148b93327924a5db87f961e656f7cc26ac09770347a90d5c1aa70016ae31dbf1d53e9af6b02f72bfa539b7653522577d42ad688fd628a876","JC243233","04/29/2019 06:15:00 PM","2","DRIVER",NULL,"605422.0",NULL,"NISSAN","ROGUE","IL","2016.0","NONE","PASSENGER","PERSONAL","N","SLOW/STOP IN TRAFFIC",NULL,NULL,"1.0",NULL,NULL,NULL,NULL,NULL,NULL,NULL,NULL,NULL,"Y",NULL,NULL,NULL,NULL,NULL,NULL,NULL,"REAR-LEFT",NULL,NULL,NULL,NULL,NULL,NULL,NULL,NULL,NULL,NULL,NULL,NULL,NULL,NULL,NULL,NULL,NULL,NULL,NULL,NULL,NULL,NULL,NULL,NULL,NULL,NULL,NULL,NULL,NULL,NULL,NULL,NULL,NULL
"635810","165e5b188faa83dc9d907bc14a6ea9f358120d5bd995e22e9094541fb754a7f52ebb26c3b0e17eab7781ff7389e1be3ebe5d418cd6859e8a77de3d7f9cf63bab","JC243674","04/30/2019 06:59:00 AM","1","DRIVER",NULL,"605621.0",NULL,"TOYOTA MOTOR COMPANY, LTD.","COROLLA","IL","2014.0","UNKNOWN","PASSENGER","PERSONAL","SE","STRAIGHT AHEAD",NULL,NULL,"1.0",NULL,NULL,NULL,NULL,NULL,NULL,"Y","N","N",NULL,NULL,NULL,NULL,NULL,NULL,NULL,NULL,"SIDE-RIGHT",NULL,NULL,NULL,NULL,NULL,NULL,NULL,NULL,NULL,NULL,NULL,NULL,NULL,NULL,NULL,NULL,NULL,NULL,NULL,NULL,NULL,NULL,NULL,NULL,NULL,NULL,NULL,NULL,NULL,NULL,NULL,NULL,NULL
"635817","e8e3b9e7085c1e856a6cd507340b4fbbc606c4e8739d756d80e8cd852494c654035c8e8132d947ceb2741b8d3076cfdc8bcf2151acc1904056e1232d044b1400","JC243677","04/30/2019 07:15:00 AM","1","DRIVER","1.0","605631.0","Y","FORD","FORD-TRUCK,VAN,SUV, ETC","IL","2016.0","UNKNOWN","TRUCK - SINGLE UNIT","CONSTRUCTION/MAINTENANCE","S","BACKING",NULL,NULL,"2.0",NULL,NULL,NULL,NULL,NULL,NULL,NULL,NULL,NULL,"Y",NULL,NULL,NULL,NULL,NULL,NULL,NULL,"REAR-LEFT","6595.0",NULL,NULL,NULL,NULL,"2.0","MEADE ELECTRIC CO INC","IL","COUNTRYSIDE",NULL,NULL,NULL,"N","N",NULL,"N",NULL,"N","N",NULL,NULL,NULL,NULL,NULL,NULL,NULL,NULL,"UNKNOWN HEAVY TRUCK","OTHER","CONSTRUCTION EQUIPMENT","N","N",NULL
"635980","2947e309cce3b93e94e448c28184745f4a1f28705241ebb913705f020e42f0d240a4a04c67c1fc75b5828d838788a34d504df504dd95dd33a7322b7b3e4a83fb","JC243898","04/30/2019 10:20:00 AM","1","DRIVER",NULL,"605746.0",NULL,"TOYOTA MOTOR COMPANY, LTD.","4RUNNER","IL","2015.0","UNKNOWN","SPORT UTILITY VEHICLE (SUV)","PERSONAL","S","STRAIGHT AHEAD",NULL,NULL,"1.0",NULL,NULL,NULL,NULL,NULL,NULL,NULL,NULL,NULL,NULL,NULL,NULL,NULL,NULL,NULL,"Y",NULL,"OTHER",NULL,NULL,NULL,NULL,NULL,NULL,NULL,NULL,NULL,NULL,NULL,NULL,NULL,NULL,NULL,NULL,NULL,NULL,NULL,NULL,NULL,NULL,NULL,NULL,NULL,NULL,NULL,NULL,NULL,NULL,NULL,NULL,NULL
"636158","e664c74a775478b31b2bbbf3afe926af3430477126b9016490eba2f1e73ff003d36412c677863ed26b2be4c232f1c59431c25a2492cefc3e9cbffe21a7423d8b","JC244215","04/30/2019 01:30:00 PM","1","DRIVER",NULL,"605931.0",NULL,"INFINITI","UNKNOWN","IL","2018.0","UNKNOWN","UNKNOWN/NA","UNKNOWN/NA","W","UNKNOWN/NA",NULL,NULL,"1.0",NULL,NULL,NULL,NULL,NULL,NULL,NULL,NULL,NULL,NULL,NULL,NULL,NULL,NULL,NULL,"Y",NULL,"OTHER",NULL,NULL,NULL,NULL,NULL,NULL,NULL,NULL,NULL,NULL,NULL,NULL,NULL,NULL,NULL,NULL,NULL,NULL,NULL,NULL,NULL,NULL,NULL,NULL,NULL,NULL,NULL,NULL,NULL,NULL,NULL,NULL,NULL
"636470","c8c205b611f6cdf01f14a77c241598f26a3d8b19d368c6ac8530f0881c54bd8804fc04094a724f37a87476c73c49bdcca173e2c7cb63ce4a01bb5b2bc147e867","JC244687","04/30/2019 07:03:00 PM","2","DRIVER",NULL,"606226.0",NULL,"HONDA","ACCORD","IL","2011.0","UNKNOWN","PASSENGER","PERSONAL","E","MERGING",NULL,NULL,"1.0",NULL,NULL,NULL,NULL,NULL,NULL,NULL,NULL,"Y",NULL,NULL,NULL,NULL,NULL,NULL,NULL,NULL,"REAR",NULL,NULL,NULL,NULL,NULL,NULL,NULL,NULL,NULL,NULL,NULL,NULL,NULL,NULL,NULL,NULL,NULL,NULL,NULL,NULL,NULL,NULL,NULL,NULL,NULL,NULL,NULL,NULL,NULL,NULL,NULL,NULL,NULL
"636567","3b7874314b86ce9bff611f3df26f9e6bff62bf9ce07c7e419afd33a86a01100834753747b373e919e949995c71bd38cf418dfecc2a7a5195b943ffb31dadfda6","JC243512","04/28/2019 09:00:00 AM","2","DRIVER",NULL,"606317.0",NULL,"TOYOTA MOTOR COMPANY, LTD.","COROLLA","IL","2013.0","NONE","PASSENGER","PERSONAL","N","CHANGING LANES",NULL,NULL,"1.0",NULL,NULL,NULL,NULL,"Y",NULL,NULL,NULL,NULL,NULL,NULL,NULL,NULL,"Y","Y","N",NULL,"UNKNOWN",NULL,NULL,NULL,NULL,NULL,NULL,NULL,NULL,NULL,NULL,NULL,NULL,NULL,NULL,NULL,NULL,NULL,NULL,NULL,NULL,NULL,NULL,NULL,NULL,NULL,NULL,NULL,NULL,NULL,NULL,NULL,NULL,NULL
"636613","14fbc06ad0ca7d13d7e7b7d9ea8fd07cac134c28cd6876b16aff2e04e9820968168622646c646dd25d84fde210f8f4ac2ee19e23fc3c1186fd8ffa919996e95c","JC245023","05/01/2019 08:00:00 AM","1","DRIVER",NULL,"606356.0",NULL,"TOYOTA MOTOR COMPANY, LTD.","Prius","IL","2014.0","NONE","PASSENGER","PERSONAL","N","STRAIGHT AHEAD","Y",NULL,"1.0",NULL,NULL,NULL,NULL,"Y",NULL,NULL,NULL,NULL,NULL,NULL,NULL,NULL,NULL,"Y","Y",NULL,"OTHER",NULL,NULL,NULL,NULL,NULL,NULL,NULL,NULL,NULL,NULL,NULL,NULL,NULL,NULL,NULL,NULL,NULL,NULL,NULL,NULL,NULL,NULL,NULL,NULL,NULL,NULL,NULL,NULL,NULL,NULL,NULL,NULL,NULL
"636770","50dd74e107782b844d552d79b38432d94a306ed5f03b05bf96940513c9eec0efb003df97fae5bc5dd250c002e140da37c3f9484dcd112ffa7be8ddd9008ab9b5","JC245274","05/01/2019 10:00:00 AM","2","PARKED",NULL,"606501.0",NULL,"HYUNDAI","ELANTRA","IL","2017.0","NONE","PASSENGER","NOT IN USE","S","PARKED",NULL,NULL,"0.0",NULL,NULL,NULL,NULL,NULL,NULL,NULL,NULL,NULL,NULL,NULL,NULL,NULL,NULL,"Y","Y",NULL,"UNDER CARRIAGE",NULL,NULL,NULL,NULL,NULL,NULL,NULL,NULL,NULL,NULL,NULL,NULL,NULL,NULL,NULL,NULL,NULL,NULL,NULL,NULL,NULL,NULL,NULL,NULL,NULL,NULL,NULL,NULL,NULL,NULL,NULL,NULL,NULL
"637452","07b1d6082dd3b0e23f2ea2473fb22b2ce06ed84b10725e1707e9e9362d9cd37167f3a176ffa8a3ccee2da25c81463ff9583ee6ecba5ce04ca8f9802bec90da05","JC246548","05/02/2019 09:50:00 AM","2","DRIVER",NULL,"607124.0",NULL,"CHEVROLET","TRAVERSE","IL","2014.0","NONE","SPORT UTILITY VEHICLE (SUV)","PERSONAL","N","SLOW/STOP IN TRAFFIC",NULL,NULL,"1.0",NULL,NULL,NULL,NULL,NULL,NULL,NULL,NULL,NULL,"Y",NULL,NULL,NULL,NULL,NULL,NULL,NULL,"REAR-LEFT",NULL,NULL,NULL,NULL,NULL,NULL,NULL,NULL,NULL,NULL,NULL,NULL,NULL,NULL,NULL,NULL,NULL,NULL,NULL,NULL,NULL,NULL,NULL,NULL,NULL,NULL,NULL,NULL,NULL,NULL,NULL,NULL,NULL
"637722","2abb3dd914316438af82a768ff733f1e23c3498e1efe069a60266ed9f559ca50f29ee791c4737f9b479424ab389d71f9d5b247bc1319333cd1b0fb3f268230ef","JC247064","05/02/2019 05:06:00 PM","2","DRIVER",NULL,"607402.0",NULL,"MERCEDES-BENZ","MERCEDES-BENZ","IL","2019.0","NONE","PASSENGER","PERSONAL","N","STRAIGHT AHEAD",NULL,NULL,"1.0",NULL,NULL,NULL,NULL,"Y",NULL,NULL,NULL,NULL,NULL,NULL,NULL,NULL,NULL,NULL,NULL,NULL,"FRONT",NULL,NULL,NULL,NULL,NULL,NULL,NULL,NULL,NULL,NULL,NULL,NULL,NULL,NULL,NULL,NULL,NULL,NULL,NULL,NULL,NULL,NULL,NULL,NULL,NULL,NULL,NULL,NULL,NULL,NULL,NULL,NULL,NULL
"638267","47325b41728a899a69b473cf815437a609610e465afc25ea834e28de30b1ae63dffcdc8f7fe409215a4dec9cb2ac6f1998d8be87b36a4b1314ab773ccd07b6f0","JC248039","05/03/2019 12:20:00 PM","1","DRIVER",NULL,"607904.0",NULL,"JEEP","Wrangler (for vehicle years 1989 to present)","IL","2015.0","UNKNOWN","SPORT UTILITY VEHICLE (SUV)","UNKNOWN/NA","W","UNKNOWN/NA",NULL,NULL,"1.0",NULL,NULL,NULL,NULL,"N","Y",NULL,NULL,NULL,NULL,NULL,NULL,NULL,NULL,NULL,NULL,NULL,"FRONT",NULL,NULL,NULL,NULL,NULL,NULL,NULL,NULL,NULL,NULL,NULL,NULL,NULL,NULL,NULL,NULL,NULL,NULL,NULL,NULL,NULL,NULL,NULL,NULL,NULL,NULL,NULL,NULL,NULL,NULL,NULL,NULL,NULL