"CRASH_UNIT_ID","CRASH_RECORD_ID","RD_NO","CRASH_DATE","UNIT_NO","UNIT_TYPE","NUM_PASSENGERS","VEHICLE_ID","CMRC_VEH_I","MAKE","MODEL","LIC_PLATE_STATE","VEHICLE_YEAR","VEHICLE_DEFECT","VEHICLE_TYPE","VEHICLE_USE","TRAVEL_DIRECTION","MANEUVER","TOWED_I","FIRE_I","OCCUPANT_CNT","EXCEED_SPEED_LIMIT_I","TOWED_BY","TOWED_TO","AREA_00_I","AREA_01_I","AREA_02_I","AREA_03_I","AREA_04_I","AREA_05_I","AREA_06_I","AREA_07_I","AREA_08_I","AREA_09_I","AREA_10_I","AREA_11_I","AREA_12_I","AREA_99_I","FIRST_CONTACT_POINT","CMV_ID","USDOT_NO","CCMC_NO","ILCC_NO","COMMERCIAL_SRC","GVWR","CARRIER_NAME","CARRIER_STATE","CARRIER_CITY","HAZMAT_PLACARDS_I","HAZMAT_NAME","UN_NO","HAZMAT_PRESENT_I","HAZMAT_REPORT_I","HAZMAT_REPORT_NO","MCS_REPORT_I","MCS_REPORT_NO","HAZMAT_VIO_CAUSE_CRASH_I","MCS_VIO_CAUSE_CRASH_I","IDOT_PERMIT_NO","WIDE_LOAD_I","TRAILER1_WIDTH","TRAILER2_WIDTH","TRAILER1_LENGTH","TRAILER2_LENGTH","TOTAL_VEHICLE_LENGTH","AXLE_CNT","VEHICLE_CONFIG","CARGO_BODY_TYPE","LOAD_TYPE","HAZMAT_OUT_OF_SERVICE_I","MCS_OUT_OF_SERVICE_I","HAZMAT_CLASS"
"675093","155cc9a4916d571f22c0c82acdfc4fe919302b15315bf89025121341358c57e8d3439ddc7048634a5665380a030135876f05c5027e40dcb09f5fa80cb9d0e313","JC314891","06/20/2019 07:10:00 PM","1","DRIVER",NULL,"642656.0",NULL,"CHEVROLET","TRAVERSE","IL","2018.0","NONE","PASSENGER","PERSONAL","W","STRAIGHT AHEAD",NULL,NULL,"1.0",NULL,NULL,NULL,NULL,NULL,NULL,NULL,NULL,NULL,NULL,NULL,NULL,NULL,"Y",NULL,NULL,NULL,"ROOF",NULL,NULL,NULL,NULL,NULL,NULL,NULL,NULL,NULL,NULL,NULL,NULL,NULL,NULL,NULL,NULL,NULL,NULL,NULL,NULL,NULL,NULL,NULL,NULL,NULL,NULL,NULL,NULL,NULL,NULL,NULL,NULL,NULL
"675132","a541e9eb4827ba45fc3106e55e891625cdc3ba0ccf692556cefc8bdbf11954bd34635e0ff66a29ec5f32d6474eb51d0383bcabc9618411b3f8eebb1a0ab02860","JC314975","06/20/2019 09:10:00 PM","1","DRIVER",NULL,"642692.0",NULL,"CHRYSLER","200","IL","2015.0","NONE","PASSENGER","PERSONAL","S","STRAIGHT AHEAD",NULL,NULL,"1.0",NULL,NULL,NULL,NULL,NULL,NULL,NULL,NULL,NULL,NULL,NULL,NULL,NULL,NULL,NULL,"Y",NULL,"OTHER",NULL,NULL,NULL,NULL,NULL,NULL,NULL,NULL,NULL,NULL,NULL,NULL,NULL,NULL,NULL,NULL,NULL,NULL,NULL,NULL,NULL,NULL,NULL,NULL,NULL,NULL,NULL,NULL,NULL,NULL,NULL,NULL,NULL
"675409","7534c86bdc4a464a9742a578a9c48778a30ec0f4047d1fe1815f57ae5e8601c41f33322de828fbcdecad9a94fb88582ca3846b3df026880deca888dc4379b2f2","JC315568","06/21/2019 11:30:00 AM","3","DRIVER",NULL,"642970.0",NULL,"KIA MOTORS CORP","SORENTO","IL","2016.0","NONE","SPORT UTILITY VEHICLE (SUV)","PERSONAL","E","STRAIGHT AHEAD",NULL,NULL,"1.0",NULL,NULL,NULL,NULL,NULL,NULL,NULL,NULL,NULL,NULL,NULL,NULL,NULL,NULL,NULL,"Y",NULL,"OTHER",NULL,NULL,NULL,NULL,NULL,NULL,NULL,NULL,NULL,NULL,NULL,NULL,NULL,NULL,NULL,NULL,NULL,NULL,NULL,NULL,NULL,NULL,NULL,NULL,NULL,NULL,NULL,NULL,NULL,NULL,NULL,NULL,NULL
"675515","d45ba8c60111e99f3ce60104ab5b6b71fac6a7e790d7ba5e47519991194349d66daf1af79fa159c634646b66466683c46985cc84db7c3146fa1dd1f13fea08e8","JC315807","05/24/2019 01:45:00 PM","2","DRIVER",NULL,"643066.0",NULL,"HYUNDAI","Santa Fe","IL","2019.0","UNKNOWN","PASSENGER","UNKNOWN/NA","N","STRAIGHT AHEAD",NULL,NULL,"1.0",NULL,NULL,NULL,NULL,NULL,NULL,NULL,NULL,NULL,"Y",NULL,NULL,NULL,NULL,NULL,NULL,NULL,"REAR-LEFT",NULL,NULL,NULL,NULL,NULL,NULL,NULL,NULL,NULL,NULL,NULL,NULL,NULL,NULL,NULL,NULL,NULL,NULL,NULL,NULL,NULL,NULL,NULL,NULL,NULL,NULL,NULL,NULL,NULL,NULL,NULL,NULL,NULL
"675544","362bb84badba9523e973f3ad2b7971531072a1ee8b55d4b29440be30691ed4cdcc2ad1ce96c95e6fe202cf5a9553aabb1049ddf7c26aace2a4eb4e22e861d862","JC315876","06/21/2019 02:30:00 PM","1","DRIVER","1.0","643097.0",NULL,"JEEP","PATRIOT","IL","2017.0","NONE","PASSENGER","RIDESHARE SERVICE","S","CHANGING LANES",NULL,NULL,"2.0",NULL,NULL,NULL,NULL,NULL,NULL,NULL,NULL,NULL,NULL,NULL,NULL,NULL,NULL,"Y",NULL,NULL,"TOTAL (ALL AREAS)",NULL,NULL,NULL,NULL,NULL,NULL,NULL,NULL,NULL,NULL,NULL,NULL,NULL,NULL,NULL,NULL,NULL,NULL,NULL,NULL,NULL,NULL,NULL,NULL,NULL,NULL,NULL,NULL,NULL,NULL,NULL,NULL,NULL
"675986","0c27253acd6ac1b6a474e9efa47e86341336ae00214a3fdcc349e4a0f5785046f9dfb301cfd5c5413bfd96f221f1d51a3dfeb62f098a0ab5d34ea881acc2c7dd","JC316542","06/22/2019 01:00:00 AM","2","PARKED",NULL,"643492.0",NULL,"HONDA","Odyssey (minivan)","IL","2016.0","NONE","VAN/MINI-VAN","PERSONAL","N","PARKED IN TRAFFIC LANE",NULL,NULL,"0.0",NULL,NULL,NULL,NULL,NULL,NULL,NULL,NULL,NULL,NULL,NULL,NULL,NULL,NULL,"Y",NULL,NULL,"TOTAL (ALL AREAS)",NULL,NULL,NULL,NULL,NULL,NULL,NULL,NULL,NULL,NULL,NULL,NULL,NULL,NULL,NULL,NULL,NULL,NULL,NULL,NULL,NULL,NULL,NULL,NULL,NULL,NULL,NULL,NULL,NULL,NULL,NULL,NULL,NULL
"676274","8e7bb8c80608180395d2341b9817d2da062fea77c0b8331d4d4cb33fe7ba014a8bb7237b688e5bbc62a83e49863a50dbe79124d92fed064fbccc86e772099cc0","JC317120","06/16/2019 08:00:00 AM","2","PARKED",NULL,"643774.0",NULL,"SUBARU","UNKNOWN","IL","2016.0","NONE","PASSENGER","PERSONAL","N","PARKED",NULL,NULL,"0.0",NULL,NULL,NULL,NULL,NULL,NULL,NULL,NULL,NULL,NULL,NULL,NULL,NULL,NULL,NULL,"Y",NULL,"OTHER",NULL,NULL,NULL,NULL,NULL,NULL,NULL,NULL,NULL,NULL,NULL,NULL,NULL,NULL,NULL,NULL,NULL,NULL,NULL,NULL,NULL,NULL,NULL,NULL,NULL,NULL,NULL,NULL,NULL,NULL,NULL,NULL,NULL
"676358","c2e4ba174e4eb1e980e0300a870538a9315c214dd1d47bc6e360cc30d4cc6bcc3681562611b0d1a94848aaa4fc6a6372dd68404687754883812ed7b64622be06","JC317267","06/22/2019 02:00:00 PM","2","PARKED",NULL,"643840.0",NULL,"GENERAL MOTORS CORP.","TERRAIN","IL","2015.0","NONE","SPORT UTILITY VEHICLE (SUV)","PERSONAL","S","PARKED",NULL,NULL,"0.0",NULL,NULL,NULL,NULL,NULL,"Y",NULL,NULL,NULL,NULL,NULL,NULL,NULL,NULL,NULL,NULL,NULL,"UNDER CARRIAGE",NULL,NULL,NULL,NULL,NULL,NULL,NULL,NULL,NULL,NULL,NULL,NULL,NULL,NULL,NULL,NULL,NULL,NULL,NULL,NULL,NULL,NULL,NULL,NULL,NULL,NULL,NULL,NULL,NULL,NULL,NULL,NULL,NULL
"676375","796c8eb6a2f2bf8653b2d3c395019626f7ec21069a1522213ceaa22b9cba8ec3e24742fb21dadaf2185ff291e047b7083471adf9c3dc7276194346a36db0f295","JC317258","06/22/2019 03:05:00 PM","2","PARKED",NULL,"643857.0",NULL,"TOYOTA MOTOR COMPANY, LTD.","Prius","IL","2010.0","UNKNOWN","PASSENGER","PERSONAL","NW","PARKED",NULL,NULL,"0.0",NULL,NULL,NULL,NULL,NULL,NULL,NULL,NULL,NULL,NULL,NULL,NULL,NULL,"Y","Y",NULL,NULL,"UNDER CARRIAGE",NULL,NULL,NULL,NULL,NULL,NULL,NULL,NULL,NULL,NULL,NULL,NULL,NULL,NULL,NULL,NULL,NULL,NULL,NULL,NULL,NULL,NULL,NULL,NULL,NULL,NULL,NULL,NULL,NULL,NULL,NULL,NULL,NULL
"676497","c9d80da30881b469609c091ce117074cc49e9e43e3665a882557c15e5df421596563c81b6f2626fe517fddea10dbf4f3e512820cea23a5c65c579e769e066b3e","JC317479","06/22/2019 06:20:00 PM","2","DRIVER",NULL,"643974.0",NULL,"LEXUS","UNKNOWN","IL","2016.0","NONE","PASSENGER","PERSONAL","W","STRAIGHT AHEAD",NULL,NULL,"1.0",NULL,NULL,NULL,NULL,NULL,NULL,NULL,NULL,NULL,NULL,"Y",NULL,NULL,NULL,NULL,NULL,NULL,"FRONT-LEFT",NULL,NULL,NULL,NULL,NULL,NULL,NULL,NULL,NULL,NULL,NULL,NULL,NULL,NULL,NULL,NULL,NULL,NULL,NULL,NULL,NULL,NULL,NULL,NULL,NULL,NULL,NULL,NULL,NULL,NULL,NULL,NULL,NULL
"676518","13026c7fb51566d9ca487a093e38c6f5621c2ec25be48c306b6574983b61daeee589524b96bb2bfe66ddd0f695c8d2bf3ab0297558528e9c7a70363c763d6bd1","JC317468","06/22/2019 06:15:00 PM","1","PARKED","3.0","643989.0",NULL,"FORD","FUSION","IL","2016.0","UNKNOWN","PASSENGER","PERSONAL","E","PARKED",NULL,NULL,"3.0",NULL,NULL,NULL,NULL,NULL,NULL,NULL,NULL,NULL,NULL,NULL,NULL,"Y","Y","Y",NULL,NULL,"ROOF",NULL,NULL,NULL,NULL,NULL,NULL,NULL,NULL,NULL,NULL,NULL,NULL,NULL,NULL,NULL,NULL,NULL,NULL,NULL,NULL,NULL,NULL,NULL,NULL,NULL,NULL,NULL,NULL,NULL,NULL,NULL,NULL,NULL
"677009","92bbfdbc5d3dd8fa27ec019dbfbdd2e32788fe7e128f1ffd81bb51976abdae56ddc874a13fbaf9e7efa1f84bb465c32b0afcdfcb89cf8d3009af44943bb5bb91","JC318465","06/23/2019 12:00:00 AM","2","PARKED",NULL,"644544.0",NULL,"BMW","3 SERIES","IL","2015.0","UNKNOWN","PASSENGER","PERSONAL","UNKNOWN","PARKED",NULL,NULL,"0.0",NULL,NULL,NULL,NULL,NULL,NULL,NULL,NULL,NULL,NULL,NULL,NULL,NULL,NULL,NULL,"Y",NULL,"OTHER",NULL,NULL,NULL,NULL,NULL,NULL,NULL,NULL,NULL,NULL,NULL,NULL,NULL,NULL,NULL,NULL,NULL,NULL,NULL,NULL,NULL,NULL,NULL,NULL,NULL,NULL,NULL,NULL,NULL,NULL,NULL,NULL,NULL
"677042","07106623065dc72c83e5a265be7c170dc3eb5f3315941e5ee56df11290ac8157925bed4a0ac687dea1c70505650657834419e949ef716022285831569b2dc721","JC318533","06/23/2019 03:30:00 PM","2","DRIVER","1.0","644484.0",NULL,"NISSAN","ROGUE","IL","2016.0","NONE","SPORT UTILITY VEHICLE (SUV)","PERSONAL","SW","TURNING RIGHT",NULL,NULL,"2.0",NULL,NULL,NULL,NULL,NULL,NULL,NULL,NULL,NULL,NULL,"Y",NULL,NULL,NULL,NULL,NULL,NULL,"SIDE-LEFT",NULL,NULL,NULL,NULL,NULL,NULL,NULL,NULL,NULL,NULL,NULL,NULL,NULL,NULL,NULL,NULL,NULL,NULL,NULL,NULL,NULL,NULL,NULL,NULL,NULL,NULL,NULL,NULL,NULL,NULL,NULL,NULL,NULL
"677107","4f653b0ad3759769f56d2ecd385e7fa81d7f9635a661fd9bc9549aa1bfa317871957e6a25ba693ae9f112f55f9a61f6c2bf5edfc19ccc1a4c24800e6830f2fd0","JC318615","06/23/2019 02:25:00 PM","2","DRIVER",NULL,"644556.0",NULL,"CHEVROLET","CAMARO","IL","2013.0","NONE","PASSENGER","PERSONAL","N","STRAIGHT AHEAD",NULL,NULL,"1.0",NULL,NULL,NULL,NULL,"N","Y","Y","Y","N",NULL,NULL,NULL,NULL,NULL,NULL,NULL,NULL,"SIDE-RIGHT",NULL,NULL,NULL,NULL,NULL,NULL,NULL,NULL,NULL,NULL,NULL,NULL,NULL,NULL,NULL,NULL,NULL,NULL,NULL,NULL,NULL,NULL,NULL,NULL,NULL,NULL,NULL,NULL,NULL,NULL,NULL,NULL,NULL
"677344","febed46fd713d0190ec1c61a207cb1fe2ae294bef99f5c612a5930aa51ebb35dac37ba60055cb358ac246609415eeb60b498828fabfeeaf1e194f8ae8b0e2e51","JC318956","06/23/2019 05:12:00 PM","2","DRIVER",NULL,"644765.0",NULL,"HYUNDAI","UNKNOWN","IL","2016.0","NONE","PASSENGER","PERSONAL","S","STRAIGHT AHEAD",NULL,NULL,"1.0",NULL,NULL,NULL,NULL,"Y",NULL,NULL,NULL,NULL,NULL,"Y","Y","Y","Y","Y","Y",NULL,"SIDE-RIGHT",NULL,NULL,NULL,NULL,NULL,NULL,NULL,NULL,NULL,NULL,NULL,NULL,NULL,NULL,NULL,NULL,NULL,NULL,NULL,NULL,NULL,NULL,NULL,NULL,NULL,NULL,NULL,NULL,NULL,NULL,NULL,NULL,NULL
"677441","5d6ac82d7ca2073cb0595afd911625aee070ee7fa25ea64b87d33639b0858fb684455cacb3dadb18eb605a241837e4cc098005957e0426398d371d765b689ec7","JC318304","06/22/2019 01:50:00 PM","1","DRIVER",NULL,"644866.0",NULL,"MERCEDES-BENZ","Sprinter","IL","2016.0","UNKNOWN","VAN/MINI-VAN","PERSONAL","W","STRAIGHT AHEAD",NULL,NULL,"1.0",NULL,NULL,NULL,NULL,NULL,NULL,NULL,NULL,NULL,NULL,NULL,NULL,NULL,NULL,NULL,"Y",NULL,"OTHER",NULL,NULL,NULL,NULL,NULL,NULL,NULL,NULL,NULL,NULL,NULL,NULL,NULL,NULL,NULL,NULL,NULL,NULL,NULL,NULL,NULL,NULL,NULL,NULL,NULL,NULL,NULL,NULL,NULL,NULL,NULL,NULL,NULL
"677587","9fde90ef7e264a870155a627e059fa9a8c46c52bb7807bec38449ce04eeab493b5343dc1347e67e262f9aa31ad8343c9d0583ed0bc0a6661a2cd412068a752e1","JC319492","06/24/2019 10:24:00 AM","1","DRIVER",NULL,"644996.0",NULL,"TOYOTA MOTOR COMPANY, LTD.","RAV4 (sport utility)","IL","2014.0","NONE","PASSENGER","PERSONAL","S","U-TURN",NULL,NULL,"1.0",NULL,NULL,NULL,NULL,NULL,NULL,NULL,NULL,NULL,NULL,NULL,NULL,NULL,NULL,NULL,"Y",NULL,"OTHER",NULL,NULL,NULL,NULL,NULL,NULL,NULL,NULL,NULL,NULL,NULL,NULL,NULL,NULL,NULL,NULL,NULL,NULL,NULL,NULL,NULL,NULL,NULL,NULL,NULL,NULL,NULL,NULL,NULL,NULL,NULL,NULL,NULL
"677676","5d6af8d21a92ed3dbd672ad7b7e7ac5fe995e20591c5846818809e0f469f97474f3b23fd8194a386c598626550a5aedd541a3cba20915102396c9c34fa5a5709","JC319651","06/24/2019 12:13:00 PM","2","DRIVER","4.0","645103.0",NULL,"FORD","Focus","IL","2014.0","NONE","PASSENGER","PERSONAL","S","STRAIGHT AHEAD",NULL,NULL,"5.0",NULL,NULL,NULL,NULL,"Y","Y","Y","Y","Y","Y","Y","N","N","N",NULL,"N",NULL,"REAR",NULL,NULL,NULL,NULL,NULL,NULL,NULL,NULL,NULL,NULL,NULL,NULL,NULL,NULL,NULL,NULL,NULL,NULL,NULL,NULL,NULL,NULL,NULL,NULL,NULL,NULL,NULL,NULL,NULL,NULL,NULL,NULL,NULL
"677782","228c1edf3aea9edd781c27c8b944726c4853a01dc1f3219b085b31f1bcc78df34036ce694600daadbfc62154c77c16b610e269f7fef83647bdee7ef72c7707c2","JC319941","06/23/2019 08:20:00 PM","2","PARKED",NULL,"645169.0",NULL,"HYUNDAI","SONATA","IL","2017.0","NONE","PASSENGER","NOT IN USE","W","PARKED",NULL,NULL,"0.0",NULL,NULL,NULL,NULL,NULL,NULL,NULL,NULL,NULL,NULL,"Y",NULL,NULL,NULL,NULL,NULL,NULL,"SIDE-LEFT",NULL,NULL,NULL,NULL,NULL,NULL,NULL,NULL,NULL,NULL,NULL,NULL,NULL,NULL,NULL,NULL,NULL,NULL,NULL,NULL,NULL,NULL,NULL,NULL,NULL,NULL,NULL,NULL,NULL,NULL,NULL,NULL,NULL
"677970","17e89ae19c2574f23a7a1f9e62a037879a05022f3485d5ac182f05f1f48afe5accc3d700185e517cc27124deeec50701262aa656e4b363d518bc8bd842b1df07","JB320246","06/18/2019 01:10:00 PM","1","DRIVER",NULL,"645343.0",NULL,"CADILLAC","CADILLAC","IL","2013.0","NONE","PASSENGER","PERSONAL","W","STRAIGHT AHEAD",NULL,NULL,"1.0",NULL,NULL,NULL,NULL,NULL,NULL,NULL,NULL,NULL,NULL,"Y",NULL,NULL,NULL,"Y",NULL,NULL,"ROOF",NULL,NULL,NULL,NULL,NULL,NULL,NULL,NULL,NULL,NULL,NULL,NULL,NULL,NULL,NULL,NULL,NULL,NULL,NULL,NULL,NULL,NULL,NULL,NULL,NULL,NULL,NULL,NULL,NULL,NULL,NULL,NULL,NULL
"678069","5dcb0b8db76b5ea52a58b4b2e188c83072d45a77968f898f34f8fb54d9a38489115a315d1a7397fc4910f3e61579bed6ea0b228b5d156889d06f56245a5c5a9f","JC320340","06/24/2019 06:41:00 PM","1","DRIVER",NULL,"645444.0",NULL,"GENERAL","GENERAL","TN","2016.0","NONE","PICKUP","PERSONAL","E","BACKING",NULL,NULL,"1.0",NULL,NULL,NULL,NULL,NULL,NULL,NULL,NULL,NULL,"Y",NULL,NULL,NULL,NULL,NULL,NULL,NULL,"REAR-LEFT",NULL,NULL,NULL,NULL,NULL,NULL,NULL,NULL,NULL,NULL,NULL,NULL,NULL,NULL,NULL,NULL,NULL,NULL,NULL,NULL,NULL,NULL,NULL,NULL,NULL,NULL,NULL,NULL,NULL,NULL,NULL,NULL,NULL
"678908","1694db9ffe05257a706fcae80003b41b129d3b377e5c90b6b23074e08502581df56345f83bd065f8e1c7fc4c77693e82a8621b356085cdd3de400eaaa34838ea","JC321724","06/25/2019 05:30:00 PM","1","DRIVER","1.0","646158.0",NULL,"NISSAN","ROGUE","IL","2012.0","UNKNOWN","SPORT UTILITY VEHICLE (SUV)","PERSONAL","W","STRAIGHT AHEAD",NULL,NULL,"2.0",NULL,NULL,NULL,NULL,"Y",NULL,NULL,NULL,NULL,NULL,NULL,NULL,NULL,NULL,"Y","Y",NULL,"OTHER",NULL,NULL,NULL,NULL,NULL,NULL,NULL,NULL,NULL,NULL,NULL,NULL,NULL,NULL,NULL,NULL,NULL,NULL,NULL,NULL,NULL,NULL,NULL,NULL,NULL,NULL,NULL,NULL,NULL,NULL,NULL,NULL,NULL
"678931","93dabebe0fec8e8c067af89961c087a016eb82ec79e91310e235f4d88f350bf289b034b87260f1a29a80f601be92a13d44f6d345f83ece0893ab84e8c2486747","JC314804","06/20/2019 06:10:00 PM","1","DRIVER",NULL,"646187.0",NULL,"KIA MOTORS CORP","SORENTO","IL","2009.0","NONE","SPORT UTILITY VEHICLE (SUV)","PERSONAL","W","PASSING/OVERTAKING",NULL,NULL,"1.0",NULL,NULL,NULL,NULL,NULL,NULL,"Y",NULL,NULL,NULL,NULL,NULL,NULL,NULL,NULL,NULL,NULL,"SIDE-RIGHT",NULL,NULL,NULL,NULL,NULL,NULL,NULL,NULL,NULL,NULL,NULL,NULL,NULL,NULL,NULL,NULL,NULL,NULL,NULL,NULL,NULL,NULL,NULL,NULL,NULL,NULL,NULL,NULL,NULL,NULL,NULL,NULL,NULL
"679016","ed5553fb5419822e2d5299c1858df6591e88f0dd434550b10223bc36a8f395a099b6617a56ad36b9c013204a9355a4f3ebe60bb6e409d9bdef87fed6ac3484ef","JC321901","06/25/2019 08:00:00 PM","1","DRIVER",NULL,"646273.0",NULL,"TOYOTA MOTOR COMPANY, LTD.","Prius","IL","2017.0","UNKNOWN","PASSENGER","PERSONAL","S","STRAIGHT AHEAD",NULL,NULL,"1.0",NULL,NULL,NULL,NULL,"N","N","N","N","N",NULL,"N","N","N","N","N",NULL,"Y","SIDE-RIGHT",NULL,NULL,NULL,NULL,NULL,NULL,NULL,NULL,NULL,NULL,NULL,NULL,NULL,NULL,NULL,NULL,NULL,NULL,NULL,NULL,NULL,NULL,NULL,NULL,NULL,NULL,NULL,NULL,NULL,NULL,NULL,NULL,NULL
"679094","7b491e39a548557710fc82d4a5d6818f8e5feebe0b5c5bad074b0e2810b7ca339a0223cb215f66759e38691e745786ca0a09ea74d126bd95f7c711ea6a26063f","JC322008","06/25/2019 07:30:00 PM","1","DRIVER",NULL,"646344.0",NULL,"NISSAN","NISSAN ALTIMA","IL","2013.0","NONE","PASSENGER","PERSONAL","W","TURNING RIGHT",NULL,NULL,"1.0",NULL,NULL,NULL,NULL,"Y","Y",NULL,NULL,NULL,NULL,NULL,NULL,NULL,NULL,NULL,"Y",NULL,"FRONT",NULL,NULL,NULL,NULL,NULL,NULL,NULL,NULL,NULL,NULL,NULL,NULL,NULL,NULL,NULL,NULL,NULL,NULL,NULL,NULL,NULL,NULL,NULL,NULL,NULL,NULL,NULL,NULL,NULL,NULL,NULL,NULL,NULL
"679284","2fc28f7459899c32ac506a43215ee3215478d19a354b6b343753fe8949a87641cfda51a0d95572f6eda110042a5efacadc86337f292dd572f86b4e0cee6f084a","JC322421","06/26/2019 08:30:00 AM","2","DRIVER",NULL,"646534.0",NULL,"HONDA","ACCORD","IL","2015.0","NONE","PASSENGER","PERSONAL","E","STRAIGHT AHEAD",NULL,NULL,"1.0",NULL,NULL,NULL,NULL,NULL,NULL,NULL,"Y","Y","Y",NULL,NULL,NULL,NULL,NULL,NULL,NULL,"REAR",NULL,NULL,NULL,NULL,NULL,NULL,NULL,NULL,NULL,NULL,NULL,NULL,NULL,NULL,NULL,NULL,NULL,NULL,NULL,NULL,NULL,NULL,NULL,NULL,NULL,NULL,NULL,NULL,NULL,NULL,NULL,NULL,NULL
"679307","efbafb87ecbed5bfecceb95e984b6bda388006b0723ebbf79e0c1bd462df13d670527548b432abf46f4ce770fe5dea9fc2603d741ad045c2fc57ad782a1d1024","JC322467","06/26/2019 09:10:00 AM","2","DRIVER","1.0","646550.0",NULL,"DODGE","CHARGER","IL","2018.0","NONE","PASSENGER","PERSONAL","W","STRAIGHT AHEAD",NULL,NULL,"2.0",NULL,NULL,NULL,NULL,NULL,NULL,NULL,NULL,"Y","Y","Y",NULL,NULL,NULL,NULL,NULL,NULL,"REAR-LEFT",NULL,NULL,NULL,NULL,NULL,NULL,NULL,NULL,NULL,NULL,NULL,NULL,NULL,NULL,NULL,NULL,NULL,NULL,NULL,NULL,NULL,NULL,NULL,NULL,NULL,NULL,NULL,NULL,NULL,NULL,NULL,NULL,NULL
"679578","6d4bed75ddb43e8afe85dcb777d650aac7fa57035484b2bfc4a2bb456e8f78c314de442e169337fe744c465a87a076ade5c3077d889f4bbd4938a813c54c92cb","JC322969","06/26/2019 02:25:00 PM","2","DRIVER",NULL,"646836.0",NULL,"TOYOTA MOTOR COMPANY, LTD.","CAMRY","IL","2013.0","UNKNOWN","PASSENGER","UNKNOWN/NA","N","STRAIGHT AHEAD",NULL,NULL,"1.0",NULL,NULL,NULL,NULL,NULL,NULL,NULL,NULL,NULL,"Y",NULL,NULL,NULL,NULL,NULL,NULL,"Y","REAR-LEFT",NULL,NULL,NULL,NULL,NULL,NULL,NULL,NULL,NULL,NULL,NULL,NULL,NULL,NULL,NULL,NULL,NULL,NULL,NULL,NULL,NULL,NULL,NULL,NULL,NULL,NULL,NULL,NULL,NULL,NULL,NULL,NULL,NULL
"679614","68602c4073024ca8fefd0f80519f2eed0dfa106bbdca41feb9724d02d421828c8425a3437a71d53edb7fe428a373498d5a8229b78c01d7f49a52350c1e85bae1","JC323031","06/19/2019 11:00:00 AM","2","DRIVER",NULL,"646842.0",NULL,"HYUNDAI","Accent","IL","2016.0","NONE","PASSENGER","PERSONAL","S","STRAIGHT AHEAD",NULL,NULL,"1.0",NULL,NULL,NULL,NULL,NULL,NULL,"Y","Y","Y",NULL,NULL,NULL,NULL,NULL,NULL,NULL,NULL,"FRONT-RIGHT",NULL,NULL,NULL,NULL,NULL,NULL,NULL,NULL,NULL,NULL,NULL,NULL,NULL,NULL,NULL,NULL,NULL,NULL,NULL,NULL,NULL,NULL,NULL,NULL,NULL,NULL,NULL,NULL,NULL,NULL,NULL,NULL,NULL
"679932","94f5f057044da504d62540526f3eaf5510abe367f464d1e55af718dbb20014047c7811fc457c3cc574897a15bf6549af1c5a2a1a68fc5dbdca7a9ce150356c4c","JC323553","06/26/2019 09:30:00 PM","2","DRIVER","3.0","647138.0",NULL,"CHEVROLET","UNKNOWN","IL","2017.0","UNKNOWN","PASSENGER","PERSONAL","W","STRAIGHT AHEAD",NULL,NULL,"4.0",NULL,NULL,NULL,NULL,NULL,NULL,NULL,NULL,NULL,NULL,"Y",NULL,NULL,NULL,NULL,NULL,NULL,"SIDE-LEFT",NULL,NULL,NULL,NULL,NULL,NULL,NULL,NULL,NULL,NULL,NULL,NULL,NULL,NULL,NULL,NULL,NULL,NULL,NULL,NULL,NULL,NULL,NULL,NULL,NULL,NULL,NULL,NULL,NULL,NULL,NULL,NULL,NULL
"680206","0f00afb7c74950dd7f641f143b0ccbd9bccfaf0038bc05fd3d2d4246b7006d061a9cf612398b1eb99da2cd18ed73458f90fe83b341e83a0b6fbd9965f9cc88d8","JC303008","06/12/2019 09:20:00 AM","2","DRIVER",NULL,"647402.0",NULL,"CADILLAC","STS","IL","2016.0","NONE","PASSENGER","PERSONAL","SW","STRAIGHT AHEAD",NULL,NULL,"1.0",NULL,NULL,NULL,NULL,NULL,"Y","Y",NULL,NULL,NULL,NULL,NULL,NULL,NULL,NULL,NULL,NULL,"SIDE-RIGHT",NULL,NULL,NULL,NULL,NULL,NULL,NULL,NULL,NULL,NULL,NULL,NULL,NULL,NULL,NULL,NULL,NULL,NULL,NULL,NULL,NULL,NULL,NULL,NULL,NULL,NULL,NULL,NULL,NULL,NULL,NULL,NULL,NULL