"CRASH_UNIT_ID","CRASH_RECORD_ID","RD_NO","CRASH_DATE","UNIT_NO","UNIT_TYPE","NUM_PASSENGERS","VEHICLE_ID","CMRC_VEH_I","MAKE","MODEL","LIC_PLATE_STATE","VEHICLE_YEAR","VEHICLE_DEFECT","VEHICLE_TYPE","VEHICLE_USE","TRAVEL_DIRECTION","MANEUVER","TOWED_I","FIRE_I","OCCUPANT_CNT","EXCEED_SPEED_LIMIT_I","TOWED_BY","TOWED_TO","AREA_00_I","AREA_01_I","AREA_02_I","AREA_03_I","AREA_04_I","AREA_05_I","AREA_06_I","AREA_07_I","AREA_08_I","AREA_09_I","AREA_10_I","AREA_11_I","AREA_12_I","AREA_99_I","FIRST_CONTACT_POINT","CMV_ID","USDOT_NO","CCMC_NO","ILCC_NO","COMMERCIAL_SRC","GVWR","CARRIER_NAME","CARRIER_STATE","CARRIER_CITY","HAZMAT_PLACARDS_I","HAZMAT_NAME","UN_NO","HAZMAT_PRESENT_I","HAZMAT_REPORT_I","HAZMAT_REPORT_NO","MCS_REPORT_I","MCS_REPORT_NO","HAZMAT_VIO_CAUSE_CRASH_I","MCS_VIO_CAUSE_CRASH_I","IDOT_PERMIT_NO","WIDE_LOAD_I","TRAILER1_WIDTH","TRAILER2_WIDTH","TRAILER1_LENGTH","TRAILER2_LENGTH","TOTAL_VEHICLE_LENGTH","AXLE_CNT","VEHICLE_CONFIG","CARGO_BODY_TYPE","LOAD_TYPE","HAZMAT_OUT_OF_SERVICE_I","MCS_OUT_OF_SERVICE_I","HAZMAT_CLASS"
"688106","d757245e48d988eeb65482cc2cbe00e195fe9272d94408c23b81a5da71b784ffc5ddf050adda4c24a8907c11ffa61fa7727b666bd6f2e33a85955a91640401fe","JC338625","07/07/2019 01:18:00 PM","2","DRIVER","3.0","654757.0",NULL,"NISSAN","NISSAN ALTIMA","IL","2013.0","NONE","PASSENGER","PERSONAL","S","STRAIGHT AHEAD",NULL,NULL,"4.0",NULL,NULL,NULL,NULL,NULL,NULL,NULL,NULL,NULL,NULL,NULL,NULL,NULL,"Y","Y",NULL,NULL,"TOTAL (ALL AREAS)",NULL,NULL,NULL,NULL,NULL,NULL,NULL,NULL,NULL,NULL,NULL,NULL,NULL,NULL,NULL,NULL,NULL,NULL,NULL,NULL,NULL,NULL,NULL,NULL,NULL,NULL,NULL,NULL,NULL,NULL,NULL,NULL,NULL
"688302","f47de85d62a12835f0be9df24d1e081018350ee459f101af31c73228973642b8226757cbd830a12ac38e20150d6cb3aa08caa6003902f344ffd33ea84f7faef6","JC338935","07/07/2019 06:25:00 PM","2","DRIVER",NULL,"654948.0",NULL,"DODGE","UNKNOWN","IL","2014.0","NONE","PASSENGER","PERSONAL","N","STRAIGHT AHEAD",NULL,NULL,"1.0",NULL,NULL,NULL,NULL,"Y","Y","Y","Y","Y",NULL,NULL,NULL,NULL,NULL,NULL,NULL,NULL,"SIDE-RIGHT",NULL,NULL,NULL,NULL,NULL,NULL,NULL,NULL,NULL,NULL,NULL,NULL,NULL,NULL,NULL,NULL,NULL,NULL,NULL,NULL,NULL,NULL,NULL,NULL,NULL,NULL,NULL,NULL,NULL,NULL,NULL,NULL,NULL
"688718","14053e28e8a5f60863c48a60b79bc9623983d05647e87511a5f1569febe5d98799d461e306238f4f4087474493595b13290196608ca22c33b7da13bc773c1246","JC339074","07/07/2019 07:40:00 PM","1","DRIVER",NULL,"655343.0",NULL,"FORD","UNKNOWN","IL","2012.0","NONE","PASSENGER","PERSONAL","E","BACKING",NULL,NULL,"1.0",NULL,NULL,NULL,NULL,NULL,NULL,NULL,NULL,NULL,"Y",NULL,NULL,NULL,NULL,NULL,NULL,NULL,"REAR-LEFT",NULL,NULL,NULL,NULL,NULL,NULL,NULL,NULL,NULL,NULL,NULL,NULL,NULL,NULL,NULL,NULL,NULL,NULL,NULL,NULL,NULL,NULL,NULL,NULL,NULL,NULL,NULL,NULL,NULL,NULL,NULL,NULL,NULL
"688938","65053171e11e8e267584f71d377a3fc721b7d76059f95763e534885a6fd6d22f2b048475b6635ad397ce5d8c501bf735a29d47400336c90a8d3ad9db4e4def76","JC340317","07/08/2019 05:05:00 PM","2","DRIVER",NULL,"655543.0",NULL,"MITSUBISHI","Outlander","IL","2015.0","NONE","PASSENGER","PERSONAL","W","STRAIGHT AHEAD",NULL,NULL,"1.0",NULL,NULL,NULL,NULL,NULL,NULL,NULL,NULL,NULL,NULL,NULL,NULL,"Y",NULL,NULL,NULL,NULL,"ROOF",NULL,NULL,NULL,NULL,NULL,NULL,NULL,NULL,NULL,NULL,NULL,NULL,NULL,NULL,NULL,NULL,NULL,NULL,NULL,NULL,NULL,NULL,NULL,NULL,NULL,NULL,NULL,NULL,NULL,NULL,NULL,NULL,NULL
"689123","f42bb95b3f9d6bb908ea9b863b4d4facd04d590b7861b062d55dc142efc6e8752b734f9c6a52ba78608ed150bb03d8ba26bd4827d1184a2003f13af08bf87a90","JC340669","07/08/2019 10:08:00 PM","1","DRIVER",NULL,"655718.0",NULL,"VOLKSWAGEN","PASSAT","IL","2014.0","UNKNOWN","PASSENGER","PERSONAL","S","STRAIGHT AHEAD",NULL,NULL,"1.0",NULL,NULL,NULL,NULL,"Y",NULL,NULL,NULL,NULL,NULL,NULL,NULL,NULL,NULL,NULL,NULL,NULL,"FRONT",NULL,NULL,NULL,NULL,NULL,NULL,NULL,NULL,NULL,NULL,NULL,NULL,NULL,NULL,NULL,NULL,NULL,NULL,NULL,NULL,NULL,NULL,NULL,NULL,NULL,NULL,NULL,NULL,NULL,NULL,NULL,NULL,NULL
"689297","6a8dfca622073751893e5fc8eda552e2850580971fe5ae94ea3471485be450dabf1a0d0601da4ac964859b51052177beefe094d497ee0db0e1c2a0ec7338b103","JC341093","07/09/2019 10:00:00 AM","1","DRIVER",NULL,"655889.0",NULL,"MERCEDES-BENZ","ML350","IL","2010.0","NONE","PASSENGER","PERSONAL","E","TURNING LEFT",NULL,NULL,"1.0",NULL,NULL,NULL,NULL,NULL,NULL,NULL,NULL,NULL,NULL,NULL,NULL,NULL,NULL,NULL,NULL,"Y","REAR-LEFT",NULL,NULL,NULL,NULL,NULL,NULL,NULL,NULL,NULL,NULL,NULL,NULL,NULL,NULL,NULL,NULL,NULL,NULL,NULL,NULL,NULL,NULL,NULL,NULL,NULL,NULL,NULL,NULL,NULL,NULL,NULL,NULL,NULL
"689757","a99e320408110ec0e14bc5c406a36603b6a2c9b1686a5d2d1ce2c48c689f45ff60e64203602085351cc6a91b1b2796280671f9b11ca8319f336658cb5709f666","JC341880","07/09/2019 03:45:00 PM","2","PARKED",NULL,"656335.0",NULL,"TOYOTA MOTOR COMPANY, LTD.","UNKNOWN","IL","2016.0","UNKNOWN","SPORT UTILITY VEHICLE (SUV)","PERSONAL","S","PARKED",NULL,NULL,"0.0",NULL,NULL,NULL,NULL,NULL,NULL,NULL,NULL,NULL,NULL,"N",NULL,NULL,NULL,"Y",NULL,NULL,"TOTAL (ALL AREAS)",NULL,NULL,NULL,NULL,NULL,NULL,NULL,NULL,NULL,NULL,NULL,NULL,NULL,NULL,NULL,NULL,NULL,NULL,NULL,NULL,NULL,NULL,NULL,NULL,NULL,NULL,NULL,NULL,NULL,NULL,NULL,NULL,NULL
"689949","e1cb52aa59c57c38fa59a453032a62870b156718249fae962c5d2199a9f6a94b82b8e1475920935c926377777a8427513fc968f2f4b9eac3430b06762a3e8443","JC342341","07/10/2019 08:35:00 AM","2","DRIVER",NULL,"656509.0",NULL,"HYUNDAI","Accent","IL","2016.0","NONE","PASSENGER","PERSONAL","E","STRAIGHT AHEAD","Y",NULL,"1.0",NULL,"five star",NULL,NULL,"Y",NULL,NULL,NULL,"Y","Y","Y",NULL,NULL,NULL,"Y","Y",NULL,"REAR-LEFT",NULL,NULL,NULL,NULL,NULL,NULL,NULL,NULL,NULL,NULL,NULL,NULL,NULL,NULL,NULL,NULL,NULL,NULL,NULL,NULL,NULL,NULL,NULL,NULL,NULL,NULL,NULL,NULL,NULL,NULL,NULL,NULL,NULL
"690078","12f15b0738825b78d2a8bb111c368709dbe944e1b0edcb165d5ce4361f0768486fd08f7577b2ed288ba533e9e607510e3e12f5ae847a54e5a5f28f1446fc4755","JC342504","07/10/2019 10:50:00 AM","2","PARKED",NULL,"656632.0","N","FORD","F650 Super Crew","IL","2018.0","NONE","TRUCK - SINGLE UNIT","OTHER","E","PARKED",NULL,NULL,"0.0",NULL,NULL,NULL,NULL,NULL,NULL,NULL,"Y",NULL,NULL,NULL,NULL,NULL,NULL,NULL,NULL,NULL,"REAR-RIGHT",NULL,NULL,NULL,NULL,NULL,NULL,NULL,NULL,NULL,NULL,NULL,NULL,NULL,NULL,NULL,NULL,NULL,NULL,NULL,NULL,NULL,NULL,NULL,NULL,NULL,NULL,NULL,NULL,NULL,NULL,NULL,NULL,NULL
"690080","cdbf696efbf52d014ff045b11fcb742f1a05d38ceb8aed1be31ff21be625f322864eff075991addc5ee146708665cb2b68a8b795ef38f81c6c03f93a0d95cd92","JC342622","07/07/2019 04:00:00 AM","2","PARKED",NULL,"656636.0",NULL,"FORD","FUSION","IL","2011.0","NONE","PASSENGER","PERSONAL","N","PARKED",NULL,NULL,"0.0",NULL,NULL,NULL,NULL,NULL,NULL,NULL,NULL,NULL,NULL,"Y","Y","Y","Y","Y",NULL,NULL,"ROOF",NULL,NULL,NULL,NULL,NULL,NULL,NULL,NULL,NULL,NULL,NULL,NULL,NULL,NULL,NULL,NULL,NULL,NULL,NULL,NULL,NULL,NULL,NULL,NULL,NULL,NULL,NULL,NULL,NULL,NULL,NULL,NULL,NULL
"690248","6f2ed9f5002a849478028feb2b46b4b12813959e8412ac73b6ccedff52f950aeb28f82b14cb2bd67d996634bdc112d125b5f1883e20b0fd6d107f355e8bc4f0c","JC342913","07/08/2019 04:30:00 AM","2","PARKED",NULL,"656784.0",NULL,"TOYOTA MOTOR COMPANY, LTD.","RAV4 (sport utility)","IL","2011.0","NONE","SPORT UTILITY VEHICLE (SUV)","PERSONAL","S","PARKED",NULL,NULL,"0.0",NULL,NULL,NULL,NULL,NULL,NULL,NULL,NULL,NULL,NULL,"Y",NULL,NULL,NULL,NULL,NULL,NULL,"FRONT-LEFT",NULL,NULL,NULL,NULL,NULL,NULL,NULL,NULL,NULL,NULL,NULL,NULL,NULL,NULL,NULL,NULL,NULL,NULL,NULL,NULL,NULL,NULL,NULL,NULL,NULL,NULL,NULL,NULL,NULL,NULL,NULL,NULL,NULL
"690445","e04e76a6f534c32f0566fd324bf73217ec0cc4ccc4c3c3814ce7f1ec737c7d7b60d75552de9f43b69e607dcff68d1da970182818a29d3d7f7e43a0af948f1793","JC343185","07/10/2019 06:30:00 PM","1","DRIVER",NULL,"656998.0",NULL,"HYUNDAI","UNKNOWN","IL","2017.0","UNKNOWN","PASSENGER","UNKNOWN/NA","S","STRAIGHT AHEAD",NULL,NULL,"1.0",NULL,NULL,NULL,NULL,NULL,NULL,NULL,NULL,NULL,NULL,NULL,NULL,NULL,NULL,NULL,"Y","N","OTHER",NULL,NULL,NULL,NULL,NULL,NULL,NULL,NULL,NULL,NULL,NULL,NULL,NULL,NULL,NULL,NULL,NULL,NULL,NULL,NULL,NULL,NULL,NULL,NULL,NULL,NULL,NULL,NULL,NULL,NULL,NULL,NULL,NULL
"690648","72814a9e0b2e337c1dbf40a11760f876aa40f2879d6a31439810c390e505f6c442f5478fe61c8b633f701dfc03f9b86af1251ab42af1dbae2fce0b7d093f1337","JC197417","03/24/2019 03:05:00 AM","2","DRIVER","1.0","657135.0",NULL,"CHEVROLET","EQUINOX","IL","2016.0","UNKNOWN","PASSENGER","PERSONAL","N","STRAIGHT AHEAD",NULL,NULL,"2.0",NULL,NULL,NULL,NULL,"Y","Y",NULL,NULL,NULL,NULL,NULL,NULL,NULL,NULL,NULL,NULL,NULL,"FRONT",NULL,NULL,NULL,NULL,NULL,NULL,NULL,NULL,NULL,NULL,NULL,NULL,NULL,NULL,NULL,NULL,NULL,NULL,NULL,NULL,NULL,NULL,NULL,NULL,NULL,NULL,NULL,NULL,NULL,NULL,NULL,NULL,NULL
"690881","dbca508f19e1ffc4b0aea0ddd4a8b5650db5f2ab7cfd26ab186cd79f973c913cc451c9ba836dde7097d6287e5a3fbe553edcb2706a5070da3bf625f7b2947a1c","JC344025","07/11/2019 11:12:00 AM","3","DRIVER",NULL,"657387.0",NULL,"FORD","F150","IL","2016.0","NONE","PICKUP","COMMERCIAL - SINGLE UNIT","S","SLOW/STOP IN TRAFFIC",NULL,NULL,"1.0",NULL,NULL,NULL,"Y",NULL,NULL,NULL,NULL,NULL,NULL,NULL,NULL,NULL,NULL,NULL,NULL,NULL,"REAR-LEFT",NULL,NULL,NULL,NULL,NULL,NULL,NULL,NULL,NULL,NULL,NULL,NULL,NULL,NULL,NULL,NULL,NULL,NULL,NULL,NULL,NULL,NULL,NULL,NULL,NULL,NULL,NULL,NULL,NULL,NULL,NULL,NULL,NULL
"691045","34b15de399d808846d892ecde88ce10768d28ccdb87735e8865485bd35a39696a32bd9b53c21b85ea72f43d1a865cb74ef32ca75a5c6bd1df7d600661191c8c3","JC344257","07/11/2019 01:05:00 PM","1","DRIVER",NULL,"657524.0",NULL,"UNKNOWN","UNKNOWN","IL","2015.0","NONE","BUS OVER 15 PASS.","OTHER","E","STRAIGHT AHEAD",NULL,NULL,"1.0",NULL,NULL,NULL,NULL,NULL,NULL,NULL,NULL,NULL,NULL,NULL,NULL,NULL,NULL,NULL,"Y",NULL,"OTHER",NULL,NULL,NULL,NULL,NULL,NULL,NULL,NULL,NULL,NULL,NULL,NULL,NULL,NULL,NULL,NULL,NULL,NULL,NULL,NULL,NULL,NULL,NULL,NULL,NULL,NULL,NULL,NULL,NULL,NULL,NULL,NULL,NULL
"691233","e9bddb3f8946986ff2fd1bddac6513b3c89b81f8b13671965b3140cd6d5fd077a47437da674982d2caec7de881a1035b8b93c6c8c0b8b38c2f77d25cdd9e77e8","JC334601","07/11/2019 05:35:00 PM","2","DRIVER",NULL,"657712.0",NULL,"FORD","EXPLORER","IL","2015.0","NONE","SPORT UTILITY VEHICLE (SUV)","NOT IN USE","E","STRAIGHT AHEAD",NULL,NULL,"1.0",NULL,NULL,NULL,NULL,NULL,NULL,NULL,NULL,"Y",NULL,NULL,NULL,NULL,NULL,NULL,NULL,NULL,"REAR",NULL,NULL,NULL,NULL,NULL,NULL,NULL,NULL,NULL,NULL,NULL,NULL,NULL,NULL,NULL,NULL,NULL,NULL,NULL,NULL,NULL,NULL,NULL,NULL,NULL,NULL,NULL,NULL,NULL,NULL,NULL,NULL,NULL
"691239","4b9bac972c97fc07e7598f2e596d19fadb7c2939492b273b7bc2190f0b00c38de59154136cbbd4fa832261e45012dc967f98a10c272b6357a40be33df61e6e17","JC344654","07/07/2019 05:30:00 AM","1","DRIVER",NULL,"657700.0",NULL,"VOLKSWAGEN","UNKNOWN","IL","2014.0","UNKNOWN","PASSENGER","PERSONAL","W","SLOW/STOP IN TRAFFIC",NULL,NULL,"1.0",NULL,NULL,NULL,NULL,NULL,NULL,NULL,NULL,NULL,NULL,NULL,NULL,NULL,"Y","Y",NULL,NULL,"TOTAL (ALL AREAS)",NULL,NULL,NULL,NULL,NULL,NULL,NULL,NULL,NULL,NULL,NULL,NULL,NULL,NULL,NULL,NULL,NULL,NULL,NULL,NULL,NULL,NULL,NULL,NULL,NULL,NULL,NULL,NULL,NULL,NULL,NULL,NULL,NULL
"691248","5755699b7f35636478b1d83fa208dad8f8da24679f906e988d445a7868a264ebda4debd9c498dc5b72d83d6f0bb6cbb3e1cbfd6acdc5aa314bd3d7e26f60c321","JC344642","07/11/2019 05:45:00 PM","2","DRIVER",NULL,"657728.0",NULL,"CADILLAC","Escalade","IL","2016.0","UNKNOWN","PASSENGER","PERSONAL","S","SLOW/STOP IN TRAFFIC",NULL,NULL,"1.0",NULL,NULL,NULL,NULL,NULL,NULL,NULL,NULL,"Y",NULL,NULL,NULL,NULL,NULL,NULL,NULL,NULL,"REAR",NULL,NULL,NULL,NULL,NULL,NULL,NULL,NULL,NULL,NULL,NULL,NULL,NULL,NULL,NULL,NULL,NULL,NULL,NULL,NULL,NULL,NULL,NULL,NULL,NULL,NULL,NULL,NULL,NULL,NULL,NULL,NULL,NULL
"691279","f1d5a15699574ceca05dd3fc069f46179075f08274e9f99d59417a630cf6088ab2103c2bc143ab204b385728cb25de180a4aff9414773ce349eeb1952c84c19e","JC344643","07/11/2019 06:30:00 PM","3","DRIVER",NULL,"657748.0",NULL,"ACURA (DIV. OF AMERICAN HONDA MOTOR CO.)","MDX","IL","2019.0","NONE","PASSENGER","RIDESHARE SERVICE","E","STRAIGHT AHEAD",NULL,NULL,"1.0",NULL,NULL,NULL,NULL,NULL,NULL,NULL,NULL,NULL,"Y","Y",NULL,NULL,NULL,NULL,NULL,NULL,"SIDE-LEFT",NULL,NULL,NULL,NULL,NULL,NULL,NULL,NULL,NULL,NULL,NULL,NULL,NULL,NULL,NULL,NULL,NULL,NULL,NULL,NULL,NULL,NULL,NULL,NULL,NULL,NULL,NULL,NULL,NULL,NULL,NULL,NULL,NULL
"691489","d31f12556475cc90b80d18cc05f1821277fcdc1a6a2578a8bad00f300f3b77aad842d20e2e4c57a9e7a9d06236b1ffd419f95cc80c33882e849ef700697145a0","JC345270","07/12/2019 08:30:00 AM","2","DRIVER",NULL,"657951.0",NULL,"VOLVO","VOLVO","IL","2011.0","NONE","PASSENGER","PERSONAL","E","SLOW/STOP IN TRAFFIC",NULL,NULL,"1.0",NULL,NULL,NULL,NULL,NULL,NULL,NULL,NULL,NULL,"Y",NULL,NULL,NULL,NULL,NULL,NULL,NULL,"REAR-LEFT",NULL,NULL,NULL,NULL,NULL,NULL,NULL,NULL,NULL,NULL,NULL,NULL,NULL,NULL,NULL,NULL,NULL,NULL,NULL,NULL,NULL,NULL,NULL,NULL,NULL,NULL,NULL,NULL,NULL,NULL,NULL,NULL,NULL
"691961","a76d0cad495524ca14e4199cc7c90ac806e19cdc298db56b0e35c51570d04de7b4c22979a250f8eb6ccfa67be990a8c9768fdad3c64fbc802eca52bad8fce5a7","JC346035","07/12/2019 05:15:00 PM","2","DRIVER","2.0","658377.0",NULL,"NISSAN","SENTRA (DATSUN AND NISSAN HAVE MERGED)","IL","2015.0","UNKNOWN","PASSENGER","PERSONAL","E","STRAIGHT AHEAD",NULL,NULL,"3.0",NULL,NULL,NULL,NULL,NULL,NULL,NULL,NULL,NULL,NULL,NULL,NULL,NULL,NULL,"Y",NULL,NULL,"TOTAL (ALL AREAS)",NULL,NULL,NULL,NULL,NULL,NULL,NULL,NULL,NULL,NULL,NULL,NULL,NULL,NULL,NULL,NULL,NULL,NULL,NULL,NULL,NULL,NULL,NULL,NULL,NULL,NULL,NULL,NULL,NULL,NULL,NULL,NULL,NULL
"692064","e79cecc46c16e8355808434dc9bc95b07e8a2a73523bc44f6f10295de0a82ab626fa66d7eea781757233cd0b6e31b398ac320f0b6f057653f712e0752634b92a","JC346158","07/12/2019 03:24:00 PM","2","DRIVER","3.0","658468.0",NULL,"CHEVROLET","CRUZE","IL","2019.0","NONE","PASSENGER","PERSONAL","UNKNOWN","BACKING",NULL,NULL,"4.0",NULL,NULL,NULL,NULL,NULL,NULL,NULL,NULL,"N","Y","Y","Y",NULL,NULL,NULL,NULL,NULL,"FRONT-LEFT",NULL,NULL,NULL,NULL,NULL,NULL,NULL,NULL,NULL,NULL,NULL,NULL,NULL,NULL,NULL,NULL,NULL,NULL,NULL,NULL,NULL,NULL,NULL,NULL,NULL,NULL,NULL,NULL,NULL,NULL,NULL,NULL,NULL
"692308","c4a4a440f511ee6bd7ca9321973ca2c14e479dc936c6e44008a7112f10945f62cb4472f99763782df2e62b0c3441826e746dbd755ebd2c508adfab32b6bb734f","JC346531","07/13/2019 02:00:00 AM","2","DRIVER",NULL,"658664.0",NULL,"LINCOLN-CONTINENTAL","UNKNOWN","IL","2015.0","UNKNOWN","PASSENGER","PERSONAL","N","STRAIGHT AHEAD","Y",NULL,"1.0",NULL,NULL,NULL,NULL,"Y",NULL,NULL,NULL,NULL,NULL,NULL,NULL,NULL,NULL,"Y","Y",NULL,"OTHER",NULL,NULL,NULL,NULL,NULL,NULL,NULL,NULL,NULL,NULL,NULL,NULL,NULL,NULL,NULL,NULL,NULL,NULL,NULL,NULL,NULL,NULL,NULL,NULL,NULL,NULL,NULL,NULL,NULL,NULL,NULL,NULL,NULL
"692782","7a64aa11d8bb2acab94b052b1ec3e0df58f9991666ccfbbb698a17341ae177749834a42c195a403b45ec09364b9d51fdf38b2bb68c7e3ed236c2e65136156e46","JC347354","07/13/2019 04:35:00 PM","1","DRIVER",NULL,"659101.0",NULL,"DODGE","CHALLENGER","IL","2015.0","NONE","PASSENGER","PERSONAL","S","STRAIGHT AHEAD",NULL,NULL,"1.0",NULL,NULL,NULL,NULL,"Y",NULL,NULL,NULL,NULL,NULL,NULL,NULL,NULL,NULL,NULL,NULL,NULL,"FRONT",NULL,NULL,NULL,NULL,NULL,NULL,NULL,NULL,NULL,NULL,NULL,NULL,NULL,NULL,NULL,NULL,NULL,NULL,NULL,NULL,NULL,NULL,NULL,NULL,NULL,NULL,NULL,NULL,NULL,NULL,NULL,NULL,NULL
"693994","3965bcceec53793a338b9efc9de36951d015ccbcceee9f147e6dc8d5bc8cd529d786863fd40d8f7005483ca79d71230ad2faec69ef1adf45d99e27fe82247122","JC349545","07/15/2019 10:45:00 AM","2","DRIVER",NULL,"660238.0",NULL,"CHEVROLET","C K 1500","IL","2012.0","NONE","VAN/MINI-VAN","PERSONAL","E","STRAIGHT AHEAD",NULL,NULL,"1.0",NULL,NULL,NULL,NULL,NULL,NULL,NULL,NULL,"Y",NULL,NULL,NULL,NULL,NULL,NULL,NULL,NULL,"REAR",NULL,NULL,NULL,NULL,NULL,NULL,NULL,NULL,NULL,NULL,NULL,NULL,NULL,NULL,NULL,NULL,NULL,NULL,NULL,NULL,NULL,NULL,NULL,NULL,NULL,NULL,NULL,NULL,NULL,NULL,NULL,NULL,NULL
"694354","272394df5f2c9fba6b60e17cae9ac60d456acc5d72bbad7b3d50b5145edcb4c15cfd7168ef669f2e214363c3584e06f9bdc8a97930f56dca381be55573f3cbc8","JC324670","06/27/2019 05:36:00 PM","2","DRIVER","1.0","660531.0",NULL,"TOYOTA MOTOR COMPANY, LTD.","TOYOTA","IL","2015.0","NONE","PASSENGER","PERSONAL","E","TURNING LEFT",NULL,NULL,"2.0",NULL,NULL,NULL,NULL,NULL,NULL,NULL,NULL,NULL,NULL,NULL,NULL,NULL,NULL,NULL,"Y",NULL,"TOTAL (ALL AREAS)",NULL,NULL,NULL,NULL,NULL,NULL,NULL,NULL,NULL,NULL,NULL,NULL,NULL,NULL,NULL,NULL,NULL,NULL,NULL,NULL,NULL,NULL,NULL,NULL,NULL,NULL,NULL,NULL,NULL,NULL,NULL,NULL,NULL
"694447","dfb344a26389cd45d638a5b1c98fad01fc47e2c0cffaded152384291177437cab587eb8ce95d8cae1208e43b6d75f3e7ae049030de518bb4b75ce98659f98322","JC350317","07/15/2019 06:40:00 PM","2","DRIVER",NULL,"660631.0",NULL,"NISSAN","ROGUE","IL","2010.0","NONE","SPORT UTILITY VEHICLE (SUV)","PERSONAL","S","TURNING RIGHT",NULL,NULL,"1.0",NULL,NULL,NULL,NULL,NULL,NULL,"Y","Y",NULL,NULL,NULL,NULL,NULL,NULL,NULL,NULL,NULL,"REAR-RIGHT",NULL,NULL,NULL,NULL,NULL,NULL,NULL,NULL,NULL,NULL,NULL,NULL,NULL,NULL,NULL,NULL,NULL,NULL,NULL,NULL,NULL,NULL,NULL,NULL,NULL,NULL,NULL,NULL,NULL,NULL,NULL,NULL,NULL
"694454","1174a4ea2aa0f34e775257c3d6de7fdaea14736859e6591899936b21bbf3714ae51cf5e91ad8f23ccac8dfefe31a0dfe4339d9bea2c2c5c24902ad90787bbd6c","JC347595","07/13/2019 08:00:00 PM","3","PARKED",NULL,"660617.0",NULL,"HONDA","CRV","IL","2015.0","NONE","SPORT UTILITY VEHICLE (SUV)","PERSONAL","W","PARKED",NULL,NULL,"0.0",NULL,NULL,NULL,NULL,NULL,NULL,NULL,NULL,NULL,NULL,NULL,NULL,NULL,"Y","Y",NULL,NULL,"UNDER CARRIAGE",NULL,NULL,NULL,NULL,NULL,NULL,NULL,NULL,NULL,NULL,NULL,NULL,NULL,NULL,NULL,NULL,NULL,NULL,NULL,NULL,NULL,NULL,NULL,NULL,NULL,NULL,NULL,NULL,NULL,NULL,NULL,NULL,NULL
"694546","f8ae2cf6a242a8231ca4791b28252283792506a458e0f4d0ee13557e0375e89de1e38422f9c3954d6eec63d13c320b082c042f51ad707473c07fdf6456b1ba50","JC350465","07/15/2019 07:10:00 PM","1","DRIVER",NULL,"660719.0",NULL,"MAZDA","UNKNOWN","IL","2016.0","NONE","UNKNOWN/NA","PERSONAL","S","ENTER FROM DRIVE/ALLEY","Y",NULL,"1.0",NULL,"private towing","Driver residence",NULL,NULL,NULL,NULL,NULL,NULL,NULL,NULL,NULL,NULL,NULL,"Y",NULL,NULL,"OTHER",NULL,NULL,NULL,NULL,NULL,NULL,NULL,NULL,NULL,NULL,NULL,NULL,NULL,NULL,NULL,NULL,NULL,NULL,NULL,NULL,NULL,NULL,NULL,NULL,NULL,NULL,NULL,NULL,NULL,NULL,NULL,NULL,NULL
"694637","859792ee6459ca016ada8a899d00461c963c0308cc3308bceeeed356a45aa677430c23b6eabf98f72bcea2d4a27ac846d895ec6a03106ac0f49670c0747e65a4","JC350732","07/16/2019 02:20:00 AM","1","DRIVER","1.0","660794.0",NULL,"HYUNDAI","SONATA","IL","2018.0","UNKNOWN","PASSENGER","PERSONAL","E","STRAIGHT AHEAD","Y",NULL,"2.0",NULL,NULL,"10301 s doty ave",NULL,NULL,NULL,NULL,NULL,NULL,NULL,NULL,NULL,NULL,NULL,NULL,NULL,NULL,NULL,NULL,NULL,NULL,NULL,NULL,NULL,NULL,NULL,NULL,NULL,NULL,NULL,NULL,NULL,NULL,NULL,NULL,NULL,NULL,NULL,NULL,NULL,NULL,NULL,NULL,NULL,NULL,NULL,NULL,NULL,NULL,NULL,NULL
"695027","92e505f54ca6296eb6e4a21154af7c2992855e715a2cc53593610111c34c86ad8ec3e1e20810e9f3b7353996ab4cb8e9180f3314c30fa47f21d4a3d6a8ae8840","JC351399","07/16/2019 02:05:00 PM","1","DRIVER","3.0","661363.0",NULL,"FORD","Explorer","OH","2018.0","NONE","SPORT UTILITY VEHICLE (SUV)","OTHER","N","BACKING",NULL,NULL,"4.0",NULL,NULL,NULL,NULL,"Y","Y","Y","Y","Y","Y","Y","Y","Y","Y","Y","Y",NULL,"UNKNOWN",NULL,NULL,NULL,NULL,NULL,NULL,NULL,NULL,NULL,NULL,NULL,NULL,NULL,NULL,NULL,NULL,NULL,NULL,NULL,NULL,NULL,NULL,NULL,NULL,NULL,NULL,NULL,NULL,NULL,NULL,NULL,NULL,NULL
"695065","bf0bafa47a6807d7fdb8e443e935e5f9257688990838823b6316c94bdb99223d2abff363bc193e0656c7bef843fc5354f45c3a2333f52c5900e2e92b7e8f14ee","JC351412","07/16/2019 01:20:00 PM","2","DRIVER",NULL,"661181.0",NULL,"CHEVROLET","UNKNOWN","AZ","2018.0","NONE","VAN/MINI-VAN","PERSONAL","N","SLOW/STOP IN TRAFFIC",NULL,NULL,"1.0",NULL,NULL,NULL,NULL,NULL,NULL,NULL,NULL,NULL,"Y",NULL,NULL,NULL,NULL,NULL,NULL,NULL,"REAR-LEFT",NULL,NULL,NULL,NULL,NULL,NULL,NULL,NULL,NULL,NULL,NULL,NULL,NULL,NULL,NULL,NULL,NULL,NULL,NULL,NULL,NULL,NULL,NULL,NULL,NULL,NULL,NULL,NULL,NULL,NULL,NULL,NULL,NULL