"CRASH_UNIT_ID","CRASH_RECORD_ID","RD_NO","CRASH_DATE","UNIT_NO","UNIT_TYPE","NUM_PASSENGERS","VEHICLE_ID","CMRC_VEH_I","MAKE","MODEL","LIC_PLATE_STATE","VEHICLE_YEAR","VEHICLE_DEFECT","VEHICLE_TYPE","VEHICLE_USE","TRAVEL_DIRECTION","MANEUVER","TOWED_I","FIRE_I","OCCUPANT_CNT","EXCEED_SPEED_LIMIT_I","TOWED_BY","TOWED_TO","AREA_00_I","AREA_01_I","AREA_02_I","AREA_03_I","AREA_04_I","AREA_05_I","AREA_06_I","AREA_07_I","AREA_08_I","AREA_09_I","AREA_10_I","AREA_11_I","AREA_12_I","AREA_99_I","FIRST_CONTACT_POINT","CMV_ID","USDOT_NO","CCMC_NO","ILCC_NO","COMMERCIAL_SRC","GVWR","CARRIER_NAME","CARRIER_STATE","CARRIER_CITY","HAZMAT_PLACARDS_I","HAZMAT_NAME","UN_NO","HAZMAT_PRESENT_I","HAZMAT_REPORT_I","HAZMAT_REPORT_NO","MCS_REPORT_I","MCS_REPORT_NO","HAZMAT_VIO_CAUSE_CRASH_I","MCS_VIO_CAUSE_CRASH_I","IDOT_PERMIT_NO","WIDE_LOAD_I","TRAILER1_WIDTH","TRAILER2_WIDTH","TRAILER1_LENGTH","TRAILER2_LENGTH","TOTAL_VEHICLE_LENGTH","AXLE_CNT","VEHICLE_CONFIG","CARGO_BODY_TYPE","LOAD_TYPE","HAZMAT_OUT_OF_SERVICE_I","MCS_OUT_OF_SERVICE_I","HAZMAT_CLASS"
"695243","396ccdc1b1333a22008469719465fb8000f473a338bfd8c2735a71037ad12465389b469725121c87f486997242e21e1117db2e51b1e72e9140a7a65a83ca981c","JC351558","07/16/2019 04:20:00 PM","1","DRIVER",NULL,"661360.0",NULL,"JEEP","Grand Cherokee (for vehicle years 1989 to present)","IL","2014.0","UNKNOWN","SPORT UTILITY VEHICLE (SUV)","PERSONAL","W","MERGING",NULL,NULL,"1.0",NULL,NULL,NULL,NULL,"Y",NULL,NULL,NULL,NULL,NULL,NULL,NULL,NULL,NULL,NULL,NULL,NULL,"FRONT",NULL,NULL,NULL,NULL,NULL,NULL,NULL,NULL,NULL,NULL,NULL,NULL,NULL,NULL,NULL,NULL,NULL,NULL,NULL,NULL,NULL,NULL,NULL,NULL,NULL,NULL,NULL,NULL,NULL,NULL,NULL,NULL,NULL
"695380","62af9c91945297cab979f03e335405e56c422ac30f2f8e97550c1c9548be497fe7218b66b4a3408487b2cdeeb1f05aeef9df33133a7b4d6dfde4aab511e2e1b6","JC351844","07/16/2019 07:39:00 PM","1","DRIVER",NULL,"661498.0",NULL,"MAZDA","Mazda 3","IL","2016.0","UNKNOWN","PASSENGER","UNKNOWN/NA","W","STRAIGHT AHEAD","Y",NULL,"1.0",NULL,NULL,NULL,NULL,"Y","Y",NULL,NULL,NULL,NULL,NULL,NULL,"Y","Y","Y","Y",NULL,"OTHER",NULL,NULL,NULL,NULL,NULL,NULL,NULL,NULL,NULL,NULL,NULL,NULL,NULL,NULL,NULL,NULL,NULL,NULL,NULL,NULL,NULL,NULL,NULL,NULL,NULL,NULL,NULL,NULL,NULL,NULL,NULL,NULL,NULL
"695601","7a715655816e4001567d53ff6b0818b0eb629e728c79f8e91f464162f77287842d33573ff342771019a664383eacde3840fb139145875eed58d0adc565cd10c9","JC352433","07/16/2019 12:15:00 PM","1","DRIVER",NULL,"662337.0",NULL,"HONDA","UNKNOWN","IL","2019.0","UNKNOWN","UNKNOWN/NA","UNKNOWN/NA","S","CHANGING LANES",NULL,NULL,"1.0",NULL,NULL,NULL,NULL,NULL,NULL,NULL,NULL,NULL,NULL,NULL,NULL,NULL,"Y","Y",NULL,"Y","UNDER CARRIAGE",NULL,NULL,NULL,NULL,NULL,NULL,NULL,NULL,NULL,NULL,NULL,NULL,NULL,NULL,NULL,NULL,NULL,NULL,NULL,NULL,NULL,NULL,NULL,NULL,NULL,NULL,NULL,NULL,NULL,NULL,NULL,NULL,NULL
"695788","fd90927be047b647add3dd941e4fd6deab50575db81ec283510cf726cf9b2e7c0fac66b490d8eef63aa98af66050d3539d80bb4f92877b291447ad9018f7a2c6","JC352739","07/17/2019 01:55:00 PM","2","DRIVER","2.0","661843.0",NULL,"TOYOTA MOTOR COMPANY, LTD.","COROLLA","IL","2017.0","NONE","PASSENGER","RIDESHARE SERVICE","NW","STRAIGHT AHEAD",NULL,NULL,"3.0",NULL,NULL,NULL,NULL,NULL,NULL,NULL,NULL,"Y","Y","Y",NULL,NULL,NULL,NULL,NULL,NULL,"REAR-LEFT",NULL,NULL,NULL,NULL,NULL,NULL,NULL,NULL,NULL,NULL,NULL,NULL,NULL,NULL,NULL,NULL,NULL,NULL,NULL,NULL,NULL,NULL,NULL,NULL,NULL,NULL,NULL,NULL,NULL,NULL,NULL,NULL,NULL
"695792","4b58832a5d3381f9043123872f7191dee48f47f1bad227ef85ab420c93baafeceb0fcf0e114c3bd2a69c9bd4cf4a092543ee0d0b861257d3f02ad080d76a8057","JC352799","07/17/2019 01:45:00 PM","2","DRIVER",NULL,"661849.0",NULL,"CHRYSLER","Pacifica (Sport Wagon)","IL","2019.0","NONE","VAN/MINI-VAN","PERSONAL","E","STRAIGHT AHEAD",NULL,NULL,"1.0",NULL,NULL,NULL,NULL,"Y","Y",NULL,NULL,NULL,NULL,NULL,NULL,NULL,NULL,NULL,NULL,NULL,"FRONT",NULL,NULL,NULL,NULL,NULL,NULL,NULL,NULL,NULL,NULL,NULL,NULL,NULL,NULL,NULL,NULL,NULL,NULL,NULL,NULL,NULL,NULL,NULL,NULL,NULL,NULL,NULL,NULL,NULL,NULL,NULL,NULL,NULL
"695857","af86ef01363c472ce749d2f55b60cf91168eb7af095620cd8b83549e29cf372986031b0072a6dbdc90973b5e8444b2bcd50f1ac5ac7999abb1a81af3e0e4354f","JC352939","07/17/2019 03:43:00 PM","1","DRIVER",NULL,"661901.0",NULL,"DODGE","CHARGER","IN","2015.0","NONE","PASSENGER","PERSONAL","NE","TURNING RIGHT",NULL,NULL,"1.0",NULL,NULL,NULL,"Y",NULL,NULL,NULL,NULL,NULL,NULL,NULL,NULL,NULL,NULL,NULL,NULL,NULL,"FRONT",NULL,NULL,NULL,NULL,NULL,NULL,NULL,NULL,NULL,NULL,NULL,NULL,NULL,NULL,NULL,NULL,NULL,NULL,NULL,NULL,NULL,NULL,NULL,NULL,NULL,NULL,NULL,NULL,NULL,NULL,NULL,NULL,NULL
"695869","7d0e2dc9de12ce1cdb924107eb98d470a1242826df44a823b8d20391abf0579335ca948a6516d89e12322c9636d5c97a3f5d34a63587128b821d1013a9c79e34","JC352946","07/17/2019 03:30:00 PM","2","PARKED",NULL,"661906.0",NULL,"CHEVROLET","C K 2500","IL","2010.0","UNKNOWN","PICKUP","PERSONAL","E","PARKED",NULL,NULL,"0.0",NULL,NULL,NULL,NULL,NULL,NULL,NULL,"Y","Y",NULL,NULL,NULL,NULL,NULL,NULL,NULL,NULL,"REAR",NULL,NULL,NULL,NULL,NULL,NULL,NULL,NULL,NULL,NULL,NULL,NULL,NULL,NULL,NULL,NULL,NULL,NULL,NULL,NULL,NULL,NULL,NULL,NULL,NULL,NULL,NULL,NULL,NULL,NULL,NULL,NULL,NULL
"695944","052f15c115440b1c36a52a5d5e8680f3bea3a16e17369ad5b46189cd93fe8a2e92bbdac866b479077be24f80ab459743f68cd6e01142dc80e31c8f86004a9a88","JC353027","07/17/2019 04:22:00 PM","2","DRIVER","2.0","661979.0",NULL,"LEXUS","LS460","IL","2010.0","NONE","PASSENGER","PERSONAL","E","TURNING RIGHT",NULL,NULL,"3.0",NULL,NULL,NULL,NULL,NULL,NULL,NULL,NULL,NULL,NULL,"Y","Y","Y",NULL,NULL,NULL,NULL,"SIDE-LEFT",NULL,NULL,NULL,NULL,NULL,NULL,NULL,NULL,NULL,NULL,NULL,NULL,NULL,NULL,NULL,NULL,NULL,NULL,NULL,NULL,NULL,NULL,NULL,NULL,NULL,NULL,NULL,NULL,NULL,NULL,NULL,NULL,NULL
"696314","221067288e818e96fa111278b8ee761e7802b39879f5caf0d2601be2f8b730e214394e5838795c60fadfee212a980ca36667931243ee86b618f2fec983a7e64e","JC353771","07/18/2019 08:00:00 AM","2","DRIVER",NULL,"662353.0",NULL,"FORD","FIESTA","IL","2016.0","UNKNOWN","PASSENGER","PERSONAL","W","STRAIGHT AHEAD",NULL,NULL,"1.0",NULL,NULL,NULL,NULL,NULL,NULL,NULL,NULL,NULL,NULL,"Y","Y",NULL,NULL,NULL,NULL,NULL,"SIDE-LEFT",NULL,NULL,NULL,NULL,NULL,NULL,NULL,NULL,NULL,NULL,NULL,NULL,NULL,NULL,NULL,NULL,NULL,NULL,NULL,NULL,NULL,NULL,NULL,NULL,NULL,NULL,NULL,NULL,NULL,NULL,NULL,NULL,NULL
"696855","1ea4a725f9cbef4cda910234c05f777346c72baa8c899497492027d12b8951f91242f5949eca87f15f0fc60e0571d1812a90c72d4409afc7f9235d6f9e3fa226","JC354665","07/18/2019 07:22:00 PM","1","DRIVER",NULL,"662841.0",NULL,"CADILLAC","SRX","IL","2012.0","NONE","PASSENGER","UNKNOWN/NA","N","CHANGING LANES",NULL,NULL,"1.0",NULL,NULL,NULL,NULL,NULL,NULL,NULL,"Y","Y",NULL,NULL,NULL,NULL,NULL,NULL,NULL,NULL,"REAR-RIGHT",NULL,NULL,NULL,NULL,NULL,NULL,NULL,NULL,NULL,NULL,NULL,NULL,NULL,NULL,NULL,NULL,NULL,NULL,NULL,NULL,NULL,NULL,NULL,NULL,NULL,NULL,NULL,NULL,NULL,NULL,NULL,NULL,NULL
"696924","9a5f0672c1d7330eac01c3d428ebf17668c15255ce1c9bf8efccc2cf08845dd36e924c04a2b251492f69f13624934188a9201e1a56afa112a8a22747acc4e43f","JC354768","07/18/2019 04:15:00 PM","2","PARKED",NULL,"662946.0",NULL,"JEEP","CHEROKEE","IL","2014.0","NONE","PASSENGER","PERSONAL","N","PARKED",NULL,NULL,"0.0",NULL,NULL,NULL,NULL,NULL,NULL,NULL,NULL,NULL,NULL,NULL,NULL,NULL,NULL,"Y","Y",NULL,"OTHER",NULL,NULL,NULL,NULL,NULL,NULL,NULL,NULL,NULL,NULL,NULL,NULL,NULL,NULL,NULL,NULL,NULL,NULL,NULL,NULL,NULL,NULL,NULL,NULL,NULL,NULL,NULL,NULL,NULL,NULL,NULL,NULL,NULL
"697017","bcf01b024afb4d1bc1004a9367b002ad25d55c079f70b2acab8659212d034e3fb3047966b36207eac8863b6029f7514c49c3f85256ce32974253d56582e988f9","JC354980","07/19/2019 02:00:00 AM","1","DRIVER",NULL,"662993.0",NULL,"TOYOTA MOTOR COMPANY, LTD.","CAMRY","IL","2010.0","UNKNOWN","PASSENGER","TAXI/FOR HIRE","S","TURNING LEFT",NULL,NULL,"1.0",NULL,NULL,NULL,"Y",NULL,NULL,NULL,NULL,NULL,NULL,NULL,NULL,NULL,NULL,NULL,NULL,NULL,"NONE",NULL,NULL,NULL,NULL,NULL,NULL,NULL,NULL,NULL,NULL,NULL,NULL,NULL,NULL,NULL,NULL,NULL,NULL,NULL,NULL,NULL,NULL,NULL,NULL,NULL,NULL,NULL,NULL,NULL,NULL,NULL,NULL,NULL
"697070","96f3558b5e3f86187f81c0258c6f7ee7cf57eaf94e24b91b2a99925e3f4641889ebf7cd82cb53c8f7516775d5ca991ef39681659bfbbe9845620409f1d65306b","JC355098","07/19/2019 06:35:00 AM","1","DRIVER",NULL,"663047.0",NULL,"HONDA","CRV","IL","2009.0","NONE","PASSENGER","PERSONAL","S","STRAIGHT AHEAD",NULL,NULL,"1.0",NULL,NULL,NULL,NULL,"Y","Y","Y","Y",NULL,NULL,NULL,NULL,NULL,NULL,NULL,NULL,NULL,"SIDE-RIGHT",NULL,NULL,NULL,NULL,NULL,NULL,NULL,NULL,NULL,NULL,NULL,NULL,NULL,NULL,NULL,NULL,NULL,NULL,NULL,NULL,NULL,NULL,NULL,NULL,NULL,NULL,NULL,NULL,NULL,NULL,NULL,NULL,NULL
"697220","f45a0e2a942f46fa60fcce46aba430e7ba0c7e253c713a72f54c3318914274c799f6478bb087bf6d0807b6d36ba74e38d13b8ed384a4a1331ca337f9e6417425","JC355381","07/19/2019 09:45:00 AM","2","DRIVER",NULL,"663174.0",NULL,"CHEVROLET","UNKNOWN","IL","2016.0","NONE","SPORT UTILITY VEHICLE (SUV)","PERSONAL","W","SLOW/STOP IN TRAFFIC",NULL,NULL,"1.0",NULL,NULL,NULL,NULL,NULL,NULL,NULL,NULL,"Y","Y",NULL,NULL,NULL,NULL,NULL,NULL,NULL,NULL,NULL,NULL,NULL,NULL,NULL,NULL,NULL,NULL,NULL,NULL,NULL,NULL,NULL,NULL,NULL,NULL,NULL,NULL,NULL,NULL,NULL,NULL,NULL,NULL,NULL,NULL,NULL,NULL,NULL,NULL,NULL,NULL,NULL
"697235","aa8c2c3f4f8ba3233bb19022b571d88b515027fbad8179fc008336fb9a5db7d714a2ae5318032878ef702185a8e45b10b7cfab13565a2ffc7c5f425681d3ef8c","JC355397","07/17/2019 12:01:00 AM","2","PARKED",NULL,"663196.0",NULL,"KIA MOTORS CORP","Optima","IL","2011.0","NONE","PASSENGER","PERSONAL","E","PARKED",NULL,NULL,"0.0",NULL,NULL,NULL,NULL,NULL,NULL,NULL,NULL,NULL,NULL,"Y",NULL,NULL,NULL,NULL,NULL,NULL,"SIDE-LEFT",NULL,NULL,NULL,NULL,NULL,NULL,NULL,NULL,NULL,NULL,NULL,NULL,NULL,NULL,NULL,NULL,NULL,NULL,NULL,NULL,NULL,NULL,NULL,NULL,NULL,NULL,NULL,NULL,NULL,NULL,NULL,NULL,NULL
"697256","16b2bc7bc07bb33a915c209c0a107a6c97dca961027a5f14158906134e660de916cef7664426659563a74234e60433bfd8e06aa6412be4466982854ad14e1e7f","JC355135","07/19/2019 08:00:00 AM","2","PARKED",NULL,"663210.0",NULL,"CHEVROLET","MALIBU (CHEVELLE)","IL","2017.0","NONE","PASSENGER","NOT IN USE","N","PARKED",NULL,NULL,"0.0",NULL,NULL,NULL,NULL,NULL,NULL,NULL,NULL,NULL,NULL,NULL,"Y","Y",NULL,NULL,NULL,NULL,"ROOF",NULL,NULL,NULL,NULL,NULL,NULL,NULL,NULL,NULL,NULL,NULL,NULL,NULL,NULL,NULL,NULL,NULL,NULL,NULL,NULL,NULL,NULL,NULL,NULL,NULL,NULL,NULL,NULL,NULL,NULL,NULL,NULL,NULL
"697501","72f95695749e1819d1a59d4a653a47845bce44ce5232d5adc95c40e0a5c1fae495009771576aefa268c5919870ba24b75a979a414f5a3c09ffcb25c79a699cb0","JC355792","07/19/2019 02:45:00 PM","2","DRIVER",NULL,"663468.0",NULL,"BUICK","LACROSSE","IL","2013.0","NONE","PASSENGER","PERSONAL","E","STRAIGHT AHEAD",NULL,NULL,"1.0",NULL,NULL,NULL,NULL,NULL,NULL,NULL,NULL,NULL,NULL,NULL,"Y","Y",NULL,NULL,NULL,NULL,"ROOF",NULL,NULL,NULL,NULL,NULL,NULL,NULL,NULL,NULL,NULL,NULL,NULL,NULL,NULL,NULL,NULL,NULL,NULL,NULL,NULL,NULL,NULL,NULL,NULL,NULL,NULL,NULL,NULL,NULL,NULL,NULL,NULL,NULL
"697503","e7de1733023b18c32c368681f8bd5059d64c0ef0303a5061452dc3c9514d56585d61602bab91bd92e2faef73bdc31bdc8260082932f992856aeac7b9ef1cb5be","JC355689","07/19/2019 01:50:00 PM","2","DRIVER",NULL,"663458.0",NULL,"NISSAN","UNKNOWN","IL","2012.0","NONE","PASSENGER","PERSONAL","N","STRAIGHT AHEAD","Y",NULL,"1.0",NULL,"unknown",NULL,NULL,NULL,NULL,NULL,NULL,NULL,NULL,NULL,NULL,NULL,NULL,"Y",NULL,NULL,"TOTAL (ALL AREAS)",NULL,NULL,NULL,NULL,NULL,NULL,NULL,NULL,NULL,NULL,NULL,NULL,NULL,NULL,NULL,NULL,NULL,NULL,NULL,NULL,NULL,NULL,NULL,NULL,NULL,NULL,NULL,NULL,NULL,NULL,NULL,NULL,NULL
"697574","7980743d7f078128f9431a0d95efc9f85d4afbe34322a3aabfc442e5db47b4d5b97d29132034ce2e212d16693acc11a4f2e174ac86b4be6e055182a77a68657b","JC355930","07/19/2019 10:20:00 AM","2","DRIVER",NULL,"663516.0",NULL,"HYUNDAI","SONATA","IL","2013.0","NONE","PASSENGER","PERSONAL","E","SLOW/STOP IN TRAFFIC",NULL,NULL,"1.0",NULL,NULL,NULL,NULL,"Y",NULL,NULL,NULL,NULL,NULL,NULL,NULL,NULL,NULL,NULL,NULL,NULL,"FRONT",NULL,NULL,NULL,NULL,NULL,NULL,NULL,NULL,NULL,NULL,NULL,NULL,NULL,NULL,NULL,NULL,NULL,NULL,NULL,NULL,NULL,NULL,NULL,NULL,NULL,NULL,NULL,NULL,NULL,NULL,NULL,NULL,NULL
"697833","b89ee81f6075d96ec4cb78ec7d8c6245935a79672b1a29b102de3a9d6638486871ffee1ae14e40f284966a29dbb4460d0c91929fcf287844b0e85ece722fc1cc","JC356290","07/19/2019 10:45:00 PM","1","DRIVER","1.0","663760.0",NULL,"DODGE","CHARGER","IL","2016.0","UNKNOWN","PASSENGER","PERSONAL","N","STRAIGHT AHEAD","Y",NULL,"2.0",NULL,NULL,NULL,NULL,"Y","Y","Y","Y","Y","Y","Y","Y","Y","Y","Y","Y",NULL,"FRONT",NULL,NULL,NULL,NULL,NULL,NULL,NULL,NULL,NULL,NULL,NULL,NULL,NULL,NULL,NULL,NULL,NULL,NULL,NULL,NULL,NULL,NULL,NULL,NULL,NULL,NULL,NULL,NULL,NULL,NULL,NULL,NULL,NULL
"697986","4d1cb5cf6636b7569936296658eee08077f7df074b7b028d0000efdb4fd0e73cb3898e6d47746cb6598149f0f45189a84619940d7ae6af2f1407e8abfb812fab","JC356593","07/20/2019 06:15:00 AM","2","PARKED",NULL,"663905.0",NULL,"CHRYSLER","Pacifica (Sport Wagon)","IL","2017.0","NONE","VAN/MINI-VAN","NOT IN USE","N","PARKED","Y",NULL,"0.0",NULL,"PRIVATE",NULL,NULL,NULL,NULL,NULL,NULL,NULL,NULL,"Y","Y",NULL,NULL,NULL,NULL,NULL,"SIDE-LEFT",NULL,NULL,NULL,NULL,NULL,NULL,NULL,NULL,NULL,NULL,NULL,NULL,NULL,NULL,NULL,NULL,NULL,NULL,NULL,NULL,NULL,NULL,NULL,NULL,NULL,NULL,NULL,NULL,NULL,NULL,NULL,NULL,NULL
"698430","e06af5e6ee8a976dfc968cd75c988b1d179797ffe2b98b473d5c1a7b58c7b538651557b3f69d010c209586d25579f6ebb68df7aec9ef113527a9376415389e5c","JC357268","07/20/2019 03:55:00 PM","1","DRIVER",NULL,"664309.0",NULL,"NISSAN","NISSAN ALTIMA","IL","2017.0","UNKNOWN","PASSENGER","PERSONAL","E","STRAIGHT AHEAD",NULL,NULL,"1.0",NULL,NULL,NULL,NULL,"Y",NULL,NULL,NULL,NULL,NULL,NULL,NULL,NULL,NULL,NULL,"Y",NULL,"FRONT",NULL,NULL,NULL,NULL,NULL,NULL,NULL,NULL,NULL,NULL,NULL,NULL,NULL,NULL,NULL,NULL,NULL,NULL,NULL,NULL,NULL,NULL,NULL,NULL,NULL,NULL,NULL,NULL,NULL,NULL,NULL,NULL,NULL
"698830","b95acfc28afc547b057426a1339d71cebe4305918c3e5452b0c1fc77c170e00b9eace391594c9383898ac57e2c319f0bb26fc70c25aecd43eca081d9f2bf44ed","JC357928","07/21/2019 03:15:00 AM","3","PARKED",NULL,"664704.0",NULL,"TOYOTA MOTOR COMPANY, LTD.","UNKNOWN","IL","2012.0","UNKNOWN","PASSENGER","TAXI/FOR HIRE","UNKNOWN","PARKED",NULL,NULL,"0.0",NULL,NULL,NULL,NULL,NULL,NULL,NULL,NULL,"Y","Y","Y",NULL,NULL,NULL,NULL,NULL,NULL,"REAR-LEFT",NULL,NULL,NULL,NULL,NULL,NULL,NULL,NULL,NULL,NULL,NULL,NULL,NULL,NULL,NULL,NULL,NULL,NULL,NULL,NULL,NULL,NULL,NULL,NULL,NULL,NULL,NULL,NULL,NULL,NULL,NULL,NULL,NULL
"699127","09f70f2d39786c6fe58b834ff55880cc37159d5502ce94e7ef2e115347649e3e5a7333c1b113edcdf2ca30acd337ba16f41ab04d0675372601df294f9e47359f","JC214528","04/06/2019 09:45:00 PM","2","DRIVER",NULL,"664964.0",NULL,"HYUNDAI","SONATA","IL","2018.0","UNKNOWN","PASSENGER","PERSONAL","N","STRAIGHT AHEAD",NULL,NULL,"1.0",NULL,NULL,NULL,NULL,"Y",NULL,NULL,"Y","Y","Y",NULL,NULL,NULL,NULL,NULL,NULL,NULL,"REAR",NULL,NULL,NULL,NULL,NULL,NULL,NULL,NULL,NULL,NULL,NULL,NULL,NULL,NULL,NULL,NULL,NULL,NULL,NULL,NULL,NULL,NULL,NULL,NULL,NULL,NULL,NULL,NULL,NULL,NULL,NULL,NULL,NULL
"699221","43c72aaafa0d6d687f47c1702c692d8887196dc510555973b9dc900ac6912326801d4652d95c277bf855f4f7a3cd0e7daa64e790472aaac074447c83b9ad4379","JC358585","07/21/2019 04:01:00 PM","2","DRIVER","2.0","665070.0",NULL,"MERCEDES-BENZ","UNKNOWN","IL","2014.0","NONE","PASSENGER","PERSONAL","E","OTHER",NULL,NULL,"3.0",NULL,NULL,NULL,NULL,NULL,NULL,NULL,NULL,NULL,NULL,NULL,NULL,NULL,"Y","Y","Y",NULL,"TOTAL (ALL AREAS)",NULL,NULL,NULL,NULL,NULL,NULL,NULL,NULL,NULL,NULL,NULL,NULL,NULL,NULL,NULL,NULL,NULL,NULL,NULL,NULL,NULL,NULL,NULL,NULL,NULL,NULL,NULL,NULL,NULL,NULL,NULL,NULL,NULL
"699282","e6fe6ba3c750c39bb02a83036c467eb9d971d740de08d9219390a8f08a9fb7b826236fb82d97e6b9b8198a7b20cdc581341cbe770a4f409b173fd1c29f6bffe6","JC358667","07/21/2019 05:14:00 PM","1","DRIVER","2.0","665121.0",NULL,"TOYOTA MOTOR COMPANY, LTD.","COROLLA","IL","2009.0","UNKNOWN","PASSENGER","PERSONAL","W","CHANGING LANES",NULL,NULL,"3.0",NULL,NULL,NULL,NULL,"Y",NULL,NULL,NULL,NULL,NULL,NULL,NULL,NULL,NULL,NULL,NULL,NULL,"FRONT",NULL,NULL,NULL,NULL,NULL,NULL,NULL,NULL,NULL,NULL,NULL,NULL,NULL,NULL,NULL,NULL,NULL,NULL,NULL,NULL,NULL,NULL,NULL,NULL,NULL,NULL,NULL,NULL,NULL,NULL,NULL,NULL,NULL
"699308","332fd8d09743511218f3e62fce867182fdc9191294f5010bca92b69172eea0b75197e113c62cfe4b8482d27d81589a69d76ca63cc54e01f76e058f1c937ed5e5","JC348656","07/21/2019 05:10:00 PM","6","PARKED",NULL,"665142.0",NULL,"FORD","UNKNOWN","IL","2010.0","UNKNOWN","PASSENGER","PERSONAL","S","PARKED",NULL,NULL,"0.0",NULL,NULL,NULL,NULL,NULL,NULL,NULL,NULL,NULL,NULL,NULL,NULL,NULL,"Y",NULL,NULL,NULL,"ROOF",NULL,NULL,NULL,NULL,NULL,NULL,NULL,NULL,NULL,NULL,NULL,NULL,NULL,NULL,NULL,NULL,NULL,NULL,NULL,NULL,NULL,NULL,NULL,NULL,NULL,NULL,NULL,NULL,NULL,NULL,NULL,NULL,NULL
"699487","7b48b92ac1b240ffebfe7c71941a357ba39691738ae444e9506b2752b88e0988d3574d121e62b203abda340c4615d28648f15978eabedf561b6b543b1092341a","JC359270","07/22/2019 08:30:00 AM","2","DRIVER","1.0","665313.0",NULL,"NISSAN","UNKNOWN","IL","2016.0","NONE","VAN/MINI-VAN","PERSONAL","W","SLOW/STOP IN TRAFFIC",NULL,NULL,"2.0",NULL,NULL,NULL,NULL,NULL,NULL,NULL,NULL,NULL,"Y",NULL,NULL,NULL,NULL,NULL,NULL,NULL,"REAR-LEFT",NULL,NULL,NULL,NULL,NULL,NULL,NULL,NULL,NULL,NULL,NULL,NULL,NULL,NULL,NULL,NULL,NULL,NULL,NULL,NULL,NULL,NULL,NULL,NULL,NULL,NULL,NULL,NULL,NULL,NULL,NULL,NULL,NULL
"699566","7adefa4e0b72013b2527cb6ed270310b35796721bd878c9437b2eb556e25a0406ba6247feb010f717f061ff54757988d72c614c6b958e59b23d264606062f24f","JC359479","07/22/2019 09:30:00 AM","1","DRIVER",NULL,"665393.0",NULL,"NISSAN","UNKNOWN","IL","2017.0","UNKNOWN","PASSENGER","PERSONAL","N","UNKNOWN/NA",NULL,NULL,"1.0",NULL,NULL,NULL,NULL,NULL,NULL,NULL,NULL,NULL,NULL,NULL,NULL,NULL,NULL,NULL,NULL,"Y","UNKNOWN",NULL,NULL,NULL,NULL,NULL,NULL,NULL,NULL,NULL,NULL,NULL,NULL,NULL,NULL,NULL,NULL,NULL,NULL,NULL,NULL,NULL,NULL,NULL,NULL,NULL,NULL,NULL,NULL,NULL,NULL,NULL,NULL,NULL
"699622","798daf191489b9b5ece7f86cad436cf1185522d5cdcd5ed813f22a5846c4a6527d2be471fc4b09d8c6e087074571b79108988ca42c34a3f16f0a96a40eff43c1","JC359456","07/22/2019 10:30:00 AM","1","DRIVER",NULL,"665444.0",NULL,"FORD","ECONOLINE E250","IL","2011.0","NONE","TRUCK - SINGLE UNIT","OTHER","N","STRAIGHT AHEAD",NULL,NULL,"1.0",NULL,NULL,NULL,NULL,"Y",NULL,NULL,NULL,NULL,NULL,NULL,NULL,NULL,NULL,"Y","Y",NULL,"OTHER",NULL,NULL,NULL,NULL,NULL,NULL,NULL,NULL,NULL,NULL,NULL,NULL,NULL,NULL,NULL,NULL,NULL,NULL,NULL,NULL,NULL,NULL,NULL,NULL,NULL,NULL,NULL,NULL,NULL,NULL,NULL,NULL,NULL
"699749","6ec9c032d4209e364f7c1f1e9437de6ab5474fba5aa1642f4346cdf59c4acbb13cb2c4b65555e1ee589c669f6a90ed8e5af01417d1b23f023368282e1d2cdffe","JC358851","07/21/2019 08:10:00 PM","1","DRIVER",NULL,"665560.0",NULL,"TOYOTA MOTOR COMPANY, LTD.","Highlander(beginning vehicle year 2001)","IL","2008.0","NONE","PASSENGER","RIDESHARE SERVICE","SE","LEAVING TRAFFIC LANE TO PARK",NULL,NULL,"1.0",NULL,NULL,NULL,NULL,NULL,"Y","Y","Y",NULL,NULL,NULL,NULL,NULL,NULL,NULL,NULL,NULL,"SIDE-RIGHT",NULL,NULL,NULL,NULL,NULL,NULL,NULL,NULL,NULL,NULL,NULL,NULL,NULL,NULL,NULL,NULL,NULL,NULL,NULL,NULL,NULL,NULL,NULL,NULL,NULL,NULL,NULL,NULL,NULL,NULL,NULL,NULL,NULL
"700143","81f5a1d6b732d7b4139e365d6c1ddd97362001f4311cf62198525cf45b37520d01caa2385403f7908b81f5cf32838c7242f3aedcfab8bab17c37809cb5fecaf3","JC360453","07/22/2019 10:00:00 PM","2","DRIVER","2.0","665934.0",NULL,"DODGE","CARAVAN","IL","2018.0","NONE","VAN/MINI-VAN","PERSONAL","S","SLOW/STOP IN TRAFFIC",NULL,NULL,"3.0",NULL,NULL,NULL,NULL,NULL,NULL,NULL,NULL,NULL,"Y",NULL,NULL,NULL,NULL,NULL,NULL,NULL,"REAR-LEFT",NULL,NULL,NULL,NULL,NULL,NULL,NULL,NULL,NULL,NULL,NULL,NULL,NULL,NULL,NULL,NULL,NULL,NULL,NULL,NULL,NULL,NULL,NULL,NULL,NULL,NULL,NULL,NULL,NULL,NULL,NULL,NULL,NULL