"CRASH_UNIT_ID","CRASH_RECORD_ID","RD_NO","CRASH_DATE","UNIT_NO","UNIT_TYPE","NUM_PASSENGERS","VEHICLE_ID","CMRC_VEH_I","MAKE","MODEL","LIC_PLATE_STATE","VEHICLE_YEAR","VEHICLE_DEFECT","VEHICLE_TYPE","VEHICLE_USE","TRAVEL_DIRECTION","MANEUVER","TOWED_I","FIRE_I","OCCUPANT_CNT","EXCEED_SPEED_LIMIT_I","TOWED_BY","TOWED_TO","AREA_00_I","AREA_01_I","AREA_02_I","AREA_03_I","AREA_04_I","AREA_05_I","AREA_06_I","AREA_07_I","AREA_08_I","AREA_09_I","AREA_10_I","AREA_11_I","AREA_12_I","AREA_99_I","FIRST_CONTACT_POINT","CMV_ID","USDOT_NO","CCMC_NO","ILCC_NO","COMMERCIAL_SRC","GVWR","CARRIER_NAME","CARRIER_STATE","CARRIER_CITY","HAZMAT_PLACARDS_I","HAZMAT_NAME","UN_NO","HAZMAT_PRESENT_I","HAZMAT_REPORT_I","HAZMAT_REPORT_NO","MCS_REPORT_I","MCS_REPORT_NO","HAZMAT_VIO_CAUSE_CRASH_I","MCS_VIO_CAUSE_CRASH_I","IDOT_PERMIT_NO","WIDE_LOAD_I","TRAILER1_WIDTH","TRAILER2_WIDTH","TRAILER1_LENGTH","TRAILER2_LENGTH","TOTAL_VEHICLE_LENGTH","AXLE_CNT","VEHICLE_CONFIG","CARGO_BODY_TYPE","LOAD_TYPE","HAZMAT_OUT_OF_SERVICE_I","MCS_OUT_OF_SERVICE_I","HAZMAT_CLASS"
"700175","7248e8f45e5ef49cc89196656d1f53d83f10376340a370375aeeb3c535bd0b1d9719e6d1c61ab3c3375f27c2babab9c3f96597dbc6da7a994accef50ab34ce37","JC360551","07/23/2019 12:49:00 AM","1","DRIVER","2.0","665959.0",NULL,"FORD","Explorer","IL","2017.0","UNKNOWN","PASSENGER","PERSONAL","N","STRAIGHT AHEAD","Y",NULL,"3.0",NULL,"cITY OF CHICAGO","CITY POUND",NULL,"Y","Y","Y","Y","Y","Y","Y","Y","Y","Y","Y","Y",NULL,"FRONT",NULL,NULL,NULL,NULL,NULL,NULL,NULL,NULL,NULL,NULL,NULL,NULL,NULL,NULL,NULL,NULL,NULL,NULL,NULL,NULL,NULL,NULL,NULL,NULL,NULL,NULL,NULL,NULL,NULL,NULL,NULL,NULL,NULL
"700178","037ffa2d7001b99f643bd0fbaf6f57dbf8f96e55f2e422d0b898982c6e7d297bf7dfa3edccd4dbc359fbd811590d1293d48b7d6a6197c54b894283550dee61f4","JC360555","07/23/2019 01:21:00 AM","1","DRIVER",NULL,"665960.0",NULL,"NISSAN","ROGUE","IL","2013.0","NONE","PASSENGER","PERSONAL","W","STRAIGHT AHEAD","Y",NULL,"1.0",NULL,"empire tow",NULL,NULL,"Y",NULL,NULL,NULL,NULL,NULL,NULL,NULL,NULL,NULL,"Y","Y","Y","OTHER",NULL,NULL,NULL,NULL,NULL,NULL,NULL,NULL,NULL,NULL,NULL,NULL,NULL,NULL,NULL,NULL,NULL,NULL,NULL,NULL,NULL,NULL,NULL,NULL,NULL,NULL,NULL,NULL,NULL,NULL,NULL,NULL,NULL
"700232","cd5861f8ef39ac6e16417b322797594b6518140dd04ad654580a051b8eb87f1c3ced32ac0c9303f00dd67b731e93b6c9f23ccf20af32ce5973c042851240c88e","JC359283","07/22/2019 08:30:00 AM","2","DRIVER",NULL,"666011.0",NULL,"HYUNDAI","UNKNOWN","IL","2015.0","NONE","PASSENGER","PERSONAL","NW","TURNING LEFT",NULL,NULL,"1.0",NULL,NULL,NULL,NULL,NULL,NULL,NULL,NULL,NULL,NULL,NULL,NULL,NULL,NULL,"Y","Y",NULL,"TOTAL (ALL AREAS)",NULL,NULL,NULL,NULL,NULL,NULL,NULL,NULL,NULL,NULL,NULL,NULL,NULL,NULL,NULL,NULL,NULL,NULL,NULL,NULL,NULL,NULL,NULL,NULL,NULL,NULL,NULL,NULL,NULL,NULL,NULL,NULL,NULL
"700945","c6d47c9b079c6fd7962218a93841bce3eb7906ddc547f88078d1370f79103b75a55b27a5f23d5f212d6e0d40345dfa6a0f3f75fdf428e78eefec57bf3d825af8","JC361943","07/23/2019 05:55:00 PM","2","DRIVER",NULL,"666688.0",NULL,"NISSAN","ROGUE","IL","2011.0","NONE","PASSENGER","PERSONAL","W","STRAIGHT AHEAD",NULL,NULL,"1.0",NULL,NULL,NULL,NULL,NULL,NULL,NULL,NULL,NULL,"Y",NULL,NULL,NULL,NULL,NULL,NULL,NULL,"REAR-LEFT",NULL,NULL,NULL,NULL,NULL,NULL,NULL,NULL,NULL,NULL,NULL,NULL,NULL,NULL,NULL,NULL,NULL,NULL,NULL,NULL,NULL,NULL,NULL,NULL,NULL,NULL,NULL,NULL,NULL,NULL,NULL,NULL,NULL
"701193","12ca7b93e18a9d8074c57f122ec73fca84d0cb2cf9a17c11d5fdf02dfae6b7fa529314d5f477a2dcd12fe8a007c93926263c9b9604afc6c54cffb848c2492736","JC362566","07/24/2019 01:00:00 PM","1","DRIVER",NULL,"666927.0",NULL,"HONDA","CRV","IL","2010.0","NONE","PASSENGER","PERSONAL","S","STRAIGHT AHEAD","N",NULL,"1.0",NULL,NULL,NULL,NULL,NULL,NULL,NULL,NULL,NULL,NULL,NULL,NULL,NULL,NULL,"Y",NULL,NULL,"TOTAL (ALL AREAS)",NULL,NULL,NULL,NULL,NULL,NULL,NULL,NULL,NULL,NULL,NULL,NULL,NULL,NULL,NULL,NULL,NULL,NULL,NULL,NULL,NULL,NULL,NULL,NULL,NULL,NULL,NULL,NULL,NULL,NULL,NULL,NULL,NULL
"701699","f43bbf03d4e7f983d36a9b7a79c30324f6151b65094c92135070a074ee849d9f6d5abc073ac3641d480642e16ddfe4b60e907a13989b9f36c8310ae83bd5e842","JC363601","07/25/2019 08:06:00 AM","2","DRIVER",NULL,"667421.0",NULL,"FORD","Explorer","IL","2018.0","NONE","SPORT UTILITY VEHICLE (SUV)","POLICE","W","SLOW/STOP IN TRAFFIC",NULL,NULL,"1.0",NULL,NULL,NULL,NULL,NULL,NULL,NULL,NULL,NULL,NULL,NULL,NULL,"Y","Y",NULL,NULL,NULL,"UNDER CARRIAGE",NULL,NULL,NULL,NULL,NULL,NULL,NULL,NULL,NULL,NULL,NULL,NULL,NULL,NULL,NULL,NULL,NULL,NULL,NULL,NULL,NULL,NULL,NULL,NULL,NULL,NULL,NULL,NULL,NULL,NULL,NULL,NULL,NULL
"701896","fa5f043500351adca9826aad6749e1761bbd50366afe931f7f078c745fc8f2931e91b2ee6dc00ab7dd1029128604f08322730ae6b58b180aad4689f247cc2533","JC363931","07/25/2019 12:24:00 PM","1","DRIVER",NULL,"667589.0","Y","FREIGHTLINER CORP.","FREIGHTLINER CORP.","CA","2017.0","UNKNOWN","TRACTOR W/ SEMI-TRAILER","COMMERCIAL - MULTI-UNIT","N","BACKING",NULL,NULL,"1.0",NULL,NULL,NULL,"N",NULL,NULL,NULL,NULL,NULL,"Y",NULL,NULL,NULL,NULL,NULL,NULL,NULL,"REAR-LEFT",NULL,NULL,NULL,NULL,NULL,NULL,NULL,NULL,NULL,NULL,NULL,NULL,NULL,NULL,NULL,NULL,NULL,NULL,NULL,NULL,NULL,NULL,NULL,NULL,NULL,NULL,NULL,NULL,NULL,NULL,NULL,NULL,NULL
"702219","0eab87bde4a8b4bb292896ce8acc1c3a8ddfbdcdc113ffc60bf097c3fce6c3ad475d78060fa15ca81cf6231ac258bfe984ca5d1dbbfcd0c6fe98dbb28accf45c","JC364508","07/25/2019 06:13:00 PM","2","DRIVER",NULL,"667900.0",NULL,"JEEP","CHEROKEE","IL","2017.0","NONE","SPORT UTILITY VEHICLE (SUV)","UNKNOWN/NA","S","STRAIGHT AHEAD",NULL,NULL,"1.0",NULL,NULL,NULL,NULL,"Y",NULL,NULL,NULL,NULL,NULL,NULL,NULL,NULL,NULL,"Y","Y",NULL,"OTHER",NULL,NULL,NULL,NULL,NULL,NULL,NULL,NULL,NULL,NULL,NULL,NULL,NULL,NULL,NULL,NULL,NULL,NULL,NULL,NULL,NULL,NULL,NULL,NULL,NULL,NULL,NULL,NULL,NULL,NULL,NULL,NULL,NULL
"702389","14a3e3ea2e21410abfbc817cb9987c2c42bcee0df138c479cd55d61ce61d0793ca9c15dc00b0dc1e0575d1cf4ce19922253902cea50507ecc0a64a89173fab0d","JC364893","07/26/2019 04:08:00 AM","1","DRIVER",NULL,"668067.0",NULL,"CHEVROLET","TRAVERSE","IL","2015.0","UNKNOWN","SPORT UTILITY VEHICLE (SUV)","PERSONAL","N","STRAIGHT AHEAD",NULL,NULL,"1.0",NULL,NULL,NULL,NULL,"Y",NULL,NULL,NULL,NULL,NULL,NULL,NULL,NULL,NULL,"Y","Y",NULL,"OTHER",NULL,NULL,NULL,NULL,NULL,NULL,NULL,NULL,NULL,NULL,NULL,NULL,NULL,NULL,NULL,NULL,NULL,NULL,NULL,NULL,NULL,NULL,NULL,NULL,NULL,NULL,NULL,NULL,NULL,NULL,NULL,NULL,NULL
"702432","a39506fe9894690e8bc1601cdeffebd993ce1604ffcd9d13167af620b5c77478031456a1cad386757845b19e0ed1fb389a85f30dd28280a9884bd94f6f9fbffd","JC364973","07/26/2019 07:44:00 AM","1","DRIVER","1.0","668104.0",NULL,"BUICK","VERANO","IL","2013.0","NONE","PASSENGER","PERSONAL","NE","TURNING LEFT",NULL,NULL,"2.0",NULL,NULL,NULL,NULL,NULL,NULL,NULL,NULL,NULL,NULL,NULL,NULL,NULL,NULL,NULL,"Y","Y","OTHER",NULL,NULL,NULL,NULL,NULL,NULL,NULL,NULL,NULL,NULL,NULL,NULL,NULL,NULL,NULL,NULL,NULL,NULL,NULL,NULL,NULL,NULL,NULL,NULL,NULL,NULL,NULL,NULL,NULL,NULL,NULL,NULL,NULL
"703076","9c30b05868540041edeb81628eef0922d4f8c6dfd5fc20727b9ab5657689eee50fc5c569451fe6ddc3984d2393471496a96997551b461189ddf535fbc825f66c","JC366101","07/26/2019 09:20:00 PM","1","DRIVER",NULL,"668715.0",NULL,"NISSAN","SENTRA (DATSUN AND NISSAN HAVE MERGED)","IL","2012.0","UNKNOWN","PASSENGER","PERSONAL","UNKNOWN","OTHER","Y",NULL,"1.0",NULL,NULL,NULL,NULL,"Y","Y",NULL,NULL,NULL,NULL,NULL,NULL,NULL,NULL,NULL,NULL,NULL,"OTHER",NULL,NULL,NULL,NULL,NULL,NULL,NULL,NULL,NULL,NULL,NULL,NULL,NULL,NULL,NULL,NULL,NULL,NULL,NULL,NULL,NULL,NULL,NULL,NULL,NULL,NULL,NULL,NULL,NULL,NULL,NULL,NULL,NULL
"703435","7029d2346ca6f29950cc52cdb884ebe6eec3a272c714089b8a60b1dde44f3c6ec0bbcc9327d37db8a5b119505f2c9c13240580b7532fa5167f116eb86bb11289","JC366233","07/26/2019 10:20:00 PM","1","DRIVER","1.0","669039.0",NULL,"NISSAN","NISSAN ALTIMA","IL","2015.0","UNKNOWN","PASSENGER","PERSONAL","W","UNKNOWN/NA","Y",NULL,"2.0",NULL,NULL,NULL,NULL,NULL,NULL,NULL,NULL,NULL,NULL,NULL,NULL,NULL,NULL,NULL,"Y",NULL,"OTHER",NULL,NULL,NULL,NULL,NULL,NULL,NULL,NULL,NULL,NULL,NULL,NULL,NULL,NULL,NULL,NULL,NULL,NULL,NULL,NULL,NULL,NULL,NULL,NULL,NULL,NULL,NULL,NULL,NULL,NULL,NULL,NULL,NULL
"703606","972ea5f6168c6cf5c4e70acd7cf8b43e81bccc7340a2f345fc32073a68358f7a7b35ac63afb64006749595aacd239584f61beda95a8c151c12b3d4e531fd415a","JC367099","07/27/2019 04:15:00 PM","2","DRIVER",NULL,"669217.0",NULL,"TOYOTA MOTOR COMPANY, LTD.","COROLLA","IL","2016.0","UNKNOWN","PASSENGER","PERSONAL","S","STRAIGHT AHEAD","Y",NULL,"1.0",NULL,"private","private",NULL,"Y",NULL,NULL,NULL,NULL,NULL,NULL,NULL,NULL,NULL,"Y","Y",NULL,"OTHER",NULL,NULL,NULL,NULL,NULL,NULL,NULL,NULL,NULL,NULL,NULL,NULL,NULL,NULL,NULL,NULL,NULL,NULL,NULL,NULL,NULL,NULL,NULL,NULL,NULL,NULL,NULL,NULL,NULL,NULL,NULL,NULL,NULL
"703685","f9a0674b5c6635c5958a72b83ae5db43db06916a2899ebb877c263dc7ae200b6e582e215a2eef15ffe674d98a5b9f3d20f79e94bcb567d38cf590a4056e459ad","JC367111","07/27/2019 04:00:00 PM","1","DRIVER",NULL,"669292.0",NULL,"NEW FLYER","NEW FLYER","IL","2008.0","NONE","BUS OVER 15 PASS.","CTA","N","PASSING/OVERTAKING",NULL,NULL,"1.0",NULL,NULL,NULL,NULL,NULL,NULL,NULL,NULL,"Y",NULL,NULL,NULL,NULL,NULL,NULL,NULL,NULL,"REAR-RIGHT",NULL,NULL,NULL,NULL,NULL,NULL,NULL,NULL,NULL,NULL,NULL,NULL,NULL,NULL,NULL,NULL,NULL,NULL,NULL,NULL,NULL,NULL,NULL,NULL,NULL,NULL,NULL,NULL,NULL,NULL,NULL,NULL,NULL
"703721","0c7a921c86b980ca3d0ffd73e64c5d04ef8ed1474972c86ad0d6c857fcd288f64fb51b210fa46b390ed23720473471c35c6767d77caa68879a6564f308f0e46b","JC367252","07/27/2019 05:55:00 PM","1","DRIVER","1.0","669345.0",NULL,"FORD","FUSION","IL","2018.0","NONE","PASSENGER","PERSONAL","E","STRAIGHT AHEAD","Y",NULL,"2.0",NULL,"insurance",NULL,NULL,NULL,NULL,NULL,NULL,NULL,NULL,NULL,NULL,NULL,NULL,"Y","Y",NULL,"OTHER",NULL,NULL,NULL,NULL,NULL,NULL,NULL,NULL,NULL,NULL,NULL,NULL,NULL,NULL,NULL,NULL,NULL,NULL,NULL,NULL,NULL,NULL,NULL,NULL,NULL,NULL,NULL,NULL,NULL,NULL,NULL,NULL,NULL
"703726","5de5081c081fb22d467b38678f708b873516ad0f0e516ba2f591ae7fde0b335aad7b7768dfd631957ed68d16643f955b4862252d3a363d6bbe66be1b47289bd0","JC367301","07/27/2019 07:10:00 PM","2","DRIVER",NULL,"669333.0",NULL,"NEW FLYER","NEW FLYER","IL","2008.0","NONE","BUS OVER 15 PASS.","CTA","N","STRAIGHT AHEAD",NULL,NULL,"1.0",NULL,NULL,NULL,NULL,NULL,NULL,NULL,NULL,NULL,NULL,NULL,NULL,NULL,NULL,"Y",NULL,NULL,"TOTAL (ALL AREAS)",NULL,NULL,NULL,NULL,NULL,NULL,NULL,NULL,NULL,NULL,NULL,NULL,NULL,NULL,NULL,NULL,NULL,NULL,NULL,NULL,NULL,NULL,NULL,NULL,NULL,NULL,NULL,NULL,NULL,NULL,NULL,NULL,NULL
"704012","d60e35339f71f3a4a54e75e898632f9715f64c284af66205bddc8bfeb83d900d79ae45b7884d0ae395d7e7d46f5c3aa5f6036fbbd8d0c37df62c520d4cc491cb","JC367749","07/28/2019 01:30:00 AM","2","DRIVER",NULL,"669583.0",NULL,"TOYOTA MOTOR COMPANY, LTD.","CAMRY","IL","2010.0","NONE","PASSENGER","TAXI/FOR HIRE","W","STRAIGHT AHEAD","Y",NULL,"1.0",NULL,"Owner, Private Tow",NULL,NULL,"Y","Y","Y",NULL,NULL,NULL,NULL,NULL,NULL,NULL,NULL,"Y",NULL,"SIDE-RIGHT",NULL,NULL,NULL,NULL,NULL,NULL,NULL,NULL,NULL,NULL,NULL,NULL,NULL,NULL,NULL,NULL,NULL,NULL,NULL,NULL,NULL,NULL,NULL,NULL,NULL,NULL,NULL,NULL,NULL,NULL,NULL,NULL,NULL
"704143","8a29f32d1cf894adda506b585a91051f82ae54899f725563a1e3f49177884b38ecd86f53ee80cf7864d284bcc83e170835d0cd015a7ad425ec98c9e450a49774","JC368123","07/27/2019 03:50:00 PM","1","DRIVER",NULL,"669711.0",NULL,"CHEVROLET","MALIBU (CHEVELLE)","IL","2013.0","UNKNOWN","PASSENGER","UNKNOWN/NA","N","ENTERING TRAFFIC LANE FROM PARKING",NULL,NULL,"1.0",NULL,NULL,NULL,NULL,NULL,NULL,NULL,NULL,NULL,NULL,NULL,NULL,NULL,NULL,NULL,"Y",NULL,"OTHER",NULL,NULL,NULL,NULL,NULL,NULL,NULL,NULL,NULL,NULL,NULL,NULL,NULL,NULL,NULL,NULL,NULL,NULL,NULL,NULL,NULL,NULL,NULL,NULL,NULL,NULL,NULL,NULL,NULL,NULL,NULL,NULL,NULL
"705141","2b8e34effc06af485b59984a2a0a72126671aed1868836a221e8d5757fc2f5b8957bc59e06dca438e6eae340d973a0b0279565592b6dc0ff431c57d60bcb52f4","JC369893","07/28/2019 11:55:00 AM","1","DRIVER",NULL,"670641.0",NULL,"HYUNDAI","Santa Fe",NULL,"2009.0","NONE","SPORT UTILITY VEHICLE (SUV)","PERSONAL","E","STRAIGHT AHEAD",NULL,NULL,"1.0",NULL,NULL,NULL,NULL,NULL,NULL,NULL,NULL,NULL,NULL,NULL,NULL,NULL,NULL,NULL,NULL,"Y","UNKNOWN",NULL,NULL,NULL,NULL,NULL,NULL,NULL,NULL,NULL,NULL,NULL,NULL,NULL,NULL,NULL,NULL,NULL,NULL,NULL,NULL,NULL,NULL,NULL,NULL,NULL,NULL,NULL,NULL,NULL,NULL,NULL,NULL,NULL
"705549","55852aea3dff84829612b2ca2558f5a655a40a260e8368e945dd84072d4aef38b437a3c7480647422a0648e4f7c4621a45cdf8f59ae0bac82d726aa40ae824b0","JC370745","07/30/2019 09:30:00 AM","1","DRIVER",NULL,"671022.0",NULL,"NISSAN","NISSAN MAXIMA","IL","2017.0","NONE","PASSENGER","PERSONAL","E","STRAIGHT AHEAD",NULL,NULL,"1.0",NULL,NULL,NULL,NULL,NULL,NULL,NULL,NULL,NULL,NULL,NULL,NULL,NULL,NULL,"Y",NULL,NULL,"TOTAL (ALL AREAS)",NULL,NULL,NULL,NULL,NULL,NULL,NULL,NULL,NULL,NULL,NULL,NULL,NULL,NULL,NULL,NULL,NULL,NULL,NULL,NULL,NULL,NULL,NULL,NULL,NULL,NULL,NULL,NULL,NULL,NULL,NULL,NULL,NULL
"705581","9a87e7f29da8636e57cbd77bcb69a3cc352ef4976b02bbf2eee926168da2c16779e85562b8ab6446e12d187d9c51eff7f70b9a4e4cd152b303c8bb8fce1c1539","JC370823","07/30/2019 10:30:00 AM","1","DRIVER",NULL,"671053.0",NULL,"HONDA","Odyssey (minivan)","IL","2011.0","NONE","VAN/MINI-VAN","PERSONAL","S","BACKING",NULL,NULL,"1.0",NULL,NULL,NULL,NULL,NULL,NULL,NULL,NULL,NULL,NULL,NULL,NULL,NULL,NULL,NULL,NULL,"Y","REAR-LEFT",NULL,NULL,NULL,NULL,NULL,NULL,NULL,NULL,NULL,NULL,NULL,NULL,NULL,NULL,NULL,NULL,NULL,NULL,NULL,NULL,NULL,NULL,NULL,NULL,NULL,NULL,NULL,NULL,NULL,NULL,NULL,NULL,NULL
"705775","6f192a88715af7900b78fafbe09375b69bcc8c5cacfcf59a9546b5cb79ece9a619bc04c3949255284c548c5bbf4875a01328fbcf0799a98c01ad83712a254937","JC371265","07/30/2019 02:51:00 PM","1","DRIVER",NULL,"671235.0",NULL,"FORD","ECONOLINE E350","IL","2013.0","UNKNOWN","OTHER","AMBULANCE","S","STRAIGHT AHEAD","Y",NULL,"1.0",NULL,"PRIVATE","UNK",NULL,"Y",NULL,NULL,NULL,NULL,NULL,NULL,NULL,NULL,NULL,NULL,"Y",NULL,"FRONT",NULL,NULL,NULL,NULL,NULL,NULL,NULL,NULL,NULL,NULL,NULL,NULL,NULL,NULL,NULL,NULL,NULL,NULL,NULL,NULL,NULL,NULL,NULL,NULL,NULL,NULL,NULL,NULL,NULL,NULL,NULL,NULL,NULL
"705866","2395f491c74a76cd6a9bf1c3e7dbcce5063d56c27232953ad12c5d8f14868c32997abb33e4fbfd0a1f72f25d3ab6077ae54f46f3d366104e785a28eeed72e15b","JC371512","07/30/2019 04:40:00 PM","2","DRIVER","1.0","671319.0",NULL,"HONDA","CIVIC","IL","2015.0","NONE","PASSENGER","PERSONAL","W","STRAIGHT AHEAD",NULL,NULL,"2.0",NULL,NULL,NULL,NULL,NULL,NULL,NULL,NULL,"Y","Y","Y",NULL,NULL,NULL,NULL,NULL,NULL,"REAR-LEFT",NULL,NULL,NULL,NULL,NULL,NULL,NULL,NULL,NULL,NULL,NULL,NULL,NULL,NULL,NULL,NULL,NULL,NULL,NULL,NULL,NULL,NULL,NULL,NULL,NULL,NULL,NULL,NULL,NULL,NULL,NULL,NULL,NULL
"706335","49b8462c3ba3b0867b7f28b90b5ce38789a5f5beef27ab74f0808f750591778279be1c75662a80deba09d33d33a5500b82706c9bb2fe3789d3da19a193493e02","JC365380","07/26/2019 11:40:00 AM","1","DRIVER",NULL,"671759.0",NULL,"TOYOTA MOTOR COMPANY, LTD.","COROLLA","IL","2010.0","NONE","PASSENGER","PERSONAL","E","STRAIGHT AHEAD",NULL,NULL,"1.0",NULL,NULL,NULL,NULL,NULL,NULL,NULL,NULL,NULL,NULL,NULL,NULL,NULL,"N","Y",NULL,NULL,"TOTAL (ALL AREAS)",NULL,NULL,NULL,NULL,NULL,NULL,NULL,NULL,NULL,NULL,NULL,NULL,NULL,NULL,NULL,NULL,NULL,NULL,NULL,NULL,NULL,NULL,NULL,NULL,NULL,NULL,NULL,NULL,NULL,NULL,NULL,NULL,NULL
"706470","27816e45811812ad1563284a4bdedf7fbb70d9a5911cf5b9beaaac541a39d4835893dc0423d41a978bc0fa1ba2656b2aebb6fffbbff674f9f24433741e88d0d4","JC372636","07/31/2019 02:06:00 PM","2","DRIVER",NULL,"671888.0",NULL,"KIA MOTORS CORP","Sportage (sport utility)","IL","2018.0","UNKNOWN","PASSENGER","PERSONAL","S","BACKING",NULL,NULL,"1.0",NULL,NULL,NULL,NULL,NULL,NULL,NULL,NULL,NULL,NULL,"Y",NULL,NULL,NULL,NULL,NULL,NULL,"SIDE-LEFT",NULL,NULL,NULL,NULL,NULL,NULL,NULL,NULL,NULL,NULL,NULL,NULL,NULL,NULL,NULL,NULL,NULL,NULL,NULL,NULL,NULL,NULL,NULL,NULL,NULL,NULL,NULL,NULL,NULL,NULL,NULL,NULL,NULL
"706495","038d854967542dc9e549259bd17efaf6915a11ba8b0c3ca01c85c881776cf3165a6400abb0cafe3fa9736bbac5728a0994bdf8fd9756e195031114afee2ef0c4","JC372641","07/31/2019 02:20:00 PM","2","DRIVER",NULL,"671915.0",NULL,"CHEVROLET","UNKNOWN","IL","2017.0","NONE","PASSENGER","PERSONAL","S","STRAIGHT AHEAD",NULL,NULL,"1.0",NULL,NULL,NULL,NULL,NULL,NULL,NULL,NULL,NULL,NULL,NULL,NULL,NULL,"Y","Y",NULL,NULL,"TOTAL (ALL AREAS)",NULL,NULL,NULL,NULL,NULL,NULL,NULL,NULL,NULL,NULL,NULL,NULL,NULL,NULL,NULL,NULL,NULL,NULL,NULL,NULL,NULL,NULL,NULL,NULL,NULL,NULL,NULL,NULL,NULL,NULL,NULL,NULL,NULL
"706772","6050418c4d15763b4e0568eebf953e0f7150be7ec37725afe96870fcd0a227e3e33945dacc4950211f1d78598cf7caffe66459b08c6aa05dd0f029d139b548c5","JC373103","07/30/2019 09:15:00 PM","2","DRIVER","1.0","672181.0",NULL,"BUICK","LACROSSE","IN","2016.0","NONE","PASSENGER","PERSONAL","N","STRAIGHT AHEAD",NULL,NULL,"2.0",NULL,NULL,NULL,NULL,"Y",NULL,NULL,NULL,NULL,NULL,NULL,NULL,NULL,NULL,NULL,NULL,NULL,"UNDER CARRIAGE",NULL,NULL,NULL,NULL,NULL,NULL,NULL,NULL,NULL,NULL,NULL,NULL,NULL,NULL,NULL,NULL,NULL,NULL,NULL,NULL,NULL,NULL,NULL,NULL,NULL,NULL,NULL,NULL,NULL,NULL,NULL,NULL,NULL
"706851","c3acf2360ea95e7f9b873a24ed3fbd3e9331f2b01144d546ae9a22cec7754fa76039549779d6a6f75ffa2626b65f5dbda5827c0c3b47caf69f3f5b37a5ff3f9c","JC373254","07/31/2019 09:49:00 PM","2","DRIVER",NULL,"672256.0",NULL,"TOYOTA MOTOR COMPANY, LTD.","Prius","IL","2014.0","NONE","PASSENGER","TAXI/FOR HIRE","S","SLOW/STOP IN TRAFFIC",NULL,NULL,"1.0",NULL,NULL,NULL,NULL,NULL,NULL,NULL,NULL,NULL,"Y",NULL,NULL,NULL,NULL,NULL,NULL,NULL,"REAR-LEFT",NULL,NULL,NULL,NULL,NULL,NULL,NULL,NULL,NULL,NULL,NULL,NULL,NULL,NULL,NULL,NULL,NULL,NULL,NULL,NULL,NULL,NULL,NULL,NULL,NULL,NULL,NULL,NULL,NULL,NULL,NULL,NULL,NULL
"706907","7194976d76df84b3aa8cf2e93e7ab7fe66348d8e97e4a1832537281fb190e2a19939dc82ba738425fe5ee3dea0225b6ee85b1c21af1ae1811f84ffe9a987484e","JC373471","07/30/2019 09:00:00 AM","2","PARKED",NULL,"672301.0",NULL,"HYUNDAI","Santa Fe","IL","2017.0","UNKNOWN","SPORT UTILITY VEHICLE (SUV)","PERSONAL","UNKNOWN","PARKED",NULL,NULL,"0.0",NULL,NULL,NULL,NULL,"Y",NULL,NULL,NULL,NULL,NULL,NULL,NULL,NULL,NULL,NULL,NULL,NULL,"FRONT",NULL,NULL,NULL,NULL,NULL,NULL,NULL,NULL,NULL,NULL,NULL,NULL,NULL,NULL,NULL,NULL,NULL,NULL,NULL,NULL,NULL,NULL,NULL,NULL,NULL,NULL,NULL,NULL,NULL,NULL,NULL,NULL,NULL
"706939","bd08d8dade92227d9d624db6ee82c54453247e1f6fc91a89bbd08e92fe0c2625290222951b0b86a84c8bda353e4e0ff075875e8ab1b789cead3dcee4072feb4b","JC373503","08/01/2019 08:20:00 AM","2","DRIVER","2.0","672336.0",NULL,"HYUNDAI","ELANTRA","IL","2013.0","NONE","PASSENGER","PERSONAL","E","STRAIGHT AHEAD",NULL,NULL,"3.0",NULL,NULL,NULL,NULL,NULL,NULL,NULL,NULL,NULL,"Y","N",NULL,NULL,NULL,NULL,NULL,NULL,"REAR-LEFT",NULL,NULL,NULL,NULL,NULL,NULL,NULL,NULL,NULL,NULL,NULL,NULL,NULL,NULL,NULL,NULL,NULL,NULL,NULL,NULL,NULL,NULL,NULL,NULL,NULL,NULL,NULL,NULL,NULL,NULL,NULL,NULL,NULL
"706948","79eb91c205a0a4620e432a2d84fa45aefaa03077e71227eeff566c7de065357e528ae166c9d420962cbcbe1bd6b82bbb7ccd5e0320c4e3d25a4ce85ef4a31ad7","JC373545","08/01/2019 08:07:00 AM","2","DRIVER",NULL,"672352.0",NULL,"FORD","ECONOLINE E350","IL","2016.0","NONE","BUS UP TO 15 PASS.","OTHER","E","SLOW/STOP IN TRAFFIC",NULL,NULL,"1.0",NULL,NULL,NULL,NULL,NULL,NULL,NULL,NULL,NULL,"Y",NULL,NULL,NULL,NULL,NULL,NULL,NULL,"REAR-LEFT",NULL,NULL,NULL,NULL,NULL,NULL,NULL,NULL,NULL,NULL,NULL,NULL,NULL,NULL,NULL,NULL,NULL,NULL,NULL,NULL,NULL,NULL,NULL,NULL,NULL,NULL,NULL,NULL,NULL,NULL,NULL,NULL,NULL