"CRASH_UNIT_ID","CRASH_RECORD_ID","RD_NO","CRASH_DATE","UNIT_NO","UNIT_TYPE","NUM_PASSENGERS","VEHICLE_ID","CMRC_VEH_I","MAKE","MODEL","LIC_PLATE_STATE","VEHICLE_YEAR","VEHICLE_DEFECT","VEHICLE_TYPE","VEHICLE_USE","TRAVEL_DIRECTION","MANEUVER","TOWED_I","FIRE_I","OCCUPANT_CNT","EXCEED_SPEED_LIMIT_I","TOWED_BY","TOWED_TO","AREA_00_I","AREA_01_I","AREA_02_I","AREA_03_I","AREA_04_I","AREA_05_I","AREA_06_I","AREA_07_I","AREA_08_I","AREA_09_I","AREA_10_I","AREA_11_I","AREA_12_I","AREA_99_I","FIRST_CONTACT_POINT","CMV_ID","USDOT_NO","CCMC_NO","ILCC_NO","COMMERCIAL_SRC","GVWR","CARRIER_NAME","CARRIER_STATE","CARRIER_CITY","HAZMAT_PLACARDS_I","HAZMAT_NAME","UN_NO","HAZMAT_PRESENT_I","HAZMAT_REPORT_I","HAZMAT_REPORT_NO","MCS_REPORT_I","MCS_REPORT_NO","HAZMAT_VIO_CAUSE_CRASH_I","MCS_VIO_CAUSE_CRASH_I","IDOT_PERMIT_NO","WIDE_LOAD_I","TRAILER1_WIDTH","TRAILER2_WIDTH","TRAILER1_LENGTH","TRAILER2_LENGTH","TOTAL_VEHICLE_LENGTH","AXLE_CNT","VEHICLE_CONFIG","CARGO_BODY_TYPE","LOAD_TYPE","HAZMAT_OUT_OF_SERVICE_I","MCS_OUT_OF_SERVICE_I","HAZMAT_CLASS"
"707394","da8f6aa2196b63b853d8e9fab5af2da07ebebf33089d6b1d4e999de0ed8b8e381296ebb607b576ff444a882aca4b6ec332ede03a39c4f0e94862177cee353bd3","JC374363","08/01/2019 05:21:00 PM","1","DRIVER",NULL,"672761.0",NULL,"HYUNDAI","ELANTRA","IL","2013.0","UNKNOWN","PASSENGER","PERSONAL","N","PASSING/OVERTAKING",NULL,NULL,"1.0",NULL,NULL,NULL,NULL,NULL,NULL,NULL,NULL,"Y",NULL,NULL,NULL,NULL,NULL,NULL,NULL,NULL,"FRONT",NULL,NULL,NULL,NULL,NULL,NULL,NULL,NULL,NULL,NULL,NULL,NULL,NULL,NULL,NULL,NULL,NULL,NULL,NULL,NULL,NULL,NULL,NULL,NULL,NULL,NULL,NULL,NULL,NULL,NULL,NULL,NULL,NULL
"707551","c35c45328474cc5f1e2850be8a682c1f1de2855eb666cd7e33b038ce984309df7b4d80a0369304143d0e5abc0b94c437b0e028cf4f8081a2a699d6aeacacd894","JC374603","08/01/2019 10:05:00 PM","2","PARKED",NULL,"672910.0",NULL,"CHEVROLET","TRAVERSE","IL","2013.0","UNKNOWN","PASSENGER","PERSONAL","E","PARKED",NULL,NULL,"0.0",NULL,NULL,NULL,NULL,NULL,NULL,NULL,NULL,NULL,NULL,NULL,NULL,NULL,"Y","Y",NULL,NULL,"ROOF",NULL,NULL,NULL,NULL,NULL,NULL,NULL,NULL,NULL,NULL,NULL,NULL,NULL,NULL,NULL,NULL,NULL,NULL,NULL,NULL,NULL,NULL,NULL,NULL,NULL,NULL,NULL,NULL,NULL,NULL,NULL,NULL,NULL
"709043","4b5474d94ba104185b015eb16103b1e4ca2ee5c0c01363afeb6c547648405d70816a7e2e5c15b0c4caf275befbf17a67fb25669a526a99d9616c108377d236d4","JC377307","08/03/2019 09:00:00 PM","2","DRIVER","1.0","674308.0",NULL,"HYUNDAI","ELANTRA","IL","2017.0","UNKNOWN","PASSENGER","PERSONAL","W","SLOW/STOP IN TRAFFIC",NULL,NULL,"2.0",NULL,NULL,NULL,NULL,NULL,NULL,NULL,NULL,NULL,NULL,"Y",NULL,NULL,NULL,NULL,NULL,NULL,"SIDE-LEFT",NULL,NULL,NULL,NULL,NULL,NULL,NULL,NULL,NULL,NULL,NULL,NULL,NULL,NULL,NULL,NULL,NULL,NULL,NULL,NULL,NULL,NULL,NULL,NULL,NULL,NULL,NULL,NULL,NULL,NULL,NULL,NULL,NULL
"709254","2cb36a1ffb5449366486050682691c0c9be9dee0a46474e570140c8848f3e5ccd5e3aee8bfb83b8f8ebc44ea421599f7e60f17b24eb33b07e69e8f1366a52599","JC377807","08/04/2019 03:45:00 AM","3","PARKED",NULL,"674499.0",NULL,"NISSAN","ROGUE","IL","2008.0","NONE","PASSENGER","NOT IN USE","UNKNOWN","PARKED",NULL,NULL,"0.0",NULL,NULL,NULL,NULL,NULL,NULL,NULL,NULL,"Y",NULL,NULL,NULL,NULL,NULL,NULL,"Y",NULL,"REAR-LEFT",NULL,NULL,NULL,NULL,NULL,NULL,NULL,NULL,NULL,NULL,NULL,NULL,NULL,NULL,NULL,NULL,NULL,NULL,NULL,NULL,NULL,NULL,NULL,NULL,NULL,NULL,NULL,NULL,NULL,NULL,NULL,NULL,NULL
"709338","7618ec1157afc4840188b86cfe44d2d67bbf1ec837d0f1b1db1f463eaca54d976a26b082d4c46f391ac6fa46ad25a990a999380ee90620510621790ca9c8ea76","JC377964","08/04/2019 10:55:00 AM","1","DRIVER",NULL,"674576.0",NULL,"CHEVROLET","MALIBU (CHEVELLE)","IL","2014.0","NONE","PASSENGER","PERSONAL","W","OTHER",NULL,NULL,"1.0",NULL,NULL,NULL,"Y",NULL,NULL,NULL,NULL,NULL,NULL,NULL,NULL,NULL,NULL,NULL,NULL,NULL,"OTHER",NULL,NULL,NULL,NULL,NULL,NULL,NULL,NULL,NULL,NULL,NULL,NULL,NULL,NULL,NULL,NULL,NULL,NULL,NULL,NULL,NULL,NULL,NULL,NULL,NULL,NULL,NULL,NULL,NULL,NULL,NULL,NULL,NULL
"709597","fe23871863c21883e51b8730bf6958d124e45ac214d85faa48c4a4187aef7b3466cf06357227f43c076733f07ab17da159173b72abd1ed246d02476becd463df","JC378516","08/04/2019 05:14:00 PM","1","DRIVER",NULL,"674832.0",NULL,"PORSCHE","Cayenne","IL","2009.0","UNKNOWN","SPORT UTILITY VEHICLE (SUV)","UNKNOWN/NA","E","BACKING",NULL,NULL,"1.0",NULL,NULL,NULL,NULL,NULL,NULL,NULL,NULL,NULL,"Y",NULL,NULL,NULL,NULL,NULL,NULL,NULL,"REAR-LEFT",NULL,NULL,NULL,NULL,NULL,NULL,NULL,NULL,NULL,NULL,NULL,NULL,NULL,NULL,NULL,NULL,NULL,NULL,NULL,NULL,NULL,NULL,NULL,NULL,NULL,NULL,NULL,NULL,NULL,NULL,NULL,NULL,NULL
"709915","6d6a501e054fd6d6e223681159e994c3f0ce79f1517b85718ec951f353cc47e78526dc17f8ebee825bfa8b7280853ecc6c69afb79157c8551e5aa02f938702c0","JC379183","08/03/2019 12:01:00 PM","1","DRIVER",NULL,"675128.0",NULL,"FORD","ESCAPE (SUV)","IL","2018.0","NONE","SPORT UTILITY VEHICLE (SUV)","PERSONAL","S","STRAIGHT AHEAD",NULL,NULL,"1.0",NULL,NULL,NULL,NULL,"Y",NULL,NULL,NULL,NULL,NULL,NULL,NULL,NULL,NULL,NULL,"Y",NULL,"OTHER",NULL,NULL,NULL,NULL,NULL,NULL,NULL,NULL,NULL,NULL,NULL,NULL,NULL,NULL,NULL,NULL,NULL,NULL,NULL,NULL,NULL,NULL,NULL,NULL,NULL,NULL,NULL,NULL,NULL,NULL,NULL,NULL,NULL
"710155","3a299cea00ab546d45980a2c775ee18a791fd345290fa6a1d32533d45329b017a668825e6b2ca75be43ed950787651ae036a76582745b8ac1a71687472dba2b1","JC379619","08/05/2019 12:30:00 PM","1","DRIVER",NULL,"675351.0",NULL,"VOLKSWAGEN","ROUTAN","IN","2012.0","NONE","PASSENGER","PERSONAL","E","STRAIGHT AHEAD",NULL,NULL,"1.0",NULL,NULL,NULL,NULL,NULL,NULL,NULL,NULL,NULL,NULL,NULL,NULL,NULL,NULL,"Y",NULL,NULL,"TOTAL (ALL AREAS)",NULL,NULL,NULL,NULL,NULL,NULL,NULL,NULL,NULL,NULL,NULL,NULL,NULL,NULL,NULL,NULL,NULL,NULL,NULL,NULL,NULL,NULL,NULL,NULL,NULL,NULL,NULL,NULL,NULL,NULL,NULL,NULL,NULL
"710293","627234a553344d6fe6bb166546f9783c43837bc7e13eb6ae35a7f313721e1976715a7f0c4b01353a57022bbe056b1b0c7012d04469a3bee5777a0a4e410db394","JC326210","06/28/2019 06:10:00 PM","2","DRIVER",NULL,"675477.0",NULL,"TOYOTA MOTOR COMPANY, LTD.","COROLLA","IL","2014.0","UNKNOWN","PASSENGER","PERSONAL","W","STRAIGHT AHEAD","Y",NULL,"1.0",NULL,"PRIVATE TOW",NULL,NULL,"Y",NULL,NULL,NULL,NULL,NULL,"Y",NULL,NULL,NULL,"Y","Y",NULL,"FRONT-LEFT",NULL,NULL,NULL,NULL,NULL,NULL,NULL,NULL,NULL,NULL,NULL,NULL,NULL,NULL,NULL,NULL,NULL,NULL,NULL,NULL,NULL,NULL,NULL,NULL,NULL,NULL,NULL,NULL,NULL,NULL,NULL,NULL,NULL
"710340","070537e002df41773b8e9b5ab5eadbd02cef54e77028da29cbf44c8df2ff45300546a67070e4b8d9666176608d0dc68feaa30a86fd236d5542a3a8666d5dcaf1","JC379914","08/04/2019 03:00:00 AM","2","DRIVER",NULL,"675513.0",NULL,"HYUNDAI","ELANTRA",NULL,"2018.0","NONE","PASSENGER","PERSONAL","W","TURNING LEFT",NULL,NULL,"1.0",NULL,NULL,NULL,NULL,NULL,NULL,NULL,NULL,NULL,NULL,NULL,"Y",NULL,NULL,NULL,NULL,NULL,"FRONT-LEFT",NULL,NULL,NULL,NULL,NULL,NULL,NULL,NULL,NULL,NULL,NULL,NULL,NULL,NULL,NULL,NULL,NULL,NULL,NULL,NULL,NULL,NULL,NULL,NULL,NULL,NULL,NULL,NULL,NULL,NULL,NULL,NULL,NULL
"710551","16a6c0278b4d20a433881dc7ba1d839597c5b0e6383473ff84c253aa7844c975428b73b70a5f28110e65f09eaa33aaccc06a631da6b8b08bb06a8e0b90738282","JC380171","08/05/2019 07:23:00 PM","1","DRIVER",NULL,"675733.0",NULL,"TOYOTA MOTOR COMPANY, LTD.","UNKNOWN","IL","2015.0","UNKNOWN","PASSENGER","PERSONAL","W","CHANGING LANES",NULL,NULL,"1.0",NULL,NULL,NULL,NULL,NULL,NULL,NULL,NULL,NULL,NULL,NULL,NULL,NULL,NULL,"Y",NULL,NULL,"UNDER CARRIAGE",NULL,NULL,NULL,NULL,NULL,NULL,NULL,NULL,NULL,NULL,NULL,NULL,NULL,NULL,NULL,NULL,NULL,NULL,NULL,NULL,NULL,NULL,NULL,NULL,NULL,NULL,NULL,NULL,NULL,NULL,NULL,NULL,NULL
"710961","e412c18ad8a0552cd7e81f57ba72d38db7de8be8e788279640ddf8707f86c443145cee38e36d0bc99e2741d2cd7a9d164d490a54220e9df54dad425c1318f88c","JC381243","08/06/2019 03:05:00 PM","1","DRIVER","1.0","676121.0","Y","UNKNOWN","UNKNOWN","WI","2008.0","NONE","TRACTOR W/O SEMI-TRAILER","OTHER","S","SLOW/STOP IN TRAFFIC",NULL,NULL,"2.0",NULL,NULL,NULL,NULL,NULL,NULL,NULL,NULL,NULL,NULL,NULL,NULL,NULL,NULL,NULL,"Y",NULL,"OTHER","7781.0","563164",NULL,NULL,NULL,NULL,"KEMPS","IL","CHICAGO",NULL,NULL,NULL,"N","N",NULL,"N",NULL,"N","N",NULL,NULL,NULL,NULL,NULL,NULL,NULL,NULL,NULL,NULL,NULL,"N","N",NULL
"710976","6418a9d8cc7adadaf9711b17f156548e4554f70fd30c176338a43f6645c008e9de8e12dd662d266846150126515c8c7b099329b99eee167846bc4dda5655aace","JC381268","08/06/2019 03:30:00 PM","2","DRIVER",NULL,"676157.0",NULL,"CHEVROLET","EQUINOX","IL","2018.0","NONE","PASSENGER","PERSONAL","S","STRAIGHT AHEAD",NULL,NULL,"1.0",NULL,NULL,NULL,NULL,"Y",NULL,NULL,NULL,NULL,NULL,NULL,NULL,NULL,NULL,NULL,NULL,NULL,"FRONT-RIGHT",NULL,NULL,NULL,NULL,NULL,NULL,NULL,NULL,NULL,NULL,NULL,NULL,NULL,NULL,NULL,NULL,NULL,NULL,NULL,NULL,NULL,NULL,NULL,NULL,NULL,NULL,NULL,NULL,NULL,NULL,NULL,NULL,NULL
"711081","1258417ec7b42c151aca1b87099797e6762327c2f01bf71e5a207aaf56835e51fa90bdf9865807472d3fb62e77d2729f1d91b2eec614256928fcbebf74975777","JC381403","08/06/2019 05:05:00 PM","1","DRIVER",NULL,"676233.0",NULL,"MAZDA","Mazda 3","IL","2011.0","NONE","PASSENGER","PERSONAL","W","STRAIGHT AHEAD","Y",NULL,"1.0",NULL,"UNKNOWN",NULL,"N","Y",NULL,NULL,NULL,NULL,NULL,NULL,NULL,NULL,NULL,"Y","Y",NULL,"OTHER",NULL,NULL,NULL,NULL,NULL,NULL,NULL,NULL,NULL,NULL,NULL,NULL,NULL,NULL,NULL,NULL,NULL,NULL,NULL,NULL,NULL,NULL,NULL,NULL,NULL,NULL,NULL,NULL,NULL,NULL,NULL,NULL,NULL
"711441","de7f595897095a306e33782ea95b21909f9844de90046dad36185a6a5e24425b9b778e09d94290dd84315c054afc89b9d24a5d6ce66a53eed03f03be733d1028","JC382201","08/07/2019 09:20:00 AM","2","DRIVER",NULL,"676562.0",NULL,"VOLKSWAGEN","TIGUAN","IL","2014.0","NONE","SPORT UTILITY VEHICLE (SUV)","PERSONAL","N","STRAIGHT AHEAD",NULL,NULL,"1.0",NULL,NULL,NULL,"Y",NULL,NULL,NULL,NULL,NULL,NULL,NULL,NULL,NULL,NULL,NULL,NULL,NULL,"NONE",NULL,NULL,NULL,NULL,NULL,NULL,NULL,NULL,NULL,NULL,NULL,NULL,NULL,NULL,NULL,NULL,NULL,NULL,NULL,NULL,NULL,NULL,NULL,NULL,NULL,NULL,NULL,NULL,NULL,NULL,NULL,NULL,NULL
"712602","7c98a0f53f9fb084fa39380507ebf88ae9f9ab1ae2d12fc49bb060ab1bf25bdc8d427b3e159ccbf38313eea5acbec3429731146751e159915cde8d5925dbb986","JC333073","07/02/2019 01:00:00 PM","1","DRIVER","1.0","677625.0",NULL,"TOYOTA MOTOR COMPANY, LTD.","CAMRY","IL","2011.0","UNKNOWN","PASSENGER","UNKNOWN/NA","N","STRAIGHT AHEAD",NULL,NULL,"2.0",NULL,NULL,NULL,NULL,"Y",NULL,NULL,NULL,NULL,NULL,NULL,NULL,NULL,NULL,NULL,NULL,NULL,"FRONT",NULL,NULL,NULL,NULL,NULL,NULL,NULL,NULL,NULL,NULL,NULL,NULL,NULL,NULL,NULL,NULL,NULL,NULL,NULL,NULL,NULL,NULL,NULL,NULL,NULL,NULL,NULL,NULL,NULL,NULL,NULL,NULL,NULL
"713072","721c4a47fddee9e062bdc302c091a2a82624c239640453f61f22112d9a42eb994185708c4ab81281e0aa98ba3ddf5aa18d9ecad85e5baaa30eaf92402e62b848","JC385448","08/09/2019 12:30:00 PM","1","DRIVER",NULL,"678085.0",NULL,"INFINITI","UNKNOWN",NULL,"2017.0","NONE","PASSENGER","PERSONAL","N","STRAIGHT AHEAD",NULL,NULL,"1.0",NULL,NULL,NULL,NULL,NULL,NULL,NULL,"Y",NULL,NULL,NULL,NULL,NULL,NULL,NULL,NULL,NULL,"SIDE-RIGHT",NULL,NULL,NULL,NULL,NULL,NULL,NULL,NULL,NULL,NULL,NULL,NULL,NULL,NULL,NULL,NULL,NULL,NULL,NULL,NULL,NULL,NULL,NULL,NULL,NULL,NULL,NULL,NULL,NULL,NULL,NULL,NULL,NULL
"713278","b5bd5e80882b4cc7461fa38cdf13de4748a0057e810d51972f4ad9de5d7da432f8726ac36bc3c4ffe8f5f64a4a85d96a77e26ca18e671dc274d76cdf6580d659","JC385814","08/09/2019 05:30:00 PM","2","DRIVER",NULL,"678281.0",NULL,"NISSAN","SENTRA (DATSUN AND NISSAN HAVE MERGED)",NULL,"2013.0","NONE","PASSENGER","PERSONAL","N","SLOW/STOP IN TRAFFIC",NULL,NULL,"1.0",NULL,NULL,NULL,NULL,"Y",NULL,NULL,NULL,"Y","Y","Y",NULL,NULL,NULL,"Y","Y",NULL,"REAR-LEFT",NULL,NULL,NULL,NULL,NULL,NULL,NULL,NULL,NULL,NULL,NULL,NULL,NULL,NULL,NULL,NULL,NULL,NULL,NULL,NULL,NULL,NULL,NULL,NULL,NULL,NULL,NULL,NULL,NULL,NULL,NULL,NULL,NULL
"713521","97ffd70ac5cdaa3fd94d388c7903b690726a9685f43caa291f42a000d03f5031d8ecd5ee7dc99147dc65d0e2c5e185a85d4a3d2b5b0b13546bf6eb9b2ad4afdd","JC386187","08/09/2019 11:05:00 PM","2","DRIVER","1.0","678536.0",NULL,"FORD","EXPLORER","IL","2017.0","UNKNOWN","PASSENGER","POLICE","E","DRIVING WRONG WAY","Y",NULL,"2.0",NULL,NULL,NULL,NULL,"Y",NULL,NULL,NULL,NULL,NULL,NULL,NULL,NULL,NULL,"Y","Y",NULL,"OTHER",NULL,NULL,NULL,NULL,NULL,NULL,NULL,NULL,NULL,NULL,NULL,NULL,NULL,NULL,NULL,NULL,NULL,NULL,NULL,NULL,NULL,NULL,NULL,NULL,NULL,NULL,NULL,NULL,NULL,NULL,NULL,NULL,NULL
"713529","bf24bca39665b0b7d287bb0e2c78a25d8b6a414c2a65ec1442b4baa296750a455a33dff6e7a6f83cf96599f2f77a408f892cb3b797f0424f8e9e5ad6b96edbd1","JC386210","08/09/2019 11:50:00 PM","2","DRIVER",NULL,"678526.0",NULL,"CHEVROLET","UNKNOWN","IL","2014.0","UNKNOWN","PASSENGER","PERSONAL","NW","STRAIGHT AHEAD",NULL,NULL,"1.0",NULL,NULL,NULL,NULL,NULL,NULL,NULL,NULL,NULL,NULL,NULL,NULL,NULL,NULL,"Y",NULL,NULL,"TOTAL (ALL AREAS)",NULL,NULL,NULL,NULL,NULL,NULL,NULL,NULL,NULL,NULL,NULL,NULL,NULL,NULL,NULL,NULL,NULL,NULL,NULL,NULL,NULL,NULL,NULL,NULL,NULL,NULL,NULL,NULL,NULL,NULL,NULL,NULL,NULL
"713661","fc6ef0be872f41fb0b5929fc17156a238d8493dad5166328558d0623947bc8815fde3fac897b6cb000b390898dc3a229dd919736935af44a0b81bd821e0e306e","JC386465","08/10/2019 08:00:00 AM","2","PARKED",NULL,"678639.0",NULL,"CADILLAC","STS","IL","2015.0","NONE","PASSENGER","PERSONAL","UNKNOWN","PARKED",NULL,NULL,"0.0",NULL,NULL,NULL,NULL,NULL,NULL,NULL,NULL,NULL,NULL,NULL,NULL,"Y","Y","Y",NULL,NULL,"ROOF",NULL,NULL,NULL,NULL,NULL,NULL,NULL,NULL,NULL,NULL,NULL,NULL,NULL,NULL,NULL,NULL,NULL,NULL,NULL,NULL,NULL,NULL,NULL,NULL,NULL,NULL,NULL,NULL,NULL,NULL,NULL,NULL,NULL
"714050","575815170160ff3fe9edbdb1b901eb9628edda0d605d80859113fba6cc90d2f64bba4c6b71ceef619b2f090e394edcf3e8d3c9e782497f56a8b8e696370a758a","JC387058","08/10/2019 01:52:00 PM","1","PARKED","1.0","678971.0",NULL,"FORD","FUSION","IL","2018.0","NONE","PASSENGER","POLICE","N","PARKED",NULL,NULL,"1.0",NULL,NULL,NULL,NULL,NULL,NULL,NULL,NULL,NULL,NULL,NULL,NULL,"Y",NULL,NULL,NULL,NULL,"ROOF",NULL,NULL,NULL,NULL,NULL,NULL,NULL,NULL,NULL,NULL,NULL,NULL,NULL,NULL,NULL,NULL,NULL,NULL,NULL,NULL,NULL,NULL,NULL,NULL,NULL,NULL,NULL,NULL,NULL,NULL,NULL,NULL,NULL
"714118","d7945fb9cfc045550365da16aab8766cdcdf03919b413562babe00c289da062e3820b9d9130090d94b91c15caffe7c2d635c2ec92c259b45e753c82110a57c3f","JC387134","08/10/2019 05:35:00 PM","3","DRIVER",NULL,"679048.0",NULL,"BUICK","BUICK","IL","2017.0","NONE","SPORT UTILITY VEHICLE (SUV)","PERSONAL","N","SLOW/STOP IN TRAFFIC",NULL,NULL,"1.0",NULL,NULL,NULL,NULL,NULL,NULL,NULL,NULL,"Y","Y","Y",NULL,NULL,NULL,NULL,NULL,NULL,"REAR-LEFT",NULL,NULL,NULL,NULL,NULL,NULL,NULL,NULL,NULL,NULL,NULL,NULL,NULL,NULL,NULL,NULL,NULL,NULL,NULL,NULL,NULL,NULL,NULL,NULL,NULL,NULL,NULL,NULL,NULL,NULL,NULL,NULL,NULL
"714313","8e46c27e488fd480d53139b20ed954567ef930115dfdc0d54bca3be4261c363accf55cffe0b692f1bd73bd320b22c41f225c4f94190008d0444008027b269171","JC387437","08/10/2019 11:22:00 PM","1","DRIVER",NULL,"679211.0",NULL,"HONDA","CRV",NULL,"2013.0","UNKNOWN","PASSENGER","PERSONAL","S","STRAIGHT AHEAD",NULL,NULL,"1.0",NULL,NULL,NULL,NULL,"Y",NULL,NULL,NULL,NULL,NULL,NULL,NULL,NULL,NULL,"Y","Y",NULL,"OTHER",NULL,NULL,NULL,NULL,NULL,NULL,NULL,NULL,NULL,NULL,NULL,NULL,NULL,NULL,NULL,NULL,NULL,NULL,NULL,NULL,NULL,NULL,NULL,NULL,NULL,NULL,NULL,NULL,NULL,NULL,NULL,NULL,NULL
"714455","273584acf0d807de02b20da9afe66c6565cb0dd0e0b4c58e4a86fef041f577ea3623f48c07cc055407c4cc170eddca27eed2cd1aed3ce8549c6be25caab6b5da","JC387833","08/11/2019 09:45:00 AM","2","DRIVER",NULL,"679353.0",NULL,"CHEVROLET","CRUZE","IL","2017.0","NONE","PASSENGER","PERSONAL","E","STRAIGHT AHEAD",NULL,NULL,"1.0",NULL,NULL,NULL,NULL,"Y",NULL,NULL,NULL,NULL,NULL,NULL,NULL,NULL,NULL,NULL,NULL,NULL,"SIDE-RIGHT",NULL,NULL,NULL,NULL,NULL,NULL,NULL,NULL,NULL,NULL,NULL,NULL,NULL,NULL,NULL,NULL,NULL,NULL,NULL,NULL,NULL,NULL,NULL,NULL,NULL,NULL,NULL,NULL,NULL,NULL,NULL,NULL,NULL
"715059","7f1567a024906d099f5896bcf55e29202b5b81e6771d698f8ca0ecb4c828badbae791abaf705be87a3cbdf4d74f9997616abb6c962206c27ae8cbffdcd6366e6","JC389010","08/12/2019 08:00:00 AM","2","DRIVER",NULL,"679922.0",NULL,"TOYOTA MOTOR COMPANY, LTD.","CAMRY",NULL,"2011.0","NONE","PASSENGER","PERSONAL","E","STRAIGHT AHEAD",NULL,NULL,"1.0",NULL,NULL,NULL,NULL,NULL,NULL,NULL,NULL,NULL,NULL,NULL,"Y","Y","Y",NULL,NULL,NULL,"ROOF",NULL,NULL,NULL,NULL,NULL,NULL,NULL,NULL,NULL,NULL,NULL,NULL,NULL,NULL,NULL,NULL,NULL,NULL,NULL,NULL,NULL,NULL,NULL,NULL,NULL,NULL,NULL,NULL,NULL,NULL,NULL,NULL,NULL
"715177","8822ccce3988ec81a4d771d02dc51dc1cbfcfaa89a6c6fd441db3c3c1c0fcdfc9e8aec69ca718b6e53beecf8e3135754a70d7e08a15eba0514de9674fdcfec04","JC389291","08/11/2019 01:00:00 PM","2","DRIVER","1.0","680024.0",NULL,"MERCURY","MARINER","IL","2010.0","NONE","SPORT UTILITY VEHICLE (SUV)","PERSONAL","S","TURNING RIGHT",NULL,NULL,"2.0",NULL,NULL,NULL,NULL,NULL,NULL,NULL,NULL,"Y",NULL,NULL,NULL,NULL,NULL,NULL,NULL,NULL,"REAR",NULL,NULL,NULL,NULL,NULL,NULL,NULL,NULL,NULL,NULL,NULL,NULL,NULL,NULL,NULL,NULL,NULL,NULL,NULL,NULL,NULL,NULL,NULL,NULL,NULL,NULL,NULL,NULL,NULL,NULL,NULL,NULL,NULL
"715179","bda3a9530e66b3b06f00414956430141c5ab9f88999b1ab4c07d2eebe97787a57c5aa48270ec9b5036d659b188afb9d7ad6e5d3b3f2416d1a01e06c89fa723b6","JC389290","08/10/2019 08:50:00 PM","2","DRIVER",NULL,"680025.0",NULL,"NISSAN","ROGUE","IL","2017.0","NONE","SPORT UTILITY VEHICLE (SUV)","PERSONAL","N","SLOW/STOP IN TRAFFIC",NULL,NULL,"1.0",NULL,NULL,NULL,NULL,NULL,NULL,NULL,NULL,NULL,"Y",NULL,NULL,NULL,NULL,NULL,NULL,NULL,"REAR-LEFT",NULL,NULL,NULL,NULL,NULL,NULL,NULL,NULL,NULL,NULL,NULL,NULL,NULL,NULL,NULL,NULL,NULL,NULL,NULL,NULL,NULL,NULL,NULL,NULL,NULL,NULL,NULL,NULL,NULL,NULL,NULL,NULL,NULL
"715424","fe63ffe64a608d32c27392557dc39fa7d44cb8918b139681e5117ca8786f7fa4a88a9a955ac442ca2345c5a7798378c60e43cbafd1c3220b50e57a8b452ed184","JC389749","08/12/2019 04:19:00 PM","1","DRIVER",NULL,"680257.0",NULL,"NISSAN","NISSAN ALTIMA","IL","2014.0","NONE","PASSENGER","PERSONAL","UNKNOWN","STRAIGHT AHEAD",NULL,NULL,"1.0",NULL,NULL,NULL,NULL,NULL,NULL,NULL,NULL,NULL,NULL,NULL,NULL,NULL,NULL,NULL,NULL,NULL,"NONE",NULL,NULL,NULL,NULL,NULL,NULL,NULL,NULL,NULL,NULL,NULL,NULL,NULL,NULL,NULL,NULL,NULL,NULL,NULL,NULL,NULL,NULL,NULL,NULL,NULL,NULL,NULL,NULL,NULL,NULL,NULL,NULL,NULL
"716086","a2d005c742d45bc0e2bdc2c41d21fdc0d14ec7ae95331b601006f488c0582eec09557ae92de25cac9227cb9d20a6630276744008c5391716aab47543b849e428","JC390819","08/13/2019 02:45:00 PM","2","DRIVER",NULL,"680875.0",NULL,"DODGE","CARAVAN","IL","2013.0","NONE","VAN/MINI-VAN","OTHER","N","STRAIGHT AHEAD",NULL,NULL,"1.0",NULL,NULL,NULL,NULL,NULL,NULL,NULL,NULL,"Y",NULL,NULL,NULL,NULL,NULL,NULL,NULL,NULL,"REAR",NULL,NULL,NULL,NULL,NULL,NULL,NULL,NULL,NULL,NULL,NULL,NULL,NULL,NULL,NULL,NULL,NULL,NULL,NULL,NULL,NULL,NULL,NULL,NULL,NULL,NULL,NULL,NULL,NULL,NULL,NULL,NULL,NULL
"716147","60666274635b741e6cf5071d0920447b6e3f99dea70b0af583b3d43414bc9354a9e3c7aae522be2b9eb269ebc4d6d1a3dc3ead876dfc6363c74debba00f078d8","JC390965","08/12/2019 08:30:00 AM","2","PARKED",NULL,"680927.0",NULL,"CHEVROLET","COBALT","IL","2009.0","NONE","PASSENGER","NOT IN USE","S","PARKED",NULL,NULL,"0.0",NULL,NULL,NULL,NULL,NULL,NULL,NULL,NULL,NULL,NULL,NULL,NULL,"Y","Y","Y",NULL,NULL,"ROOF",NULL,NULL,NULL,NULL,NULL,NULL,NULL,NULL,NULL,NULL,NULL,NULL,NULL,NULL,NULL,NULL,NULL,NULL,NULL,NULL,NULL,NULL,NULL,NULL,NULL,NULL,NULL,NULL,NULL,NULL,NULL,NULL,NULL
"716381","fe825dc6ed56d13eb734b558f7a0375acffe428b08c50b88ce686f283d5d7d5e164b7c6caf0a94b944e6cbb610f917146d9016e77f094cb4f4c9aceb18eaec43","JC391368","08/13/2019 06:52:00 PM","2","DRIVER",NULL,"681160.0",NULL,"LEXUS","GX460","IL","2018.0","NONE","PASSENGER","PERSONAL","E","SLOW/STOP IN TRAFFIC",NULL,NULL,"1.0",NULL,NULL,NULL,NULL,NULL,NULL,NULL,NULL,NULL,"Y",NULL,NULL,NULL,NULL,NULL,NULL,NULL,"REAR-LEFT",NULL,NULL,NULL,NULL,NULL,NULL,NULL,NULL,NULL,NULL,NULL,NULL,NULL,NULL,NULL,NULL,NULL,NULL,NULL,NULL,NULL,NULL,NULL,NULL,NULL,NULL,NULL,NULL,NULL,NULL,NULL,NULL,NULL