"CRASH_UNIT_ID","CRASH_RECORD_ID","RD_NO","CRASH_DATE","UNIT_NO","UNIT_TYPE","NUM_PASSENGERS","VEHICLE_ID","CMRC_VEH_I","MAKE","MODEL","LIC_PLATE_STATE","VEHICLE_YEAR","VEHICLE_DEFECT","VEHICLE_TYPE","VEHICLE_USE","TRAVEL_DIRECTION","MANEUVER","TOWED_I","FIRE_I","OCCUPANT_CNT","EXCEED_SPEED_LIMIT_I","TOWED_BY","TOWED_TO","AREA_00_I","AREA_01_I","AREA_02_I","AREA_03_I","AREA_04_I","AREA_05_I","AREA_06_I","AREA_07_I","AREA_08_I","AREA_09_I","AREA_10_I","AREA_11_I","AREA_12_I","AREA_99_I","FIRST_CONTACT_POINT","CMV_ID","USDOT_NO","CCMC_NO","ILCC_NO","COMMERCIAL_SRC","GVWR","CARRIER_NAME","CARRIER_STATE","CARRIER_CITY","HAZMAT_PLACARDS_I","HAZMAT_NAME","UN_NO","HAZMAT_PRESENT_I","HAZMAT_REPORT_I","HAZMAT_REPORT_NO","MCS_REPORT_I","MCS_REPORT_NO","HAZMAT_VIO_CAUSE_CRASH_I","MCS_VIO_CAUSE_CRASH_I","IDOT_PERMIT_NO","WIDE_LOAD_I","TRAILER1_WIDTH","TRAILER2_WIDTH","TRAILER1_LENGTH","TRAILER2_LENGTH","TOTAL_VEHICLE_LENGTH","AXLE_CNT","VEHICLE_CONFIG","CARGO_BODY_TYPE","LOAD_TYPE","HAZMAT_OUT_OF_SERVICE_I","MCS_OUT_OF_SERVICE_I","HAZMAT_CLASS"
"716464","7ebaff5bfc837fad5cc8f49c20d18b0d4593c2bc80eee9db440c756079d2e41c74da68f1ef27034689813f2e96a9dd785072db398e4ab2062f4844538a1b2b45","JC391625","08/14/2019 05:13:00 AM","2","PARKED",NULL,"681236.0",NULL,"FORD","UNKNOWN","IL","2019.0","NONE","VAN/MINI-VAN","PERSONAL","N","PARKED",NULL,NULL,"0.0",NULL,NULL,NULL,NULL,NULL,NULL,NULL,"Y","Y","Y","Y","Y",NULL,NULL,NULL,NULL,NULL,"REAR-LEFT",NULL,NULL,NULL,NULL,NULL,NULL,NULL,NULL,NULL,NULL,NULL,NULL,NULL,NULL,NULL,NULL,NULL,NULL,NULL,NULL,NULL,NULL,NULL,NULL,NULL,NULL,NULL,NULL,NULL,NULL,NULL,NULL,NULL
"716602","1b72891f5007caa32ff5fbb1e3b4fdda0bb507cf52b645decc0cf0b47e7518253f60c8d5ac96bf90c2ebd0371221724cf9026b16394bfaf85299ba35bd039cb1","JC391833","08/14/2019 09:50:00 AM","2","DRIVER",NULL,"681373.0",NULL,"KIA MOTORS CORP","Sportage (sport utility)","IL","2011.0","NONE","PASSENGER","PERSONAL","N","STRAIGHT AHEAD",NULL,NULL,"1.0",NULL,NULL,NULL,NULL,"Y",NULL,NULL,NULL,NULL,NULL,NULL,NULL,NULL,NULL,NULL,NULL,NULL,"FRONT",NULL,NULL,NULL,NULL,NULL,NULL,NULL,NULL,NULL,NULL,NULL,NULL,NULL,NULL,NULL,NULL,NULL,NULL,NULL,NULL,NULL,NULL,NULL,NULL,NULL,NULL,NULL,NULL,NULL,NULL,NULL,NULL,NULL
"716640","313a2214d5c481fc31243b8068e093bd7dda210aad3a36ad7631ef4a65441121a76026f19c7a3100e9b8cabaa4ff9952e7debaca9bf7ced01fdb658b07b0cd4e","JC391963","08/14/2019 11:20:00 AM","2","DRIVER",NULL,"681431.0",NULL,"FORD","Focus","IL","2019.0","NONE","PASSENGER","OTHER","S","STRAIGHT AHEAD","Y",NULL,"1.0",NULL,"owner",NULL,NULL,NULL,NULL,NULL,NULL,NULL,NULL,NULL,NULL,NULL,NULL,"Y",NULL,NULL,"TOTAL (ALL AREAS)",NULL,NULL,NULL,NULL,NULL,NULL,NULL,NULL,NULL,NULL,NULL,NULL,NULL,NULL,NULL,NULL,NULL,NULL,NULL,NULL,NULL,NULL,NULL,NULL,NULL,NULL,NULL,NULL,NULL,NULL,NULL,NULL,NULL
"716904","f654c3fb2660659a036853d79b549a8f868c8b0a60d60d19e43dcc1b37b978aad101bb530213ef609b6702d8ddb1f3f94a82abd9bd4d764e1faa758c878e3de0","JC392499","08/14/2019 05:00:00 PM","1","DRIVER",NULL,"681630.0",NULL,"FORD","FUSION","IL","2011.0","UNKNOWN","PASSENGER","UNKNOWN/NA","W","STRAIGHT AHEAD",NULL,NULL,"1.0",NULL,NULL,NULL,NULL,NULL,NULL,NULL,NULL,NULL,NULL,NULL,NULL,NULL,NULL,NULL,NULL,"Y","OTHER",NULL,NULL,NULL,NULL,NULL,NULL,NULL,NULL,NULL,NULL,NULL,NULL,NULL,NULL,NULL,NULL,NULL,NULL,NULL,NULL,NULL,NULL,NULL,NULL,NULL,NULL,NULL,NULL,NULL,NULL,NULL,NULL,NULL
"717141","ae5f642c6c65851c60baa1e6e590b7fd33117261eaa3d8c470755f841d89532a34e215c90a087d9ed54ae9e3bbdf9040fc16bcde0e61a8bd5ff6d37afa131fdf","JC388137","08/11/2019 01:15:00 PM","2","DRIVER",NULL,"681832.0",NULL,"HYUNDAI","ELANTRA","IL","2017.0","NONE","PASSENGER","RIDESHARE SERVICE","S","STRAIGHT AHEAD",NULL,NULL,"1.0",NULL,NULL,NULL,NULL,"Y",NULL,NULL,NULL,NULL,NULL,NULL,NULL,NULL,NULL,NULL,NULL,NULL,"FRONT",NULL,NULL,NULL,NULL,NULL,NULL,NULL,NULL,NULL,NULL,NULL,NULL,NULL,NULL,NULL,NULL,NULL,NULL,NULL,NULL,NULL,NULL,NULL,NULL,NULL,NULL,NULL,NULL,NULL,NULL,NULL,NULL,NULL
"717250","0f27bf680f7f490df820a5542f8664575fd07779d7917c0c02d01ce08cfb99c1851510d9dcbb75214e9daf29d122a978200aaac2eee0f28481ca46e67a34389c","JC393187","08/14/2019 03:45:00 PM","1","DRIVER",NULL,"681940.0",NULL,"CHEVROLET","UNKNOWN","IL","2008.0","UNKNOWN","VAN/MINI-VAN","OTHER","S","STRAIGHT AHEAD",NULL,NULL,"1.0",NULL,NULL,NULL,"Y",NULL,NULL,NULL,NULL,NULL,NULL,NULL,NULL,NULL,NULL,NULL,NULL,NULL,"NONE",NULL,NULL,NULL,NULL,NULL,NULL,NULL,NULL,NULL,NULL,NULL,NULL,NULL,NULL,NULL,NULL,NULL,NULL,NULL,NULL,NULL,NULL,NULL,NULL,NULL,NULL,NULL,NULL,NULL,NULL,NULL,NULL,NULL
"717484","afc6a0e73b9cee2403b470e04935e4493a63f36f39ff925621e93ce94bd35a18d9ee26a0b5d3a9ff67342c62bb24cb5d0d5e87957ced0825bd12728b49443f45","JC393754","08/15/2019 03:25:00 PM","2","PARKED",NULL,"682169.0",NULL,"FORD","ESCAPE (SUV)","IL","2019.0","UNKNOWN","SPORT UTILITY VEHICLE (SUV)","UNKNOWN/NA","S","PARKED",NULL,NULL,"0.0",NULL,NULL,NULL,NULL,NULL,NULL,NULL,NULL,NULL,"Y","Y",NULL,NULL,NULL,NULL,NULL,NULL,"SIDE-LEFT",NULL,NULL,NULL,NULL,NULL,NULL,NULL,NULL,NULL,NULL,NULL,NULL,NULL,NULL,NULL,NULL,NULL,NULL,NULL,NULL,NULL,NULL,NULL,NULL,NULL,NULL,NULL,NULL,NULL,NULL,NULL,NULL,NULL
"717530","06753bd069a623490194368918eaec27e4a849efdca11b77d47e5e3f4eaeca2bc5bba0a58fe54e38431380ac6535a6e5e53b9a50a5c10828481b0147753f9b5c","JC393674","08/15/2019 02:08:00 PM","1","DRIVER","1.0","682204.0","N","DODGE","CARAVAN","IL","2018.0","NONE","VAN/MINI-VAN","PERSONAL","S","PASSING/OVERTAKING","Y",NULL,"2.0",NULL,"private company",NULL,NULL,"Y","Y",NULL,NULL,NULL,NULL,NULL,NULL,NULL,"Y","Y","Y",NULL,"OTHER",NULL,NULL,NULL,NULL,NULL,NULL,NULL,NULL,NULL,NULL,NULL,NULL,NULL,NULL,NULL,NULL,NULL,NULL,NULL,NULL,NULL,NULL,NULL,NULL,NULL,NULL,NULL,NULL,NULL,NULL,NULL,NULL,NULL
"717562","23a6d1eccbd4d1b2b7a0f5932872bd8a15f419f9637cfc0fdc8c28dbc52dcce557fd869276407a48fae6e6f07bd09f5c9ad4cf5dc915acb2749f888b38f4c212","JC392751","08/14/2019 07:00:00 PM","2","DRIVER",NULL,"682262.0",NULL,"NISSAN","SENTRA (DATSUN AND NISSAN HAVE MERGED)","IL","2018.0","UNKNOWN","PASSENGER","PERSONAL","W","STRAIGHT AHEAD",NULL,NULL,"1.0",NULL,NULL,NULL,NULL,NULL,NULL,NULL,NULL,"Y",NULL,NULL,NULL,NULL,NULL,NULL,NULL,NULL,"REAR-RIGHT",NULL,NULL,NULL,NULL,NULL,NULL,NULL,NULL,NULL,NULL,NULL,NULL,NULL,NULL,NULL,NULL,NULL,NULL,NULL,NULL,NULL,NULL,NULL,NULL,NULL,NULL,NULL,NULL,NULL,NULL,NULL,NULL,NULL
"717689","ac0655b19d86cc8105ab011f9ec921e212f3993885182c2aec9f91a444664346867b65a2f1f1a51eec7cfe4a7298b3c6a98deb96307a0dfe476301e2dadac932","JC394068","08/15/2019 04:00:00 PM","2","DRIVER",NULL,"682361.0",NULL,"HONDA","UNKNOWN","IL","2016.0","UNKNOWN","SPORT UTILITY VEHICLE (SUV)","UNKNOWN/NA","N","STRAIGHT AHEAD",NULL,NULL,"1.0",NULL,NULL,NULL,NULL,NULL,NULL,NULL,NULL,NULL,NULL,NULL,NULL,NULL,NULL,NULL,NULL,"Y","OTHER",NULL,NULL,NULL,NULL,NULL,NULL,NULL,NULL,NULL,NULL,NULL,NULL,NULL,NULL,NULL,NULL,NULL,NULL,NULL,NULL,NULL,NULL,NULL,NULL,NULL,NULL,NULL,NULL,NULL,NULL,NULL,NULL,NULL
"717694","92702bf94e55727c5fa64e1acb5207b8d0d468b862a512097905329db1c0239280187a42c8ff92780be0f95d274b921131c65d35725356f65456cf22a73fd3b3","JC394048","08/15/2019 07:03:00 PM","2","PARKED",NULL,"682366.0",NULL,"CADILLAC","UNKNOWN","IL","2009.0","UNKNOWN","PASSENGER","PERSONAL","N","PARKED",NULL,NULL,"0.0",NULL,NULL,NULL,NULL,NULL,NULL,NULL,NULL,NULL,NULL,NULL,NULL,NULL,NULL,"Y",NULL,NULL,"TOTAL (ALL AREAS)",NULL,NULL,NULL,NULL,NULL,NULL,NULL,NULL,NULL,NULL,NULL,NULL,NULL,NULL,NULL,NULL,NULL,NULL,NULL,NULL,NULL,NULL,NULL,NULL,NULL,NULL,NULL,NULL,NULL,NULL,NULL,NULL,NULL
"717792","af83fe26213dcbd180770047475273bbb80abf4c0a1787f79645b851156a413d920cd18017f5c219b524cbd457a3e0cb6688e5dd84d9f7b01a604a2d08d5d45c","JC394314","08/15/2019 11:20:00 PM","1","DRIVER",NULL,"682461.0",NULL,"HONDA","CRV","IL","2011.0","UNKNOWN","PASSENGER","UNKNOWN/NA","E","TURNING LEFT",NULL,NULL,"1.0",NULL,NULL,NULL,NULL,NULL,NULL,NULL,NULL,NULL,NULL,NULL,NULL,NULL,NULL,NULL,"Y",NULL,"UNKNOWN",NULL,NULL,NULL,NULL,NULL,NULL,NULL,NULL,NULL,NULL,NULL,NULL,NULL,NULL,NULL,NULL,NULL,NULL,NULL,NULL,NULL,NULL,NULL,NULL,NULL,NULL,NULL,NULL,NULL,NULL,NULL,NULL,NULL
"718628","3336121bad975fc2a81cbcfe90f78bbc27f67b0378e681d9485e661579c656f209fcf021f4e961e40a06ec7f1eab6e6beb5a54a03c604c578dc2e8b64b2252df","JC395957","08/17/2019 09:00:00 AM","2","DRIVER",NULL,"683255.0",NULL,"INTERNATIONAL COACH MFG.","UNKNOWN","IL","2015.0","NONE","TRUCK - SINGLE UNIT","TOW TRUCK","E","STRAIGHT AHEAD",NULL,NULL,"1.0",NULL,NULL,NULL,"Y",NULL,NULL,NULL,NULL,NULL,NULL,NULL,NULL,NULL,NULL,NULL,NULL,NULL,"FRONT",NULL,NULL,NULL,NULL,NULL,NULL,NULL,NULL,NULL,NULL,NULL,NULL,NULL,NULL,NULL,NULL,NULL,NULL,NULL,NULL,NULL,NULL,NULL,NULL,NULL,NULL,NULL,NULL,NULL,NULL,NULL,NULL,NULL
"718745","c36784e051c11bd377bab7772a9a5b308919a8682961154347f02f58175dafdb79e57c60adb9ca04adec27647ac652f810e76a983cf6c2fdd1eb9c1ca4dac960","JC396185","08/17/2019 12:19:00 PM","1","DRIVER",NULL,"683360.0",NULL,"FORD","F150","IL","2014.0","UNKNOWN","PICKUP","PERSONAL","W","PASSING/OVERTAKING",NULL,NULL,"1.0",NULL,NULL,NULL,NULL,NULL,"Y","Y",NULL,NULL,NULL,NULL,NULL,NULL,NULL,NULL,NULL,NULL,"FRONT-RIGHT",NULL,NULL,NULL,NULL,NULL,NULL,NULL,NULL,NULL,NULL,NULL,NULL,NULL,NULL,NULL,NULL,NULL,NULL,NULL,NULL,NULL,NULL,NULL,NULL,NULL,NULL,NULL,NULL,NULL,NULL,NULL,NULL,NULL
"719156","2cab4695049f7664f52914780f0fbe1a6fb6de83fa73579f754ad974ad4d9865e1fd926efe07c14ab07b7bc5c2026f4a9ba41d7feb71d8d061042611237531c7","JC396742","08/17/2019 07:43:00 PM","1","DRIVER",NULL,"683717.0",NULL,"FORD","FUSION","IL","2017.0","NONE","PASSENGER","PERSONAL","E","STRAIGHT AHEAD",NULL,NULL,"1.0",NULL,NULL,NULL,NULL,"Y",NULL,NULL,NULL,NULL,NULL,NULL,NULL,NULL,NULL,"Y","Y",NULL,"OTHER",NULL,NULL,NULL,NULL,NULL,NULL,NULL,NULL,NULL,NULL,NULL,NULL,NULL,NULL,NULL,NULL,NULL,NULL,NULL,NULL,NULL,NULL,NULL,NULL,NULL,NULL,NULL,NULL,NULL,NULL,NULL,NULL,NULL
"719334","ed510cb2c133ee1679247753c258f5cd87fc13c96e3ae8e3ecf766703acd95e83ebd8c7a5e717285c189eb89a95f74833ddf429256bac57ecccf65135d50a0aa","JC397099","08/18/2019 03:41:00 AM","2","DRIVER","2.0","683895.0",NULL,"AUDI","A4","IL","2014.0","UNKNOWN","PASSENGER","PERSONAL","N","STRAIGHT AHEAD",NULL,NULL,"3.0",NULL,NULL,NULL,NULL,NULL,NULL,NULL,NULL,"N","Y",NULL,NULL,NULL,NULL,NULL,NULL,NULL,"REAR-LEFT",NULL,NULL,NULL,NULL,NULL,NULL,NULL,NULL,NULL,NULL,NULL,NULL,NULL,NULL,NULL,NULL,NULL,NULL,NULL,NULL,NULL,NULL,NULL,NULL,NULL,NULL,NULL,NULL,NULL,NULL,NULL,NULL,NULL
"719557","ef3cfc13e595594dde61dc2c8ec2103704fa674fafaa7c39ae356ccf740d5435196290ced93c1ce82ae399f0a9239cace797688960fcf958b12853fb32e4e472","JC397566","08/11/2019 02:15:00 PM","2","DRIVER",NULL,"684149.0",NULL,"NISSAN","NISSAN ALTIMA","IL","2015.0","NONE","PASSENGER","PERSONAL","S","STRAIGHT AHEAD",NULL,NULL,"1.0",NULL,NULL,NULL,NULL,NULL,NULL,NULL,NULL,NULL,NULL,NULL,NULL,NULL,"Y","Y","N",NULL,"TOTAL (ALL AREAS)",NULL,NULL,NULL,NULL,NULL,NULL,NULL,NULL,NULL,NULL,NULL,NULL,NULL,NULL,NULL,NULL,NULL,NULL,NULL,NULL,NULL,NULL,NULL,NULL,NULL,NULL,NULL,NULL,NULL,NULL,NULL,NULL,NULL
"719647","55df52bdb85829eaa16e4ece5503a85cd3af74a0e421d76aa399d571b816280fd4a1144270383705a8e98b00fecb40c2612f06fde2f7a62875d83f08a3fafa6f","JC397743","08/10/2019 04:45:00 PM","1","DRIVER",NULL,"684186.0",NULL,"MINI-CRUISER (MFD. BY R.B.R. CORP.)","MINI-CRUISER (MFD. BY R.B.R. CORP.)","IL","2017.0","UNKNOWN","PASSENGER","PERSONAL","W","STRAIGHT AHEAD",NULL,NULL,"1.0",NULL,NULL,NULL,NULL,"Y","Y",NULL,NULL,NULL,NULL,NULL,NULL,NULL,NULL,NULL,NULL,NULL,"FRONT-RIGHT",NULL,NULL,NULL,NULL,NULL,NULL,NULL,NULL,NULL,NULL,NULL,NULL,NULL,NULL,NULL,NULL,NULL,NULL,NULL,NULL,NULL,NULL,NULL,NULL,NULL,NULL,NULL,NULL,NULL,NULL,NULL,NULL,NULL
"720281","94cdeb67c7314fe836312c6a1c2c0e130948f9479cdef6bb420c401673adee7287f413e889f91693db6604ca46efc404ba9e9be95b8a6a0c6ff293eb6553ff85","JC399175","08/19/2019 04:30:00 PM","2","PARKED",NULL,"684791.0",NULL,"TOYOTA MOTOR COMPANY, LTD.","RAV4 (sport utility)","IL","2018.0","NONE","PASSENGER","PERSONAL","W","PARKED",NULL,NULL,"0.0",NULL,NULL,NULL,NULL,NULL,NULL,NULL,NULL,NULL,NULL,"Y","Y","Y","Y",NULL,NULL,NULL,"ROOF",NULL,NULL,NULL,NULL,NULL,NULL,NULL,NULL,NULL,NULL,NULL,NULL,NULL,NULL,NULL,NULL,NULL,NULL,NULL,NULL,NULL,NULL,NULL,NULL,NULL,NULL,NULL,NULL,NULL,NULL,NULL,NULL,NULL
"720396","9722db4d40423a420c607244840d485f0ec97b078547aca8a86ced48e3617d7396bedbe780a4c99a0299b80fd6329ab9a36deb87c87a9acabe721ab85acf1e2a","JC399321","08/19/2019 07:35:00 PM","1","DRIVER",NULL,"684898.0",NULL,"NISSAN","Murano","IL","2015.0","NONE","PASSENGER","PERSONAL","E","STRAIGHT AHEAD",NULL,NULL,"1.0",NULL,NULL,NULL,NULL,"Y",NULL,NULL,NULL,NULL,NULL,NULL,NULL,NULL,NULL,NULL,"Y",NULL,"FRONT",NULL,NULL,NULL,NULL,NULL,NULL,NULL,NULL,NULL,NULL,NULL,NULL,NULL,NULL,NULL,NULL,NULL,NULL,NULL,NULL,NULL,NULL,NULL,NULL,NULL,NULL,NULL,NULL,NULL,NULL,NULL,NULL,NULL
"720420","85c31bbdb6080b8b88e3311df9927ae9bd381075d27e63e7c86603d8bad29eb3dd3714f43af779a32d9df4af3543bc8bb6248301107176fe1e59642629f51312","JC399448","08/19/2019 08:09:00 PM","1","DRIVER",NULL,"684921.0",NULL,"HYUNDAI","SONATA","IL","2008.0","UNKNOWN","UNKNOWN/NA","PERSONAL","E","BACKING",NULL,NULL,"1.0",NULL,NULL,NULL,NULL,NULL,NULL,NULL,NULL,NULL,NULL,NULL,NULL,NULL,NULL,NULL,NULL,"Y","UNKNOWN",NULL,NULL,NULL,NULL,NULL,NULL,NULL,NULL,NULL,NULL,NULL,NULL,NULL,NULL,NULL,NULL,NULL,NULL,NULL,NULL,NULL,NULL,NULL,NULL,NULL,NULL,NULL,NULL,NULL,NULL,NULL,NULL,NULL
"720563","c3e083065f4f39edbb670392c33ddf46e5c9f1d74eae1d4d108cdda6ecf77b01bfaebcec316bd2a1906426208fca7b907068c657ef248a4781868799ad681613","JC399794","08/19/2019 09:00:00 PM","1","DRIVER",NULL,"685062.0",NULL,"HONDA","CRV","IL","2017.0","NONE","SPORT UTILITY VEHICLE (SUV)","PERSONAL","E","LEAVING TRAFFIC LANE TO PARK",NULL,NULL,"1.0",NULL,NULL,NULL,NULL,NULL,NULL,NULL,NULL,NULL,NULL,"Y",NULL,NULL,NULL,NULL,NULL,NULL,"SIDE-LEFT",NULL,NULL,NULL,NULL,NULL,NULL,NULL,NULL,NULL,NULL,NULL,NULL,NULL,NULL,NULL,NULL,NULL,NULL,NULL,NULL,NULL,NULL,NULL,NULL,NULL,NULL,NULL,NULL,NULL,NULL,NULL,NULL,NULL
"720904","1bed86b12637029103d54bffcf6de9056dc0a4447d01ec1ef5bd36dd41152d779cc43bcbcf5af9a252a5d2d5056fe4d3f61119ec878d3102d40d7b13cce853bf","JC400349","08/20/2019 04:15:00 PM","2","DRIVER",NULL,"685410.0",NULL,"GENERAL MOTORS CORP.","YUKON","IL","2017.0","NONE","SPORT UTILITY VEHICLE (SUV)","PERSONAL","S","STRAIGHT AHEAD",NULL,NULL,"1.0",NULL,NULL,NULL,NULL,NULL,NULL,NULL,NULL,"Y","Y","Y",NULL,NULL,NULL,NULL,NULL,NULL,"REAR-LEFT",NULL,NULL,NULL,NULL,NULL,NULL,NULL,NULL,NULL,NULL,NULL,NULL,NULL,NULL,NULL,NULL,NULL,NULL,NULL,NULL,NULL,NULL,NULL,NULL,NULL,NULL,NULL,NULL,NULL,NULL,NULL,NULL,NULL
"721173","1fcd78ac3f4855e2ae58fd1047c34c4dff76f2b9415c81c9338c4610f6c2a5b21c57d29dc8a84361c22db2a262e45bd66b08eb7a01bfd3a083f2616333902a03","JC400041","08/20/2019 01:00:00 PM","2","DRIVER",NULL,"685649.0",NULL,"NISSAN","MAURANO","IL","2011.0","NONE","PASSENGER","PERSONAL","S","STRAIGHT AHEAD",NULL,NULL,"1.0",NULL,NULL,NULL,NULL,NULL,NULL,NULL,NULL,NULL,NULL,NULL,"Y","Y","Y",NULL,NULL,NULL,"ROOF",NULL,NULL,NULL,NULL,NULL,NULL,NULL,NULL,NULL,NULL,NULL,NULL,NULL,NULL,NULL,NULL,NULL,NULL,NULL,NULL,NULL,NULL,NULL,NULL,NULL,NULL,NULL,NULL,NULL,NULL,NULL,NULL,NULL
"721611","f6022560b50e8791bc8e7f4dd9f76d42af0f6a153f6c74900f3ae01900f9272d7dba9874613c1c84ec6e0bd7aa13dc8cf7f8b6cd38474e2a1c8af704b885d787","JC401753","08/21/2019 05:22:00 PM","1","DRIVER",NULL,"686048.0",NULL,"NISSAN","ROGUE","IL","2014.0","NONE","PASSENGER","PERSONAL","E","OTHER",NULL,NULL,"1.0",NULL,NULL,NULL,NULL,"Y",NULL,NULL,NULL,NULL,NULL,NULL,NULL,NULL,NULL,"Y","Y",NULL,"OTHER",NULL,NULL,NULL,NULL,NULL,NULL,NULL,NULL,NULL,NULL,NULL,NULL,NULL,NULL,NULL,NULL,NULL,NULL,NULL,NULL,NULL,NULL,NULL,NULL,NULL,NULL,NULL,NULL,NULL,NULL,NULL,NULL,NULL
"721890","c7133ce5e67024ef4c527ba4c5d1bf0a1b70dc99816d3844c04b69cbdf58e90f8808bbed8f6514a3256f8a95d3339e3499ffa57acfdd7a3f3791849eaed79291","JC402260","08/22/2019 05:50:00 AM","1","DRIVER",NULL,"686306.0",NULL,"HONDA","CIVIC","IL","2013.0","OTHER","PASSENGER","PERSONAL","S","STRAIGHT AHEAD","N",NULL,"1.0",NULL,NULL,NULL,NULL,NULL,NULL,NULL,NULL,NULL,NULL,NULL,NULL,NULL,NULL,NULL,NULL,NULL,"NONE",NULL,NULL,NULL,NULL,NULL,NULL,NULL,NULL,NULL,NULL,NULL,NULL,NULL,NULL,NULL,NULL,NULL,NULL,NULL,NULL,NULL,NULL,NULL,NULL,NULL,NULL,NULL,NULL,NULL,NULL,NULL,NULL,NULL
"722005","51d81b6b749440f6a82ff1b522debc13305847b6ef1fada7374579b4dcb7c111ba19f44be0c9a10de5e79fb1e0f0de5c127b4e913482e1798b7389d97922e549","JC402620","08/22/2019 12:10:00 PM","2","DRIVER",NULL,"686407.0",NULL,"NISSAN","SENTRA (DATSUN AND NISSAN HAVE MERGED)","IL","2015.0","NONE","PASSENGER","PERSONAL","W","STRAIGHT AHEAD",NULL,NULL,"1.0",NULL,NULL,NULL,NULL,NULL,NULL,NULL,NULL,NULL,NULL,NULL,NULL,NULL,NULL,NULL,NULL,NULL,"REAR-LEFT",NULL,NULL,NULL,NULL,NULL,NULL,NULL,NULL,NULL,NULL,NULL,NULL,NULL,NULL,NULL,NULL,NULL,NULL,NULL,NULL,NULL,NULL,NULL,NULL,NULL,NULL,NULL,NULL,NULL,NULL,NULL,NULL,NULL
"722112","ac8c06e611e93d387ec1f4038fc389512ed9b54915e364d3868b92ff6fa67f63238509c6560626ecd1638d3285e67c4038fc3f2961a6ff46563ef4dcde33dfe6","JC402782","08/22/2019 02:28:00 PM","1","DRIVER",NULL,"686511.0",NULL,"JEEP","CHEROKEE","IL","2017.0","NONE","PASSENGER","PERSONAL","S","TURNING RIGHT",NULL,NULL,"1.0",NULL,NULL,NULL,NULL,"Y",NULL,NULL,NULL,NULL,NULL,NULL,NULL,NULL,NULL,"Y","Y",NULL,"OTHER",NULL,NULL,NULL,NULL,NULL,NULL,NULL,NULL,NULL,NULL,NULL,NULL,NULL,NULL,NULL,NULL,NULL,NULL,NULL,NULL,NULL,NULL,NULL,NULL,NULL,NULL,NULL,NULL,NULL,NULL,NULL,NULL,NULL
"722246","1b4cecd1fe87707ad00c12d116135623f07d28dfda882c2d32b5ffde87e6b9320cbef7594d4c6fecd5bfd1d33a22c186b5f72da1825ba188dc6e270b8532cfac","JC403059","08/22/2019 05:50:00 PM","1","DRIVER",NULL,"686677.0",NULL,"CHRYSLER","UNKNOWN","IL","2010.0","UNKNOWN","PASSENGER","PERSONAL","S","STRAIGHT AHEAD",NULL,NULL,"1.0",NULL,NULL,NULL,NULL,NULL,NULL,NULL,NULL,NULL,NULL,NULL,NULL,NULL,NULL,NULL,NULL,NULL,"OTHER",NULL,NULL,NULL,NULL,NULL,NULL,NULL,NULL,NULL,NULL,NULL,NULL,NULL,NULL,NULL,NULL,NULL,NULL,NULL,NULL,NULL,NULL,NULL,NULL,NULL,NULL,NULL,NULL,NULL,NULL,NULL,NULL,NULL
"722513","e38563cd0f8d0769ae4651efb0cad3d6118be569ad7e14f5221d7c3ec9fb40caf48f82c6b0b7c5765fbf6919d532a3bc775158c79e0d53cbd0f29d715fc62b04","JC403677","08/23/2019 08:00:00 AM","2","DRIVER",NULL,"686855.0",NULL,"GENERAL MOTORS CORP.","SAVANNAH","IL","2008.0","UNKNOWN","VAN/MINI-VAN","COMMERCIAL - SINGLE UNIT","UNKNOWN","SLOW/STOP IN TRAFFIC",NULL,NULL,"1.0",NULL,NULL,NULL,NULL,"Y",NULL,NULL,NULL,NULL,NULL,NULL,NULL,NULL,NULL,NULL,NULL,NULL,"FRONT",NULL,NULL,NULL,NULL,NULL,NULL,NULL,NULL,NULL,NULL,NULL,NULL,NULL,NULL,NULL,NULL,NULL,NULL,NULL,NULL,NULL,NULL,NULL,NULL,NULL,NULL,NULL,NULL,NULL,NULL,NULL,NULL,NULL
"722863","54cb01d0d4558ef286462ae7a1e33f750a0b348544abbbd4f775a2e3a03a406a1f15fe6a9eaa17386db1e07eda146973ad39aa19d169ac6024ba667c8f3b51a6","JC404285","08/23/2019 10:50:00 AM","2","DRIVER",NULL,"687185.0",NULL,"LINCOLN-CONTINENTAL","MKZ","IL","2014.0","NONE","PASSENGER","PERSONAL","W","STRAIGHT AHEAD",NULL,NULL,"1.0",NULL,NULL,NULL,"Y",NULL,NULL,"Y","Y",NULL,NULL,NULL,NULL,NULL,NULL,NULL,NULL,NULL,"REAR-RIGHT",NULL,NULL,NULL,NULL,NULL,NULL,NULL,NULL,NULL,NULL,NULL,NULL,NULL,NULL,NULL,NULL,NULL,NULL,NULL,NULL,NULL,NULL,NULL,NULL,NULL,NULL,NULL,NULL,NULL,NULL,NULL,NULL,NULL
"723148","ee4250248b9f0a1de4e4531d67b62c13c48d7f41bf1d2a0cec5bee49081e309facd204468604123ab0b87d98a26c9569de5c57080777d76a6330a805aab99e43","JC404639","08/23/2019 09:16:00 PM","1","DRIVER","1.0","687444.0",NULL,"NISSAN","ROGUE","WI","2018.0","UNKNOWN","PASSENGER","PERSONAL","E","STRAIGHT AHEAD","Y",NULL,"2.0",NULL,"a&e",NULL,NULL,"Y",NULL,NULL,NULL,NULL,NULL,NULL,NULL,NULL,NULL,"Y","Y",NULL,"OTHER",NULL,NULL,NULL,NULL,NULL,NULL,NULL,NULL,NULL,NULL,NULL,NULL,NULL,NULL,NULL,NULL,NULL,NULL,NULL,NULL,NULL,NULL,NULL,NULL,NULL,NULL,NULL,NULL,NULL,NULL,NULL,NULL,NULL