"CRASH_UNIT_ID","CRASH_RECORD_ID","RD_NO","CRASH_DATE","UNIT_NO","UNIT_TYPE","NUM_PASSENGERS","VEHICLE_ID","CMRC_VEH_I","MAKE","MODEL","LIC_PLATE_STATE","VEHICLE_YEAR","VEHICLE_DEFECT","VEHICLE_TYPE","VEHICLE_USE","TRAVEL_DIRECTION","MANEUVER","TOWED_I","FIRE_I","OCCUPANT_CNT","EXCEED_SPEED_LIMIT_I","TOWED_BY","TOWED_TO","AREA_00_I","AREA_01_I","AREA_02_I","AREA_03_I","AREA_04_I","AREA_05_I","AREA_06_I","AREA_07_I","AREA_08_I","AREA_09_I","AREA_10_I","AREA_11_I","AREA_12_I","AREA_99_I","FIRST_CONTACT_POINT","CMV_ID","USDOT_NO","CCMC_NO","ILCC_NO","COMMERCIAL_SRC","GVWR","CARRIER_NAME","CARRIER_STATE","CARRIER_CITY","HAZMAT_PLACARDS_I","HAZMAT_NAME","UN_NO","HAZMAT_PRESENT_I","HAZMAT_REPORT_I","HAZMAT_REPORT_NO","MCS_REPORT_I","MCS_REPORT_NO","HAZMAT_VIO_CAUSE_CRASH_I","MCS_VIO_CAUSE_CRASH_I","IDOT_PERMIT_NO","WIDE_LOAD_I","TRAILER1_WIDTH","TRAILER2_WIDTH","TRAILER1_LENGTH","TRAILER2_LENGTH","TOTAL_VEHICLE_LENGTH","AXLE_CNT","VEHICLE_CONFIG","CARGO_BODY_TYPE","LOAD_TYPE","HAZMAT_OUT_OF_SERVICE_I","MCS_OUT_OF_SERVICE_I","HAZMAT_CLASS"
"723467","a5114ee25b175830d26603f1d0d1c23e20f7e5658eb6f3a876ecf360ce0f088f9bf644a88b2a64594ac435fb3308f96e4258a92db47b020ce66258cf9a25dcdf","JC405305","08/24/2019 12:15:00 PM","2","DRIVER",NULL,"687733.0",NULL,"FORD","FUSION","IL","2012.0","NONE","PASSENGER","PERSONAL","W","STRAIGHT AHEAD",NULL,NULL,"1.0",NULL,NULL,NULL,NULL,"Y",NULL,NULL,NULL,NULL,NULL,NULL,NULL,NULL,NULL,NULL,NULL,NULL,"FRONT",NULL,NULL,NULL,NULL,NULL,NULL,NULL,NULL,NULL,NULL,NULL,NULL,NULL,NULL,NULL,NULL,NULL,NULL,NULL,NULL,NULL,NULL,NULL,NULL,NULL,NULL,NULL,NULL,NULL,NULL,NULL,NULL,NULL
"723574","77dbfcee1581b5555f9bfc64eb5198e382656d49380b8d410b5830341492821c920370e1b46f3ab38426cce9e88008a7bf0fe21108a89cdd6c2a5b4ad48062cf","JC405415","08/23/2019 09:00:00 PM","1","DRIVER",NULL,"687843.0",NULL,"CHEVROLET","CRUZE","IL","2011.0","UNKNOWN","PASSENGER","UNKNOWN/NA","N","UNKNOWN/NA",NULL,NULL,"1.0",NULL,NULL,NULL,"Y",NULL,NULL,NULL,NULL,NULL,NULL,NULL,NULL,NULL,NULL,NULL,NULL,"N","OTHER",NULL,NULL,NULL,NULL,NULL,NULL,NULL,NULL,NULL,NULL,NULL,NULL,NULL,NULL,NULL,NULL,NULL,NULL,NULL,NULL,NULL,NULL,NULL,NULL,NULL,NULL,NULL,NULL,NULL,NULL,NULL,NULL,NULL
"723705","9c0d291ec3c829053b24d736d4b0f3215e77259b2e88371f2eb8ef04c75ab330fb0a0af1dffe0f47924c125f72d4ff41465e661c9d21b4e40d5b1339dc1d7070","JC405669","08/24/2019 04:00:00 PM","2","PARKED",NULL,"687959.0",NULL,"TOYOTA MOTOR COMPANY, LTD.","Prius","IL","2012.0","NONE","SPORT UTILITY VEHICLE (SUV)","PERSONAL","E","PARKED",NULL,NULL,"0.0",NULL,NULL,NULL,NULL,NULL,NULL,NULL,NULL,NULL,NULL,"Y",NULL,NULL,NULL,NULL,NULL,NULL,"SIDE-LEFT",NULL,NULL,NULL,NULL,NULL,NULL,NULL,NULL,NULL,NULL,NULL,NULL,NULL,NULL,NULL,NULL,NULL,NULL,NULL,NULL,NULL,NULL,NULL,NULL,NULL,NULL,NULL,NULL,NULL,NULL,NULL,NULL,NULL
"723879","2b94bc64df54fc1ccec1bb7db5ed072c23750d8fdb7677534e7514020806636efdd91eae0c356f36c623364306f0c3dceff03566e357e19aad4f3b8cdb3c3a1d","JC405843","08/24/2019 07:42:00 PM","3","PARKED",NULL,"688132.0",NULL,"JEEP","CHEROKEE","IL","2008.0","UNKNOWN","SPORT UTILITY VEHICLE (SUV)","PERSONAL","UNKNOWN","PARKED",NULL,NULL,"0.0",NULL,NULL,NULL,NULL,NULL,NULL,NULL,NULL,"Y","Y","Y",NULL,NULL,NULL,NULL,NULL,NULL,"REAR-LEFT",NULL,NULL,NULL,NULL,NULL,NULL,NULL,NULL,NULL,NULL,NULL,NULL,NULL,NULL,NULL,NULL,NULL,NULL,NULL,NULL,NULL,NULL,NULL,NULL,NULL,NULL,NULL,NULL,NULL,NULL,NULL,NULL,NULL
"724146","919ca487cdf8a6f35a7a2f6df0a5eb6b5e4c3eb06b3f1d2158d90ba34412fdb0185f4d747893eff757ae81a74c2f4fe855174bd79ddb91ae012ce0cc1f8e8dc6","JC406446","08/25/2019 10:00:00 AM","2","DRIVER",NULL,"688388.0",NULL,"JEEP","PATRIOT","IL","2016.0","UNKNOWN","SPORT UTILITY VEHICLE (SUV)","PERSONAL","N","STRAIGHT AHEAD",NULL,NULL,"1.0",NULL,NULL,NULL,NULL,NULL,NULL,NULL,NULL,NULL,NULL,NULL,"Y","Y","Y","Y",NULL,NULL,"ROOF",NULL,NULL,NULL,NULL,NULL,NULL,NULL,NULL,NULL,NULL,NULL,NULL,NULL,NULL,NULL,NULL,NULL,NULL,NULL,NULL,NULL,NULL,NULL,NULL,NULL,NULL,NULL,NULL,NULL,NULL,NULL,NULL,NULL
"724267","7c80dbfb4fc997bf40d8ffa1176014ad515e092be521051ed83eb008abe60d170aa48fc38527c4c175300c1d6b650ee19c75f70955b688a8540539de2339561d","JC406676","08/25/2019 01:45:00 PM","2","DRIVER",NULL,"688497.0",NULL,"DODGE","JOURNEY","IL","2018.0","UNKNOWN","PASSENGER","PERSONAL","S","STRAIGHT AHEAD","Y",NULL,"1.0",NULL,"Private","Private`",NULL,"Y",NULL,NULL,NULL,NULL,NULL,NULL,NULL,NULL,NULL,"Y","Y",NULL,"OTHER",NULL,NULL,NULL,NULL,NULL,NULL,NULL,NULL,NULL,NULL,NULL,NULL,NULL,NULL,NULL,NULL,NULL,NULL,NULL,NULL,NULL,NULL,NULL,NULL,NULL,NULL,NULL,NULL,NULL,NULL,NULL,NULL,NULL
"724381","3e712dcbf7e804911580a8038569b95b0cd32e6c57e5ac43ea61f991c6b5051d6cb3a353844fcc42a12b4ce79fcf61bc6b59e7f50579056c530496395f74ddd7","JC406836","08/24/2019 01:40:00 PM","2","DRIVER",NULL,"688611.0",NULL,"INFINITI","UNKNOWN","IL","2014.0","NONE","PASSENGER","PERSONAL","S","TURNING RIGHT",NULL,NULL,"1.0",NULL,NULL,NULL,NULL,NULL,NULL,NULL,NULL,NULL,NULL,NULL,"Y","Y","Y",NULL,NULL,NULL,"ROOF",NULL,NULL,NULL,NULL,NULL,NULL,NULL,NULL,NULL,NULL,NULL,NULL,NULL,NULL,NULL,NULL,NULL,NULL,NULL,NULL,NULL,NULL,NULL,NULL,NULL,NULL,NULL,NULL,NULL,NULL,NULL,NULL,NULL
"725516","b47d38c0bd457542781762655152091eec1cf710974f57d791e42dc751d1ac9ce85ca87e623570a9bc90cf0bb1d1e008d79cf94a039f6ef884ecda57fa9b4c42","JC409247","08/27/2019 12:38:00 PM","2","DRIVER",NULL,"689695.0",NULL,"CHRYSLER","200","IL","2015.0","NONE","PASSENGER","PERSONAL","S","STRAIGHT AHEAD",NULL,NULL,"1.0",NULL,NULL,NULL,NULL,NULL,NULL,NULL,"Y","Y",NULL,NULL,NULL,NULL,NULL,NULL,NULL,NULL,"REAR-RIGHT",NULL,NULL,NULL,NULL,NULL,NULL,NULL,NULL,NULL,NULL,NULL,NULL,NULL,NULL,NULL,NULL,NULL,NULL,NULL,NULL,NULL,NULL,NULL,NULL,NULL,NULL,NULL,NULL,NULL,NULL,NULL,NULL,NULL
"725767","11ac3d5bdcad78495301b06a82f8fa066363a98e3c7f735ccc7522ccea2768f57f35260a04695f6a12663c6f14884d8ac358f8660121f2fed8d6f51f1861cde3","JC409677","08/27/2019 05:01:00 PM","2","DRIVER","1.0","689941.0",NULL,"HONDA","CIVIC","IL","2017.0","NONE","PASSENGER","PERSONAL","W","STRAIGHT AHEAD",NULL,NULL,"2.0",NULL,NULL,NULL,NULL,NULL,NULL,NULL,NULL,NULL,NULL,"Y","Y",NULL,NULL,NULL,NULL,NULL,"REAR-RIGHT",NULL,NULL,NULL,NULL,NULL,NULL,NULL,NULL,NULL,NULL,NULL,NULL,NULL,NULL,NULL,NULL,NULL,NULL,NULL,NULL,NULL,NULL,NULL,NULL,NULL,NULL,NULL,NULL,NULL,NULL,NULL,NULL,NULL
"726101","f1bc8d9ddd8569d94ddcf6f750720e14c68d5735a27341fda86f73749253de98135d4da65e9d76e34772ee24051e5a72ea8341afa67999d509c352905890c5a4","JC410342","08/28/2019 07:58:00 AM","2","PARKED","1.0","690254.0","Y","PETERBILT MOTORS CO., DIVISION PACCAR, INC.","PETERBILT MOTORS CO., DIVISION PACCAR, INC.","IL","2012.0","UNKNOWN","TRUCK - SINGLE UNIT","COMMERCIAL - SINGLE UNIT","W","PARKED",NULL,NULL,"1.0",NULL,NULL,NULL,"Y",NULL,NULL,NULL,NULL,NULL,NULL,NULL,NULL,NULL,NULL,NULL,NULL,NULL,"REAR","7966.0","469398",NULL,NULL,"PAPERS","3.0","PRIME SCAFFOLD","IL","BENSENVILLE",NULL,NULL,NULL,"N","N",NULL,"N",NULL,"N","N",NULL,NULL,"0-96",NULL,NULL,NULL,NULL,"2.0","TRUCK/TRACTOR","FLATBED","CONSTRUCTION EQUIPMENT","N","N",NULL
"726140","b344ccd79874d00a606c4100bcbbb935aa33a2ae957111ee1bda64e26535ba9768779298dbfea21ed818d9ad07d83ba074106e565d2c0f6e81bcd88ee67ad0e7","JC410434","08/23/2019 04:00:00 PM","2","PARKED",NULL,"690274.0",NULL,"TOYOTA MOTOR COMPANY, LTD.","Prius","IL","2010.0","NONE","PASSENGER","NOT IN USE","N","PARKED",NULL,NULL,"0.0",NULL,NULL,NULL,NULL,NULL,NULL,NULL,NULL,NULL,NULL,"Y","Y",NULL,"Y",NULL,NULL,NULL,"ROOF",NULL,NULL,NULL,NULL,NULL,NULL,NULL,NULL,NULL,NULL,NULL,NULL,NULL,NULL,NULL,NULL,NULL,NULL,NULL,NULL,NULL,NULL,NULL,NULL,NULL,NULL,NULL,NULL,NULL,NULL,NULL,NULL,NULL
"726386","8a52b4ee6fa6d736dd25bf98d4c927e8f0142f53f1a09596e470f34d3a54a032de985b869c9a332e77346c19b211c28fc034d699a65836639f5886cb91ffc97d","JC410842","08/28/2019 02:48:00 PM","2","DRIVER",NULL,"690501.0",NULL,"TESLA MOTORS","MODEL S","IL","2018.0","NONE","PASSENGER","PERSONAL","S","STRAIGHT AHEAD",NULL,NULL,"1.0",NULL,NULL,NULL,NULL,NULL,NULL,NULL,NULL,NULL,NULL,NULL,NULL,"Y","Y",NULL,NULL,NULL,"ROOF",NULL,NULL,NULL,NULL,NULL,NULL,NULL,NULL,NULL,NULL,NULL,NULL,NULL,NULL,NULL,NULL,NULL,NULL,NULL,NULL,NULL,NULL,NULL,NULL,NULL,NULL,NULL,NULL,NULL,NULL,NULL,NULL,NULL
"726848","0f7eb0a208449937830e2eeaf534e186b17c9377bd825ace6bfedd18cb7d7f080fc3b7d3a99dd6f8d30c0db81792414a79e6f12c218942baff78f1dd7b36a9b7","JC411807","08/28/2019 06:30:00 PM","1","DRIVER",NULL,"690939.0",NULL,"LEXUS","RX350","IL","2019.0","NONE","SPORT UTILITY VEHICLE (SUV)","PERSONAL","W","MERGING",NULL,NULL,"1.0",NULL,NULL,NULL,NULL,"Y",NULL,NULL,NULL,NULL,NULL,NULL,NULL,NULL,NULL,NULL,NULL,NULL,"FRONT",NULL,NULL,NULL,NULL,NULL,NULL,NULL,NULL,NULL,NULL,NULL,NULL,NULL,NULL,NULL,NULL,NULL,NULL,NULL,NULL,NULL,NULL,NULL,NULL,NULL,NULL,NULL,NULL,NULL,NULL,NULL,NULL,NULL
"727299","8530f5c09d3c65fe81596b539b60aea6e63d42f946838f7c63e92dde951f8d08f314c99640f4210069a5c378f1600c548ed194ea8d92faa37a56a74bb0e19198","JC412493","08/29/2019 06:39:00 PM","2","DRIVER",NULL,"691400.0",NULL,"KIA MOTORS CORP","Rio","IL","2016.0","NONE","PASSENGER","PERSONAL","W","TURNING RIGHT",NULL,NULL,"1.0",NULL,NULL,NULL,NULL,"Y",NULL,NULL,NULL,NULL,NULL,NULL,NULL,NULL,NULL,"Y","Y",NULL,"OTHER",NULL,NULL,NULL,NULL,NULL,NULL,NULL,NULL,NULL,NULL,NULL,NULL,NULL,NULL,NULL,NULL,NULL,NULL,NULL,NULL,NULL,NULL,NULL,NULL,NULL,NULL,NULL,NULL,NULL,NULL,NULL,NULL,NULL
"727529","9ad6066da7fb67ae3f05724ee8b83f76deadbbd62933ee5c28624cc685676d7b54fc2d4fd72675c2354c2dc836fa9a5e63375e89bfad40f335d70a318df73b6d","JC413034","08/30/2019 07:45:00 AM","2","PARKED",NULL,"691588.0",NULL,"MERCEDES-BENZ","C300","IL","2017.0","UNKNOWN","PASSENGER","PERSONAL","N","PARKED",NULL,NULL,"0.0",NULL,NULL,NULL,NULL,NULL,NULL,NULL,NULL,NULL,NULL,"Y","Y","Y",NULL,NULL,NULL,NULL,"FRONT-LEFT",NULL,NULL,NULL,NULL,NULL,NULL,NULL,NULL,NULL,NULL,NULL,NULL,NULL,NULL,NULL,NULL,NULL,NULL,NULL,NULL,NULL,NULL,NULL,NULL,NULL,NULL,NULL,NULL,NULL,NULL,NULL,NULL,NULL
"727561","c0109342ec4f1cbe3efe315c5aafa6ec90641820f9e1e6c8c7f249314a5a609d8b1dee5a20b5d832ba1ca990bf17bdd6de1eade81092d1d76cec9cf6728fe132","JC413117","08/30/2019 08:55:00 AM","2","DRIVER",NULL,"691639.0",NULL,"CHEVROLET","TAHOE","IL","2016.0","NONE","SPORT UTILITY VEHICLE (SUV)","PERSONAL","E","STRAIGHT AHEAD",NULL,NULL,"1.0",NULL,NULL,NULL,NULL,"Y","Y",NULL,NULL,NULL,NULL,NULL,NULL,NULL,NULL,NULL,NULL,NULL,"FRONT",NULL,NULL,NULL,NULL,NULL,NULL,NULL,NULL,NULL,NULL,NULL,NULL,NULL,NULL,NULL,NULL,NULL,NULL,NULL,NULL,NULL,NULL,NULL,NULL,NULL,NULL,NULL,NULL,NULL,NULL,NULL,NULL,NULL
"727662","f82ef650dfe7aa35f16f1df86bca65a0fdf7b0410d559b5d100ef2902ef74dce027079bbabbfc7ad439638225fca4d1d0a1fb5c0176d7dba8a8d03b047439d7f","JC413283","08/29/2019 05:49:00 PM","2","DRIVER",NULL,"691712.0",NULL,"NISSAN","SENTRA (DATSUN AND NISSAN HAVE MERGED)","FL","2019.0","NONE","PASSENGER","PERSONAL","S","STRAIGHT AHEAD",NULL,NULL,"1.0",NULL,NULL,NULL,NULL,NULL,"Y","Y",NULL,NULL,NULL,NULL,NULL,NULL,NULL,NULL,NULL,NULL,"SIDE-RIGHT",NULL,NULL,NULL,NULL,NULL,NULL,NULL,NULL,NULL,NULL,NULL,NULL,NULL,NULL,NULL,NULL,NULL,NULL,NULL,NULL,NULL,NULL,NULL,NULL,NULL,NULL,NULL,NULL,NULL,NULL,NULL,NULL,NULL
"727793","f3a076b9d796055f178b200e16d29201fb9ea9630d27ec4098178aeb84624689bef4108e8db219438166f11b24b5b2595eb2c51c9f03b56a91206f2778336417","JC413422","08/30/2019 12:30:00 PM","1","DRIVER",NULL,"691831.0",NULL,"VOLKSWAGEN","GOLF","IL","2014.0","NONE","PASSENGER","PERSONAL","S","STRAIGHT AHEAD",NULL,NULL,"1.0",NULL,NULL,NULL,NULL,"Y",NULL,NULL,NULL,NULL,NULL,NULL,NULL,NULL,NULL,NULL,NULL,NULL,NULL,NULL,NULL,NULL,NULL,NULL,NULL,NULL,NULL,NULL,NULL,NULL,NULL,NULL,NULL,NULL,NULL,NULL,NULL,NULL,NULL,NULL,NULL,NULL,NULL,NULL,NULL,NULL,NULL,NULL,NULL,NULL,NULL,NULL
"728019","8223a71a6972407a50672a67480c6964fcaa5952816bf4ede1622c11f6eb927b4841b473af71c3c0bba93b36a4671c7cb0fc736266bfe170b3ddb4d43b0f8f1e","JC413917","08/30/2019 07:28:00 PM","2","DRIVER","6.0","692044.0",NULL,"FORD","EXPLORER","IL","2017.0","NONE","SPORT UTILITY VEHICLE (SUV)","PERSONAL","E","STRAIGHT AHEAD",NULL,NULL,"7.0",NULL,NULL,NULL,NULL,"Y","Y","Y","Y","Y",NULL,NULL,NULL,NULL,NULL,NULL,NULL,NULL,"SIDE-RIGHT",NULL,NULL,NULL,NULL,NULL,NULL,NULL,NULL,NULL,NULL,NULL,NULL,NULL,NULL,NULL,NULL,NULL,NULL,NULL,NULL,NULL,NULL,NULL,NULL,NULL,NULL,NULL,NULL,NULL,NULL,NULL,NULL,NULL
"728751","9ecd98a8da248ffd22ab29a559ff2ff306f2d1c26d9581db1facadc59a7a48510c6ad2ae47a7618b8e8c9f5d11aea77d2e4e189d8acfe2995309f48432b740b1","JC415377","08/31/2019 11:19:00 PM","2","DRIVER",NULL,"692733.0",NULL,"CHRYSLER","200","AZ","2014.0","UNKNOWN","PASSENGER","PERSONAL","N","TURNING LEFT","N",NULL,"1.0",NULL,NULL,NULL,NULL,NULL,NULL,NULL,NULL,NULL,NULL,NULL,NULL,NULL,"Y","Y","Y",NULL,"OTHER",NULL,NULL,NULL,NULL,NULL,NULL,NULL,NULL,NULL,NULL,NULL,NULL,NULL,NULL,NULL,NULL,NULL,NULL,NULL,NULL,NULL,NULL,NULL,NULL,NULL,NULL,NULL,NULL,NULL,NULL,NULL,NULL,NULL
"728981","b315e925d7d734d68b95d81213fd3c6d0243cf7bc8948e1db2a0b1a9c0267a0ff445f616044e3edde28abebda200f0bfcf065ba37b6242901ac6564da54592d7","JC384463","08/08/2019 06:00:00 PM","2","PARKED","1.0","692947.0",NULL,"JEEP","CHEROKEE","IL","2014.0","UNKNOWN","PASSENGER","PERSONAL","W","PARKED","Y",NULL,"1.0",NULL,"private company","owner",NULL,"Y","Y","Y",NULL,NULL,NULL,NULL,NULL,NULL,NULL,NULL,NULL,NULL,"SIDE-RIGHT",NULL,NULL,NULL,NULL,NULL,NULL,NULL,NULL,NULL,NULL,NULL,NULL,NULL,NULL,NULL,NULL,NULL,NULL,NULL,NULL,NULL,NULL,NULL,NULL,NULL,NULL,NULL,NULL,NULL,NULL,NULL,NULL,NULL
"728988","d845b10aea5490333a2b2b8d53cb4358c61d23da7e42a209ee73e7c8c2050e3da60fcfdabe9f15f63a499739c1b5b5bc647bf48e3444c6d0818aecf03bec9bb7","JC415712","09/01/2019 06:40:00 AM","2","DRIVERLESS",NULL,"692960.0",NULL,"HONDA","CIVIC","IL","2010.0","NONE","PASSENGER","PERSONAL","E","PARKED","Y",NULL,"0.0",NULL,NULL,NULL,NULL,"Y","Y",NULL,"Y","Y","Y","Y","Y",NULL,NULL,NULL,NULL,NULL,"FRONT",NULL,NULL,NULL,NULL,NULL,NULL,NULL,NULL,NULL,NULL,NULL,NULL,NULL,NULL,NULL,NULL,NULL,NULL,NULL,NULL,NULL,NULL,NULL,NULL,NULL,NULL,NULL,NULL,NULL,NULL,NULL,NULL,NULL
"729122","e4ea5cd28c6aea468f5802d3f5037e8a8a191e3a7b9d417ec9f56992adbccfabce998fa47b697eec98203ec1908a1ccde6ca374663a47b89b86456b8a9b631a0","JC415742","09/01/2019 08:05:00 AM","2","DRIVER",NULL,"693106.0",NULL,"CHRYSLER","200","IL","2014.0","UNKNOWN","PASSENGER","PERSONAL","S","STRAIGHT AHEAD",NULL,NULL,"1.0",NULL,NULL,NULL,NULL,"Y",NULL,NULL,NULL,"Y","Y","Y",NULL,NULL,NULL,"Y","Y",NULL,"REAR-LEFT",NULL,NULL,NULL,NULL,NULL,NULL,NULL,NULL,NULL,NULL,NULL,NULL,NULL,NULL,NULL,NULL,NULL,NULL,NULL,NULL,NULL,NULL,NULL,NULL,NULL,NULL,NULL,NULL,NULL,NULL,NULL,NULL,NULL
"729128","79d9192f2c31024f78f042472e3b51f2818d2d945ed9e6505177a7f08b0df7cbe69a781431cef52d09d4aab4a7f5a7a9185fe0f05b52e84594b9d9b68294d997","JC415995","09/01/2019 01:00:00 PM","1","DRIVER",NULL,"693091.0",NULL,"NISSAN","NISSAN ALTIMA","IL","2014.0","NONE","PASSENGER","PERSONAL","S","STRAIGHT AHEAD",NULL,NULL,"1.0",NULL,NULL,NULL,NULL,NULL,NULL,NULL,NULL,NULL,NULL,NULL,NULL,NULL,NULL,"Y","Y",NULL,"OTHER",NULL,NULL,NULL,NULL,NULL,NULL,NULL,NULL,NULL,NULL,NULL,NULL,NULL,NULL,NULL,NULL,NULL,NULL,NULL,NULL,NULL,NULL,NULL,NULL,NULL,NULL,NULL,NULL,NULL,NULL,NULL,NULL,NULL
"729251","672e6545c5f7123140f5d782474af6b9d55cde3cb5279aa89fdeb188b33ba8d01d2fb2eb69d4be34455a6d76f1a01d7f9d7893552d7091391027f3012163556b","JC416240","09/01/2019 03:00:00 AM","1","DRIVER",NULL,"693195.0",NULL,"CHEVROLET","IMPALA","IL","2016.0","UNKNOWN","UNKNOWN/NA","UNKNOWN/NA","UNKNOWN","UNKNOWN/NA",NULL,NULL,"1.0",NULL,NULL,NULL,NULL,NULL,NULL,NULL,NULL,NULL,NULL,NULL,NULL,NULL,NULL,NULL,NULL,"Y","UNKNOWN",NULL,NULL,NULL,NULL,NULL,NULL,NULL,NULL,NULL,NULL,NULL,NULL,NULL,NULL,NULL,NULL,NULL,NULL,NULL,NULL,NULL,NULL,NULL,NULL,NULL,NULL,NULL,NULL,NULL,NULL,NULL,NULL,NULL
"729684","41756506bf8d422a485dc7716c3ee330d8d0755ce33d6e6322b765d1096d6020a6c2dd15dc0280cdd680eafc02e2e35035bccad1177fe5f5fcac14fa17f16886","JC417275","09/02/2019 01:45:00 PM","2","DRIVER",NULL,"693613.0",NULL,"DODGE","CARAVAN",NULL,"2014.0","NONE","VAN/MINI-VAN","COMMERCIAL - SINGLE UNIT","W","STRAIGHT AHEAD",NULL,NULL,"1.0",NULL,NULL,NULL,NULL,NULL,NULL,NULL,NULL,NULL,"Y",NULL,NULL,NULL,NULL,NULL,NULL,NULL,"REAR-LEFT",NULL,NULL,NULL,NULL,NULL,NULL,NULL,NULL,NULL,NULL,NULL,NULL,NULL,NULL,NULL,NULL,NULL,NULL,NULL,NULL,NULL,NULL,NULL,NULL,NULL,NULL,NULL,NULL,NULL,NULL,NULL,NULL,NULL
"729893","0814dc698ee81071a13290b1e46bddd3e211639c8bd36b03e4a6d52637514207f8cb887e8b2a8c96ebfc0d223b805c09060a8a4fe9add6f20342ae74cbbbbaf6","JC417720","09/02/2019 09:37:00 PM","1","DRIVER",NULL,"693811.0",NULL,"CHEVROLET","CRUZE","IL","2013.0","NONE","PASSENGER","PERSONAL","NE","ENTERING TRAFFIC LANE FROM PARKING",NULL,NULL,"1.0",NULL,NULL,NULL,NULL,NULL,NULL,NULL,NULL,NULL,NULL,NULL,NULL,NULL,NULL,"Y",NULL,NULL,"TOTAL (ALL AREAS)",NULL,NULL,NULL,NULL,NULL,NULL,NULL,NULL,NULL,NULL,NULL,NULL,NULL,NULL,NULL,NULL,NULL,NULL,NULL,NULL,NULL,NULL,NULL,NULL,NULL,NULL,NULL,NULL,NULL,NULL,NULL,NULL,NULL
"730069","4e33739f7da52aa9f032585fbdce75ebf11defb4fb086951f88c1106d06cb2c5241176494a341bf7b2419d8c9436e3824025b6cc0ec9c999f013e2cd08450f31","JC418082","09/02/2019 05:50:00 PM","1","DRIVER",NULL,"693965.0",NULL,"FORD","ESCAPE (SUV)","IL","2012.0","UNKNOWN","SPORT UTILITY VEHICLE (SUV)","TAXI/FOR HIRE","W","BACKING",NULL,NULL,"1.0",NULL,NULL,NULL,NULL,NULL,NULL,NULL,NULL,NULL,NULL,"Y",NULL,NULL,NULL,NULL,NULL,NULL,"SIDE-LEFT",NULL,NULL,NULL,NULL,NULL,NULL,NULL,NULL,NULL,NULL,NULL,NULL,NULL,NULL,NULL,NULL,NULL,NULL,NULL,NULL,NULL,NULL,NULL,NULL,NULL,NULL,NULL,NULL,NULL,NULL,NULL,NULL,NULL
"730188","180adaf48803ae694bcc77d4b57b924a09a85917de9fac7471289c8b728eb7908183f6747be0c51143a6de28efc7256164c55470a81681a3e8cd807dbbaa605d","JC418206","09/03/2019 09:45:00 AM","2","PARKED","1.0","694079.0",NULL,"FORD","EDGE","IL","2017.0","NONE","SPORT UTILITY VEHICLE (SUV)","OTHER","E","PARKED",NULL,NULL,"1.0",NULL,NULL,NULL,NULL,NULL,NULL,NULL,NULL,NULL,NULL,NULL,NULL,NULL,NULL,"Y",NULL,NULL,"TOTAL (ALL AREAS)",NULL,NULL,NULL,NULL,NULL,NULL,NULL,NULL,NULL,NULL,NULL,NULL,NULL,NULL,NULL,NULL,NULL,NULL,NULL,NULL,NULL,NULL,NULL,NULL,NULL,NULL,NULL,NULL,NULL,NULL,NULL,NULL,NULL
"730195","b94cbe6a3479b1706e310a032ea452fd625cc06baf5c22046bf76e4e7ce338ddda6771bd81b3ef2d0b3825c2512618540e79a7938b49f5a1d3d67692039da52e","JC418213","09/03/2019 10:30:00 AM","1","DRIVER",NULL,"694088.0",NULL,"TOYOTA MOTOR COMPANY, LTD.","UNKNOWN","IL","2015.0","UNKNOWN","PASSENGER","UNKNOWN/NA","E","STRAIGHT AHEAD",NULL,NULL,"1.0",NULL,NULL,NULL,NULL,NULL,NULL,NULL,NULL,NULL,NULL,NULL,NULL,NULL,NULL,NULL,NULL,"Y","OTHER",NULL,NULL,NULL,NULL,NULL,NULL,NULL,NULL,NULL,NULL,NULL,NULL,NULL,NULL,NULL,NULL,NULL,NULL,NULL,NULL,NULL,NULL,NULL,NULL,NULL,NULL,NULL,NULL,NULL,NULL,NULL,NULL,NULL
"730239","67fb0fad90cdcf01cb1ee50f8e98b996f687ed5cb2fe91c2fa7641a8292a61b3b08bd96ff2af456137c0222c8a3ea18fc1c041d9abaecb94a0a9ead052d9a410","JC418337","08/29/2019 03:30:00 PM","1","DRIVER",NULL,"694179.0",NULL,"MACK TRUCKS, INC.","MACK TRUCKS, INC.","IL","2019.0","NONE","PASSENGER","PERSONAL","N","BACKING",NULL,NULL,"1.0",NULL,NULL,NULL,"Y",NULL,NULL,NULL,NULL,NULL,"N",NULL,NULL,NULL,NULL,NULL,NULL,NULL,"REAR-LEFT",NULL,NULL,NULL,NULL,NULL,NULL,NULL,NULL,NULL,NULL,NULL,NULL,NULL,NULL,NULL,NULL,NULL,NULL,NULL,NULL,NULL,NULL,NULL,NULL,NULL,NULL,NULL,NULL,NULL,NULL,NULL,NULL,NULL