"CRASH_UNIT_ID","CRASH_RECORD_ID","RD_NO","CRASH_DATE","UNIT_NO","UNIT_TYPE","NUM_PASSENGERS","VEHICLE_ID","CMRC_VEH_I","MAKE","MODEL","LIC_PLATE_STATE","VEHICLE_YEAR","VEHICLE_DEFECT","VEHICLE_TYPE","VEHICLE_USE","TRAVEL_DIRECTION","MANEUVER","TOWED_I","FIRE_I","OCCUPANT_CNT","EXCEED_SPEED_LIMIT_I","TOWED_BY","TOWED_TO","AREA_00_I","AREA_01_I","AREA_02_I","AREA_03_I","AREA_04_I","AREA_05_I","AREA_06_I","AREA_07_I","AREA_08_I","AREA_09_I","AREA_10_I","AREA_11_I","AREA_12_I","AREA_99_I","FIRST_CONTACT_POINT","CMV_ID","USDOT_NO","CCMC_NO","ILCC_NO","COMMERCIAL_SRC","GVWR","CARRIER_NAME","CARRIER_STATE","CARRIER_CITY","HAZMAT_PLACARDS_I","HAZMAT_NAME","UN_NO","HAZMAT_PRESENT_I","HAZMAT_REPORT_I","HAZMAT_REPORT_NO","MCS_REPORT_I","MCS_REPORT_NO","HAZMAT_VIO_CAUSE_CRASH_I","MCS_VIO_CAUSE_CRASH_I","IDOT_PERMIT_NO","WIDE_LOAD_I","TRAILER1_WIDTH","TRAILER2_WIDTH","TRAILER1_LENGTH","TRAILER2_LENGTH","TOTAL_VEHICLE_LENGTH","AXLE_CNT","VEHICLE_CONFIG","CARGO_BODY_TYPE","LOAD_TYPE","HAZMAT_OUT_OF_SERVICE_I","MCS_OUT_OF_SERVICE_I","HAZMAT_CLASS"
"730603","7f07843cd15db0d9d8bd452afce2428693cc015718960f69677626d279f232bbf9a1590d22b44d0c8fea3cd2860927bbabcd7c9244b50ce2521b86a38ed158a4","JC418777","09/03/2019 04:50:00 PM","3","DRIVER",NULL,"694494.0",NULL,"AUDI","A8","IL","2011.0","NONE","PASSENGER","PERSONAL","E","STRAIGHT AHEAD",NULL,NULL,"1.0",NULL,NULL,NULL,NULL,NULL,NULL,NULL,NULL,"Y","Y","Y",NULL,NULL,NULL,NULL,NULL,NULL,"REAR-LEFT",NULL,NULL,NULL,NULL,NULL,NULL,NULL,NULL,NULL,NULL,NULL,NULL,NULL,NULL,NULL,NULL,NULL,NULL,NULL,NULL,NULL,NULL,NULL,NULL,NULL,NULL,NULL,NULL,NULL,NULL,NULL,NULL,NULL
"730625","9cb54e23efc0e3fe95eb80886b75b335c397c082e3e4512b78df144ea80dc6389606b4de06c01d0d25cec2e43894c396f58890157d08627c6069362b1bf18c25","JC418953","09/03/2019 05:00:00 PM","1","DRIVER",NULL,"694487.0",NULL,"CHRYSLER","200","IL","2016.0","UNKNOWN","UNKNOWN/NA","UNKNOWN/NA","W","STRAIGHT AHEAD",NULL,NULL,"1.0",NULL,NULL,NULL,NULL,NULL,NULL,NULL,NULL,NULL,NULL,NULL,NULL,NULL,NULL,"N","Y",NULL,"OTHER",NULL,NULL,NULL,NULL,NULL,NULL,NULL,NULL,NULL,NULL,NULL,NULL,NULL,NULL,NULL,NULL,NULL,NULL,NULL,NULL,NULL,NULL,NULL,NULL,NULL,NULL,NULL,NULL,NULL,NULL,NULL,NULL,NULL
"730662","0ef815f4a5ce76802c5fdbe6c72f8131eef70cd7f89dfd2ae7b8c0a739218016b6ced4f1ebd0506df68f36fa29ba8d89878582d02eb4d5d0a184a5a27aeeea61","JC418942","09/03/2019 06:40:00 PM","1","DRIVER",NULL,"694516.0",NULL,"VOLKSWAGEN","JETTA","IL","2016.0","UNKNOWN","PASSENGER","PERSONAL","NW","TURNING LEFT",NULL,NULL,"1.0",NULL,NULL,NULL,NULL,NULL,NULL,NULL,NULL,NULL,NULL,NULL,NULL,NULL,NULL,NULL,NULL,NULL,"OTHER",NULL,NULL,NULL,NULL,NULL,NULL,NULL,NULL,NULL,NULL,NULL,NULL,NULL,NULL,NULL,NULL,NULL,NULL,NULL,NULL,NULL,NULL,NULL,NULL,NULL,NULL,NULL,NULL,NULL,NULL,NULL,NULL,NULL
"730869","31e454030d83ec21f5c98fa20f871da828ed2fdcab39e1010473c854d28afa997d6e7a37cb0128af321706a5adeb2e9082ab574202587c0cb71cf514d04af150","JC419429","09/04/2019 07:50:00 AM","2","DRIVER",NULL,"694728.0",NULL,"TOYOTA MOTOR COMPANY, LTD.","COROLLA","IL","2017.0","NONE","PASSENGER","PERSONAL","E","STRAIGHT AHEAD","Y",NULL,"1.0",NULL,"PRIVATE","UNK",NULL,NULL,NULL,NULL,NULL,NULL,NULL,NULL,"Y","Y","Y",NULL,NULL,NULL,"ROOF",NULL,NULL,NULL,NULL,NULL,NULL,NULL,NULL,NULL,NULL,NULL,NULL,NULL,NULL,NULL,NULL,NULL,NULL,NULL,NULL,NULL,NULL,NULL,NULL,NULL,NULL,NULL,NULL,NULL,NULL,NULL,NULL,NULL
"731458","5b6d06a5d0fc06d3de3c69b97661b39a51e1e0ebf9afc52f2b4d014780f535192f7f25be7c04abde6434b4bc918c5f2a05b145538d825e44d6fef82868e15875","JC420236","09/04/2019 04:31:00 PM","1","DRIVER",NULL,"695278.0","Y","FORD","F450","IL","2018.0","STEERING","OTHER","TOW TRUCK","E","TURNING LEFT","Y",NULL,"1.0",NULL,"ROCKET TOWING INC","COMPANY",NULL,NULL,NULL,NULL,NULL,NULL,NULL,NULL,NULL,NULL,"Y","Y","Y",NULL,"TOTAL (ALL AREAS)","8045.0",NULL,NULL,NULL,NULL,NULL,"ROCKET TOWING INC","IL","BURBANK",NULL,NULL,NULL,NULL,NULL,NULL,NULL,NULL,NULL,NULL,NULL,NULL,NULL,NULL,NULL,NULL,NULL,NULL,NULL,NULL,NULL,NULL,NULL,NULL
"731736","67a3e30c29475d4b70fc307920f3844f7d98ff1bcd69e50cf2336d3cf72acbbd1277560fcc9f969f609c62ff55593292a36d6fc0fba0508fff5e79daa90d7927","JC420951","09/05/2019 10:42:00 AM","2","DRIVER",NULL,"695537.0",NULL,"CADILLAC","SRX","IL","2010.0","NONE","PASSENGER","PERSONAL","NW","SLOW/STOP IN TRAFFIC",NULL,NULL,"1.0",NULL,NULL,NULL,NULL,NULL,NULL,NULL,NULL,NULL,"Y",NULL,NULL,NULL,NULL,NULL,NULL,NULL,"REAR-LEFT",NULL,NULL,NULL,NULL,NULL,NULL,NULL,NULL,NULL,NULL,NULL,NULL,NULL,NULL,NULL,NULL,NULL,NULL,NULL,NULL,NULL,NULL,NULL,NULL,NULL,NULL,NULL,NULL,NULL,NULL,NULL,NULL,NULL
"731807","daf8a1ff994b026249cf4a208c472a0b4c03c8d47909c9c0205b1e16e505b7f1d3d831049465f0ab12fabfdcee5d06fea926d86910ecab9f5224b191309af54d","JC421189","09/05/2019 02:26:00 PM","1","DRIVER",NULL,"695618.0",NULL,"DODGE","CHARGER","IL","2012.0","UNKNOWN","PASSENGER","PERSONAL","E","STRAIGHT AHEAD",NULL,NULL,"1.0",NULL,NULL,NULL,NULL,"Y",NULL,NULL,NULL,NULL,NULL,NULL,NULL,NULL,NULL,"Y","Y",NULL,"OTHER",NULL,NULL,NULL,NULL,NULL,NULL,NULL,NULL,NULL,NULL,NULL,NULL,NULL,NULL,NULL,NULL,NULL,NULL,NULL,NULL,NULL,NULL,NULL,NULL,NULL,NULL,NULL,NULL,NULL,NULL,NULL,NULL,NULL
"731830","62e18f4729fecabfc92a15dd6738354f351d4a4221ae4658c0eb946c27ab5900e4e54206f41704af677ee0f2c9d86380d8137293ba50562d42c2e1c6adce406b","JC421173","09/05/2019 01:50:00 PM","2","DRIVER",NULL,"695622.0",NULL,"HONDA","CIVIC","IL","2019.0","NONE","PASSENGER","PERSONAL","N","OTHER",NULL,NULL,"1.0",NULL,NULL,NULL,NULL,NULL,NULL,NULL,NULL,NULL,NULL,"Y",NULL,NULL,NULL,NULL,NULL,NULL,"SIDE-LEFT",NULL,NULL,NULL,NULL,NULL,NULL,NULL,NULL,NULL,NULL,NULL,NULL,NULL,NULL,NULL,NULL,NULL,NULL,NULL,NULL,NULL,NULL,NULL,NULL,NULL,NULL,NULL,NULL,NULL,NULL,NULL,NULL,NULL
"731970","02ed10ae92a3b70bd2edf36bf976bc3a6729adcd07ce94a8f0e6309917e03ca80f8997c34c80c53f6dfa3151bafa5669c57e1bc25e8d1911f37f33f37be06e1b","JC421427","09/05/2019 04:43:00 PM","2","PARKED",NULL,"695760.0","Y","FORD","Econoline E-450","IL","2017.0","NONE","BUS OVER 15 PASS.","OTHER","NW","PARKED IN TRAFFIC LANE",NULL,NULL,"0.0",NULL,NULL,NULL,NULL,NULL,NULL,NULL,NULL,NULL,NULL,"Y",NULL,NULL,NULL,NULL,NULL,NULL,"SIDE-LEFT","8057.0","2387956",NULL,NULL,"SIDE OF TRUCK","2.0","OHARE WESTIN","IL","ROSEMONT",NULL,NULL,NULL,NULL,NULL,NULL,NULL,NULL,NULL,NULL,NULL,NULL,NULL,NULL,NULL,NULL,NULL,"2.0","BUS","BUS","OTHER",NULL,NULL,NULL
"732829","6f3ec047ca54bfdd55346c2af45cfa66063ca37c236a562b60e7dcc5c90dcd8cfb7f810f48b720ff083fa48d419cd2ee84315c731c6912c0ccec397e37dea229","JC422744","09/06/2019 05:15:00 PM","1","DRIVER",NULL,"696564.0",NULL,"CHRYSLER","UNKNOWN","IL","2012.0","UNKNOWN","PASSENGER","UNKNOWN/NA","W","BACKING",NULL,NULL,"1.0",NULL,NULL,NULL,NULL,NULL,NULL,NULL,NULL,NULL,"Y",NULL,NULL,NULL,NULL,NULL,NULL,NULL,"REAR-LEFT",NULL,NULL,NULL,NULL,NULL,NULL,NULL,NULL,NULL,NULL,NULL,NULL,NULL,NULL,NULL,NULL,NULL,NULL,NULL,NULL,NULL,NULL,NULL,NULL,NULL,NULL,NULL,NULL,NULL,NULL,NULL,NULL,NULL
"733681","0c981e7b4fa1620bbadcb6836d5eada0fce3e39fe155a4a983f2012d863060ec6a2cc9589fc3873dd4b4f249f0d6c5f46cb2b85dd9af85ee2f9bc3661257423c","JC424406","09/08/2019 01:00:00 AM","2","DRIVER","1.0","697365.0",NULL,"CHRYSLER","UNKNOWN","IL","2013.0","NONE","PASSENGER","PERSONAL","E","UNKNOWN/NA",NULL,NULL,"2.0",NULL,NULL,NULL,NULL,"Y","Y",NULL,NULL,NULL,NULL,NULL,NULL,NULL,NULL,NULL,NULL,NULL,"FRONT",NULL,NULL,NULL,NULL,NULL,NULL,NULL,NULL,NULL,NULL,NULL,NULL,NULL,NULL,NULL,NULL,NULL,NULL,NULL,NULL,NULL,NULL,NULL,NULL,NULL,NULL,NULL,NULL,NULL,NULL,NULL,NULL,NULL
"733706","b2085fe83024c4e77f28372866ee650b1a6995359affcac441d8c20b25ad1ab547dcdee2ec6a6f1bcf0bb4bdd922f66f4a6a29804c14a66c54b2a3bae0ff0c9e","JC424474","09/08/2019 03:00:00 AM","1","DRIVER",NULL,"697383.0",NULL,"TOYOTA MOTOR COMPANY, LTD.","COROLLA","IL","2018.0","UNKNOWN","PASSENGER","RIDESHARE SERVICE","N","ENTERING TRAFFIC LANE FROM PARKING",NULL,NULL,"1.0",NULL,NULL,NULL,NULL,NULL,NULL,NULL,NULL,NULL,NULL,NULL,NULL,NULL,NULL,"Y",NULL,NULL,"TOTAL (ALL AREAS)",NULL,NULL,NULL,NULL,NULL,NULL,NULL,NULL,NULL,NULL,NULL,NULL,NULL,NULL,NULL,NULL,NULL,NULL,NULL,NULL,NULL,NULL,NULL,NULL,NULL,NULL,NULL,NULL,NULL,NULL,NULL,NULL,NULL
"733940","ff1b712a85486136ed58f4def16cd192ace975d0b360b656c236146d3430affa97cc46ff6d6a69b9ae1417571fdccc8e1ac5bdb8b082b9847a43a1890863d0d6","JC424847","09/08/2019 01:25:00 PM","1","DRIVER",NULL,"697608.0",NULL,"NISSAN","NISSAN ALTIMA","OK","2015.0","UNKNOWN","PASSENGER","PERSONAL","S","ENTERING TRAFFIC LANE FROM PARKING","Y",NULL,"1.0",NULL,"OWNERS PRIVATE TOW",NULL,NULL,NULL,NULL,NULL,NULL,NULL,NULL,NULL,NULL,NULL,NULL,"Y","Y",NULL,"TOTAL (ALL AREAS)",NULL,NULL,NULL,NULL,NULL,NULL,NULL,NULL,NULL,NULL,NULL,NULL,NULL,NULL,NULL,NULL,NULL,NULL,NULL,NULL,NULL,NULL,NULL,NULL,NULL,NULL,NULL,NULL,NULL,NULL,NULL,NULL,NULL
"734123","c87434283c514f20c0fb18c7399150fb891b359774dbdf5384d60930598ee38c423ae84aa939d1cd53be87323d241f138828cb67839c21d14a5fab56105dccaf","JC425241","09/08/2019 07:21:00 PM","2","DRIVER",NULL,"697768.0",NULL,"FORD","ESCAPE (SUV)","IL","2012.0","UNKNOWN","SPORT UTILITY VEHICLE (SUV)","RIDESHARE SERVICE","S","SLOW/STOP IN TRAFFIC",NULL,NULL,"1.0",NULL,NULL,NULL,NULL,NULL,NULL,NULL,NULL,NULL,NULL,NULL,NULL,NULL,"Y",NULL,NULL,NULL,"ROOF",NULL,NULL,NULL,NULL,NULL,NULL,NULL,NULL,NULL,NULL,NULL,NULL,NULL,NULL,NULL,NULL,NULL,NULL,NULL,NULL,NULL,NULL,NULL,NULL,NULL,NULL,NULL,NULL,NULL,NULL,NULL,NULL,NULL
"734693","e15e6f75fd68d658d39921b23f6af3f10c596bf579ed851da15b67885b4c63cea94fbf81f4f54c22406163c8338dc41c256072f67400e5a2fad25233a1efc1e4","JC426279","09/09/2019 02:30:00 PM","1","DRIVER",NULL,"698287.0",NULL,"FORD","Focus","IL","2017.0","UNKNOWN","UNKNOWN/NA","PERSONAL","S","CHANGING LANES",NULL,NULL,"1.0",NULL,NULL,NULL,NULL,NULL,NULL,NULL,NULL,NULL,NULL,NULL,NULL,"Y","Y","Y",NULL,NULL,"ROOF",NULL,NULL,NULL,NULL,NULL,NULL,NULL,NULL,NULL,NULL,NULL,NULL,NULL,NULL,NULL,NULL,NULL,NULL,NULL,NULL,NULL,NULL,NULL,NULL,NULL,NULL,NULL,NULL,NULL,NULL,NULL,NULL,NULL
"734736","5fa22c31931a02aa2faff19f22cec823d23cce47166b6206a2eca6b6f97fe89003e880288682221599b3a5fa3b19fb55f6105a795816492828b98a0d3d4f0c5b","JC426385","09/09/2019 04:00:00 PM","2","DRIVER",NULL,"698325.0",NULL,"FORD","F150",NULL,"2018.0","NONE","PICKUP","CONSTRUCTION/MAINTENANCE","W","SLOW/STOP IN TRAFFIC",NULL,NULL,"1.0",NULL,NULL,NULL,NULL,NULL,NULL,NULL,NULL,NULL,"Y",NULL,NULL,NULL,NULL,NULL,NULL,NULL,"REAR-LEFT",NULL,NULL,NULL,NULL,NULL,NULL,NULL,NULL,NULL,NULL,NULL,NULL,NULL,NULL,NULL,NULL,NULL,NULL,NULL,NULL,NULL,NULL,NULL,NULL,NULL,NULL,NULL,NULL,NULL,NULL,NULL,NULL,NULL
"734873","a3183203b5d2a3fb1269243090a2a85adb63c18ff9b39c4ce636447447dc8776b5329ad9031ac45b48feaf0f9c8de13c97e0d0e07a200d491e3fea9eeff0450a","JC426440","09/09/2019 05:30:00 PM","2","DRIVER",NULL,"698455.0",NULL,"GENERAL MOTORS CORP.","TERRAIN","IL","2015.0","NONE","PASSENGER","PERSONAL","S","STRAIGHT AHEAD",NULL,NULL,"1.0",NULL,NULL,NULL,NULL,NULL,NULL,NULL,NULL,NULL,NULL,NULL,"Y","Y","Y","Y",NULL,NULL,"ROOF",NULL,NULL,NULL,NULL,NULL,NULL,NULL,NULL,NULL,NULL,NULL,NULL,NULL,NULL,NULL,NULL,NULL,NULL,NULL,NULL,NULL,NULL,NULL,NULL,NULL,NULL,NULL,NULL,NULL,NULL,NULL,NULL,NULL
"734875","cdcbaace0a593509f1946f1b739e13d6991f538923c65a4bb851766ba11ad3db7939257fe16f8f8451a680b97109b4a971dd3fff31139516754cef53b3eea975","JC426455","09/09/2019 05:34:00 PM","2","DRIVER",NULL,"698459.0",NULL,"LEXUS","RX350","IL","2008.0","UNKNOWN","SPORT UTILITY VEHICLE (SUV)","PERSONAL","N","STRAIGHT AHEAD",NULL,NULL,"1.0",NULL,NULL,NULL,NULL,NULL,NULL,NULL,NULL,NULL,NULL,NULL,"Y","Y","Y",NULL,NULL,NULL,"ROOF",NULL,NULL,NULL,NULL,NULL,NULL,NULL,NULL,NULL,NULL,NULL,NULL,NULL,NULL,NULL,NULL,NULL,NULL,NULL,NULL,NULL,NULL,NULL,NULL,NULL,NULL,NULL,NULL,NULL,NULL,NULL,NULL,NULL
"735079","df82177a4cd4f39fadd80cf56b33f8f173122a3d14cd1695f21410e14bb3bf56618cd407b71e826815326135d082abd13cca71a1895550cc769f48486f037672","JC427184","09/09/2019 04:45:00 PM","2","DRIVER",NULL,"698658.0",NULL,"TOYOTA MOTOR COMPANY, LTD.","CAMRY","IL","2012.0","UNKNOWN","UNKNOWN/NA","UNKNOWN/NA","W","STRAIGHT AHEAD",NULL,NULL,"1.0",NULL,NULL,NULL,NULL,"Y",NULL,NULL,NULL,NULL,NULL,NULL,NULL,NULL,NULL,NULL,NULL,NULL,"FRONT-RIGHT",NULL,NULL,NULL,NULL,NULL,NULL,NULL,NULL,NULL,NULL,NULL,NULL,NULL,NULL,NULL,NULL,NULL,NULL,NULL,NULL,NULL,NULL,NULL,NULL,NULL,NULL,NULL,NULL,NULL,NULL,NULL,NULL,NULL
"735216","23d945efe9a7fbb87df2157a859898255a29f69f2864b79f2638558e52ccccf0affeaeede03ac81c01ac70d8fa18798d5c4b652f1e4aac9f580c319742262e5c","JC427324","09/10/2019 09:30:00 AM","2","PARKED",NULL,"698799.0",NULL,"CHRYSLER","Pacifica (Sport Wagon)","IL","2019.0","NONE","VAN/MINI-VAN","PERSONAL","SE","PARKED",NULL,NULL,"0.0",NULL,NULL,NULL,NULL,NULL,NULL,NULL,NULL,NULL,"Y","Y",NULL,NULL,NULL,NULL,NULL,NULL,"SIDE-LEFT",NULL,NULL,NULL,NULL,NULL,NULL,NULL,NULL,NULL,NULL,NULL,NULL,NULL,NULL,NULL,NULL,NULL,NULL,NULL,NULL,NULL,NULL,NULL,NULL,NULL,NULL,NULL,NULL,NULL,NULL,NULL,NULL,NULL
"735249","c29f2af892529e1cb4715f65362656f3373d70353855d34d5ba934b8a5528cea0fd191fd1a2a42fcbdc16fafaaf57688a8a624cb4e669f0174fbeac41b6b1b68","JC427424","09/10/2019 11:57:00 AM","1","DRIVER",NULL,"698821.0",NULL,"FORD","UNKNOWN","IL","2018.0","UNKNOWN","PASSENGER","PERSONAL","E","STRAIGHT AHEAD","Y",NULL,"1.0",NULL,"UNKNOWN","UNKNOWN",NULL,"Y",NULL,NULL,NULL,NULL,NULL,NULL,NULL,NULL,NULL,"Y","Y",NULL,"OTHER",NULL,NULL,NULL,NULL,NULL,NULL,NULL,NULL,NULL,NULL,NULL,NULL,NULL,NULL,NULL,NULL,NULL,NULL,NULL,NULL,NULL,NULL,NULL,NULL,NULL,NULL,NULL,NULL,NULL,NULL,NULL,NULL,NULL
"735374","6f3a43ace96be228ff093f2a2191fedeeb9a1b785db9569784f7167ad3a2d8259b32c37805fbb560311588b8b59dc113501cd3f62f46643f5fb212fe9c2540c1","JC427697","09/10/2019 01:45:00 PM","2","DRIVER",NULL,"698949.0",NULL,"DODGE","DART","IL","2015.0","UNKNOWN","PASSENGER","PERSONAL","E","STRAIGHT AHEAD",NULL,NULL,"1.0",NULL,NULL,NULL,NULL,NULL,NULL,NULL,NULL,NULL,NULL,NULL,"Y","Y","Y","Y",NULL,NULL,"ROOF",NULL,NULL,NULL,NULL,NULL,NULL,NULL,NULL,NULL,NULL,NULL,NULL,NULL,NULL,NULL,NULL,NULL,NULL,NULL,NULL,NULL,NULL,NULL,NULL,NULL,NULL,NULL,NULL,NULL,NULL,NULL,NULL,NULL
"735583","66977a2a6c605e588f859078c903cd713d2a4ea9aae7a9162b516036ae004a2bb70b0227f598b2badd4b36ee4a67ea37f1576237d197c340965104dbc9e87903","JC428067","09/10/2019 07:30:00 AM","2","PARKED",NULL,"699130.0",NULL,"NISSAN","ROGUE","IL","2016.0","NONE","PASSENGER","PERSONAL","W","PARKED",NULL,NULL,"0.0",NULL,NULL,NULL,NULL,NULL,NULL,NULL,NULL,NULL,NULL,"Y","Y","Y","Y","Y",NULL,NULL,"ROOF",NULL,NULL,NULL,NULL,NULL,NULL,NULL,NULL,NULL,NULL,NULL,NULL,NULL,NULL,NULL,NULL,NULL,NULL,NULL,NULL,NULL,NULL,NULL,NULL,NULL,NULL,NULL,NULL,NULL,NULL,NULL,NULL,NULL
"735597","75557ee6510bce50a7a57fba0009a43d432a3e2cab1a17fc6bc6b3365576f834439411279ae127724d62c39c75941fa9422da2d8d20695e04163c145c650b7a3","JC428050","09/10/2019 07:00:00 PM","1","DRIVER",NULL,"699140.0",NULL,"FORD","CLUB WAGON","IL","2016.0","UNKNOWN","OTHER","UNKNOWN/NA","W","LEAVING TRAFFIC LANE TO PARK",NULL,NULL,"1.0",NULL,NULL,NULL,NULL,NULL,NULL,NULL,NULL,"Y",NULL,NULL,NULL,NULL,NULL,NULL,NULL,NULL,"REAR-RIGHT",NULL,NULL,NULL,NULL,NULL,NULL,NULL,NULL,NULL,NULL,NULL,NULL,NULL,NULL,NULL,NULL,NULL,NULL,NULL,NULL,NULL,NULL,NULL,NULL,NULL,NULL,NULL,NULL,NULL,NULL,NULL,NULL,NULL
"735600","2d15352c31a43d60b922d2ba4775e42c7635c08d96f520f0a536c14255b0f1c1cbc136cfe43c2cd76e3eb6d9c464ca6fb97e6c408ba742e0b529b2d770b53b7f","JC427957","09/10/2019 06:15:00 PM","2","DRIVER","1.0","699160.0",NULL,"TOYOTA MOTOR COMPANY, LTD.","TACOMA","IL","2016.0","NONE","PICKUP","PERSONAL","S","STRAIGHT AHEAD",NULL,NULL,"2.0",NULL,NULL,NULL,NULL,NULL,NULL,NULL,NULL,NULL,NULL,NULL,NULL,NULL,NULL,"Y",NULL,NULL,"TOTAL (ALL AREAS)",NULL,NULL,NULL,NULL,NULL,NULL,NULL,NULL,NULL,NULL,NULL,NULL,NULL,NULL,NULL,NULL,NULL,NULL,NULL,NULL,NULL,NULL,NULL,NULL,NULL,NULL,NULL,NULL,NULL,NULL,NULL,NULL,NULL
"735697","349a05c12f9196df72f97824ca88a08f038970071f779e2c462f262852f02b502511a1721f2c9c8901a74023d0a88cf9b588a6bfe179ccf17fa9be307e37e255","JC428323","09/11/2019 12:35:00 AM","2","DRIVER",NULL,"699237.0",NULL,"HARLEY-DAVIDSON","HARLEY-DAVIDSON",NULL,"2015.0","UNKNOWN","MOTORCYCLE (OVER 150CC)","PERSONAL","S","STRAIGHT AHEAD",NULL,NULL,"1.0",NULL,NULL,NULL,NULL,NULL,NULL,NULL,NULL,NULL,NULL,"Y","Y",NULL,NULL,NULL,NULL,NULL,"ROOF",NULL,NULL,NULL,NULL,NULL,NULL,NULL,NULL,NULL,NULL,NULL,NULL,NULL,NULL,NULL,NULL,NULL,NULL,NULL,NULL,NULL,NULL,NULL,NULL,NULL,NULL,NULL,NULL,NULL,NULL,NULL,NULL,NULL
"735715","229c3074285ec9f07969ff2c4f0121ca4958d062d10890a4a6e2c8c2def8d3cd1121addac80ec557d506d27c7969ff8af45a1122b36ccd824e7e0f8b309590cb","JC427425","09/10/2019 11:40:00 AM","8","PARKED",NULL,"699255.0",NULL,"DODGE","CHARGER","IL","2012.0","NONE","PASSENGER","NOT IN USE","S","PARKED",NULL,NULL,"0.0",NULL,NULL,NULL,NULL,NULL,NULL,NULL,NULL,NULL,NULL,"Y","Y","Y","Y",NULL,NULL,NULL,"ROOF",NULL,NULL,NULL,NULL,NULL,NULL,NULL,NULL,NULL,NULL,NULL,NULL,NULL,NULL,NULL,NULL,NULL,NULL,NULL,NULL,NULL,NULL,NULL,NULL,NULL,NULL,NULL,NULL,NULL,NULL,NULL,NULL,NULL
"735793","0edfc4c149aef213d08db20132a2fb185c38dacc2182c87a89c6b9339cb6cd0ea578366c9844c9a8abd28eae3f0026a40458a064a66a46a65530bed45876d997","JC428474","09/11/2019 07:57:00 AM","1","DRIVER",NULL,"699335.0",NULL,"FREIGHTLINER CORP.","FREIGHTLINER CORP.","IL","2015.0","NONE","TRUCK - SINGLE UNIT","OTHER","W","STRAIGHT AHEAD","Y",NULL,"1.0",NULL,"OWNER",NULL,NULL,NULL,NULL,NULL,NULL,NULL,NULL,NULL,NULL,NULL,NULL,NULL,NULL,NULL,NULL,NULL,NULL,NULL,NULL,NULL,NULL,NULL,NULL,NULL,NULL,NULL,NULL,NULL,NULL,NULL,NULL,NULL,NULL,NULL,NULL,NULL,NULL,NULL,NULL,NULL,NULL,NULL,NULL,NULL,NULL,NULL,NULL,NULL
"736504","95070a86989d969d260a11ede14a54e683fe41f48b5fa2309729ece216e770471e80678cccbbf1734dc4cfb0df6cef834d82d978fb74c2491f246ab75ab228a4","JC429856","09/12/2019 08:00:00 AM","1","DRIVER",NULL,"699954.0",NULL,"TOYOTA MOTOR COMPANY, LTD.","RAV4 (sport utility)","IL","2011.0","NONE","SPORT UTILITY VEHICLE (SUV)","PERSONAL","E","TURNING LEFT",NULL,NULL,"1.0",NULL,NULL,NULL,NULL,NULL,NULL,NULL,"Y","Y",NULL,NULL,NULL,NULL,NULL,NULL,NULL,NULL,"REAR",NULL,NULL,NULL,NULL,NULL,NULL,NULL,NULL,NULL,NULL,NULL,NULL,NULL,NULL,NULL,NULL,NULL,NULL,NULL,NULL,NULL,NULL,NULL,NULL,NULL,NULL,NULL,NULL,NULL,NULL,NULL,NULL,NULL
"737005","e5b5dfa21fa8f335d3c79a303af4446eeab46736a35732b99870e3bdf10e9f8277aa2ea99bd606db6b18b30438f3c6baa5b78639654198b2ee6808b1707f983e","JC430681","09/12/2019 06:06:00 PM","2","DRIVER","2.0","700449.0",NULL,"CHRYSLER","200","IL","2015.0","NONE","PASSENGER","PERSONAL","S","STRAIGHT AHEAD",NULL,NULL,"3.0",NULL,NULL,NULL,NULL,"Y",NULL,NULL,NULL,NULL,NULL,NULL,NULL,NULL,NULL,NULL,NULL,NULL,"FRONT",NULL,NULL,NULL,NULL,NULL,NULL,NULL,NULL,NULL,NULL,NULL,NULL,NULL,NULL,NULL,NULL,NULL,NULL,NULL,NULL,NULL,NULL,NULL,NULL,NULL,NULL,NULL,NULL,NULL,NULL,NULL,NULL,NULL
"737145","23f3f7fb53f95e7a896a737eddf9c9c98b09cc824d1675ebc050e30c86c373def82a4f6c60b25dbd614fca283c403fd98ec72cc414402b2587f12d240f792f5a","JC430967","09/12/2019 06:00:00 PM","2","DRIVER",NULL,"700558.0",NULL,"HONDA","CIVIC","IL","2018.0","UNKNOWN","PASSENGER","PERSONAL","E","STRAIGHT AHEAD",NULL,NULL,"1.0",NULL,NULL,NULL,NULL,NULL,NULL,NULL,NULL,NULL,NULL,NULL,NULL,NULL,"Y","Y",NULL,NULL,"TOTAL (ALL AREAS)",NULL,NULL,NULL,NULL,NULL,NULL,NULL,NULL,NULL,NULL,NULL,NULL,NULL,NULL,NULL,NULL,NULL,NULL,NULL,NULL,NULL,NULL,NULL,NULL,NULL,NULL,NULL,NULL,NULL,NULL,NULL,NULL,NULL