"CRASH_UNIT_ID","CRASH_RECORD_ID","RD_NO","CRASH_DATE","UNIT_NO","UNIT_TYPE","NUM_PASSENGERS","VEHICLE_ID","CMRC_VEH_I","MAKE","MODEL","LIC_PLATE_STATE","VEHICLE_YEAR","VEHICLE_DEFECT","VEHICLE_TYPE","VEHICLE_USE","TRAVEL_DIRECTION","MANEUVER","TOWED_I","FIRE_I","OCCUPANT_CNT","EXCEED_SPEED_LIMIT_I","TOWED_BY","TOWED_TO","AREA_00_I","AREA_01_I","AREA_02_I","AREA_03_I","AREA_04_I","AREA_05_I","AREA_06_I","AREA_07_I","AREA_08_I","AREA_09_I","AREA_10_I","AREA_11_I","AREA_12_I","AREA_99_I","FIRST_CONTACT_POINT","CMV_ID","USDOT_NO","CCMC_NO","ILCC_NO","COMMERCIAL_SRC","GVWR","CARRIER_NAME","CARRIER_STATE","CARRIER_CITY","HAZMAT_PLACARDS_I","HAZMAT_NAME","UN_NO","HAZMAT_PRESENT_I","HAZMAT_REPORT_I","HAZMAT_REPORT_NO","MCS_REPORT_I","MCS_REPORT_NO","HAZMAT_VIO_CAUSE_CRASH_I","MCS_VIO_CAUSE_CRASH_I","IDOT_PERMIT_NO","WIDE_LOAD_I","TRAILER1_WIDTH","TRAILER2_WIDTH","TRAILER1_LENGTH","TRAILER2_LENGTH","TOTAL_VEHICLE_LENGTH","AXLE_CNT","VEHICLE_CONFIG","CARGO_BODY_TYPE","LOAD_TYPE","HAZMAT_OUT_OF_SERVICE_I","MCS_OUT_OF_SERVICE_I","HAZMAT_CLASS"
"737331","0308696d4579eb00d128ec2cf8e1b2259e7052e5f57d4136503fe374f4cac5f964582ed32e72c5b986c604a4fe6fdc993b1ab39822a68cdf8a5e2628d5a7d1b7","JC431343","09/13/2019 08:20:00 AM","2","DRIVER",NULL,"700725.0",NULL,"TOYOTA MOTOR COMPANY, LTD.","RAV4 (sport utility)","IL","2013.0","NONE","PASSENGER","PERSONAL","W","STRAIGHT AHEAD",NULL,NULL,"1.0",NULL,NULL,NULL,NULL,NULL,NULL,NULL,NULL,NULL,NULL,NULL,NULL,NULL,NULL,NULL,NULL,NULL,"TOTAL (ALL AREAS)",NULL,NULL,NULL,NULL,NULL,NULL,NULL,NULL,NULL,NULL,NULL,NULL,NULL,NULL,NULL,NULL,NULL,NULL,NULL,NULL,NULL,NULL,NULL,NULL,NULL,NULL,NULL,NULL,NULL,NULL,NULL,NULL,NULL
"737387","704993b82daf8ddf8e6e1212f45d2e68bf3d5cb15de5c0a2849a37dcbd94addfcf559dc8f53c9847b8e24c8b8adcbc17368712238e0134517d6790186d321a70","JC431280","09/13/2019 07:41:00 AM","2","DRIVER","1.0","700820.0",NULL,"HONDA","Odyssey (minivan)","IL","2015.0","NONE","PASSENGER","PERSONAL","E","STRAIGHT AHEAD",NULL,NULL,"2.0",NULL,NULL,NULL,NULL,NULL,NULL,NULL,NULL,NULL,NULL,NULL,NULL,NULL,NULL,"Y",NULL,NULL,"TOTAL (ALL AREAS)",NULL,NULL,NULL,NULL,NULL,NULL,NULL,NULL,NULL,NULL,NULL,NULL,NULL,NULL,NULL,NULL,NULL,NULL,NULL,NULL,NULL,NULL,NULL,NULL,NULL,NULL,NULL,NULL,NULL,NULL,NULL,NULL,NULL
"737452","aaa0dcc7f76b5bcd14c33fc2d8a808f8606d3bc61c39782deab43f1c578521374fce2803cbef21be7ef2f9174219c15e84e4ffa6ed054e2c2ce4eb902668cea8","JC431515","09/13/2019 08:20:00 AM","2","DRIVER",NULL,"700850.0",NULL,"MERCEDES-BENZ","300 SERIES","IL","2015.0","UNKNOWN","PASSENGER","PERSONAL","N","STRAIGHT AHEAD",NULL,NULL,"1.0",NULL,NULL,NULL,NULL,NULL,NULL,NULL,NULL,NULL,NULL,NULL,NULL,NULL,NULL,NULL,"Y",NULL,"OTHER",NULL,NULL,NULL,NULL,NULL,NULL,NULL,NULL,NULL,NULL,NULL,NULL,NULL,NULL,NULL,NULL,NULL,NULL,NULL,NULL,NULL,NULL,NULL,NULL,NULL,NULL,NULL,NULL,NULL,NULL,NULL,NULL,NULL
"738186","ac51d6e5360a020210ad70a7325643a961136d4c3247b5e1069ba5a8c3b980ccd9414a6cd29a412ed0ca86488317b24fce6e4217db27af3903e47d91234ac03c","JC431376","09/13/2019 07:10:00 AM","2","DRIVER",NULL,"701544.0",NULL,"TOYOTA MOTOR COMPANY, LTD.","Highlander(beginning vehicle year 2001)","IL","2016.0","NONE","SPORT UTILITY VEHICLE (SUV)","UNKNOWN/NA","W","STRAIGHT AHEAD",NULL,NULL,"1.0",NULL,NULL,NULL,NULL,NULL,"Y","Y","Y",NULL,NULL,NULL,NULL,NULL,NULL,NULL,NULL,NULL,"SIDE-RIGHT",NULL,NULL,NULL,NULL,NULL,NULL,NULL,NULL,NULL,NULL,NULL,NULL,NULL,NULL,NULL,NULL,NULL,NULL,NULL,NULL,NULL,NULL,NULL,NULL,NULL,NULL,NULL,NULL,NULL,NULL,NULL,NULL,NULL
"738243","7ba816cb28a771f4d61ba4d37b85cdcf12bf245251798245897c8ccf85a27d1e7ed72b979e7816ac4aff16ffffcb2eb15ff4ae6cec57c8867f57d45da187ca91","JC433026","09/13/2019 09:10:00 PM","1","DRIVER",NULL,"701596.0",NULL,"MERCEDES-BENZ","Sprinter","IL","2019.0","NONE","VAN/MINI-VAN","OTHER","S","SLOW/STOP IN TRAFFIC",NULL,NULL,"1.0",NULL,NULL,NULL,NULL,NULL,NULL,NULL,NULL,NULL,NULL,NULL,NULL,NULL,NULL,NULL,"Y",NULL,"OTHER",NULL,NULL,NULL,NULL,NULL,NULL,NULL,NULL,NULL,NULL,NULL,NULL,NULL,NULL,NULL,NULL,NULL,NULL,NULL,NULL,NULL,NULL,NULL,NULL,NULL,NULL,NULL,NULL,NULL,NULL,NULL,NULL,NULL
"738512","bb00932465ffdb18ac4dd0e4731fb1f6b9b39f7ad3466649ab9cd942086d25b009585df13ba6902a674c1eaa77b4d4c0072052b69ce26dd3707812c2e235f694","JC433386","09/14/2019 05:16:00 PM","2","DRIVER",NULL,"701873.0",NULL,"HYUNDAI","ELANTRA","IL","2010.0","UNKNOWN","PASSENGER","PERSONAL","N","STRAIGHT AHEAD","Y",NULL,"1.0",NULL,"streets and san",NULL,NULL,NULL,NULL,NULL,NULL,NULL,NULL,NULL,NULL,NULL,NULL,"Y","Y",NULL,"UNDER CARRIAGE",NULL,NULL,NULL,NULL,NULL,NULL,NULL,NULL,NULL,NULL,NULL,NULL,NULL,NULL,NULL,NULL,NULL,NULL,NULL,NULL,NULL,NULL,NULL,NULL,NULL,NULL,NULL,NULL,NULL,NULL,NULL,NULL,NULL
"738598","b791ee07c10be3fed37c952b260c7577cebc48622aa7b383e0932ceade8098feaf46849c798b7557a2683800c5fdbd411b3321a167316e4592cf5aad797c3d49","JC433571","09/14/2019 08:30:00 PM","1","DRIVER",NULL,"701938.0",NULL,"KIA MOTORS CORP","Optima","IL","2013.0","UNKNOWN","PASSENGER","UNKNOWN/NA","S","U-TURN",NULL,NULL,"1.0",NULL,NULL,NULL,NULL,NULL,NULL,NULL,NULL,NULL,NULL,"Y","Y","Y",NULL,"N",NULL,NULL,"ROOF",NULL,NULL,NULL,NULL,NULL,NULL,NULL,NULL,NULL,NULL,NULL,NULL,NULL,NULL,NULL,NULL,NULL,NULL,NULL,NULL,NULL,NULL,NULL,NULL,NULL,NULL,NULL,NULL,NULL,NULL,NULL,NULL,NULL
"738856","f147d801139829d4fa506b2e56a8f5e1ad7d5f99d9db213aebcf595ebfd91e46d0aef855e626065f335334c42141d16f5b24703d060d9cfb2c2d78f0c00d4737","JC433984","09/15/2019 03:15:00 AM","2","PARKED",NULL,"702179.0",NULL,"HONDA","UNKNOWN","IL","2020.0","UNKNOWN","UNKNOWN/NA","UNKNOWN/NA","W","PARKED",NULL,NULL,"0.0",NULL,NULL,NULL,NULL,NULL,NULL,NULL,NULL,"Y",NULL,NULL,NULL,NULL,NULL,NULL,NULL,NULL,"FRONT-LEFT",NULL,NULL,NULL,NULL,NULL,NULL,NULL,NULL,NULL,NULL,NULL,NULL,NULL,NULL,NULL,NULL,NULL,NULL,NULL,NULL,NULL,NULL,NULL,NULL,NULL,NULL,NULL,NULL,NULL,NULL,NULL,NULL,NULL
"739898","b12eb8a049994bd218837532275b85953ed8efdc5f2d2d6968caaaa1eeb545635f68f4bdde8d8e27bce001b056f648f42fe997c6c74cf074d31be866ab1034d1","JC436193","09/16/2019 05:30:00 PM","2","DRIVER",NULL,"703176.0",NULL,"HYUNDAI","SONATA","IL","2014.0","NONE","PASSENGER","PERSONAL","S","SLOW/STOP IN TRAFFIC",NULL,NULL,"1.0",NULL,NULL,NULL,NULL,NULL,NULL,NULL,NULL,NULL,NULL,NULL,NULL,NULL,NULL,NULL,NULL,NULL,"REAR-LEFT",NULL,NULL,NULL,NULL,NULL,NULL,NULL,NULL,NULL,NULL,NULL,NULL,NULL,NULL,NULL,NULL,NULL,NULL,NULL,NULL,NULL,NULL,NULL,NULL,NULL,NULL,NULL,NULL,NULL,NULL,NULL,NULL,NULL
"740148","1c44c7647482412ceeed2a1cd4c5aadfe2a34a2994da47a94fc90215db00a0f1b144102c992866d5b394d115acc419c4faee1f14d2c9d50be4223d8a31193d1d","JC436757","09/17/2019 12:45:00 AM","1","DRIVER",NULL,"703423.0",NULL,"NISSAN","ROGUE","IL","2019.0","NONE","SPORT UTILITY VEHICLE (SUV)","PERSONAL","W","BACKING","Y",NULL,"1.0",NULL,"KEEP IT MOVING","4955 S. HALSTED",NULL,NULL,NULL,NULL,NULL,"Y","Y",NULL,NULL,NULL,NULL,NULL,NULL,NULL,"REAR-LEFT",NULL,NULL,NULL,NULL,NULL,NULL,NULL,NULL,NULL,NULL,NULL,NULL,NULL,NULL,NULL,NULL,NULL,NULL,NULL,NULL,NULL,NULL,NULL,NULL,NULL,NULL,NULL,NULL,NULL,NULL,NULL,NULL,NULL
"740362","e29c175ccbee5870cbacf189960be5d0fe0a10dfac91329389ba15241cc24c6b86a673ff63a1f7f9fd1e64ea040cffd7736747e375ab05b24bb5e54cb2879f0d","JC437168","09/13/2019 02:00:00 PM","2","PARKED",NULL,"703637.0",NULL,"CHEVROLET","IMPALA",NULL,"2019.0","UNKNOWN","PASSENGER","PERSONAL","E","PARKED",NULL,NULL,"0.0",NULL,NULL,NULL,NULL,NULL,NULL,NULL,NULL,NULL,"Y",NULL,NULL,NULL,NULL,NULL,NULL,NULL,"REAR-LEFT",NULL,NULL,NULL,NULL,NULL,NULL,NULL,NULL,NULL,NULL,NULL,NULL,NULL,NULL,NULL,NULL,NULL,NULL,NULL,NULL,NULL,NULL,NULL,NULL,NULL,NULL,NULL,NULL,NULL,NULL,NULL,NULL,NULL
"740395","3dc204ebe7a2b41249af9ebeb1210674bfcfedb207fd1b1944994a6d91f4c9cf8a4bd1ac0e1f73736883ef9e4dc7f8faa5e13507777719a2d625ba63f218690c","JC437235","09/17/2019 02:33:00 PM","2","DRIVER",NULL,"703671.0",NULL,"FORD","F250","IL","2019.0","UNKNOWN","PICKUP","CONSTRUCTION/MAINTENANCE","S","SLOW/STOP IN TRAFFIC",NULL,NULL,"1.0",NULL,NULL,NULL,NULL,"Y",NULL,NULL,NULL,NULL,NULL,NULL,NULL,NULL,NULL,NULL,"Y",NULL,"FRONT",NULL,NULL,NULL,NULL,NULL,NULL,NULL,NULL,NULL,NULL,NULL,NULL,NULL,NULL,NULL,NULL,NULL,NULL,NULL,NULL,NULL,NULL,NULL,NULL,NULL,NULL,NULL,NULL,NULL,NULL,NULL,NULL,NULL
"740870","f1feb22db0dae47652ce2a59264b48b205b8e3df66813d613d5279668e56f5962ffee58cb75eb66fb6ebeaa5003de0902c318883cdf1a3dc7bd72a92bf501f27","JC438272","09/18/2019 09:40:00 AM","1","DRIVER",NULL,"704104.0","Y","UNKNOWN","UNKNOWN","IL","2009.0","NONE","TRACTOR W/ SEMI-TRAILER","COMMERCIAL - MULTI-UNIT","S","STRAIGHT AHEAD",NULL,NULL,"1.0",NULL,NULL,NULL,NULL,NULL,NULL,NULL,NULL,NULL,NULL,NULL,NULL,NULL,NULL,NULL,"Y",NULL,NULL,"8172.0","241991",NULL,NULL,"LOG BOOK","1.0","KEENAN TRANSPORT CO","IL","CAROL STREAM",NULL,NULL,NULL,"N","N",NULL,"U",NULL,"N","U",NULL,NULL,NULL,NULL,NULL,NULL,NULL,NULL,"TRACTOR/SEMI-TRAILER","VAN/ENCLOSED BOX","OTHER","N","N",NULL
"741028","d7b02818b16213c24218aa53cd2598f346015183ecbbffeeb738a635eb3270fab3bfacfe1541818d26a449f3e43bb6e4217d0e626aa13ffed75a5eccdd9237ba","JC438622","09/18/2019 07:20:00 AM","1","DRIVER",NULL,"704248.0",NULL,"CHRYSLER","200","IL","2015.0","NONE","PASSENGER","PERSONAL","N","PASSING/OVERTAKING",NULL,NULL,"1.0",NULL,NULL,NULL,NULL,"Y","Y","Y","Y","Y",NULL,NULL,NULL,NULL,NULL,NULL,NULL,NULL,"SIDE-RIGHT",NULL,NULL,NULL,NULL,NULL,NULL,NULL,NULL,NULL,NULL,NULL,NULL,NULL,NULL,NULL,NULL,NULL,NULL,NULL,NULL,NULL,NULL,NULL,NULL,NULL,NULL,NULL,NULL,NULL,NULL,NULL,NULL,NULL
"741357","59bb3d86b9f67e194f4fd9611c9c13366dca4f0486c64dd3ed4742f7d512485d6069bc37c55b460da8565c0a529339036c94b05badbfbbf5350f47445279d3ca","JC439083","09/18/2019 07:30:00 PM","2","PARKED",NULL,"704559.0",NULL,"LEXUS","UNKNOWN","IL","2010.0","NONE","PASSENGER","NOT IN USE","N","PARKED",NULL,NULL,"0.0",NULL,NULL,NULL,NULL,NULL,NULL,NULL,NULL,NULL,NULL,NULL,NULL,NULL,NULL,"Y",NULL,NULL,"UNKNOWN",NULL,NULL,NULL,NULL,NULL,NULL,NULL,NULL,NULL,NULL,NULL,NULL,NULL,NULL,NULL,NULL,NULL,NULL,NULL,NULL,NULL,NULL,NULL,NULL,NULL,NULL,NULL,NULL,NULL,NULL,NULL,NULL,NULL
"741385","9c9aef3f673a8e74c34474891348bc55752184e4a6b8d89216f414bba46b7387e2d689da7e3ac699a97d095af37aa3dea41460497b7ee44efef8e1903d0def17","JC439162","09/18/2019 09:10:00 PM","2","DRIVER",NULL,"704593.0",NULL,"CHEVROLET","MALIBU (CHEVELLE)","IL","2017.0","UNKNOWN","UNKNOWN/NA","UNKNOWN/NA","UNKNOWN","UNKNOWN/NA",NULL,NULL,"1.0",NULL,NULL,NULL,NULL,NULL,NULL,NULL,NULL,NULL,NULL,NULL,NULL,NULL,NULL,NULL,NULL,"Y","UNKNOWN",NULL,NULL,NULL,NULL,NULL,NULL,NULL,NULL,NULL,NULL,NULL,NULL,NULL,NULL,NULL,NULL,NULL,NULL,NULL,NULL,NULL,NULL,NULL,NULL,NULL,NULL,NULL,NULL,NULL,NULL,NULL,NULL,NULL
"741648","1fdcb818dfaf30cbbacceb8df6a3fc5b55248e3aaf39524b5933f411df4b2d3612a0e9e802e69318ae0ff126185cddedb5d9f96d6d4a1c1fc1cdb0a516463df4","JC439756","09/19/2019 11:50:00 AM","1","DRIVER",NULL,"704826.0",NULL,"FREIGHTLINER CORP.","FREIGHTLINER CORP.","MI","2013.0","UNKNOWN","TRACTOR W/ SEMI-TRAILER","OTHER","S","BACKING",NULL,NULL,"1.0",NULL,NULL,NULL,NULL,NULL,NULL,NULL,NULL,NULL,"Y",NULL,NULL,NULL,NULL,NULL,NULL,NULL,"REAR-LEFT",NULL,NULL,NULL,NULL,NULL,NULL,NULL,NULL,NULL,NULL,NULL,NULL,NULL,NULL,NULL,NULL,NULL,NULL,NULL,NULL,NULL,NULL,NULL,NULL,NULL,NULL,NULL,NULL,NULL,NULL,NULL,NULL,NULL
"741836","a2feab087eeeda8c137be5d40dfc3cfb0b684964135c447b9983fdde0eed4ddc034373c5712e4d7e6fd53efce7528660de794113644278e978c433ec10587aa3","JC440203","09/19/2019 04:42:00 PM","2","DRIVER",NULL,"705009.0",NULL,"NISSAN","ROGUE","IL","2019.0","NONE","PASSENGER","PERSONAL","S","STRAIGHT AHEAD",NULL,NULL,"1.0",NULL,NULL,NULL,NULL,NULL,NULL,NULL,NULL,NULL,"Y",NULL,NULL,NULL,NULL,NULL,NULL,NULL,"REAR-LEFT",NULL,NULL,NULL,NULL,NULL,NULL,NULL,NULL,NULL,NULL,NULL,NULL,NULL,NULL,NULL,NULL,NULL,NULL,NULL,NULL,NULL,NULL,NULL,NULL,NULL,NULL,NULL,NULL,NULL,NULL,NULL,NULL,NULL
"741897","d9e32e9aa49235415d045c0e5cbddee9feb1cde76f12cdf83fabc500f5e92d1e5c0780df7ced7cc02392c3e88586c75f61c09da40efb866236fad68875892d3b","JC440241","09/19/2019 01:54:00 PM","2","PARKED",NULL,"705063.0",NULL,"DODGE","RAM 1500 VAN","IL","2019.0","UNKNOWN","VAN/MINI-VAN","OTHER","N","PARKED",NULL,NULL,"0.0",NULL,NULL,NULL,NULL,NULL,NULL,NULL,NULL,NULL,NULL,"Y",NULL,NULL,NULL,NULL,NULL,NULL,"SIDE-LEFT",NULL,NULL,NULL,NULL,NULL,NULL,NULL,NULL,NULL,NULL,NULL,NULL,NULL,NULL,NULL,NULL,NULL,NULL,NULL,NULL,NULL,NULL,NULL,NULL,NULL,NULL,NULL,NULL,NULL,NULL,NULL,NULL,NULL
"741907","8cf4852daac39acdc1834f9dc6e3f56db3bb79ab8113b03f7f1bb2f44af70d2826cf8ba8bb8d8f858dc1d0ff22a924118a68a02fe172844065a9ee37073b2a29","JC440248","09/19/2019 04:35:00 PM","2","DRIVER",NULL,"705070.0",NULL,"JEEP","CHEROKEE","IL","2016.0","NONE","PASSENGER","PERSONAL","W","STRAIGHT AHEAD",NULL,NULL,"1.0",NULL,NULL,NULL,NULL,NULL,NULL,NULL,NULL,NULL,"Y",NULL,NULL,NULL,NULL,NULL,NULL,NULL,"REAR-LEFT",NULL,NULL,NULL,NULL,NULL,NULL,NULL,NULL,NULL,NULL,NULL,NULL,NULL,NULL,NULL,NULL,NULL,NULL,NULL,NULL,NULL,NULL,NULL,NULL,NULL,NULL,NULL,NULL,NULL,NULL,NULL,NULL,NULL
"742000","fe42820f4b81190853dedce06ca6ffdd2226f04e4a94d2d3b223d1c527f50358bc3dc8e134ef10aff7190cf31c259b3a6bcbc54e71a966b5f3719ba9b1e01b9d","JC440467","09/19/2019 08:40:00 PM","1","DRIVER",NULL,"705165.0",NULL,"TOYOTA MOTOR COMPANY, LTD.","UNKNOWN","IL","2016.0","NONE","PASSENGER","PERSONAL","E","STRAIGHT AHEAD",NULL,NULL,"1.0",NULL,NULL,NULL,"Y",NULL,NULL,NULL,NULL,NULL,NULL,NULL,NULL,NULL,NULL,NULL,NULL,NULL,"FRONT-RIGHT",NULL,NULL,NULL,NULL,NULL,NULL,NULL,NULL,NULL,NULL,NULL,NULL,NULL,NULL,NULL,NULL,NULL,NULL,NULL,NULL,NULL,NULL,NULL,NULL,NULL,NULL,NULL,NULL,NULL,NULL,NULL,NULL,NULL
"742626","7292f5f93e4c86528da00bc296c2203355d0a1d8ace3738a7649b352356914e17064a668b0eefd1d7f500b99685f21098f160ea1833221729d649ffe1dc593e9","JC441616","09/20/2019 04:38:00 PM","1","DRIVER",NULL,"705738.0",NULL,"SCION","TC","IL","2009.0","UNKNOWN","PASSENGER","PERSONAL","W","STRAIGHT AHEAD",NULL,NULL,"1.0",NULL,NULL,NULL,NULL,NULL,NULL,NULL,NULL,NULL,NULL,NULL,NULL,NULL,NULL,"Y",NULL,NULL,"TOTAL (ALL AREAS)",NULL,NULL,NULL,NULL,NULL,NULL,NULL,NULL,NULL,NULL,NULL,NULL,NULL,NULL,NULL,NULL,NULL,NULL,NULL,NULL,NULL,NULL,NULL,NULL,NULL,NULL,NULL,NULL,NULL,NULL,NULL,NULL,NULL
"742668","75b65ce627d3baaed320a8e06e9d190811febcdd610297a6b60fb41dc67c310e4505df7f8b294ecd7e1c5b5057d793dcedf6bf37f4e2e36fbee570b71194dc8a","JC441646","09/19/2019 08:26:00 AM","2","DRIVER",NULL,"705791.0",NULL,"CHEVROLET","EQUINOX","IL","2019.0","UNKNOWN","SPORT UTILITY VEHICLE (SUV)","PERSONAL","N","TURNING RIGHT",NULL,NULL,"1.0",NULL,NULL,NULL,NULL,NULL,NULL,NULL,NULL,NULL,NULL,NULL,NULL,NULL,NULL,"Y",NULL,NULL,"TOTAL (ALL AREAS)",NULL,NULL,NULL,NULL,NULL,NULL,NULL,NULL,NULL,NULL,NULL,NULL,NULL,NULL,NULL,NULL,NULL,NULL,NULL,NULL,NULL,NULL,NULL,NULL,NULL,NULL,NULL,NULL,NULL,NULL,NULL,NULL,NULL
"743002","41fd49c1994c9822a48211ab6a3f7248ac5c10b51a38a3a8390a29306f03c5163b607a7bc2f4569c5535cfedac7aa762a1babc51fb9d6c507f07fae29c21faf3","JC442277","09/20/2019 06:00:00 PM","2","PARKED",NULL,"706035.0",NULL,"CHEVROLET","CRUZE","IL","2014.0","NONE","PASSENGER","PERSONAL","W","PARKED",NULL,NULL,"0.0",NULL,NULL,NULL,NULL,NULL,NULL,NULL,NULL,NULL,NULL,NULL,NULL,NULL,NULL,"Y",NULL,NULL,"UNDER CARRIAGE",NULL,NULL,NULL,NULL,NULL,NULL,NULL,NULL,NULL,NULL,NULL,NULL,NULL,NULL,NULL,NULL,NULL,NULL,NULL,NULL,NULL,NULL,NULL,NULL,NULL,NULL,NULL,NULL,NULL,NULL,NULL,NULL,NULL
"743153","2bb401c6f518ccddab241c144dd8930c6fc2ea694f10567985805f9ad7c9f32c40df28a2f537a14b0e56c81b4eef8373cbfda103e18b00e38214691664d1d2d8","JC442576","09/20/2019 08:45:00 PM","2","DRIVER","1.0","706185.0",NULL,"NISSAN","ROGUE","IL","2018.0","NONE","PASSENGER","PERSONAL","S","STRAIGHT AHEAD",NULL,NULL,"2.0",NULL,NULL,NULL,NULL,"Y",NULL,NULL,NULL,NULL,NULL,NULL,NULL,NULL,NULL,"Y","Y",NULL,"OTHER",NULL,NULL,NULL,NULL,NULL,NULL,NULL,NULL,NULL,NULL,NULL,NULL,NULL,NULL,NULL,NULL,NULL,NULL,NULL,NULL,NULL,NULL,NULL,NULL,NULL,NULL,NULL,NULL,NULL,NULL,NULL,NULL,NULL
"743449","6c55ede6ac127efc312fe0ba9d11e7a8800dc5c9027480c9562943649b942d22025510d2b7d15907f1ebe2252f2eed4e14fed41869c8f81182ceb88c6f6cc25e","JC443141","09/21/2019 07:54:00 PM","1","DRIVER","2.0","706451.0",NULL,"CHEVROLET","MALIBU (CHEVELLE)","IL","2017.0","NONE","PASSENGER","PERSONAL","S","CHANGING LANES",NULL,NULL,"3.0",NULL,NULL,NULL,NULL,"Y",NULL,NULL,NULL,NULL,NULL,NULL,NULL,NULL,NULL,NULL,NULL,NULL,"FRONT",NULL,NULL,NULL,NULL,NULL,NULL,NULL,NULL,NULL,NULL,NULL,NULL,NULL,NULL,NULL,NULL,NULL,NULL,NULL,NULL,NULL,NULL,NULL,NULL,NULL,NULL,NULL,NULL,NULL,NULL,NULL,NULL,NULL
"743719","4d84e8be2dabf18cc9b10e573d6249c93bc89a66cf1e773cc7a4cfed3cba8b047efe31280fc10619891986ff9bdba18a622c6e8e0b889ad0c04903eb1bcd49c6","JC442566","09/20/2019 08:30:00 PM","2","PARKED",NULL,"706696.0",NULL,"VOLVO","XC60","IL","2018.0","UNKNOWN","PASSENGER","NOT IN USE","E","PARKED",NULL,NULL,"0.0",NULL,NULL,NULL,NULL,"Y","Y","Y","Y","Y",NULL,NULL,NULL,NULL,NULL,NULL,NULL,NULL,"REAR-RIGHT",NULL,NULL,NULL,NULL,NULL,NULL,NULL,NULL,NULL,NULL,NULL,NULL,NULL,NULL,NULL,NULL,NULL,NULL,NULL,NULL,NULL,NULL,NULL,NULL,NULL,NULL,NULL,NULL,NULL,NULL,NULL,NULL,NULL
"744072","5608a8d610cd50ee2e98c35fce7c69b507aba14134debd0f13a853cbd63d7338750b0cbcc0a0dbd88cc37c7d2466518739b71a343ff476665b1b07919aad10af","JC444123","09/22/2019 01:27:00 PM","2","DRIVER",NULL,"707032.0",NULL,"TOYOTA MOTOR COMPANY, LTD.","CAMRY","IL","2013.0","NONE","PASSENGER","TAXI/FOR HIRE","N","STRAIGHT AHEAD",NULL,NULL,"1.0",NULL,NULL,NULL,NULL,NULL,NULL,NULL,NULL,NULL,"Y",NULL,NULL,NULL,NULL,NULL,NULL,NULL,"REAR-LEFT",NULL,NULL,NULL,NULL,NULL,NULL,NULL,NULL,NULL,NULL,NULL,NULL,NULL,NULL,NULL,NULL,NULL,NULL,NULL,NULL,NULL,NULL,NULL,NULL,NULL,NULL,NULL,NULL,NULL,NULL,NULL,NULL,NULL
"745326","3a166822536d5c70a58a9b7c2149ce2f5a00831d4f4b4c89ea47533782efd4671b508927b9047711e8ae734929a003021422223f9701c8f166c2572f29a16a94","JC446260","09/20/2019 04:00:00 PM","1","DRIVER",NULL,"708199.0",NULL,"TRIUMPH","TRIUMPH","IL","2017.0","NONE","MOTORCYCLE (OVER 150CC)","PERSONAL","S","STRAIGHT AHEAD",NULL,NULL,"1.0",NULL,NULL,NULL,NULL,NULL,"Y",NULL,NULL,NULL,NULL,NULL,NULL,NULL,NULL,NULL,NULL,NULL,"SIDE-RIGHT",NULL,NULL,NULL,NULL,NULL,NULL,NULL,NULL,NULL,NULL,NULL,NULL,NULL,NULL,NULL,NULL,NULL,NULL,NULL,NULL,NULL,NULL,NULL,NULL,NULL,NULL,NULL,NULL,NULL,NULL,NULL,NULL,NULL
"745597","abe62ad9e0cbbb9d2d79527eec2da9614584470f0053fc5bc3af5e0c85d8920c99bd819dc9babcabbbb2510462b5bc890a3fdc9ff17b1440f1850b28dbcea820","JC446773","09/24/2019 07:00:00 AM","2","PARKED",NULL,"708436.0",NULL,"FORD","ESCAPE (SUV)","IL","2018.0","NONE","SPORT UTILITY VEHICLE (SUV)","PERSONAL","E","PARKED",NULL,NULL,"0.0",NULL,NULL,NULL,NULL,NULL,NULL,NULL,NULL,NULL,NULL,NULL,"Y","Y","Y","Y",NULL,NULL,"ROOF",NULL,NULL,NULL,NULL,NULL,NULL,NULL,NULL,NULL,NULL,NULL,NULL,NULL,NULL,NULL,NULL,NULL,NULL,NULL,NULL,NULL,NULL,NULL,NULL,NULL,NULL,NULL,NULL,NULL,NULL,NULL,NULL,NULL
"745628","ea5168e4c08bfb829bd4b342400e5906fb5dd193c1f294b51656980cc71618a39ace30fee4d482721bff27b5e16e98b55621cdb71345ecb14b392e8573416760","JC446771","09/24/2019 04:00:00 PM","2","DRIVER",NULL,"708486.0",NULL,"JEEP","CHEROKEE","IL","2014.0","NONE","PASSENGER","PERSONAL","W","STRAIGHT AHEAD",NULL,NULL,"1.0",NULL,NULL,NULL,NULL,NULL,NULL,NULL,NULL,NULL,NULL,NULL,"Y","Y","Y","Y",NULL,NULL,"ROOF",NULL,NULL,NULL,NULL,NULL,NULL,NULL,NULL,NULL,NULL,NULL,NULL,NULL,NULL,NULL,NULL,NULL,NULL,NULL,NULL,NULL,NULL,NULL,NULL,NULL,NULL,NULL,NULL,NULL,NULL,NULL,NULL,NULL
"746218","3077cc1ff141185f581d2d959e83bd74abca89707bbe4527f0105268d94ab6caf3150fee3f4a358c9216180332eb7459fdf747e00982da5ee56cc48ca3344dc7","JC447904","09/25/2019 12:45:00 PM","2","DRIVER",NULL,"709030.0",NULL,"KIA MOTORS CORP","FORTE","IL","2017.0","UNKNOWN","PASSENGER","PERSONAL","NW","TURNING LEFT",NULL,NULL,"1.0",NULL,NULL,NULL,NULL,"Y",NULL,NULL,NULL,NULL,NULL,NULL,NULL,NULL,NULL,NULL,NULL,NULL,"FRONT",NULL,NULL,NULL,NULL,NULL,NULL,NULL,NULL,NULL,NULL,NULL,NULL,NULL,NULL,NULL,NULL,NULL,NULL,NULL,NULL,NULL,NULL,NULL,NULL,NULL,NULL,NULL,NULL,NULL,NULL,NULL,NULL,NULL