"CRASH_UNIT_ID","CRASH_RECORD_ID","RD_NO","CRASH_DATE","UNIT_NO","UNIT_TYPE","NUM_PASSENGERS","VEHICLE_ID","CMRC_VEH_I","MAKE","MODEL","LIC_PLATE_STATE","VEHICLE_YEAR","VEHICLE_DEFECT","VEHICLE_TYPE","VEHICLE_USE","TRAVEL_DIRECTION","MANEUVER","TOWED_I","FIRE_I","OCCUPANT_CNT","EXCEED_SPEED_LIMIT_I","TOWED_BY","TOWED_TO","AREA_00_I","AREA_01_I","AREA_02_I","AREA_03_I","AREA_04_I","AREA_05_I","AREA_06_I","AREA_07_I","AREA_08_I","AREA_09_I","AREA_10_I","AREA_11_I","AREA_12_I","AREA_99_I","FIRST_CONTACT_POINT","CMV_ID","USDOT_NO","CCMC_NO","ILCC_NO","COMMERCIAL_SRC","GVWR","CARRIER_NAME","CARRIER_STATE","CARRIER_CITY","HAZMAT_PLACARDS_I","HAZMAT_NAME","UN_NO","HAZMAT_PRESENT_I","HAZMAT_REPORT_I","HAZMAT_REPORT_NO","MCS_REPORT_I","MCS_REPORT_NO","HAZMAT_VIO_CAUSE_CRASH_I","MCS_VIO_CAUSE_CRASH_I","IDOT_PERMIT_NO","WIDE_LOAD_I","TRAILER1_WIDTH","TRAILER2_WIDTH","TRAILER1_LENGTH","TRAILER2_LENGTH","TOTAL_VEHICLE_LENGTH","AXLE_CNT","VEHICLE_CONFIG","CARGO_BODY_TYPE","LOAD_TYPE","HAZMAT_OUT_OF_SERVICE_I","MCS_OUT_OF_SERVICE_I","HAZMAT_CLASS"
"746894","e627a65cf0556993d53cbd0969f20b45e945671f2fc99be627fb3e8983e5f6e3421519181c6a787754b22d2b403f77df5bc2492ae15be18408f659f031ccc84d","JC449138","09/26/2019 11:55:00 AM","1","DRIVER",NULL,"709610.0",NULL,"TOYOTA MOTOR COMPANY, LTD.","Prius","IL","2014.0","NONE","PASSENGER","PERSONAL","E","STRAIGHT AHEAD",NULL,NULL,"1.0",NULL,NULL,NULL,NULL,"Y",NULL,NULL,NULL,NULL,NULL,NULL,NULL,NULL,NULL,NULL,NULL,NULL,"FRONT",NULL,NULL,NULL,NULL,NULL,NULL,NULL,NULL,NULL,NULL,NULL,NULL,NULL,NULL,NULL,NULL,NULL,NULL,NULL,NULL,NULL,NULL,NULL,NULL,NULL,NULL,NULL,NULL,NULL,NULL,NULL,NULL,NULL
"747169","96b304c5df7f53a505f04b247e576e47f0c31892e4d702d0dbfeac527715b6df83a73de8f5bfcadb704c77c9e7961f4605802774b3c5ab1a7680af8926ca1946","JC449594","09/26/2019 05:10:00 PM","2","DRIVER",NULL,"709879.0",NULL,"TOYOTA MOTOR COMPANY, LTD.","CAMRY","IL","2017.0","NONE","PASSENGER","PERSONAL","SE","TURNING LEFT",NULL,NULL,"1.0",NULL,NULL,NULL,NULL,"Y","Y",NULL,NULL,NULL,NULL,NULL,NULL,NULL,NULL,NULL,NULL,NULL,"FRONT",NULL,NULL,NULL,NULL,NULL,NULL,NULL,NULL,NULL,NULL,NULL,NULL,NULL,NULL,NULL,NULL,NULL,NULL,NULL,NULL,NULL,NULL,NULL,NULL,NULL,NULL,NULL,NULL,NULL,NULL,NULL,NULL,NULL
"747206","99b1cba3cd9a987393b7d69f8b0dec227566df426b2ca1851f1da5d00c54e4f4f875dea7271bfec2cb99b85c5ff6075efb2e4dd3b88b2aee820d4ebdc6e4d18c","JC449598","09/26/2019 04:41:00 PM","1","DRIVER",NULL,"709915.0",NULL,"KIA MOTORS CORP","SOUL","IL","2017.0","NONE","PASSENGER","RIDESHARE SERVICE","S","STRAIGHT AHEAD",NULL,NULL,"1.0",NULL,NULL,NULL,NULL,NULL,NULL,NULL,NULL,NULL,"Y","Y",NULL,NULL,NULL,NULL,NULL,NULL,"SIDE-LEFT",NULL,NULL,NULL,NULL,NULL,NULL,NULL,NULL,NULL,NULL,NULL,NULL,NULL,NULL,NULL,NULL,NULL,NULL,NULL,NULL,NULL,NULL,NULL,NULL,NULL,NULL,NULL,NULL,NULL,NULL,NULL,NULL,NULL
"747217","9171e5ed0ba01f1554d218fc5c0c84dc4684a0eb6c06cafc08c55ad751703e1451d6a73b9f35cb12e26d7c430c2fe16d226ef21a885e7567c5e6fa1bc221a5e9","JC449650","09/26/2019 05:30:00 PM","1","DRIVER","1.0","709917.0",NULL,"TOYOTA MOTOR COMPANY, LTD.","CAMRY","IL","2018.0","UNKNOWN","PASSENGER","UNKNOWN/NA","S","UNKNOWN/NA",NULL,NULL,"2.0",NULL,NULL,NULL,NULL,NULL,NULL,NULL,NULL,NULL,NULL,NULL,NULL,NULL,NULL,NULL,NULL,"Y","FRONT",NULL,NULL,NULL,NULL,NULL,NULL,NULL,NULL,NULL,NULL,NULL,NULL,NULL,NULL,NULL,NULL,NULL,NULL,NULL,NULL,NULL,NULL,NULL,NULL,NULL,NULL,NULL,NULL,NULL,NULL,NULL,NULL,NULL
"747468","c0e15e1ddcff0c21b8d03d6310ca88cfb88a949b7b09554e3b7fffa369642af275a87889a7587e4a3e66e0868874b99cdbe1da5f60c0de7029fcc58b5c9843c5","JC450114","09/27/2019 04:29:00 AM","1","DRIVER",NULL,"710165.0",NULL,"SUBARU","FORESTER","IL","2019.0","NONE","SPORT UTILITY VEHICLE (SUV)","PERSONAL","S","TURNING LEFT",NULL,NULL,"1.0",NULL,NULL,NULL,"Y",NULL,NULL,NULL,NULL,NULL,NULL,NULL,NULL,NULL,NULL,NULL,NULL,"N","FRONT",NULL,NULL,NULL,NULL,NULL,NULL,NULL,NULL,NULL,NULL,NULL,NULL,NULL,NULL,NULL,NULL,NULL,NULL,NULL,NULL,NULL,NULL,NULL,NULL,NULL,NULL,NULL,NULL,NULL,NULL,NULL,NULL,NULL
"747546","7b15cd0494090a7951efc98deec20ade7648891ec363d250ee54f98874dafc329461090cd501f06cbdf42b2f81099afbfb64235c22f55322c54eaf71330b73c1","JC450248","09/26/2019 05:10:00 PM","1","DRIVER",NULL,"710233.0",NULL,"HONDA","Pilot","IL","2016.0","NONE","SPORT UTILITY VEHICLE (SUV)","PERSONAL","N","STRAIGHT AHEAD",NULL,NULL,"1.0",NULL,NULL,NULL,NULL,NULL,NULL,NULL,NULL,NULL,NULL,NULL,NULL,NULL,NULL,NULL,"Y",NULL,"OTHER",NULL,NULL,NULL,NULL,NULL,NULL,NULL,NULL,NULL,NULL,NULL,NULL,NULL,NULL,NULL,NULL,NULL,NULL,NULL,NULL,NULL,NULL,NULL,NULL,NULL,NULL,NULL,NULL,NULL,NULL,NULL,NULL,NULL
"747971","fbfb226febab62c559f504ea358ae95c4c1f19bcef7e1f59897e7a17ba9a6146a49fc49e2529dbe0df7fd4fa0f8faf61eb885d5ad3467bc563de8506bc29cb7c","JC450890","09/27/2019 03:30:00 PM","2","PARKED",NULL,"710626.0",NULL,"NISSAN","SENTRA (DATSUN AND NISSAN HAVE MERGED)","IL","2011.0","UNKNOWN","PASSENGER","PERSONAL","W","PARKED",NULL,NULL,"0.0",NULL,NULL,NULL,NULL,NULL,NULL,NULL,NULL,NULL,NULL,NULL,NULL,NULL,"Y",NULL,NULL,NULL,"UNDER CARRIAGE",NULL,NULL,NULL,NULL,NULL,NULL,NULL,NULL,NULL,NULL,NULL,NULL,NULL,NULL,NULL,NULL,NULL,NULL,NULL,NULL,NULL,NULL,NULL,NULL,NULL,NULL,NULL,NULL,NULL,NULL,NULL,NULL,NULL
"748016","0bf840f9a45ea4b8127c47f971d89688a61d52837350043b5a17f97b7ee7e7e7e9467dfcbc5f6a1883ff45d6cbf8718c5efe0454eada95f19f498f6af5a88547","JC450991","09/27/2019 05:50:00 PM","2","DRIVER",NULL,"710659.0",NULL,"HONDA","ACCORD","IL","2010.0","NONE","PASSENGER","PERSONAL","S","STRAIGHT AHEAD",NULL,NULL,"1.0",NULL,NULL,NULL,NULL,NULL,NULL,NULL,NULL,NULL,"Y",NULL,NULL,NULL,NULL,NULL,NULL,NULL,"REAR-LEFT",NULL,NULL,NULL,NULL,NULL,NULL,NULL,NULL,NULL,NULL,NULL,NULL,NULL,NULL,NULL,NULL,NULL,NULL,NULL,NULL,NULL,NULL,NULL,NULL,NULL,NULL,NULL,NULL,NULL,NULL,NULL,NULL,NULL
"748210","4adcc01cf480eaba9a8388176ea7737bdc397c0f1dcdab3f664d967248014b5d699667b405c4d0480af688d3762f7184f1542b3b24ec6ed7e4011ae8068ae541","JC451254","09/27/2019 10:55:00 PM","2","DRIVER","2.0","710848.0",NULL,"AUDI","A4","IL","2011.0","UNKNOWN","PASSENGER","RIDESHARE SERVICE","E","STRAIGHT AHEAD","Y",NULL,"3.0",NULL,"OWNER","UNKNOWN",NULL,"Y",NULL,NULL,NULL,NULL,NULL,NULL,NULL,NULL,NULL,"Y","Y",NULL,"OTHER",NULL,NULL,NULL,NULL,NULL,NULL,NULL,NULL,NULL,NULL,NULL,NULL,NULL,NULL,NULL,NULL,NULL,NULL,NULL,NULL,NULL,NULL,NULL,NULL,NULL,NULL,NULL,NULL,NULL,NULL,NULL,NULL,NULL
"749116","dac5cc615e78c29fc571aa4d55b50386054e060ffc6943e5e28d4e33a8a531ea17838691b68798d82a568ecc21734e64528e9311a9e94f3fc2727b828f05d617","JC452649","09/29/2019 03:06:00 AM","3","PARKED",NULL,"711694.0",NULL,"CHEVROLET","IMPALA","MI","2011.0","NONE","PASSENGER","NOT IN USE","N","PARKED",NULL,NULL,"0.0",NULL,NULL,NULL,NULL,NULL,NULL,NULL,NULL,"Y","Y","Y",NULL,NULL,NULL,NULL,NULL,NULL,"REAR-LEFT",NULL,NULL,NULL,NULL,NULL,NULL,NULL,NULL,NULL,NULL,NULL,NULL,NULL,NULL,NULL,NULL,NULL,NULL,NULL,NULL,NULL,NULL,NULL,NULL,NULL,NULL,NULL,NULL,NULL,NULL,NULL,NULL,NULL
"749284","6bde851fb603aaeb9e86ec9146b7f861eee8a0bb2e18ed5fd8249baa3ba435420aa951f51bd120221a7af4ab4dbad65b5aaceffb33f8fa4bfc0a659fb5580abb","JC452977","09/29/2019 11:40:00 AM","1","DRIVER",NULL,"711839.0",NULL,"CHEVROLET","CRUZE","IL","2015.0","NONE","PASSENGER","PERSONAL","W","STRAIGHT AHEAD",NULL,NULL,"1.0",NULL,NULL,NULL,NULL,NULL,NULL,NULL,NULL,NULL,NULL,NULL,NULL,NULL,NULL,NULL,"Y",NULL,"OTHER",NULL,NULL,NULL,NULL,NULL,NULL,NULL,NULL,NULL,NULL,NULL,NULL,NULL,NULL,NULL,NULL,NULL,NULL,NULL,NULL,NULL,NULL,NULL,NULL,NULL,NULL,NULL,NULL,NULL,NULL,NULL,NULL,NULL
"749285","6bde851fb603aaeb9e86ec9146b7f861eee8a0bb2e18ed5fd8249baa3ba435420aa951f51bd120221a7af4ab4dbad65b5aaceffb33f8fa4bfc0a659fb5580abb","JC452977","09/29/2019 11:40:00 AM","2","DRIVER","1.0","711850.0",NULL,"TOYOTA MOTOR COMPANY, LTD.","Sienna (van)","IL","2011.0","NONE","VAN/MINI-VAN","PERSONAL","W","STRAIGHT AHEAD",NULL,NULL,"2.0",NULL,NULL,NULL,NULL,NULL,NULL,NULL,NULL,NULL,"Y",NULL,NULL,NULL,NULL,NULL,NULL,NULL,"REAR-LEFT",NULL,NULL,NULL,NULL,NULL,NULL,NULL,NULL,NULL,NULL,NULL,NULL,NULL,NULL,NULL,NULL,NULL,NULL,NULL,NULL,NULL,NULL,NULL,NULL,NULL,NULL,NULL,NULL,NULL,NULL,NULL,NULL,NULL
"749744","eb9cac4886eee05162cbba7c43d86d5d05e84511bccfc543b3c16e91cbc642dd32acf849c410ff3c2b1a06e1a2eac95d262bac20ecc24d4f41d002101bfadfe3","JC453857","09/30/2019 08:15:00 AM","2","DRIVER",NULL,"712278.0",NULL,"FORD","FORD-TRUCK,VAN,SUV, ETC","IL","2017.0","NONE","VAN/MINI-VAN","OTHER","N","SLOW/STOP IN TRAFFIC",NULL,NULL,"1.0",NULL,NULL,NULL,NULL,NULL,NULL,NULL,NULL,NULL,"Y",NULL,NULL,NULL,NULL,NULL,NULL,NULL,"REAR-LEFT",NULL,NULL,NULL,NULL,NULL,NULL,NULL,NULL,NULL,NULL,NULL,NULL,NULL,NULL,NULL,NULL,NULL,NULL,NULL,NULL,NULL,NULL,NULL,NULL,NULL,NULL,NULL,NULL,NULL,NULL,NULL,NULL,NULL
"749758","7a58567c959f506304a3020946fb8d80ceec5030295dd2594a77f0077e73d2a8a8ea0f1050fe129f7b0fec3eef1092ad18e2026810cd3b6f0c923cb333b30b6e","JC453842","09/30/2019 08:07:00 AM","1","DRIVER",NULL,"712282.0",NULL,"CHEVROLET","TRAVERSE","IL","2014.0","NONE","PASSENGER","PERSONAL","NE","TURNING RIGHT",NULL,NULL,"1.0",NULL,NULL,NULL,NULL,"N",NULL,NULL,NULL,NULL,NULL,NULL,NULL,NULL,"Y","Y","Y",NULL,NULL,NULL,NULL,NULL,NULL,NULL,NULL,NULL,NULL,NULL,NULL,NULL,NULL,NULL,NULL,NULL,NULL,NULL,NULL,NULL,NULL,NULL,NULL,NULL,NULL,NULL,NULL,NULL,NULL,NULL,NULL,NULL,NULL,NULL
"749998","88d45ce8beda1ec0b115af100068add15323160d3884eb033297c6e212e0ceb6554f5eaa2a5a14b451c4de133e115359ecfb3d36564de27a4200158375dbd0ab","JC454271","09/30/2019 11:37:00 AM","2","DRIVER",NULL,"712468.0",NULL,"LINCOLN-CONTINENTAL","MKZ","IL","2017.0","NONE","PASSENGER","PERSONAL","N","STRAIGHT AHEAD",NULL,NULL,"1.0",NULL,NULL,NULL,NULL,NULL,NULL,NULL,NULL,NULL,NULL,"Y","Y","Y","Y","Y",NULL,NULL,"ROOF",NULL,NULL,NULL,NULL,NULL,NULL,NULL,NULL,NULL,NULL,NULL,NULL,NULL,NULL,NULL,NULL,NULL,NULL,NULL,NULL,NULL,NULL,NULL,NULL,NULL,NULL,NULL,NULL,NULL,NULL,NULL,NULL,NULL
"750146","ef23af361a7169071fcfdccdeb86fa55f5c9a90ea8f0ad59247ae625ce4802d6329c1e30c88ddf736521d132c252619651ed7333a458fa9d535a7a0550384307","JC454534","09/30/2019 04:15:00 PM","1","DRIVER",NULL,"712610.0",NULL,"DODGE","CHARGER","IL","2018.0","NONE","PASSENGER","PERSONAL","S","STARTING IN TRAFFIC",NULL,NULL,"1.0",NULL,NULL,NULL,NULL,"Y",NULL,NULL,NULL,NULL,NULL,NULL,NULL,NULL,NULL,"Y","Y",NULL,"TOTAL (ALL AREAS)",NULL,NULL,NULL,NULL,NULL,NULL,NULL,NULL,NULL,NULL,NULL,NULL,NULL,NULL,NULL,NULL,NULL,NULL,NULL,NULL,NULL,NULL,NULL,NULL,NULL,NULL,NULL,NULL,NULL,NULL,NULL,NULL,NULL
"750458","afc4ff38d0c932b897ca61e6c124125252ff5ab1d160ca062b107232291d7086cedc106674c046e87834cf6a3d50b7cd1afa31694e649dac9761a8c4617ea787","JC455078","09/30/2019 10:55:00 PM","2","DRIVERLESS",NULL,"712916.0",NULL,"FORD","UNKNOWN","IL","2011.0","UNKNOWN","VAN/MINI-VAN","UNKNOWN/NA","UNKNOWN","PARKED",NULL,NULL,"0.0",NULL,NULL,NULL,NULL,NULL,NULL,NULL,NULL,NULL,NULL,NULL,"Y",NULL,"Y","Y",NULL,NULL,"ROOF",NULL,NULL,NULL,NULL,NULL,NULL,NULL,NULL,NULL,NULL,NULL,NULL,NULL,NULL,NULL,NULL,NULL,NULL,NULL,NULL,NULL,NULL,NULL,NULL,NULL,NULL,NULL,NULL,NULL,NULL,NULL,NULL,NULL
"750493","8a4a5253c4b41150eaec275b8175b3a9dc9558c7aece83c2c89c47fa569c4c9385e10132544238eb352a5934a755605f6091d83c96880d2d9b3194960ba79c01","JC455261","09/30/2019 09:50:00 AM","2","PARKED",NULL,"712949.0",NULL,"JEEP","CHEROKEE","IL","2014.0","NONE","PASSENGER","PERSONAL","W","PARKED",NULL,NULL,"0.0",NULL,NULL,NULL,NULL,NULL,NULL,NULL,NULL,NULL,NULL,NULL,NULL,NULL,"Y","Y",NULL,NULL,"TOTAL (ALL AREAS)",NULL,NULL,NULL,NULL,NULL,NULL,NULL,NULL,NULL,NULL,NULL,NULL,NULL,NULL,NULL,NULL,NULL,NULL,NULL,NULL,NULL,NULL,NULL,NULL,NULL,NULL,NULL,NULL,NULL,NULL,NULL,NULL,NULL
"750829","538c8f9c6fe1eab67492e0dc41a01213d5fd24b94e9cb1c5f7826a9a02be450120a8010ee2fc600e070a06ce78d0fc91c24b9d435cef8074c941e826e2b177bb","JC455915","10/01/2019 01:26:00 PM","2","DRIVER",NULL,"713273.0",NULL,"TOYOTA MOTOR COMPANY, LTD.","RAV4 (sport utility)","IL","2013.0","NONE","SPORT UTILITY VEHICLE (SUV)","PERSONAL","E","STRAIGHT AHEAD",NULL,NULL,"1.0",NULL,NULL,NULL,NULL,NULL,NULL,NULL,NULL,NULL,"Y",NULL,NULL,NULL,NULL,NULL,NULL,NULL,"REAR-LEFT",NULL,NULL,NULL,NULL,NULL,NULL,NULL,NULL,NULL,NULL,NULL,NULL,NULL,NULL,NULL,NULL,NULL,NULL,NULL,NULL,NULL,NULL,NULL,NULL,NULL,NULL,NULL,NULL,NULL,NULL,NULL,NULL,NULL
"750890","5928e732e6e0898c45b1a62ff4f105190d431d06f6148b6f5e04347a297eb7df3946afdeb26045ae7ba01ec935aa19c53df67e4f90c969904650985b3de1dc88","JC456040","10/01/2019 04:25:00 PM","2","DRIVER","2.0","713316.0",NULL,"CHEVROLET","MALIBU (CHEVELLE)","IL","2011.0","NONE","PASSENGER","PERSONAL","N","SLOW/STOP IN TRAFFIC",NULL,NULL,"3.0",NULL,NULL,NULL,NULL,NULL,NULL,NULL,NULL,NULL,"Y",NULL,NULL,NULL,NULL,NULL,"Y",NULL,"REAR-LEFT",NULL,NULL,NULL,NULL,NULL,NULL,NULL,NULL,NULL,NULL,NULL,NULL,NULL,NULL,NULL,NULL,NULL,NULL,NULL,NULL,NULL,NULL,NULL,NULL,NULL,NULL,NULL,NULL,NULL,NULL,NULL,NULL,NULL
"751186","2e790649c7c7e0e34c4682392eb2b8e9d0c143b5569007019ac7bf1e6743279502f74492dd574e386f83cbd096a47260d888425db747bdb92f7417e93904b19b","JC456486","10/01/2019 11:31:00 PM","2","PARKED",NULL,"713584.0",NULL,"HYUNDAI","UNKNOWN","IL","2016.0","UNKNOWN","PASSENGER","PERSONAL","UNKNOWN","PARKED",NULL,NULL,"0.0",NULL,NULL,NULL,NULL,NULL,NULL,NULL,NULL,NULL,"Y",NULL,NULL,NULL,NULL,NULL,NULL,NULL,"REAR-LEFT",NULL,NULL,NULL,NULL,NULL,NULL,NULL,NULL,NULL,NULL,NULL,NULL,NULL,NULL,NULL,NULL,NULL,NULL,NULL,NULL,NULL,NULL,NULL,NULL,NULL,NULL,NULL,NULL,NULL,NULL,NULL,NULL,NULL
"751271","0c84de88543ad202e3bbe7e8239647ddf4211dd67d40e945ab804ce2fa1ab047d17a1cb4b6b301576a20b92878206185612154adcfb45c5fd68a9696ed3efe34","JC456741","10/01/2019 08:15:00 AM","2","DRIVER",NULL,"713674.0",NULL,"BMW","UNKNOWN","IL","2014.0","UNKNOWN","PASSENGER","PERSONAL","W","SLOW/STOP IN TRAFFIC",NULL,NULL,"1.0",NULL,NULL,NULL,NULL,NULL,NULL,NULL,NULL,NULL,"Y",NULL,NULL,NULL,NULL,NULL,NULL,NULL,"REAR-LEFT",NULL,NULL,NULL,NULL,NULL,NULL,NULL,NULL,NULL,NULL,NULL,NULL,NULL,NULL,NULL,NULL,NULL,NULL,NULL,NULL,NULL,NULL,NULL,NULL,NULL,NULL,NULL,NULL,NULL,NULL,NULL,NULL,NULL
"751497","be19f8e8eba796426733e57568ce7147213f8fc166a19fa940b1c0e54b909e72f20e83d6f4638298aae7525694dcf697bcd3fbd2555b6a0a620648467c922e13","JC457079","10/02/2019 12:20:00 PM","2","DRIVER",NULL,"713894.0",NULL,"HYUNDAI","ELANTRA","IL","2013.0","UNKNOWN","PASSENGER","PERSONAL","N","PASSING/OVERTAKING",NULL,NULL,"1.0",NULL,NULL,NULL,NULL,NULL,NULL,NULL,NULL,NULL,"Y","Y","N",NULL,NULL,NULL,NULL,NULL,"REAR-LEFT",NULL,NULL,NULL,NULL,NULL,NULL,NULL,NULL,NULL,NULL,NULL,NULL,NULL,NULL,NULL,NULL,NULL,NULL,NULL,NULL,NULL,NULL,NULL,NULL,NULL,NULL,NULL,NULL,NULL,NULL,NULL,NULL,NULL
"751506","f2d9440f35924d881ec1f730065b62cdecca8a592b145a7669746e08db8fd15333ad57b1db8132bcd703ea1ee67c45e3254beb7cf59eeedd75ee0811c414ffbe","JC457103","10/02/2019 07:40:00 AM","2","DRIVER",NULL,"713920.0",NULL,"CHEVROLET","IMPALA","IL","2018.0","NONE","PASSENGER","PERSONAL","N","STRAIGHT AHEAD",NULL,NULL,"1.0",NULL,NULL,NULL,NULL,NULL,NULL,NULL,NULL,"Y","Y","Y",NULL,NULL,NULL,NULL,NULL,NULL,"REAR-LEFT",NULL,NULL,NULL,NULL,NULL,NULL,NULL,NULL,NULL,NULL,NULL,NULL,NULL,NULL,NULL,NULL,NULL,NULL,NULL,NULL,NULL,NULL,NULL,NULL,NULL,NULL,NULL,NULL,NULL,NULL,NULL,NULL,NULL
"751605","9f4a0d7dfe8d2cfd2633aebdb8b2b21a64b3a4364c707f1f2aa3cad02b20b1f72b175708bf3fe0075e25209e7b5d1e0d38d6d9462a171edf1f95302192679fd1","JC457301","10/02/2019 03:25:00 PM","1","DRIVER",NULL,"713985.0",NULL,"NISSAN","NISSAN ALTIMA","IL","2013.0","UNKNOWN","PASSENGER","PERSONAL","W","SLOW/STOP IN TRAFFIC",NULL,NULL,"1.0",NULL,NULL,NULL,NULL,"Y",NULL,NULL,NULL,NULL,NULL,NULL,NULL,NULL,NULL,"Y","Y",NULL,"OTHER",NULL,NULL,NULL,NULL,NULL,NULL,NULL,NULL,NULL,NULL,NULL,NULL,NULL,NULL,NULL,NULL,NULL,NULL,NULL,NULL,NULL,NULL,NULL,NULL,NULL,NULL,NULL,NULL,NULL,NULL,NULL,NULL,NULL
"752260","98042b5198b0fdb3281432db9b73af043c21b6405ccdd708346f4bf803822e3c2483c8dc1eca1f09426f97da6ac1997ca0543c811ac4e6b925a872ee765a2654","JC458324","10/03/2019 10:47:00 AM","2","DRIVER","1.0","714609.0",NULL,"FORD","Explorer","IL","2013.0","NONE","PASSENGER","POLICE","E","STRAIGHT AHEAD","Y",NULL,"2.0",NULL,"CITY OF CHICAGO","UNKNOWN",NULL,NULL,NULL,NULL,NULL,NULL,NULL,NULL,NULL,NULL,NULL,NULL,"Y",NULL,"OTHER",NULL,NULL,NULL,NULL,NULL,NULL,NULL,NULL,NULL,NULL,NULL,NULL,NULL,NULL,NULL,NULL,NULL,NULL,NULL,NULL,NULL,NULL,NULL,NULL,NULL,NULL,NULL,NULL,NULL,NULL,NULL,NULL,NULL
"752322","8cdc9f33e64b32a392edcc3d5aa918d8c56f60beb7777b0dfc64b9fcac598c817f3507678dc49b0e669cd6d7ab8cbfb80c2fd5b7e7d5fe972733d5e47451436c","JC457580","10/02/2019 03:30:00 PM","1","DRIVER","1.0","714653.0",NULL,"FORD","UNKNOWN","IL","2016.0","NONE","PASSENGER","PERSONAL","N","PASSING/OVERTAKING",NULL,NULL,"2.0",NULL,NULL,NULL,NULL,NULL,NULL,NULL,NULL,NULL,NULL,"Y",NULL,NULL,"N","N",NULL,NULL,"SIDE-LEFT",NULL,NULL,NULL,NULL,NULL,NULL,NULL,NULL,NULL,NULL,NULL,NULL,NULL,NULL,NULL,NULL,NULL,NULL,NULL,NULL,NULL,NULL,NULL,NULL,NULL,NULL,NULL,NULL,NULL,NULL,NULL,NULL,NULL
"752386","96d63d7c25a3d120a3720d85593d8bbf851e57adcf0f467a11b66e2324022cd2799a0943a35703a1eca1a2b1c6777bdd821d120e1c32de2e5ee5fdf5ceddfb2f","JC458717","10/03/2019 02:22:00 PM","2","DRIVER",NULL,"714729.0",NULL,"HONDA","UNKNOWN","IL","2018.0","UNKNOWN","PASSENGER","PERSONAL","E","STRAIGHT AHEAD",NULL,NULL,"1.0",NULL,NULL,NULL,NULL,NULL,NULL,NULL,NULL,NULL,NULL,NULL,NULL,"Y",NULL,NULL,NULL,NULL,"ROOF",NULL,NULL,NULL,NULL,NULL,NULL,NULL,NULL,NULL,NULL,NULL,NULL,NULL,NULL,NULL,NULL,NULL,NULL,NULL,NULL,NULL,NULL,NULL,NULL,NULL,NULL,NULL,NULL,NULL,NULL,NULL,NULL,NULL
"752397","4d1d05cfd700655b7d05be68f459fe61bc791b9a0373e18219d8b8991bfb84a636ed0c5a285d87889eac1ab063d151cc3bff174fe6edf218b83b450b92f51dae","JC458738","10/03/2019 11:40:00 AM","1","DRIVER",NULL,"714730.0",NULL,"NISSAN","UNKNOWN","IL","2009.0","NONE","PASSENGER","PERSONAL","E","ENTERING TRAFFIC LANE FROM PARKING",NULL,NULL,"1.0",NULL,NULL,NULL,NULL,NULL,NULL,NULL,NULL,NULL,NULL,NULL,NULL,NULL,"Y","Y","Y",NULL,"TOTAL (ALL AREAS)",NULL,NULL,NULL,NULL,NULL,NULL,NULL,NULL,NULL,NULL,NULL,NULL,NULL,NULL,NULL,NULL,NULL,NULL,NULL,NULL,NULL,NULL,NULL,NULL,NULL,NULL,NULL,NULL,NULL,NULL,NULL,NULL,NULL
"752418","e7a2e908e3e5a38e54c0d0a66823eeceac47affc1dfd6f47ea0486dd0ab2f55f632a5f7a2c3a626c6a655083d936dbf06ce41184b3cbaf2f48ef7c8699ec2b37","JC458765","09/24/2019 11:00:00 AM","2","DRIVER",NULL,"714754.0",NULL,"HONDA","CRV","IL","2011.0","NONE","SPORT UTILITY VEHICLE (SUV)","PERSONAL","S","STRAIGHT AHEAD",NULL,NULL,"1.0",NULL,NULL,NULL,NULL,"Y",NULL,NULL,NULL,NULL,NULL,NULL,NULL,NULL,NULL,NULL,NULL,NULL,"FRONT",NULL,NULL,NULL,NULL,NULL,NULL,NULL,NULL,NULL,NULL,NULL,NULL,NULL,NULL,NULL,NULL,NULL,NULL,NULL,NULL,NULL,NULL,NULL,NULL,NULL,NULL,NULL,NULL,NULL,NULL,NULL,NULL,NULL
"752970","990d425af3b89b09f65d99fc81242aed8ce71cf3ad40914744812cedc504bfa17938c9d1c2dd68224603366ad0a7f8f9b600db38b9dbe3e723a703a5b8fc3334","JC459740","10/04/2019 03:30:00 AM","2","DRIVER",NULL,"715284.0","N","FREIGHTLINER CORP.","FREIGHTLINER CORP.","WI","2015.0","UNKNOWN","TRACTOR W/ SEMI-TRAILER","OTHER","N","STRAIGHT AHEAD",NULL,NULL,"1.0",NULL,NULL,NULL,NULL,NULL,NULL,NULL,NULL,NULL,NULL,NULL,NULL,NULL,NULL,NULL,NULL,NULL,"SIDE-LEFT",NULL,NULL,NULL,NULL,NULL,NULL,NULL,NULL,NULL,NULL,NULL,NULL,NULL,NULL,NULL,NULL,NULL,NULL,NULL,NULL,NULL,NULL,NULL,NULL,NULL,NULL,NULL,NULL,NULL,NULL,NULL,NULL,NULL
"753074","47097859956a1b8f6deece9f1dd2253cb9e2eb343d7816eae8689459e0de38cba16230ccd07b8bef665b9b8dc9ebb0e57a2366a91d8f3f7072c9aedde5f6f6e2","JC460034","10/04/2019 02:42:00 PM","1","DRIVER",NULL,"715388.0",NULL,"CHEVROLET","BLAZER","IL","2009.0","UNKNOWN","PASSENGER","PERSONAL","S","STRAIGHT AHEAD",NULL,NULL,"1.0",NULL,NULL,NULL,NULL,NULL,NULL,NULL,NULL,NULL,NULL,NULL,NULL,"Y","Y","Y","Y",NULL,"TOTAL (ALL AREAS)",NULL,NULL,NULL,NULL,NULL,NULL,NULL,NULL,NULL,NULL,NULL,NULL,NULL,NULL,NULL,NULL,NULL,NULL,NULL,NULL,NULL,NULL,NULL,NULL,NULL,NULL,NULL,NULL,NULL,NULL,NULL,NULL,NULL