"CRASH_UNIT_ID","CRASH_RECORD_ID","RD_NO","CRASH_DATE","UNIT_NO","UNIT_TYPE","NUM_PASSENGERS","VEHICLE_ID","CMRC_VEH_I","MAKE","MODEL","LIC_PLATE_STATE","VEHICLE_YEAR","VEHICLE_DEFECT","VEHICLE_TYPE","VEHICLE_USE","TRAVEL_DIRECTION","MANEUVER","TOWED_I","FIRE_I","OCCUPANT_CNT","EXCEED_SPEED_LIMIT_I","TOWED_BY","TOWED_TO","AREA_00_I","AREA_01_I","AREA_02_I","AREA_03_I","AREA_04_I","AREA_05_I","AREA_06_I","AREA_07_I","AREA_08_I","AREA_09_I","AREA_10_I","AREA_11_I","AREA_12_I","AREA_99_I","FIRST_CONTACT_POINT","CMV_ID","USDOT_NO","CCMC_NO","ILCC_NO","COMMERCIAL_SRC","GVWR","CARRIER_NAME","CARRIER_STATE","CARRIER_CITY","HAZMAT_PLACARDS_I","HAZMAT_NAME","UN_NO","HAZMAT_PRESENT_I","HAZMAT_REPORT_I","HAZMAT_REPORT_NO","MCS_REPORT_I","MCS_REPORT_NO","HAZMAT_VIO_CAUSE_CRASH_I","MCS_VIO_CAUSE_CRASH_I","IDOT_PERMIT_NO","WIDE_LOAD_I","TRAILER1_WIDTH","TRAILER2_WIDTH","TRAILER1_LENGTH","TRAILER2_LENGTH","TOTAL_VEHICLE_LENGTH","AXLE_CNT","VEHICLE_CONFIG","CARGO_BODY_TYPE","LOAD_TYPE","HAZMAT_OUT_OF_SERVICE_I","MCS_OUT_OF_SERVICE_I","HAZMAT_CLASS"
"753090","104e991a473638611d48c9ef908aec2893f1daa6ed192d45ecc3ea3d3ffdf062899031de3413c8fc3ccca22f4b4bfe1894384947df0bb89fc31c0071e321a916","JC459977","10/03/2019 02:00:00 PM","2","PARKED",NULL,"715398.0",NULL,"BMW","328i","IL","2015.0","UNKNOWN","PASSENGER","PERSONAL","E","PARKED",NULL,NULL,"0.0",NULL,NULL,NULL,NULL,NULL,NULL,NULL,NULL,NULL,NULL,NULL,NULL,NULL,NULL,NULL,"Y",NULL,"OTHER",NULL,NULL,NULL,NULL,NULL,NULL,NULL,NULL,NULL,NULL,NULL,NULL,NULL,NULL,NULL,NULL,NULL,NULL,NULL,NULL,NULL,NULL,NULL,NULL,NULL,NULL,NULL,NULL,NULL,NULL,NULL,NULL,NULL
"753173","feffdab05baab33523892d8f42f5cb4de1b6b355125d5f10ee0ffaa02a5facb663f2c2f97779290296daad5e9571c3022034b41c8eedf8829181da14bff776ef","JC460140","10/04/2019 05:08:00 PM","1","DRIVER",NULL,"715479.0",NULL,"LEXUS","ES350","IL","2015.0","UNKNOWN","PASSENGER","PERSONAL","S","STRAIGHT AHEAD",NULL,NULL,"1.0",NULL,NULL,NULL,NULL,"Y",NULL,NULL,NULL,NULL,NULL,NULL,NULL,NULL,NULL,NULL,"Y",NULL,"FRONT-RIGHT",NULL,NULL,NULL,NULL,NULL,NULL,NULL,NULL,NULL,NULL,NULL,NULL,NULL,NULL,NULL,NULL,NULL,NULL,NULL,NULL,NULL,NULL,NULL,NULL,NULL,NULL,NULL,NULL,NULL,NULL,NULL,NULL,NULL
"753660","f88255b8854f47dce9028f4254881c230dcf0dc2e634bdbd2d52e27bb589cb1ddacb3231c80cc2921f541f0cea991f1b9cab619e08537f4da1b3fa89fb76aba7","JC461063","10/05/2019 12:35:00 PM","1","DRIVER",NULL,"715984.0",NULL,"TOYOTA MOTOR COMPANY, LTD.","CAMRY","IL","2011.0","UNKNOWN","PASSENGER","UNKNOWN/NA","N","STRAIGHT AHEAD",NULL,NULL,"1.0",NULL,NULL,NULL,NULL,NULL,NULL,NULL,NULL,NULL,NULL,NULL,NULL,NULL,NULL,NULL,"Y",NULL,"OTHER",NULL,NULL,NULL,NULL,NULL,NULL,NULL,NULL,NULL,NULL,NULL,NULL,NULL,NULL,NULL,NULL,NULL,NULL,NULL,NULL,NULL,NULL,NULL,NULL,NULL,NULL,NULL,NULL,NULL,NULL,NULL,NULL,NULL
"753668","5cd69ebcc611dc6314157bdb1c2035d336d18393428bf651ad30ac47384d6546f834e884f4ceefb5ad1de68b8c44e5131004611d031b329f5083147e30fea4f1","JC461071","10/05/2019 01:15:00 PM","1","DRIVER",NULL,"715933.0",NULL,"TOYOTA MOTOR COMPANY, LTD.","CAMRY","IL","2013.0","UNKNOWN","OTHER","OTHER","N","STRAIGHT AHEAD",NULL,NULL,"1.0",NULL,NULL,NULL,NULL,NULL,NULL,NULL,NULL,NULL,"Y",NULL,NULL,NULL,NULL,NULL,NULL,NULL,"REAR-LEFT",NULL,NULL,NULL,NULL,NULL,NULL,NULL,NULL,NULL,NULL,NULL,NULL,NULL,NULL,NULL,NULL,NULL,NULL,NULL,NULL,NULL,NULL,NULL,NULL,NULL,NULL,NULL,NULL,NULL,NULL,NULL,NULL,NULL
"754028","529fa49f3362a1e1d58051be825fbdb3a95216e14118addb348319b070b92c21c658e772428dd7df52212cf0516cd0f633c4edd0e471d8e7fd5f974534a2a378","JC461605","10/05/2019 10:20:00 PM","1","DRIVER","1.0","716267.0",NULL,"MAZDA","UNKNOWN","IA","2016.0","UNKNOWN","PASSENGER","UNKNOWN/NA","E","TURNING RIGHT",NULL,NULL,"2.0",NULL,NULL,NULL,NULL,"Y","Y","Y","Y","Y",NULL,NULL,NULL,NULL,NULL,NULL,NULL,NULL,"SIDE-RIGHT",NULL,NULL,NULL,NULL,NULL,NULL,NULL,NULL,NULL,NULL,NULL,NULL,NULL,NULL,NULL,NULL,NULL,NULL,NULL,NULL,NULL,NULL,NULL,NULL,NULL,NULL,NULL,NULL,NULL,NULL,NULL,NULL,NULL
"754047","2cff1b0e1c283b529057ad8aacf096fc190e81b008a92e699b0b2ed3fbf2712200bdcc6498282cc38ee165290abce057e5ddd1a05a35825cf272f0eb970d0814","JC461653","10/05/2019 11:51:00 PM","1","DRIVER",NULL,"716287.0",NULL,"CHEVROLET","IMPALA","IL","2012.0","UNKNOWN","PASSENGER","PERSONAL","S","STRAIGHT AHEAD",NULL,NULL,"1.0",NULL,NULL,NULL,NULL,NULL,NULL,NULL,NULL,NULL,NULL,NULL,NULL,NULL,"Y","Y","Y",NULL,"TOTAL (ALL AREAS)",NULL,NULL,NULL,NULL,NULL,NULL,NULL,NULL,NULL,NULL,NULL,NULL,NULL,NULL,NULL,NULL,NULL,NULL,NULL,NULL,NULL,NULL,NULL,NULL,NULL,NULL,NULL,NULL,NULL,NULL,NULL,NULL,NULL
"754212","3fcecedb221693871284862524dbc3758e3eb0d19bd7fca83cbe1311bfdb3fc8a26eb16be6e608170418eaec4c7bcb65b0e57c782acbe4629879709944d524be","JC461901","10/06/2019 06:00:00 AM","2","PARKED",NULL,"716443.0",NULL,"DODGE","DURANGO","IL","2014.0","NONE","SPORT UTILITY VEHICLE (SUV)","NOT IN USE","UNKNOWN","PARKED",NULL,NULL,"0.0",NULL,NULL,NULL,NULL,NULL,NULL,NULL,NULL,NULL,NULL,"Y","Y","Y","Y",NULL,NULL,NULL,"FRONT-LEFT",NULL,NULL,NULL,NULL,NULL,NULL,NULL,NULL,NULL,NULL,NULL,NULL,NULL,NULL,NULL,NULL,NULL,NULL,NULL,NULL,NULL,NULL,NULL,NULL,NULL,NULL,NULL,NULL,NULL,NULL,NULL,NULL,NULL
"754617","20de78ad602f619ab2c195c4953827ef49d565c9af885c1c4933151583effcb974797742541fc546cdd19f3d819383b1ccb120cda3cc8231084066ce03f173ce","JC462642","10/06/2019 08:45:00 PM","1","DRIVER",NULL,"716819.0",NULL,"NISSAN","NISSAN ALTIMA","FL","2018.0","UNKNOWN","PASSENGER","RIDESHARE SERVICE","N","STRAIGHT AHEAD",NULL,NULL,"1.0",NULL,NULL,NULL,NULL,NULL,NULL,NULL,NULL,NULL,NULL,NULL,NULL,NULL,NULL,"Y",NULL,NULL,"TOTAL (ALL AREAS)",NULL,NULL,NULL,NULL,NULL,NULL,NULL,NULL,NULL,NULL,NULL,NULL,NULL,NULL,NULL,NULL,NULL,NULL,NULL,NULL,NULL,NULL,NULL,NULL,NULL,NULL,NULL,NULL,NULL,NULL,NULL,NULL,NULL
"754793","375b68979a3e45514deecc8941c4b82e2a7ac4f8f6a8ef690d24cc1bd086083ec7ad6db28363e3949b8cf3c4df42f3b017b4e775984d34250ef59a4ecd888e0c","JC463002","10/07/2019 08:45:00 AM","2","DRIVER","1.0","716988.0",NULL,"DODGE","CARAVAN","IL","2013.0","NONE","VAN/MINI-VAN","PERSONAL","S","STRAIGHT AHEAD",NULL,NULL,"2.0",NULL,NULL,NULL,NULL,NULL,NULL,NULL,NULL,NULL,NULL,NULL,NULL,NULL,"Y",NULL,NULL,NULL,"ROOF",NULL,NULL,NULL,NULL,NULL,NULL,NULL,NULL,NULL,NULL,NULL,NULL,NULL,NULL,NULL,NULL,NULL,NULL,NULL,NULL,NULL,NULL,NULL,NULL,NULL,NULL,NULL,NULL,NULL,NULL,NULL,NULL,NULL
"755084","0f91212585ef8b87130f3f1516c6208ce31602b2d170977890e93e047124fd5e335288cd744f4f0c818bd2eb133e11980e55d818bfed4849ba5c8dc1ebbc181e","JC463631","10/06/2019 05:45:00 PM","1","DRIVER","2.0","717242.0",NULL,"TOYOTA MOTOR COMPANY, LTD.","RAV4 (sport utility)","IL","2014.0","NONE","SPORT UTILITY VEHICLE (SUV)","PERSONAL","N","STRAIGHT AHEAD","Y",NULL,"3.0",NULL,NULL,NULL,NULL,NULL,NULL,NULL,NULL,NULL,NULL,NULL,NULL,NULL,NULL,NULL,NULL,NULL,NULL,NULL,NULL,NULL,NULL,NULL,NULL,NULL,NULL,NULL,NULL,NULL,NULL,NULL,NULL,NULL,NULL,NULL,NULL,NULL,NULL,NULL,NULL,NULL,NULL,NULL,NULL,NULL,NULL,NULL,NULL,NULL,NULL,NULL
"756081","be61aa95315d890ea65a2259e50fc4dc7a0db0435cbc4f1fcac9c5cc29acab61a6ddbb4aa88e1c4de74f1dc23f636fac9379c2679da1a39c0e3412cb165cf015","JC465706","10/09/2019 08:25:00 AM","1","DRIVER",NULL,"718190.0",NULL,"HONDA","CIVIC","IL","2013.0","UNKNOWN","PASSENGER","PERSONAL","N","CHANGING LANES",NULL,NULL,"1.0",NULL,NULL,NULL,NULL,NULL,NULL,NULL,NULL,"Y",NULL,NULL,NULL,NULL,NULL,NULL,NULL,NULL,"REAR",NULL,NULL,NULL,NULL,NULL,NULL,NULL,NULL,NULL,NULL,NULL,NULL,NULL,NULL,NULL,NULL,NULL,NULL,NULL,NULL,NULL,NULL,NULL,NULL,NULL,NULL,NULL,NULL,NULL,NULL,NULL,NULL,NULL
"756323","6b62e1327bac5e95be3e4214b990cec31f5ac6f015ab119ee8356013497561469443db6e450754ec730c6b0d7557a163e0723730fa3cd9bb4313bd23495e85e0","JC466154","10/09/2019 01:10:00 PM","3","DRIVER",NULL,"718427.0",NULL,"TOYOTA MOTOR COMPANY, LTD.","Avalon","IL","2011.0","NONE","PASSENGER","UNKNOWN/NA","N","SLOW/STOP IN TRAFFIC",NULL,NULL,"1.0",NULL,NULL,NULL,NULL,NULL,NULL,NULL,NULL,"Y",NULL,NULL,NULL,NULL,NULL,NULL,NULL,NULL,"REAR",NULL,NULL,NULL,NULL,NULL,NULL,NULL,NULL,NULL,NULL,NULL,NULL,NULL,NULL,NULL,NULL,NULL,NULL,NULL,NULL,NULL,NULL,NULL,NULL,NULL,NULL,NULL,NULL,NULL,NULL,NULL,NULL,NULL
"756673","84b22534535c305dc85b950047a68ed714d4b4728369aa5c6c2f0d8c6ff1dd5130e2192a1d03a18821548e740d3434f7b445f10adabe46f9a69511a269021894","JC466674","10/09/2019 06:30:00 PM","1","DRIVER",NULL,"718747.0",NULL,"TOYOTA MOTOR COMPANY, LTD.","Prius","IL","2013.0","NONE","PASSENGER","TAXI/FOR HIRE","N","UNKNOWN/NA",NULL,NULL,"1.0",NULL,NULL,NULL,NULL,"Y",NULL,NULL,NULL,NULL,NULL,NULL,NULL,NULL,NULL,NULL,NULL,NULL,"FRONT",NULL,NULL,NULL,NULL,NULL,NULL,NULL,NULL,NULL,NULL,NULL,NULL,NULL,NULL,NULL,NULL,NULL,NULL,NULL,NULL,NULL,NULL,NULL,NULL,NULL,NULL,NULL,NULL,NULL,NULL,NULL,NULL,NULL
"756761","6d76f461a707eacf5384cf6550101a76f45e5f74a72bd29ed2bf58112b9b2618065979020ca9d2eb08ead050ad29ab85d8a64da00c56051f8658c829f787af4d","JC466981","10/08/2019 07:00:00 AM","2","DRIVER",NULL,"718839.0",NULL,"CADILLAC","Escalade","IL","2019.0","NONE","PASSENGER","PERSONAL","E","SLOW/STOP IN TRAFFIC",NULL,NULL,"1.0",NULL,NULL,NULL,NULL,NULL,NULL,NULL,NULL,NULL,"Y",NULL,NULL,NULL,NULL,NULL,"N",NULL,"REAR-LEFT",NULL,NULL,NULL,NULL,NULL,NULL,NULL,NULL,NULL,NULL,NULL,NULL,NULL,NULL,NULL,NULL,NULL,NULL,NULL,NULL,NULL,NULL,NULL,NULL,NULL,NULL,NULL,NULL,NULL,NULL,NULL,NULL,NULL
"757160","da632ad5fb89f07d313dddf53e05ce8cebcdc42aafe484ed253c4aa85c1ee414672aadbd6760e0d31505378cb4b351a19517bbea5e12fe5b4c208eebe5056100","JC467608","10/10/2019 03:30:00 PM","1","DRIVER",NULL,"719217.0",NULL,"JEEP","UNKNOWN","IL","2012.0","UNKNOWN","SPORT UTILITY VEHICLE (SUV)","PERSONAL","S","BACKING",NULL,NULL,"1.0",NULL,NULL,NULL,NULL,NULL,NULL,NULL,NULL,NULL,NULL,NULL,NULL,NULL,NULL,NULL,NULL,"Y","UNKNOWN",NULL,NULL,NULL,NULL,NULL,NULL,NULL,NULL,NULL,NULL,NULL,NULL,NULL,NULL,NULL,NULL,NULL,NULL,NULL,NULL,NULL,NULL,NULL,NULL,NULL,NULL,NULL,NULL,NULL,NULL,NULL,NULL,NULL
"757232","32e10ee5aae17a1555e6c622b45aaea2ca62a929c97fac0aa7de06e2274eb8e3bef57d116ab7c78ed1c09953854ed4ab0c31cb5f1a0c4a6010e1ec91d502444b","JC450675","09/27/2019 02:17:00 PM","2","DRIVER",NULL,"719274.0",NULL,"SUBARU","UNKNOWN","IL","2017.0","NONE","PASSENGER","PERSONAL","W","STRAIGHT AHEAD","Y",NULL,"1.0",NULL,"KALIN","DES PLAINES",NULL,NULL,NULL,NULL,NULL,NULL,NULL,"Y","Y",NULL,NULL,NULL,NULL,NULL,"REAR-RIGHT",NULL,NULL,NULL,NULL,NULL,NULL,NULL,NULL,NULL,NULL,NULL,NULL,NULL,NULL,NULL,NULL,NULL,NULL,NULL,NULL,NULL,NULL,NULL,NULL,NULL,NULL,NULL,NULL,NULL,NULL,NULL,NULL,NULL
"757240","cb78ddbed9c37a7acaaeec73abced6f9122d7f8af911d92ef43d019b3b9dd95b84ef79491a9816033519185c9eb949f7983756256404542b7d11a20b4239f159","JC467687","10/10/2019 04:37:00 PM","2","DRIVER",NULL,"719314.0",NULL,"LINCOLN-CONTINENTAL","MKZ","IL","2013.0","NONE","PASSENGER","PERSONAL","S","STRAIGHT AHEAD",NULL,NULL,"1.0",NULL,NULL,NULL,NULL,NULL,NULL,NULL,NULL,NULL,NULL,NULL,NULL,NULL,NULL,"Y","Y",NULL,"TOTAL (ALL AREAS)",NULL,NULL,NULL,NULL,NULL,NULL,NULL,NULL,NULL,NULL,NULL,NULL,NULL,NULL,NULL,NULL,NULL,NULL,NULL,NULL,NULL,NULL,NULL,NULL,NULL,NULL,NULL,NULL,NULL,NULL,NULL,NULL,NULL
"758016","1928081536c9d2bb9c9ae10e41cf35eb78eaf69caef2c0f1e44a471db00109ef01c352024916c629329d242e73d7bbb2aaa6bb31391ecc9bcc4648b4be049e6b","JC469065","10/11/2019 05:10:00 PM","2","PARKED",NULL,"720040.0",NULL,"HYUNDAI","SONATA","IL","2012.0","NONE","PASSENGER","PERSONAL","N","PARKED",NULL,NULL,"0.0",NULL,NULL,NULL,NULL,NULL,NULL,NULL,NULL,"Y",NULL,NULL,NULL,NULL,NULL,NULL,NULL,NULL,"SIDE-RIGHT",NULL,NULL,NULL,NULL,NULL,NULL,NULL,NULL,NULL,NULL,NULL,NULL,NULL,NULL,NULL,NULL,NULL,NULL,NULL,NULL,NULL,NULL,NULL,NULL,NULL,NULL,NULL,NULL,NULL,NULL,NULL,NULL,NULL
"758128","453eeb27842638e34e1f116aeee36e7285896791b4bc97e047b737fe8ab90379e6b238a1b2ec792f1e4b870910845e95e9e4fb7cf2703a71ac2f46f9c42a5cf0","JC469172","10/11/2019 06:43:00 PM","2","PARKED",NULL,"720145.0",NULL,"KIA MOTORS CORP","FORTE","IL","2019.0","NONE","PASSENGER","NOT IN USE","N","PARKED",NULL,NULL,"0.0",NULL,NULL,NULL,NULL,NULL,NULL,NULL,NULL,NULL,NULL,NULL,NULL,NULL,NULL,NULL,"Y",NULL,"OTHER",NULL,NULL,NULL,NULL,NULL,NULL,NULL,NULL,NULL,NULL,NULL,NULL,NULL,NULL,NULL,NULL,NULL,NULL,NULL,NULL,NULL,NULL,NULL,NULL,NULL,NULL,NULL,NULL,NULL,NULL,NULL,NULL,NULL
"758311","2590510e789c66d52dffbe04d1b479fe5d6b2658b76241f9c4611edcc1fb4a5c05c7ab7022dacb335719b29a96e72908224a9854816892e68465b6cb50091a28","JC469439","10/09/2019 04:00:00 PM","2","DRIVER",NULL,"720307.0",NULL,"DODGE","CARAVAN","IL","2016.0","UNKNOWN","UNKNOWN/NA","UNKNOWN/NA","E","STRAIGHT AHEAD",NULL,NULL,"1.0",NULL,NULL,NULL,NULL,NULL,NULL,NULL,NULL,NULL,"Y",NULL,NULL,NULL,NULL,NULL,NULL,NULL,"REAR-LEFT",NULL,NULL,NULL,NULL,NULL,NULL,NULL,NULL,NULL,NULL,NULL,NULL,NULL,NULL,NULL,NULL,NULL,NULL,NULL,NULL,NULL,NULL,NULL,NULL,NULL,NULL,NULL,NULL,NULL,NULL,NULL,NULL,NULL
"758355","8fc7cd2dc90828a50f243069b9f7b66f33225da0ba1f7c1b608e5aeeb418e9f7262007730abaea72b01d232a94140a0f022227a4e1ac768da5192643d9108f1e","JC469450","10/11/2019 10:23:00 PM","2","DRIVER",NULL,"720389.0",NULL,"DODGE","JOURNEY","IL","2010.0","UNKNOWN","PASSENGER","PERSONAL","W","STRAIGHT AHEAD","Y",NULL,"1.0",NULL,NULL,NULL,NULL,"Y",NULL,NULL,NULL,NULL,NULL,NULL,NULL,NULL,NULL,"Y","Y",NULL,"OTHER",NULL,NULL,NULL,NULL,NULL,NULL,NULL,NULL,NULL,NULL,NULL,NULL,NULL,NULL,NULL,NULL,NULL,NULL,NULL,NULL,NULL,NULL,NULL,NULL,NULL,NULL,NULL,NULL,NULL,NULL,NULL,NULL,NULL
"758510","e46d64af48234070b24901bbc7ffd9372d506a16ce37c3c1a46b4f35c1db1beb22a256dddcc18a1e09b6336eea21971cb4730f3cbd8b13cd21a8d40ead884dea","JC469787","10/12/2019 10:00:00 AM","2","DRIVER","1.0","720507.0",NULL,"CHEVROLET","EQUINOX","IN","2018.0","NONE","SPORT UTILITY VEHICLE (SUV)","PERSONAL","W","SLOW/STOP IN TRAFFIC",NULL,NULL,"2.0",NULL,NULL,NULL,NULL,NULL,NULL,NULL,NULL,NULL,"Y",NULL,NULL,NULL,NULL,NULL,NULL,NULL,"REAR-LEFT",NULL,NULL,NULL,NULL,NULL,NULL,NULL,NULL,NULL,NULL,NULL,NULL,NULL,NULL,NULL,NULL,NULL,NULL,NULL,NULL,NULL,NULL,NULL,NULL,NULL,NULL,NULL,NULL,NULL,NULL,NULL,NULL,NULL
"758772","512a83c79ada27fec2e582ebb555dceea6200e41c058af39f1dbf88b95f9544441b16693aa69ac684bab5f695f2da7136d7be87cfd0e939df678bf7266d82380","JC470222","10/10/2019 07:45:00 AM","2","PARKED",NULL,"720754.0",NULL,"JEEP","JEEP - YEAR GREATER 1988","IL","2018.0","NONE","SPORT UTILITY VEHICLE (SUV)","NOT IN USE","N","PARKED",NULL,NULL,"0.0",NULL,NULL,NULL,NULL,NULL,NULL,NULL,NULL,NULL,NULL,"Y","Y","Y","Y","Y",NULL,NULL,"UNKNOWN",NULL,NULL,NULL,NULL,NULL,NULL,NULL,NULL,NULL,NULL,NULL,NULL,NULL,NULL,NULL,NULL,NULL,NULL,NULL,NULL,NULL,NULL,NULL,NULL,NULL,NULL,NULL,NULL,NULL,NULL,NULL,NULL,NULL
"758779","4e12ef3f1f761c20499d0aab30712595dfb35aacb5bded4db4762670cb643fb6de036fa790a2181dc05d0e92043bea52923275481f92d9d5002b2641803ef6f5","JC470230","10/11/2019 04:49:00 PM","2","DRIVER",NULL,"720765.0",NULL,"CHEVROLET","UNKNOWN","IL","2009.0","NONE","PASSENGER","PERSONAL","E","STRAIGHT AHEAD",NULL,NULL,"1.0",NULL,NULL,NULL,NULL,NULL,NULL,NULL,NULL,NULL,NULL,NULL,NULL,NULL,NULL,"Y",NULL,NULL,"TOTAL (ALL AREAS)",NULL,NULL,NULL,NULL,NULL,NULL,NULL,NULL,NULL,NULL,NULL,NULL,NULL,NULL,NULL,NULL,NULL,NULL,NULL,NULL,NULL,NULL,NULL,NULL,NULL,NULL,NULL,NULL,NULL,NULL,NULL,NULL,NULL
"758939","f0f8375a8f24f3dce3ebe16d95b0d6714950b9602bc4a9cee3f46c3c317ea15a8b959cce18f5bf6440c18ca3fe515247fe7a9eb6c1d0e4c055a1c0382c367ab6","JC470457","10/12/2019 07:50:00 PM","4","PARKED",NULL,"720928.0",NULL,"SCION","TC","IL","2012.0","NONE","PASSENGER","NOT IN USE","S","PARKED",NULL,NULL,"0.0",NULL,NULL,NULL,NULL,NULL,NULL,NULL,NULL,NULL,"Y",NULL,NULL,NULL,NULL,NULL,NULL,NULL,"REAR-LEFT",NULL,NULL,NULL,NULL,NULL,NULL,NULL,NULL,NULL,NULL,NULL,NULL,NULL,NULL,NULL,NULL,NULL,NULL,NULL,NULL,NULL,NULL,NULL,NULL,NULL,NULL,NULL,NULL,NULL,NULL,NULL,NULL,NULL
"759050","085f88ad71e4d92407307ce90301273c3e75797e102d3afcfb4d97d8aac717ee26a25c4930246e3cbcd366d4d32c867a8decb9ef0a8101e12884226da8dc79e4","JC470726","10/13/2019 01:27:00 AM","1","DRIVER","1.0","721024.0",NULL,"FORD","F250","IL","2015.0","UNKNOWN","PICKUP","PERSONAL","SW","STRAIGHT AHEAD","Y",NULL,"2.0",NULL,"private",NULL,NULL,"Y","Y",NULL,NULL,NULL,NULL,NULL,NULL,NULL,NULL,NULL,"Y",NULL,"FRONT",NULL,NULL,NULL,NULL,NULL,NULL,NULL,NULL,NULL,NULL,NULL,NULL,NULL,NULL,NULL,NULL,NULL,NULL,NULL,NULL,NULL,NULL,NULL,NULL,NULL,NULL,NULL,NULL,NULL,NULL,NULL,NULL,NULL
"759144","8ba0e2e559faf4dab8db4514b74733b5721d6dbd14b70b8b4f1cf0cd5568e10135469841bf6fe414d898de2aa0913a0bc3d20474eaab3d4edc76ebf031acd932","JC470892","10/13/2019 08:10:00 AM","2","DRIVER",NULL,"721121.0",NULL,"CHEVROLET","MALIBU (CHEVELLE)","IL","2015.0","NONE","PASSENGER","PERSONAL","W","STRAIGHT AHEAD",NULL,NULL,"1.0",NULL,NULL,NULL,NULL,NULL,NULL,NULL,NULL,NULL,NULL,NULL,NULL,"Y",NULL,NULL,NULL,NULL,"ROOF",NULL,NULL,NULL,NULL,NULL,NULL,NULL,NULL,NULL,NULL,NULL,NULL,NULL,NULL,NULL,NULL,NULL,NULL,NULL,NULL,NULL,NULL,NULL,NULL,NULL,NULL,NULL,NULL,NULL,NULL,NULL,NULL,NULL
"759422","70f936676c84302019389129ccd2f9f5a3fc9ba2806ed0481ac042e04ae5db98641c2975fd697e139cad1ff7f029b7c1b6cb03334efd94f92745d27a08da7968","JC471348","10/13/2019 02:30:00 PM","2","DRIVER",NULL,"721379.0",NULL,"HONDA","ACCORD","IL","2015.0","UNKNOWN","PASSENGER","PERSONAL","W","STRAIGHT AHEAD",NULL,NULL,"1.0",NULL,NULL,NULL,NULL,NULL,NULL,"Y",NULL,NULL,NULL,NULL,NULL,NULL,NULL,NULL,NULL,NULL,"SIDE-RIGHT",NULL,NULL,NULL,NULL,NULL,NULL,NULL,NULL,NULL,NULL,NULL,NULL,NULL,NULL,NULL,NULL,NULL,NULL,NULL,NULL,NULL,NULL,NULL,NULL,NULL,NULL,NULL,NULL,NULL,NULL,NULL,NULL,NULL
"759460","b2463317e5bff08fce4547b4e7bc14c9d370794a8bf7460945540eee85d060091bb96ae9125054f6c9b7d226cc5a21ba7e87d78215cf0597b0ce32c22f392b33","JC471451","10/13/2019 03:30:00 PM","2","DRIVER",NULL,"721409.0",NULL,"NISSAN","SENTRA (DATSUN AND NISSAN HAVE MERGED)",NULL,"2013.0","NONE","PASSENGER","PERSONAL","W","SLOW/STOP IN TRAFFIC",NULL,NULL,"1.0",NULL,NULL,NULL,NULL,NULL,NULL,NULL,NULL,"Y","Y",NULL,NULL,NULL,NULL,NULL,NULL,NULL,"REAR",NULL,NULL,NULL,NULL,NULL,NULL,NULL,NULL,NULL,NULL,NULL,NULL,NULL,NULL,NULL,NULL,NULL,NULL,NULL,NULL,NULL,NULL,NULL,NULL,NULL,NULL,NULL,NULL,NULL,NULL,NULL,NULL,NULL
"759846","78fb1ce1b920f86da240f5d6a47bbde682c2080bf0e84933ca48ddddbe3a47aaeb34672586f86c9baf50b69fbdb3cfbf5454f2d95b4dabac19a978627ebe1edb","JC472169","10/14/2019 11:40:00 AM","2","DRIVER",NULL,"721783.0",NULL,"TOYOTA MOTOR COMPANY, LTD.","RAV4 (sport utility)","IL","2010.0","UNKNOWN","SPORT UTILITY VEHICLE (SUV)","PERSONAL","E","SLOW/STOP IN TRAFFIC",NULL,NULL,"1.0",NULL,NULL,NULL,NULL,NULL,NULL,NULL,NULL,NULL,NULL,NULL,NULL,"Y",NULL,NULL,NULL,NULL,"ROOF",NULL,NULL,NULL,NULL,NULL,NULL,NULL,NULL,NULL,NULL,NULL,NULL,NULL,NULL,NULL,NULL,NULL,NULL,NULL,NULL,NULL,NULL,NULL,NULL,NULL,NULL,NULL,NULL,NULL,NULL,NULL,NULL,NULL
"759997","f582735eccbe71a2a579bf61450965622d782f3db020721e54f32506f13aa07c2837dbe7f8271b469549514029fa4404dd6177467262cb9fa84c6a778e5dcd2b","JC472587","10/12/2019 10:30:00 PM","2","DRIVER",NULL,"721938.0",NULL,"NISSAN","UNKNOWN","IL","2014.0","UNKNOWN","PASSENGER","PERSONAL","N","STRAIGHT AHEAD",NULL,NULL,"1.0",NULL,NULL,NULL,NULL,NULL,NULL,NULL,NULL,NULL,NULL,NULL,"Y","Y","Y",NULL,NULL,NULL,"ROOF",NULL,NULL,NULL,NULL,NULL,NULL,NULL,NULL,NULL,NULL,NULL,NULL,NULL,NULL,NULL,NULL,NULL,NULL,NULL,NULL,NULL,NULL,NULL,NULL,NULL,NULL,NULL,NULL,NULL,NULL,NULL,NULL,NULL