"CRASH_UNIT_ID","CRASH_RECORD_ID","RD_NO","CRASH_DATE","UNIT_NO","UNIT_TYPE","NUM_PASSENGERS","VEHICLE_ID","CMRC_VEH_I","MAKE","MODEL","LIC_PLATE_STATE","VEHICLE_YEAR","VEHICLE_DEFECT","VEHICLE_TYPE","VEHICLE_USE","TRAVEL_DIRECTION","MANEUVER","TOWED_I","FIRE_I","OCCUPANT_CNT","EXCEED_SPEED_LIMIT_I","TOWED_BY","TOWED_TO","AREA_00_I","AREA_01_I","AREA_02_I","AREA_03_I","AREA_04_I","AREA_05_I","AREA_06_I","AREA_07_I","AREA_08_I","AREA_09_I","AREA_10_I","AREA_11_I","AREA_12_I","AREA_99_I","FIRST_CONTACT_POINT","CMV_ID","USDOT_NO","CCMC_NO","ILCC_NO","COMMERCIAL_SRC","GVWR","CARRIER_NAME","CARRIER_STATE","CARRIER_CITY","HAZMAT_PLACARDS_I","HAZMAT_NAME","UN_NO","HAZMAT_PRESENT_I","HAZMAT_REPORT_I","HAZMAT_REPORT_NO","MCS_REPORT_I","MCS_REPORT_NO","HAZMAT_VIO_CAUSE_CRASH_I","MCS_VIO_CAUSE_CRASH_I","IDOT_PERMIT_NO","WIDE_LOAD_I","TRAILER1_WIDTH","TRAILER2_WIDTH","TRAILER1_LENGTH","TRAILER2_LENGTH","TOTAL_VEHICLE_LENGTH","AXLE_CNT","VEHICLE_CONFIG","CARGO_BODY_TYPE","LOAD_TYPE","HAZMAT_OUT_OF_SERVICE_I","MCS_OUT_OF_SERVICE_I","HAZMAT_CLASS"
"759999","af284058e265f55831f287abb4f5f130cdc67d4174838a3fbbe2ff63d85a4134fbcf2fd079d9de834114e693d5a357de27d36afbab01faccc57a85d33cc71b9d","JC472589","10/14/2019 04:20:00 PM","2","DRIVER","2.0","721922.0",NULL,"JEEP","UNKNOWN","IL","2017.0","NONE","SPORT UTILITY VEHICLE (SUV)","PERSONAL","N","MERGING",NULL,NULL,"3.0",NULL,NULL,NULL,NULL,NULL,NULL,NULL,NULL,NULL,NULL,NULL,NULL,NULL,NULL,"Y",NULL,NULL,"TOTAL (ALL AREAS)",NULL,NULL,NULL,NULL,NULL,NULL,NULL,NULL,NULL,NULL,NULL,NULL,NULL,NULL,NULL,NULL,NULL,NULL,NULL,NULL,NULL,NULL,NULL,NULL,NULL,NULL,NULL,NULL,NULL,NULL,NULL,NULL,NULL
"760446","917cfa8b704c1779267aeecf4d70e859d8e3d3c92e17022dc86cf120eee033eb5ad2e51df4cb1d68ce30ef1afef630e119a1a61ac3e2da33063b7d55db44c450","JC473349","10/15/2019 11:04:00 AM","2","DRIVER",NULL,"722357.0",NULL,"TOYOTA MOTOR COMPANY, LTD.","CAMRY","IL","2015.0","UNKNOWN","PASSENGER","TAXI/FOR HIRE","E","PASSING/OVERTAKING",NULL,NULL,"1.0",NULL,NULL,NULL,NULL,NULL,NULL,NULL,"Y","Y",NULL,NULL,NULL,NULL,NULL,NULL,NULL,NULL,"REAR-RIGHT",NULL,NULL,NULL,NULL,NULL,NULL,NULL,NULL,NULL,NULL,NULL,NULL,NULL,NULL,NULL,NULL,NULL,NULL,NULL,NULL,NULL,NULL,NULL,NULL,NULL,NULL,NULL,NULL,NULL,NULL,NULL,NULL,NULL
"760907","2453ba823d3e5a005585b331d50ff071b28ea56f45972ce1721032b6eee7814711d8242d1cd58c76d39a6f10532fa1ea7029644cd6d56a7d1f0190a62e20b0e0","JC474194","10/15/2019 07:00:00 PM","1","DRIVER",NULL,"722780.0",NULL,"INFINITI","M37","IL","2011.0","UNKNOWN","PASSENGER","PERSONAL","S","STRAIGHT AHEAD","Y",NULL,"1.0",NULL,"traffic mgmt team","327 e 115th st",NULL,"Y",NULL,NULL,NULL,NULL,NULL,NULL,NULL,NULL,NULL,NULL,"Y",NULL,"OTHER",NULL,NULL,NULL,NULL,NULL,NULL,NULL,NULL,NULL,NULL,NULL,NULL,NULL,NULL,NULL,NULL,NULL,NULL,NULL,NULL,NULL,NULL,NULL,NULL,NULL,NULL,NULL,NULL,NULL,NULL,NULL,NULL,NULL
"760925","e583e5ddbc496dd49a9f5a1153daea1e7481b5a278aa0daf77c9388f356920b725110ef54007041663b2e28db8542e04f9c20b8b65b7d4ec5387dab63f9e1a61","JC474229","10/15/2019 10:05:00 PM","2","DRIVERLESS",NULL,"722794.0",NULL,"FORD","EXPLORER","IL","2013.0","NONE","OTHER","POLICE","W","PARKED",NULL,NULL,"0.0",NULL,NULL,NULL,NULL,"Y",NULL,"Y","Y","Y",NULL,NULL,NULL,NULL,NULL,NULL,NULL,NULL,"FRONT",NULL,NULL,NULL,NULL,NULL,NULL,NULL,NULL,NULL,NULL,NULL,NULL,NULL,NULL,NULL,NULL,NULL,NULL,NULL,NULL,NULL,NULL,NULL,NULL,NULL,NULL,NULL,NULL,NULL,NULL,NULL,NULL,NULL
"761326","0d6cc75604312f75e9040f2a5be77c4bc1bc177874e1542c7a5adb5d1c0bde817cf1c7eca867231d591296ee7116f75e391b87d0b143abbb0228bbeac0fa110a","JC475106","10/16/2019 03:36:00 PM","1","DRIVER",NULL,"723185.0",NULL,"HONDA","FIT","IL","2010.0","UNKNOWN","PASSENGER","UNKNOWN/NA","UNKNOWN","BACKING",NULL,NULL,"1.0",NULL,NULL,NULL,NULL,NULL,NULL,NULL,NULL,NULL,"Y",NULL,NULL,NULL,NULL,NULL,NULL,NULL,"REAR-LEFT",NULL,NULL,NULL,NULL,NULL,NULL,NULL,NULL,NULL,NULL,NULL,NULL,NULL,NULL,NULL,NULL,NULL,NULL,NULL,NULL,NULL,NULL,NULL,NULL,NULL,NULL,NULL,NULL,NULL,NULL,NULL,NULL,NULL
"761515","27828b1c29c29df592a1865ba0bb9f980c74bda5c32ca05d56b12891333880d0aec50d076808fe4ec69196a1dfc7c4d251226a412c43351ec3dd273476475d60","JC475434","10/16/2019 06:52:00 PM","1","DRIVER",NULL,"723367.0",NULL,"MAZDA","CX-7","IL","2017.0","UNKNOWN","PASSENGER","PERSONAL","W","STRAIGHT AHEAD",NULL,NULL,"1.0",NULL,NULL,NULL,NULL,"Y","Y","Y",NULL,NULL,NULL,NULL,NULL,NULL,NULL,NULL,NULL,NULL,"TOTAL (ALL AREAS)",NULL,NULL,NULL,NULL,NULL,NULL,NULL,NULL,NULL,NULL,NULL,NULL,NULL,NULL,NULL,NULL,NULL,NULL,NULL,NULL,NULL,NULL,NULL,NULL,NULL,NULL,NULL,NULL,NULL,NULL,NULL,NULL,NULL
"761517","f62982e08bc2288d516f8719c382b9d7267aab6d9494775cdd9a97834be6f64953e66d8e8f6f9b9370d35dcb46b6432b42c42dec9f02db3813f30a0305f2b949","JC475374","10/16/2019 07:00:00 PM","1","DRIVER",NULL,"723368.0",NULL,"HONDA","FIT","OH","2008.0","UNKNOWN","PASSENGER","PERSONAL","S","STRAIGHT AHEAD",NULL,NULL,"1.0",NULL,NULL,NULL,NULL,NULL,NULL,NULL,NULL,NULL,NULL,NULL,NULL,NULL,NULL,NULL,"Y",NULL,"OTHER",NULL,NULL,NULL,NULL,NULL,NULL,NULL,NULL,NULL,NULL,NULL,NULL,NULL,NULL,NULL,NULL,NULL,NULL,NULL,NULL,NULL,NULL,NULL,NULL,NULL,NULL,NULL,NULL,NULL,NULL,NULL,NULL,NULL
"761817","da8b230b7846b264ba2cf5acab2a58e83109095033f0718c489c9ba756a316a42b44a1c3663e16ef9dc445f9146943bd0e0bb8bfe044866c189849c1b87c7358","JC476134","10/10/2019 05:20:00 PM","1","DRIVER",NULL,"723654.0",NULL,"MITSUBISHI","UNKNOWN","IL","2016.0","UNKNOWN","SPORT UTILITY VEHICLE (SUV)","PERSONAL","W","TURNING LEFT",NULL,NULL,"1.0",NULL,NULL,NULL,NULL,NULL,NULL,NULL,NULL,NULL,NULL,NULL,NULL,NULL,NULL,NULL,"Y",NULL,"OTHER",NULL,NULL,NULL,NULL,NULL,NULL,NULL,NULL,NULL,NULL,NULL,NULL,NULL,NULL,NULL,NULL,NULL,NULL,NULL,NULL,NULL,NULL,NULL,NULL,NULL,NULL,NULL,NULL,NULL,NULL,NULL,NULL,NULL
"761920","5e92daabcc090f6289e11bd052749fdffb71b5c335e90be938c58f22b0bbd646969f06aa59664fbd3f10d3e76a418fe907639be03369abc7458b739ad4394a2c","JC476319","10/17/2019 03:15:00 PM","2","DRIVER",NULL,"723757.0",NULL,"VOLKSWAGEN","PASSAT","IL","2013.0","NONE","PASSENGER","PERSONAL","E","STRAIGHT AHEAD","Y",NULL,"1.0",NULL,"SELF TOW","UNK",NULL,"Y",NULL,NULL,NULL,NULL,NULL,NULL,NULL,NULL,NULL,"Y","Y",NULL,"OTHER",NULL,NULL,NULL,NULL,NULL,NULL,NULL,NULL,NULL,NULL,NULL,NULL,NULL,NULL,NULL,NULL,NULL,NULL,NULL,NULL,NULL,NULL,NULL,NULL,NULL,NULL,NULL,NULL,NULL,NULL,NULL,NULL,NULL
"761968","26f9e5d0714c425db4082a95ce1f67e098ce69b6d9c641b722974626ca142ab008c829ff2c6827c2044397e538be3c9829598960621111c516da3f5316a0433b","JC476430","10/17/2019 04:20:00 PM","1","DRIVER",NULL,"723791.0",NULL,"NISSAN","SENTRA (DATSUN AND NISSAN HAVE MERGED)","IL","2012.0","UNKNOWN","PASSENGER","PERSONAL","E","CHANGING LANES",NULL,NULL,"1.0",NULL,NULL,NULL,NULL,NULL,NULL,"Y",NULL,NULL,NULL,NULL,NULL,NULL,NULL,NULL,NULL,NULL,"SIDE-RIGHT",NULL,NULL,NULL,NULL,NULL,NULL,NULL,NULL,NULL,NULL,NULL,NULL,NULL,NULL,NULL,NULL,NULL,NULL,NULL,NULL,NULL,NULL,NULL,NULL,NULL,NULL,NULL,NULL,NULL,NULL,NULL,NULL,NULL
"762011","d7024fb796e0f7a72606f49ba3af50e5f4f45c2dfdbb38b8de0f2049875096bbc9af208c168ef48c67a78ecd832d5561b0914704ea9d1f1cc8ecd5221546fa62","JC476441","10/17/2019 05:00:00 PM","2","DRIVER","1.0","723834.0",NULL,"TOYOTA MOTOR COMPANY, LTD.","Prius","IL","2014.0","NONE","PASSENGER","TAXI/FOR HIRE","S","SLOW/STOP IN TRAFFIC",NULL,NULL,"2.0",NULL,NULL,NULL,NULL,NULL,NULL,NULL,NULL,NULL,NULL,NULL,NULL,"Y","Y","Y",NULL,NULL,"UNDER CARRIAGE",NULL,NULL,NULL,NULL,NULL,NULL,NULL,NULL,NULL,NULL,NULL,NULL,NULL,NULL,NULL,NULL,NULL,NULL,NULL,NULL,NULL,NULL,NULL,NULL,NULL,NULL,NULL,NULL,NULL,NULL,NULL,NULL,NULL
"762033","7fc9f3fb6f2b249251ed45211894c789a4743aea568d9940bf6b86c85870927cd8f851f73c27428206f9fc624d86a42bb6d6dcd0c805c916327e570154dc0ebd","JC476586","10/17/2019 07:15:00 AM","1","DRIVER",NULL,"723862.0",NULL,"KIA MOTORS CORP","Optima",NULL,"2014.0","NONE","PASSENGER","PERSONAL","N","STRAIGHT AHEAD",NULL,NULL,"1.0",NULL,NULL,NULL,NULL,"Y",NULL,NULL,NULL,NULL,NULL,NULL,NULL,NULL,NULL,NULL,"Y",NULL,"OTHER",NULL,NULL,NULL,NULL,NULL,NULL,NULL,NULL,NULL,NULL,NULL,NULL,NULL,NULL,NULL,NULL,NULL,NULL,NULL,NULL,NULL,NULL,NULL,NULL,NULL,NULL,NULL,NULL,NULL,NULL,NULL,NULL,NULL
"762096","034083f2328b4b7bed5b46063bfe535f2a46316383683fb42db8e4a58a729e56ccc665ba34632c09d0d0e9872d02b961e3bdeda092543dda79a9379179e49b1a","JC476613","10/17/2019 07:15:00 PM","5","PARKED",NULL,"723952.0",NULL,"FORD","TAURUS","IL","2008.0","NONE","PASSENGER","PERSONAL","W","PARKED",NULL,NULL,"0.0",NULL,NULL,NULL,NULL,NULL,NULL,NULL,NULL,"Y",NULL,NULL,NULL,NULL,NULL,NULL,NULL,NULL,"REAR",NULL,NULL,NULL,NULL,NULL,NULL,NULL,NULL,NULL,NULL,NULL,NULL,NULL,NULL,NULL,NULL,NULL,NULL,NULL,NULL,NULL,NULL,NULL,NULL,NULL,NULL,NULL,NULL,NULL,NULL,NULL,NULL,NULL
"762226","af2a0df157797d8caed5fa8acc837620b8ffc37a5fa4b74a0db1f64ec596bddfac71fba3bd66f37ea80bfa0d8783655adddee9374cfbe8b59a0817fd19f8d036","JC476929","10/18/2019 07:00:00 AM","1","DRIVER",NULL,"724039.0",NULL,"HONDA","ACCORD","IL","2018.0","NONE","PASSENGER","PERSONAL","W","STRAIGHT AHEAD","Y",NULL,"1.0",NULL,NULL,NULL,NULL,"Y",NULL,NULL,NULL,NULL,NULL,NULL,NULL,NULL,NULL,"N","Y",NULL,"FRONT",NULL,NULL,NULL,NULL,NULL,NULL,NULL,NULL,NULL,NULL,NULL,NULL,NULL,NULL,NULL,NULL,NULL,NULL,NULL,NULL,NULL,NULL,NULL,NULL,NULL,NULL,NULL,NULL,NULL,NULL,NULL,NULL,NULL
"762416","57cc4e8d5d55f4d23ba11540a0bb785a6f5f1c9e9d11b76d35749f37ce3961b87cd489b2003ee22c3635f6a8be78977d5b0b960c541281186709e2969cc2d5ec","JC477207","10/18/2019 11:32:00 AM","2","DRIVER",NULL,"724219.0",NULL,"TOYOTA MOTOR COMPANY, LTD.","UNKNOWN","IL","2017.0","UNKNOWN","PASSENGER","PERSONAL","W","UNKNOWN/NA",NULL,NULL,"1.0",NULL,NULL,NULL,NULL,NULL,NULL,NULL,"Y","Y","Y","Y",NULL,NULL,NULL,NULL,NULL,NULL,"REAR-RIGHT",NULL,NULL,NULL,NULL,NULL,NULL,NULL,NULL,NULL,NULL,NULL,NULL,NULL,NULL,NULL,NULL,NULL,NULL,NULL,NULL,NULL,NULL,NULL,NULL,NULL,NULL,NULL,NULL,NULL,NULL,NULL,NULL,NULL
"762858","2f68e386f67ec61b9de9f0530a52dec929adae9548c99b7412eea44e2b56141046f764c86efccc022053288e1ca674adf69153aa92b657fbffc436c3a0c4be47","JC478092","10/19/2019 01:30:00 AM","1","DRIVERLESS","1.0","724629.0",NULL,"MAZDA","6 (Six)","IL","2018.0","UNKNOWN","PASSENGER","PERSONAL","N","STRAIGHT AHEAD",NULL,NULL,"1.0",NULL,NULL,NULL,NULL,"Y",NULL,NULL,NULL,NULL,NULL,NULL,NULL,NULL,NULL,NULL,"Y",NULL,"FRONT",NULL,NULL,NULL,NULL,NULL,NULL,NULL,NULL,NULL,NULL,NULL,NULL,NULL,NULL,NULL,NULL,NULL,NULL,NULL,NULL,NULL,NULL,NULL,NULL,NULL,NULL,NULL,NULL,NULL,NULL,NULL,NULL,NULL
"763022","e8001dd15c28aa2baca5296a8094a9644a312afc91d40bde07b9b94d77b819f04f373c2c68bc4ce061c56f70b2f3a409416116bc7dc1021ea7a04ad0b62f24be","JC478436","10/19/2019 11:40:00 AM","1","DRIVER",NULL,"724787.0",NULL,"FORD","UNKNOWN","IL","2012.0","UNKNOWN","PASSENGER","TAXI/FOR HIRE","E","CHANGING LANES",NULL,NULL,"1.0",NULL,NULL,NULL,NULL,NULL,NULL,NULL,NULL,NULL,NULL,NULL,NULL,NULL,NULL,"Y",NULL,NULL,"TOTAL (ALL AREAS)",NULL,NULL,NULL,NULL,NULL,NULL,NULL,NULL,NULL,NULL,NULL,NULL,NULL,NULL,NULL,NULL,NULL,NULL,NULL,NULL,NULL,NULL,NULL,NULL,NULL,NULL,NULL,NULL,NULL,NULL,NULL,NULL,NULL
"763317","47e19692e1e85943ca612056470f6b9a227e1a79302dc6137fba64a2ccc3619e523f84f20849aabaf0ff79ed5f18f29e3778908546d4067246fc8a6c77f49974","JC478878","10/19/2019 06:10:00 PM","2","DRIVER",NULL,"725068.0",NULL,"LINCOLN-CONTINENTAL","UNKNOWN","IL","2018.0","UNKNOWN","PASSENGER","OTHER","S","STRAIGHT AHEAD",NULL,NULL,"1.0",NULL,NULL,NULL,NULL,NULL,NULL,NULL,NULL,"Y",NULL,NULL,NULL,NULL,NULL,NULL,NULL,NULL,"REAR",NULL,NULL,NULL,NULL,NULL,NULL,NULL,NULL,NULL,NULL,NULL,NULL,NULL,NULL,NULL,NULL,NULL,NULL,NULL,NULL,NULL,NULL,NULL,NULL,NULL,NULL,NULL,NULL,NULL,NULL,NULL,NULL,NULL
"763723","368fe7323e8d352cd275082a382253c5543c58751c19cedab090308b1e86f61257931af42fe1e3e3f32d7649e1b6b225202b5424c97548ed01391e708a5f391b","JC479672","10/20/2019 01:00:00 PM","2","DRIVER","2.0","725450.0",NULL,"HYUNDAI","Accent","IL","2018.0","UNKNOWN","PASSENGER","PERSONAL","N","STRAIGHT AHEAD",NULL,NULL,"3.0",NULL,NULL,NULL,NULL,NULL,NULL,NULL,NULL,NULL,NULL,"Y","Y",NULL,NULL,NULL,NULL,NULL,"FRONT-LEFT",NULL,NULL,NULL,NULL,NULL,NULL,NULL,NULL,NULL,NULL,NULL,NULL,NULL,NULL,NULL,NULL,NULL,NULL,NULL,NULL,NULL,NULL,NULL,NULL,NULL,NULL,NULL,NULL,NULL,NULL,NULL,NULL,NULL
"763769","e478b7b5e509a840679e970aba283e6405c498e8fe12ba72b4bfd04c03b009d23fb33cf23e0899ce4af5232b716926df111b1fb83899f34c3c68d814ec658daf","JC479782","10/20/2019 02:00:00 PM","2","DRIVER",NULL,"725474.0",NULL,"VOLKSWAGEN","PASSAT",NULL,"2018.0","NONE","PASSENGER","PERSONAL","UNKNOWN","BACKING",NULL,NULL,"1.0",NULL,NULL,NULL,NULL,NULL,"Y","Y","Y",NULL,NULL,NULL,NULL,NULL,NULL,NULL,NULL,NULL,"SIDE-RIGHT",NULL,NULL,NULL,NULL,NULL,NULL,NULL,NULL,NULL,NULL,NULL,NULL,NULL,NULL,NULL,NULL,NULL,NULL,NULL,NULL,NULL,NULL,NULL,NULL,NULL,NULL,NULL,NULL,NULL,NULL,NULL,NULL,NULL
"763981","4701f14635ff8e07478e4afff971eaec69cccc00c81b51662a1a0e3b2e336b55666f46c1e9f2bbea667fbaf0fcee61afa30497dd354d73d198d591443bf7944f","JC480072","10/20/2019 07:20:00 PM","2","DRIVER","1.0","725655.0",NULL,"NISSAN","NISSAN ALTIMA","IL","2010.0","UNKNOWN","PASSENGER","PERSONAL","S","SLOW/STOP IN TRAFFIC",NULL,NULL,"2.0",NULL,NULL,NULL,NULL,NULL,NULL,NULL,NULL,NULL,"Y",NULL,NULL,NULL,NULL,NULL,NULL,NULL,"REAR-LEFT",NULL,NULL,NULL,NULL,NULL,NULL,NULL,NULL,NULL,NULL,NULL,NULL,NULL,NULL,NULL,NULL,NULL,NULL,NULL,NULL,NULL,NULL,NULL,NULL,NULL,NULL,NULL,NULL,NULL,NULL,NULL,NULL,NULL
"764030","e74ad9861f8aa60b5b1ac2a082fc44c9eff2201d05d6790c4e384fbc6a79f3ac03b5cd1923185c554f1b53a8af0d397fd511f07bc15a0168309e1829a62cfcfb","JC480194","10/19/2019 09:45:00 PM","1","DRIVER",NULL,"725699.0",NULL,"LINCOLN-CONTINENTAL","MKX","IL","2011.0","UNKNOWN","PASSENGER","PERSONAL","E","STRAIGHT AHEAD",NULL,NULL,"1.0",NULL,NULL,NULL,NULL,NULL,NULL,NULL,NULL,NULL,NULL,NULL,NULL,NULL,"Y","Y",NULL,NULL,"UNDER CARRIAGE",NULL,NULL,NULL,NULL,NULL,NULL,NULL,NULL,NULL,NULL,NULL,NULL,NULL,NULL,NULL,NULL,NULL,NULL,NULL,NULL,NULL,NULL,NULL,NULL,NULL,NULL,NULL,NULL,NULL,NULL,NULL,NULL,NULL
"764293","ca613e6b6cca80cea7fa6181647b983d956809375fafc2f0e2dc060eefe3b43691d186885963020dcdcf795ea63b1dd89b97076f1b2dd9f32f7b545c6e611f41","JC480807","10/21/2019 12:30:00 PM","1","DRIVER",NULL,"725941.0",NULL,"DODGE","CHARGER","IL","2013.0","UNKNOWN","PASSENGER","PERSONAL","W","STRAIGHT AHEAD",NULL,NULL,"1.0",NULL,NULL,NULL,NULL,"Y",NULL,NULL,NULL,NULL,NULL,NULL,NULL,NULL,NULL,"Y","Y",NULL,"OTHER",NULL,NULL,NULL,NULL,NULL,NULL,NULL,NULL,NULL,NULL,NULL,NULL,NULL,NULL,NULL,NULL,NULL,NULL,NULL,NULL,NULL,NULL,NULL,NULL,NULL,NULL,NULL,NULL,NULL,NULL,NULL,NULL,NULL
"764490","477562feb0b6a3014eb8527c030f90f7cdee47f6c1cace1ddb4b292c66f506122738c618006f27a3bc7b611563a8faa86bf3160558988bd210c3930be93c9792","JC481084","10/21/2019 03:50:00 PM","1","DRIVER",NULL,"726146.0",NULL,"CHEVROLET","CRUZE","IL","2013.0","NONE","PASSENGER","PERSONAL","E","STRAIGHT AHEAD",NULL,NULL,"1.0",NULL,NULL,NULL,NULL,NULL,NULL,NULL,NULL,NULL,NULL,NULL,NULL,NULL,NULL,NULL,"Y",NULL,"OTHER",NULL,NULL,NULL,NULL,NULL,NULL,NULL,NULL,NULL,NULL,NULL,NULL,NULL,NULL,NULL,NULL,NULL,NULL,NULL,NULL,NULL,NULL,NULL,NULL,NULL,NULL,NULL,NULL,NULL,NULL,NULL,NULL,NULL
"764838","0ac77ecf420146371fa5d9583712566efec8ce854fc86e498d1a53f1b42a8a5d9d05c3c861c8e1b5efc050ab64f9971de1186e73480b7fa56d75b00bbfdc1c5a","JC481791","10/22/2019 01:00:00 AM","2","PARKED",NULL,"726461.0",NULL,"HYUNDAI","Accent","IL","2012.0","NONE","PASSENGER","PERSONAL","N","PARKED",NULL,NULL,"0.0",NULL,NULL,NULL,NULL,NULL,NULL,NULL,NULL,NULL,NULL,NULL,NULL,"Y","Y",NULL,NULL,NULL,"ROOF",NULL,NULL,NULL,NULL,NULL,NULL,NULL,NULL,NULL,NULL,NULL,NULL,NULL,NULL,NULL,NULL,NULL,NULL,NULL,NULL,NULL,NULL,NULL,NULL,NULL,NULL,NULL,NULL,NULL,NULL,NULL,NULL,NULL
"764905","9cca8af14d2e4a7ccf1a895a3e762be55f93ef24e6d1d9f4a05edeb64424559a0159aa91352941bfdf2d6b9656c46b50137445d2565e751d9a20c33ed4736111","JC481939","10/22/2019 09:55:00 AM","2","DRIVER",NULL,"726539.0",NULL,"JEEP","CHEROKEE","IN","2017.0","NONE","SPORT UTILITY VEHICLE (SUV)","PERSONAL","N","SLOW/STOP IN TRAFFIC",NULL,NULL,"1.0",NULL,NULL,NULL,NULL,NULL,NULL,NULL,NULL,NULL,NULL,NULL,NULL,NULL,NULL,NULL,NULL,NULL,"REAR-LEFT",NULL,NULL,NULL,NULL,NULL,NULL,NULL,NULL,NULL,NULL,NULL,NULL,NULL,NULL,NULL,NULL,NULL,NULL,NULL,NULL,NULL,NULL,NULL,NULL,NULL,NULL,NULL,NULL,NULL,NULL,NULL,NULL,NULL
"765272","b8ce8e8b869f00b5090dc547abfac77c0a2272935e583c7b4a11c1e7455b42d3211d25ee1dd4ebbc1a7b48797308b1ba43be0c79e8e5544910d84e14c36a2948","JC482545","10/21/2019 03:45:00 PM","2","DRIVER",NULL,"726883.0",NULL,"PETERBILT MOTORS CO., DIVISION PACCAR, INC.","UNKNOWN","IL","2015.0","NONE","TRACTOR W/ SEMI-TRAILER","OTHER","S","STRAIGHT AHEAD",NULL,NULL,"1.0",NULL,NULL,NULL,"Y",NULL,NULL,NULL,NULL,NULL,NULL,NULL,NULL,NULL,NULL,NULL,NULL,NULL,"NONE",NULL,NULL,NULL,NULL,NULL,NULL,NULL,NULL,NULL,NULL,NULL,NULL,NULL,NULL,NULL,NULL,NULL,NULL,NULL,NULL,NULL,NULL,NULL,NULL,NULL,NULL,NULL,NULL,NULL,NULL,NULL,NULL,NULL
"765512","d3186fefaeb169931bfcf5bbbcceb4954056bb795195343acd9c0257bb2eae5fb83bddc237cec2eedbe0ed36c2d2467cf887ecfc4cf213d78335c94ca104285c","JC483033","10/23/2019 06:00:00 AM","1","DRIVER",NULL,"727117.0",NULL,"RANGE ROVER OF NORTH AMERICA","RANGE ROVER OF NORTH AMERICA","IL","2015.0","NONE","SPORT UTILITY VEHICLE (SUV)","RIDESHARE SERVICE","E","STRAIGHT AHEAD",NULL,NULL,"1.0",NULL,NULL,NULL,NULL,"Y",NULL,NULL,NULL,NULL,NULL,NULL,NULL,NULL,NULL,"Y","Y",NULL,"OTHER",NULL,NULL,NULL,NULL,NULL,NULL,NULL,NULL,NULL,NULL,NULL,NULL,NULL,NULL,NULL,NULL,NULL,NULL,NULL,NULL,NULL,NULL,NULL,NULL,NULL,NULL,NULL,NULL,NULL,NULL,NULL,NULL,NULL
"765550","b1e64d17f3f151e222f4fe8f1281fe38152c8347c790f3cb54767a218099ef2e68551218af29e85739af6292a2aaf2887a5215a466dc87c6fe50bd598dfa4219","JC483091","10/23/2019 08:00:00 AM","2","PARKED",NULL,"729850.0",NULL,"TOYOTA MOTOR COMPANY, LTD.","CAMRY","IL","2014.0","UNKNOWN","PASSENGER","NOT IN USE","W","PARKED",NULL,NULL,"0.0",NULL,NULL,NULL,NULL,NULL,NULL,NULL,NULL,NULL,NULL,NULL,NULL,NULL,NULL,NULL,"Y",NULL,NULL,NULL,NULL,NULL,NULL,NULL,NULL,NULL,NULL,NULL,NULL,NULL,NULL,NULL,NULL,NULL,NULL,NULL,NULL,NULL,NULL,NULL,NULL,NULL,NULL,NULL,NULL,NULL,NULL,NULL,NULL,NULL,NULL,NULL
"765615","72f40e49ead3d5edd6119723d7ab04814f60d5899f9269d18b89f91d9af61fd31a7312ff0c5b57ef17335b3f25115bef5c9f30982173ad8169b71cb7725ae184","JC483156","10/23/2019 09:30:00 AM","2","DRIVER",NULL,"727226.0",NULL,"INFINITI","M37","IL","2011.0","NONE","PASSENGER","PERSONAL","N","STRAIGHT AHEAD",NULL,NULL,"1.0",NULL,NULL,NULL,NULL,NULL,NULL,NULL,NULL,NULL,NULL,"Y","Y",NULL,NULL,NULL,NULL,NULL,"FRONT-LEFT",NULL,NULL,NULL,NULL,NULL,NULL,NULL,NULL,NULL,NULL,NULL,NULL,NULL,NULL,NULL,NULL,NULL,NULL,NULL,NULL,NULL,NULL,NULL,NULL,NULL,NULL,NULL,NULL,NULL,NULL,NULL,NULL,NULL
"766135","bbe04c653903b917cb7fab6bee08b2870fa7c60e85971ccaf757479e3df1969886fa1d9c20dba48ea16cfb1793c5afd16c020da1738ddfd7c29e3fc1b322c767","JC483408","10/23/2019 12:30:00 PM","2","DRIVER",NULL,"727704.0",NULL,"VOLVO","UNKNOWN",NULL,"2016.0","NONE","TRUCK - SINGLE UNIT","UNKNOWN/NA","W","TURNING LEFT",NULL,NULL,"1.0",NULL,NULL,NULL,NULL,NULL,NULL,NULL,NULL,"N",NULL,"Y",NULL,NULL,NULL,NULL,NULL,NULL,"SIDE-LEFT",NULL,NULL,NULL,NULL,NULL,NULL,NULL,NULL,NULL,NULL,NULL,NULL,NULL,NULL,NULL,NULL,NULL,NULL,NULL,NULL,NULL,NULL,NULL,NULL,NULL,NULL,NULL,NULL,NULL,NULL,NULL,NULL,NULL
"766333","eb4b5ad10c62343ea6633c1e85c44c177539ed5e4843e645dcbbb41c62fe5ce53690446d1599ab9c23ae53850a6c33aa07842999320509a05a695fbb7cc27d44","JC484462","10/24/2019 09:32:00 AM","1","DRIVER",NULL,"727882.0",NULL,"TOYOTA MOTOR COMPANY, LTD.","RAV4 (sport utility)","IL","2016.0","NONE","PASSENGER","TAXI/FOR HIRE","S","BACKING",NULL,NULL,"1.0",NULL,NULL,NULL,NULL,NULL,NULL,NULL,NULL,NULL,NULL,NULL,NULL,NULL,NULL,"Y",NULL,NULL,"UNDER CARRIAGE",NULL,NULL,NULL,NULL,NULL,NULL,NULL,NULL,NULL,NULL,NULL,NULL,NULL,NULL,NULL,NULL,NULL,NULL,NULL,NULL,NULL,NULL,NULL,NULL,NULL,NULL,NULL,NULL,NULL,NULL,NULL,NULL,NULL