"CRASH_UNIT_ID","CRASH_RECORD_ID","RD_NO","CRASH_DATE","UNIT_NO","UNIT_TYPE","NUM_PASSENGERS","VEHICLE_ID","CMRC_VEH_I","MAKE","MODEL","LIC_PLATE_STATE","VEHICLE_YEAR","VEHICLE_DEFECT","VEHICLE_TYPE","VEHICLE_USE","TRAVEL_DIRECTION","MANEUVER","TOWED_I","FIRE_I","OCCUPANT_CNT","EXCEED_SPEED_LIMIT_I","TOWED_BY","TOWED_TO","AREA_00_I","AREA_01_I","AREA_02_I","AREA_03_I","AREA_04_I","AREA_05_I","AREA_06_I","AREA_07_I","AREA_08_I","AREA_09_I","AREA_10_I","AREA_11_I","AREA_12_I","AREA_99_I","FIRST_CONTACT_POINT","CMV_ID","USDOT_NO","CCMC_NO","ILCC_NO","COMMERCIAL_SRC","GVWR","CARRIER_NAME","CARRIER_STATE","CARRIER_CITY","HAZMAT_PLACARDS_I","HAZMAT_NAME","UN_NO","HAZMAT_PRESENT_I","HAZMAT_REPORT_I","HAZMAT_REPORT_NO","MCS_REPORT_I","MCS_REPORT_NO","HAZMAT_VIO_CAUSE_CRASH_I","MCS_VIO_CAUSE_CRASH_I","IDOT_PERMIT_NO","WIDE_LOAD_I","TRAILER1_WIDTH","TRAILER2_WIDTH","TRAILER1_LENGTH","TRAILER2_LENGTH","TOTAL_VEHICLE_LENGTH","AXLE_CNT","VEHICLE_CONFIG","CARGO_BODY_TYPE","LOAD_TYPE","HAZMAT_OUT_OF_SERVICE_I","MCS_OUT_OF_SERVICE_I","HAZMAT_CLASS"
"766604","e30a781c764c0f874063005a4a42cec25d759bea81af2730386bb91d0342f8869272fd0255544d5c8f7c8972874ef0097d7bc9b015606bd0892752314e984fc1","JC485179","10/24/2019 05:50:00 AM","2","PARKED",NULL,"728149.0",NULL,"NISSAN","UNKNOWN","IL","2012.0","NONE","PASSENGER","PERSONAL","W","PARKED",NULL,NULL,"0.0",NULL,NULL,NULL,NULL,NULL,NULL,NULL,NULL,NULL,NULL,NULL,"Y","Y","Y",NULL,NULL,NULL,"ROOF",NULL,NULL,NULL,NULL,NULL,NULL,NULL,NULL,NULL,NULL,NULL,NULL,NULL,NULL,NULL,NULL,NULL,NULL,NULL,NULL,NULL,NULL,NULL,NULL,NULL,NULL,NULL,NULL,NULL,NULL,NULL,NULL,NULL
"766634","f992085106f2ef2da2ac3046da7af0be8ab1a0e20e0ac2b545769581d67864575fcaa128de44fa1364e0874c32d9a73c12ce9a117acae6dcf85d51113dcd80b3","JC485245","10/24/2019 05:20:00 PM","2","DRIVER",NULL,"728180.0",NULL,"TOYOTA MOTOR COMPANY, LTD.","CAMRY","IL","2016.0","NONE","PASSENGER","PERSONAL","W","STRAIGHT AHEAD",NULL,NULL,"1.0",NULL,NULL,NULL,NULL,"N",NULL,NULL,NULL,NULL,NULL,NULL,NULL,NULL,NULL,"Y","Y",NULL,"TOTAL (ALL AREAS)",NULL,NULL,NULL,NULL,NULL,NULL,NULL,NULL,NULL,NULL,NULL,NULL,NULL,NULL,NULL,NULL,NULL,NULL,NULL,NULL,NULL,NULL,NULL,NULL,NULL,NULL,NULL,NULL,NULL,NULL,NULL,NULL,NULL
"766825","16a160f94dd59bf9b28c13b4dc5a1c4e97aa452798dc80e394283edf0fb2a97050fb5a48646aec3e03f26a91d6d240b8983bbbb61877a52b54544ff10b488926","JC485695","10/25/2019 09:45:00 AM","1","DRIVER",NULL,"728358.0",NULL,"TOYOTA MOTOR COMPANY, LTD.","Prius","IL","2015.0","NONE","PASSENGER","PERSONAL","E","CHANGING LANES",NULL,NULL,"1.0",NULL,NULL,NULL,NULL,"Y","Y",NULL,"Y","Y",NULL,NULL,NULL,"Y","Y","Y",NULL,NULL,"FRONT",NULL,NULL,NULL,NULL,NULL,NULL,NULL,NULL,NULL,NULL,NULL,NULL,NULL,NULL,NULL,NULL,NULL,NULL,NULL,NULL,NULL,NULL,NULL,NULL,NULL,NULL,NULL,NULL,NULL,NULL,NULL,NULL,NULL
"767119","b543581d37a6b724021c8dcaaa3135bc45362c14f58de0f31d38a5ecae82b98390e6f99bdf5608bbd699be7258a9e60ea9e4d768f66af44e2f4284cc7c5e1d2c","JC486281","10/25/2019 12:13:00 PM","2","PARKED",NULL,"728657.0",NULL,"FORD","F150","IL","2016.0","UNKNOWN","PICKUP","UNKNOWN/NA","N","PARKED",NULL,NULL,"0.0",NULL,NULL,NULL,NULL,NULL,"Y",NULL,NULL,NULL,NULL,NULL,NULL,NULL,NULL,NULL,NULL,NULL,"SIDE-RIGHT",NULL,NULL,NULL,NULL,NULL,NULL,NULL,NULL,NULL,NULL,NULL,NULL,NULL,NULL,NULL,NULL,NULL,NULL,NULL,NULL,NULL,NULL,NULL,NULL,NULL,NULL,NULL,NULL,NULL,NULL,NULL,NULL,NULL
"767267","a6051865d63ef23ab475d9b231448c46456f2f32f6e7a17293ffa7b14e83a434351f08dfae07d91a775f4b6f9ea102a89d7a0c124e6411e0db19dde7200c6912","JC486524","10/25/2019 06:00:00 PM","2","DRIVER",NULL,"728796.0",NULL,"MAZDA","UNKNOWN","IL","2018.0","UNKNOWN","PASSENGER","PERSONAL","N","STRAIGHT AHEAD",NULL,NULL,"1.0",NULL,NULL,NULL,NULL,NULL,NULL,NULL,NULL,"Y","Y","Y",NULL,NULL,NULL,NULL,NULL,NULL,"REAR-LEFT",NULL,NULL,NULL,NULL,NULL,NULL,NULL,NULL,NULL,NULL,NULL,NULL,NULL,NULL,NULL,NULL,NULL,NULL,NULL,NULL,NULL,NULL,NULL,NULL,NULL,NULL,NULL,NULL,NULL,NULL,NULL,NULL,NULL
"767360","9ca2753f4ffc63592b06c5c59c47fa7b9abb74b67f96fc34ef50223a2f3be3f8f150f95d5be92274ce1cb85e3892ab82c1972447fbc7d336b3bd52d61d1762f6","JC486719","10/25/2019 11:45:00 PM","1","DRIVER","1.0","728865.0",NULL,"TOYOTA MOTOR COMPANY, LTD.","CAMRY","IL","2010.0","UNKNOWN","PASSENGER","PERSONAL","S","TURNING LEFT",NULL,NULL,"2.0",NULL,NULL,NULL,NULL,NULL,NULL,NULL,NULL,NULL,NULL,"Y","Y","Y","Y",NULL,NULL,NULL,"ROOF",NULL,NULL,NULL,NULL,NULL,NULL,NULL,NULL,NULL,NULL,NULL,NULL,NULL,NULL,NULL,NULL,NULL,NULL,NULL,NULL,NULL,NULL,NULL,NULL,NULL,NULL,NULL,NULL,NULL,NULL,NULL,NULL,NULL
"767607","2feb44854d61772406ffbd2734e20e786abb413bc98e01da34e2e3a4e3cef885d11ff8e72888f3f5a15d4f277b22dc256d4bb811a566ec155c7c87f1402a37f5","JC487141","10/26/2019 12:28:00 PM","1","DRIVER",NULL,"729096.0",NULL,"HYUNDAI","Accent","IL","2014.0","BRAKES","PASSENGER","PERSONAL","N","STRAIGHT AHEAD",NULL,NULL,"1.0",NULL,NULL,NULL,NULL,NULL,NULL,NULL,NULL,NULL,NULL,NULL,NULL,NULL,NULL,"Y","Y",NULL,"OTHER",NULL,NULL,NULL,NULL,NULL,NULL,NULL,NULL,NULL,NULL,NULL,NULL,NULL,NULL,NULL,NULL,NULL,NULL,NULL,NULL,NULL,NULL,NULL,NULL,NULL,NULL,NULL,NULL,NULL,NULL,NULL,NULL,NULL
"767856","ced229330930b0213a2bec936a3c79b1f03e363e15b571d14e3d63c583e4a941d3fdf641374f5a8d04059af70b9b4ca25ab6018576546e6da3c0c358697dafc6","JC487479","10/26/2019 03:30:00 PM","1","PARKED","5.0","729329.0",NULL,"TOYOTA MOTOR COMPANY, LTD.","Prius","WI","2016.0","UNKNOWN","PASSENGER","UNKNOWN/NA","N","PARKED",NULL,NULL,"5.0",NULL,NULL,NULL,NULL,NULL,NULL,NULL,NULL,NULL,NULL,NULL,"Y","Y",NULL,NULL,NULL,NULL,"ROOF",NULL,NULL,NULL,NULL,NULL,NULL,NULL,NULL,NULL,NULL,NULL,NULL,NULL,NULL,NULL,NULL,NULL,NULL,NULL,NULL,NULL,NULL,NULL,NULL,NULL,NULL,NULL,NULL,NULL,NULL,NULL,NULL,NULL
"767948","c5ed8e8d22d7db68be30736202a8c43ce214d4cfa17b387fc1c2ab82a393aec178de60b5d4a6d19262e6b83b62d6b5beb72fe7d698180df0499cc83f2b6ff2e6","JC487501","10/26/2019 05:55:00 PM","2","PARKED",NULL,"729440.0",NULL,"JEEP","CHEROKEE","IL","2018.0","UNKNOWN","SPORT UTILITY VEHICLE (SUV)","PERSONAL","E","PARKED",NULL,NULL,"0.0",NULL,NULL,NULL,NULL,"Y",NULL,NULL,NULL,NULL,NULL,NULL,NULL,NULL,NULL,NULL,NULL,NULL,"FRONT",NULL,NULL,NULL,NULL,NULL,NULL,NULL,NULL,NULL,NULL,NULL,NULL,NULL,NULL,NULL,NULL,NULL,NULL,NULL,NULL,NULL,NULL,NULL,NULL,NULL,NULL,NULL,NULL,NULL,NULL,NULL,NULL,NULL
"767999","0ef2fb3d613e346e64fb10816df684b37f8b90b1da5a6b027afd47e2d028ec531d5d2ee76ba5496875ad52464b83dfc453a647f573ba4b98e1f5fd843d59b14c","JC487606","10/26/2019 07:30:00 PM","1","DRIVER",NULL,"729466.0",NULL,"BUICK","UNKNOWN","IL","2012.0","UNKNOWN","PASSENGER","PERSONAL","S","STRAIGHT AHEAD",NULL,NULL,"1.0",NULL,NULL,NULL,NULL,NULL,NULL,NULL,NULL,NULL,NULL,NULL,NULL,NULL,NULL,NULL,NULL,"Y","UNKNOWN",NULL,NULL,NULL,NULL,NULL,NULL,NULL,NULL,NULL,NULL,NULL,NULL,NULL,NULL,NULL,NULL,NULL,NULL,NULL,NULL,NULL,NULL,NULL,NULL,NULL,NULL,NULL,NULL,NULL,NULL,NULL,NULL,NULL
"768098","502870020e1f862ede8d96a18378a6b59227a9937098e744f187e2611c4a6304ed1a52c772b19314ca0f2ac0b8f06318b4d463923cf00f61dd49dc65a155396c","JC487726","10/26/2019 07:20:00 PM","1","DRIVER",NULL,"729560.0",NULL,"MAZDA","6 (Six)","IL","2013.0","UNKNOWN","PASSENGER","PERSONAL","N","BACKING",NULL,NULL,"1.0",NULL,NULL,NULL,NULL,NULL,NULL,NULL,NULL,NULL,"Y",NULL,NULL,NULL,NULL,NULL,NULL,NULL,"REAR-LEFT",NULL,NULL,NULL,NULL,NULL,NULL,NULL,NULL,NULL,NULL,NULL,NULL,NULL,NULL,NULL,NULL,NULL,NULL,NULL,NULL,NULL,NULL,NULL,NULL,NULL,NULL,NULL,NULL,NULL,NULL,NULL,NULL,NULL
"768382","a1b95912f2e9597e0545f2a752084e65cd65d6ba02948221117a4492aacb61df519d52d9cc6b13dca8b0f678f58618592a7334d033d6f4ed74150611e7a21ed7","JC488045","10/27/2019 05:45:00 AM","1","DRIVER",NULL,"729825.0",NULL,"HONDA","ACCORD","IL","2014.0","NONE","PASSENGER","PERSONAL","N","STRAIGHT AHEAD",NULL,NULL,"1.0",NULL,NULL,NULL,NULL,NULL,NULL,NULL,NULL,NULL,NULL,NULL,NULL,NULL,NULL,NULL,"Y",NULL,"OTHER",NULL,NULL,NULL,NULL,NULL,NULL,NULL,NULL,NULL,NULL,NULL,NULL,NULL,NULL,NULL,NULL,NULL,NULL,NULL,NULL,NULL,NULL,NULL,NULL,NULL,NULL,NULL,NULL,NULL,NULL,NULL,NULL,NULL
"768397","b60029f47db43e46768cad3414b89174f4fbdfe61343c718870d94145545be200a629345dc28bd87ab8ca06fa2758a769e0a766e03ad55ef14e2f24342b07785","JC488098","10/25/2019 04:00:00 PM","2","DRIVER","1.0","729835.0",NULL,"DODGE","GRAND CARAVAN","IL","2012.0","UNKNOWN","VAN/MINI-VAN","PERSONAL","W","SLOW/STOP IN TRAFFIC",NULL,NULL,"2.0",NULL,NULL,NULL,NULL,NULL,NULL,NULL,NULL,"Y",NULL,NULL,NULL,NULL,NULL,NULL,NULL,NULL,"REAR",NULL,NULL,NULL,NULL,NULL,NULL,NULL,NULL,NULL,NULL,NULL,NULL,NULL,NULL,NULL,NULL,NULL,NULL,NULL,NULL,NULL,NULL,NULL,NULL,NULL,NULL,NULL,NULL,NULL,NULL,NULL,NULL,NULL
"768482","1ad57a25222bc3b685c8ffdedfbe2e2a7817dca01b52d5fb5b53b9a92b1f9654bc6b6f8cbcccf36e8d764e4709dbbbaf26d7262a444ae0d24beec6bc4fb7e609","JC488216","10/27/2019 03:00:00 AM","2","PARKED",NULL,"729923.0",NULL,"LEXUS","RX350","IL","2016.0","NONE","PASSENGER","NOT IN USE","N","PARKED",NULL,NULL,"0.0",NULL,NULL,NULL,NULL,NULL,NULL,NULL,NULL,NULL,NULL,NULL,NULL,NULL,NULL,"Y",NULL,NULL,"TOTAL (ALL AREAS)",NULL,NULL,NULL,NULL,NULL,NULL,NULL,NULL,NULL,NULL,NULL,NULL,NULL,NULL,NULL,NULL,NULL,NULL,NULL,NULL,NULL,NULL,NULL,NULL,NULL,NULL,NULL,NULL,NULL,NULL,NULL,NULL,NULL
"768545","dcb6e26af1779b9230b12f1e2de19ddc033538a24aee13f6d1f2060a84d02594686dd1213305bdbc18fe156e5b4ddc7b85a6f206c35c9fb49104a8f0083d9f31","JC488334","10/27/2019 12:30:00 PM","1","DRIVER",NULL,"729979.0",NULL,"NISSAN","NISSAN ALTIMA","OH","2008.0","UNKNOWN","PASSENGER","PERSONAL","SW","CHANGING LANES",NULL,NULL,"1.0",NULL,NULL,NULL,NULL,"Y",NULL,NULL,NULL,NULL,NULL,NULL,NULL,"N",NULL,NULL,"Y",NULL,"FRONT",NULL,NULL,NULL,NULL,NULL,NULL,NULL,NULL,NULL,NULL,NULL,NULL,NULL,NULL,NULL,NULL,NULL,NULL,NULL,NULL,NULL,NULL,NULL,NULL,NULL,NULL,NULL,NULL,NULL,NULL,NULL,NULL,NULL
"768673","3fb6d71fefdccc9e90e7925c5514f18f583ecfe34b859e6282512a5a5a77e00a8e6dcd2489dc3597dedb11ae4c21161b5094a7f20d4a9ef136fb5b9a81fbde20","JC488540","10/27/2019 03:30:00 PM","2","DRIVER","1.0","730108.0",NULL,"BMW","328i","IL","2014.0","UNKNOWN","PASSENGER","PERSONAL","E","BACKING",NULL,NULL,"2.0",NULL,NULL,NULL,NULL,NULL,NULL,NULL,NULL,NULL,"Y","Y","Y",NULL,NULL,NULL,NULL,NULL,"SIDE-LEFT",NULL,NULL,NULL,NULL,NULL,NULL,NULL,NULL,NULL,NULL,NULL,NULL,NULL,NULL,NULL,NULL,NULL,NULL,NULL,NULL,NULL,NULL,NULL,NULL,NULL,NULL,NULL,NULL,NULL,NULL,NULL,NULL,NULL
"768870","71b44d3432c2f493c173b6c06d13cadcefa893b5950ff92b4409b65c6145fc239905773c53bc4912b4b8e89be34c82ddf7ae49a1807e03582495a9f4189ce12c","JC488835","10/27/2019 09:00:00 PM","2","DRIVERLESS",NULL,"730283.0",NULL,"ACURA","ACURA","IL","2018.0","NONE","SPORT UTILITY VEHICLE (SUV)","PERSONAL","E","STARTING IN TRAFFIC",NULL,NULL,"0.0",NULL,NULL,NULL,NULL,NULL,NULL,NULL,NULL,NULL,"Y",NULL,NULL,NULL,NULL,NULL,"N",NULL,"REAR-LEFT",NULL,NULL,NULL,NULL,NULL,NULL,NULL,NULL,NULL,NULL,NULL,NULL,NULL,NULL,NULL,NULL,NULL,NULL,NULL,NULL,NULL,NULL,NULL,NULL,NULL,NULL,NULL,NULL,NULL,NULL,NULL,NULL,NULL
"769029","51e2ed0d39eb9967d4efad3bbe3bac09e76421806bc715fb496f647652befe658172c0b4ec52adc62ee274366e58d8f13b3f88435fbb20a970220aeee4280175","JC489269","10/28/2019 09:40:00 AM","2","DRIVER",NULL,"730437.0",NULL,"DODGE","JOURNEY","IL","2009.0","NONE","SPORT UTILITY VEHICLE (SUV)","PERSONAL","NE","STRAIGHT AHEAD",NULL,NULL,"1.0",NULL,NULL,NULL,NULL,NULL,NULL,NULL,NULL,NULL,NULL,"Y",NULL,NULL,NULL,NULL,NULL,NULL,"SIDE-LEFT",NULL,NULL,NULL,NULL,NULL,NULL,NULL,NULL,NULL,NULL,NULL,NULL,NULL,NULL,NULL,NULL,NULL,NULL,NULL,NULL,NULL,NULL,NULL,NULL,NULL,NULL,NULL,NULL,NULL,NULL,NULL,NULL,NULL
"769174","85fefd4a793e1983014a156e1962fcf26ef1318dd10a217c9e971bbc1f20bccb5aee87fb86dd797eaf856e1bc1f2638d6fb9847aaaab81127bca98dc73a07d9c","JC489577","10/28/2019 01:20:00 PM","2","DRIVER",NULL,"730581.0",NULL,"HYUNDAI","SONATA",NULL,"2011.0","NONE","PASSENGER","PERSONAL","N","STRAIGHT AHEAD",NULL,NULL,"1.0",NULL,NULL,NULL,NULL,NULL,NULL,NULL,NULL,NULL,NULL,NULL,NULL,NULL,NULL,NULL,"Y",NULL,"OTHER",NULL,NULL,NULL,NULL,NULL,NULL,NULL,NULL,NULL,NULL,NULL,NULL,NULL,NULL,NULL,NULL,NULL,NULL,NULL,NULL,NULL,NULL,NULL,NULL,NULL,NULL,NULL,NULL,NULL,NULL,NULL,NULL,NULL
"769192","11da0f6e02982106aa268b0f52d1ceb2d9934148760409f1e0e3c569a2aa0a856383b53bcd12870e47226115d94f38dc7e21ec9b5a4fb755989368b3b20460e8","JC489617","10/28/2019 02:00:00 PM","1","DRIVER",NULL,"730594.0",NULL,"DODGE","JOURNEY","IL","2015.0","NONE","SPORT UTILITY VEHICLE (SUV)","UNKNOWN/NA","E","STRAIGHT AHEAD",NULL,NULL,"1.0",NULL,NULL,NULL,NULL,"Y",NULL,NULL,NULL,NULL,NULL,NULL,NULL,NULL,NULL,"Y","Y",NULL,"OTHER",NULL,NULL,NULL,NULL,NULL,NULL,NULL,NULL,NULL,NULL,NULL,NULL,NULL,NULL,NULL,NULL,NULL,NULL,NULL,NULL,NULL,NULL,NULL,NULL,NULL,NULL,NULL,NULL,NULL,NULL,NULL,NULL,NULL
"769201","9d82ff7263b93ab2a84acaf6a63a828fbaaf3e8387d7402d95117fac988a5a4d72c061b865edd8a259a619c762c3a6c9a0e6ea0d5e32025c3c08570620a26fd9","JC489620","10/23/2019 08:30:00 PM","1","DRIVER",NULL,"730621.0",NULL,"NISSAN","UNKNOWN","IL","2019.0","UNKNOWN","PASSENGER","PERSONAL","N","PASSING/OVERTAKING",NULL,NULL,"1.0",NULL,NULL,NULL,NULL,NULL,NULL,NULL,NULL,NULL,NULL,NULL,NULL,NULL,NULL,NULL,NULL,"Y","UNKNOWN",NULL,NULL,NULL,NULL,NULL,NULL,NULL,NULL,NULL,NULL,NULL,NULL,NULL,NULL,NULL,NULL,NULL,NULL,NULL,NULL,NULL,NULL,NULL,NULL,NULL,NULL,NULL,NULL,NULL,NULL,NULL,NULL,NULL
"769502","87e85591b8a193b6ab09607455fd7ea88fe3f9be64e53819d994bb54b79c9018382f07db3aef8f52eb47783157546825bfa522a04182cf14b7030f1e86566343","JC489957","10/28/2019 06:09:00 PM","1","DRIVER",NULL,"730913.0",NULL,"FORD","Focus","IL","2008.0","UNKNOWN","PASSENGER","PERSONAL","W","STRAIGHT AHEAD","Y",NULL,"1.0",NULL,"CITY OF CHICAGO",NULL,NULL,"Y",NULL,NULL,NULL,NULL,NULL,NULL,NULL,NULL,NULL,"Y","Y",NULL,"OTHER",NULL,NULL,NULL,NULL,NULL,NULL,NULL,NULL,NULL,NULL,NULL,NULL,NULL,NULL,NULL,NULL,NULL,NULL,NULL,NULL,NULL,NULL,NULL,NULL,NULL,NULL,NULL,NULL,NULL,NULL,NULL,NULL,NULL
"769505","2ea6e71b991a7eff94e9329b39599cceab7503e0a5ff962d4f8c26b4d1184896d9acb3fb10fcf8c3540f79c451304dc3c117d4106f65087b7349456c2893ad05","JC490182","10/28/2019 07:20:00 PM","2","DRIVER",NULL,"730907.0",NULL,"CHEVROLET","MALIBU (CHEVELLE)","IL","2019.0","UNKNOWN","PASSENGER","PERSONAL","N","STRAIGHT AHEAD","Y",NULL,"1.0",NULL,NULL,NULL,NULL,"N",NULL,NULL,NULL,NULL,NULL,NULL,NULL,NULL,NULL,"N","Y",NULL,"OTHER",NULL,NULL,NULL,NULL,NULL,NULL,NULL,NULL,NULL,NULL,NULL,NULL,NULL,NULL,NULL,NULL,NULL,NULL,NULL,NULL,NULL,NULL,NULL,NULL,NULL,NULL,NULL,NULL,NULL,NULL,NULL,NULL,NULL
"769706","bc4abd55b6bccdc41759073eac0904f825c7b2a07d698e387719d0ced83e9c625e6f5ec640e7645902d8e0fb9fc1f3f5382dd6681a228e7d521a1b25ab0d0f61","JC490601","10/29/2019 09:45:00 AM","3","DRIVER",NULL,"731090.0",NULL,"TOYOTA MOTOR COMPANY, LTD.","COROLLA","IL","2009.0","NONE","PASSENGER","PERSONAL","W","STARTING IN TRAFFIC",NULL,NULL,"1.0",NULL,NULL,NULL,NULL,NULL,NULL,NULL,NULL,NULL,NULL,NULL,NULL,NULL,NULL,NULL,"Y",NULL,"OTHER",NULL,NULL,NULL,NULL,NULL,NULL,NULL,NULL,NULL,NULL,NULL,NULL,NULL,NULL,NULL,NULL,NULL,NULL,NULL,NULL,NULL,NULL,NULL,NULL,NULL,NULL,NULL,NULL,NULL,NULL,NULL,NULL,NULL
"769718","03388fe128e8b02cf727075a5b89f0d383fe516798cbbe13624750eb3e05a9ca206f6e38f2b81efa9bdf6118944533a3c712b96faee6737dab6d0ff58ddded48","JC490633","10/29/2019 07:45:00 AM","2","DRIVER",NULL,"731101.0",NULL,"FREIGHTLINER CORP.","FREIGHTLINER CORP.","IL","2017.0","NONE","SINGLE UNIT TRUCK WITH TRAILER","COMMERCIAL - SINGLE UNIT","E","TURNING LEFT",NULL,NULL,"1.0",NULL,NULL,NULL,NULL,NULL,NULL,NULL,"Y","Y",NULL,NULL,NULL,NULL,NULL,NULL,NULL,NULL,"REAR",NULL,NULL,NULL,NULL,NULL,NULL,NULL,NULL,NULL,NULL,NULL,NULL,NULL,NULL,NULL,NULL,NULL,NULL,NULL,NULL,NULL,NULL,NULL,NULL,NULL,NULL,NULL,NULL,NULL,NULL,NULL,NULL,NULL
"769770","a2a2118c609d1568708e5c4f219b9e0ae8bc3642c76f8a2a10b2659607b6465401b365ea9aef81fda94a96be180b1b2d3522d17c6eaf18ad9a7573d24a865096","JC490730","10/29/2019 11:20:00 AM","1","DRIVER",NULL,"731151.0",NULL,"HONDA","CRV","IL","2009.0","UNKNOWN","SPORT UTILITY VEHICLE (SUV)","UNKNOWN/NA","NE","ENTERING TRAFFIC LANE FROM PARKING",NULL,NULL,"1.0",NULL,NULL,NULL,NULL,NULL,NULL,NULL,NULL,NULL,NULL,NULL,NULL,NULL,NULL,"Y",NULL,NULL,"TOTAL (ALL AREAS)",NULL,NULL,NULL,NULL,NULL,NULL,NULL,NULL,NULL,NULL,NULL,NULL,NULL,NULL,NULL,NULL,NULL,NULL,NULL,NULL,NULL,NULL,NULL,NULL,NULL,NULL,NULL,NULL,NULL,NULL,NULL,NULL,NULL
"769952","a6e547d4d7672fbfa55b9fc43d5f91607ef3d305bec1695222086a0402fafe6991dd5e307f9a36b644c9936e7685f805dec14eba146b32bffe6cdf00d1fb27a9","JC491158","10/29/2019 04:32:00 PM","2","DRIVER","1.0","731328.0",NULL,"CHEVROLET","MALIBU (CHEVELLE)","IL","2017.0","NONE","PASSENGER","PERSONAL","SW","STRAIGHT AHEAD",NULL,NULL,"2.0",NULL,NULL,NULL,NULL,"Y",NULL,NULL,NULL,NULL,NULL,NULL,NULL,NULL,NULL,"Y","Y",NULL,"OTHER",NULL,NULL,NULL,NULL,NULL,NULL,NULL,NULL,NULL,NULL,NULL,NULL,NULL,NULL,NULL,NULL,NULL,NULL,NULL,NULL,NULL,NULL,NULL,NULL,NULL,NULL,NULL,NULL,NULL,NULL,NULL,NULL,NULL
"770088","25dd39650438d048ee0a405bb9eee4a046cdc22073430678f46134490c7beb8ac8f75deedbd51c367c41983cbd67b6906be7587147e21fd3b80477bdbbfe2fa0","JC491372","10/29/2019 07:05:00 PM","2","DRIVER",NULL,"731469.0",NULL,"TOYOTA MOTOR COMPANY, LTD.","RAV4 (sport utility)","IL","2018.0","NONE","PASSENGER","PERSONAL","N","SLOW/STOP IN TRAFFIC",NULL,NULL,"1.0",NULL,NULL,NULL,NULL,NULL,NULL,NULL,NULL,"Y","Y",NULL,NULL,NULL,NULL,NULL,NULL,"Y","REAR",NULL,NULL,NULL,NULL,NULL,NULL,NULL,NULL,NULL,NULL,NULL,NULL,NULL,NULL,NULL,NULL,NULL,NULL,NULL,NULL,NULL,NULL,NULL,NULL,NULL,NULL,NULL,NULL,NULL,NULL,NULL,NULL,NULL
"770422","11b03a6ce24877a433ff3a0ca7b21c230fc67f8fd270c08e54d3a20c2eadbc6d4b724e00f82415ba4e1d2610de2b54057be1d0fa646de1cb2c039759b9488373","JC491944","10/30/2019 11:30:00 AM","2","DRIVER",NULL,"731778.0",NULL,"FORD","F150","IL","2020.0","UNKNOWN","PICKUP","UNKNOWN/NA","W","TURNING LEFT",NULL,NULL,"1.0",NULL,NULL,NULL,NULL,NULL,NULL,NULL,NULL,NULL,NULL,NULL,NULL,NULL,"Y",NULL,NULL,NULL,"ROOF",NULL,NULL,NULL,NULL,NULL,NULL,NULL,NULL,NULL,NULL,NULL,NULL,NULL,NULL,NULL,NULL,NULL,NULL,NULL,NULL,NULL,NULL,NULL,NULL,NULL,NULL,NULL,NULL,NULL,NULL,NULL,NULL,NULL
"770606","fded610e73c01d26b2fcd97413d79274cb3c8ae6d881da42ffb59b4b78fdbb17c941da8387fa43d81abab33fce3a9a89fd4025f377983bdab6b4b5aea5fa5968","JC492200","10/30/2019 02:55:00 PM","2","DRIVER",NULL,"731963.0",NULL,"FORD","ECONOLINE E250","IL","2013.0","NONE","VAN/MINI-VAN","PERSONAL","S","STRAIGHT AHEAD","Y",NULL,"1.0",NULL,"butler coring","unknown",NULL,NULL,NULL,NULL,NULL,NULL,NULL,"Y","Y","Y","Y","Y","Y",NULL,"TOTAL (ALL AREAS)",NULL,NULL,NULL,NULL,NULL,NULL,NULL,NULL,NULL,NULL,NULL,NULL,NULL,NULL,NULL,NULL,NULL,NULL,NULL,NULL,NULL,NULL,NULL,NULL,NULL,NULL,NULL,NULL,NULL,NULL,NULL,NULL,NULL
"770705","f8fc67ec58aa3daba2d456def8664367499e715bcf084e9e226ff75e7be26711574763088f68be5219408f415f721eb1b3f3d5c48c1dd4a807b19e7f662f54ef","JC492351","10/30/2019 05:15:00 PM","2","DRIVER",NULL,"732059.0",NULL,"MAZDA","UNKNOWN","IL","2016.0","NONE","PASSENGER","PERSONAL","SE","STRAIGHT AHEAD",NULL,NULL,"1.0",NULL,NULL,NULL,NULL,NULL,NULL,"Y","Y",NULL,NULL,NULL,NULL,NULL,NULL,NULL,NULL,NULL,"REAR-RIGHT",NULL,NULL,NULL,NULL,NULL,NULL,NULL,NULL,NULL,NULL,NULL,NULL,NULL,NULL,NULL,NULL,NULL,NULL,NULL,NULL,NULL,NULL,NULL,NULL,NULL,NULL,NULL,NULL,NULL,NULL,NULL,NULL,NULL