"CRASH_UNIT_ID","CRASH_RECORD_ID","RD_NO","CRASH_DATE","UNIT_NO","UNIT_TYPE","NUM_PASSENGERS","VEHICLE_ID","CMRC_VEH_I","MAKE","MODEL","LIC_PLATE_STATE","VEHICLE_YEAR","VEHICLE_DEFECT","VEHICLE_TYPE","VEHICLE_USE","TRAVEL_DIRECTION","MANEUVER","TOWED_I","FIRE_I","OCCUPANT_CNT","EXCEED_SPEED_LIMIT_I","TOWED_BY","TOWED_TO","AREA_00_I","AREA_01_I","AREA_02_I","AREA_03_I","AREA_04_I","AREA_05_I","AREA_06_I","AREA_07_I","AREA_08_I","AREA_09_I","AREA_10_I","AREA_11_I","AREA_12_I","AREA_99_I","FIRST_CONTACT_POINT","CMV_ID","USDOT_NO","CCMC_NO","ILCC_NO","COMMERCIAL_SRC","GVWR","CARRIER_NAME","CARRIER_STATE","CARRIER_CITY","HAZMAT_PLACARDS_I","HAZMAT_NAME","UN_NO","HAZMAT_PRESENT_I","HAZMAT_REPORT_I","HAZMAT_REPORT_NO","MCS_REPORT_I","MCS_REPORT_NO","HAZMAT_VIO_CAUSE_CRASH_I","MCS_VIO_CAUSE_CRASH_I","IDOT_PERMIT_NO","WIDE_LOAD_I","TRAILER1_WIDTH","TRAILER2_WIDTH","TRAILER1_LENGTH","TRAILER2_LENGTH","TOTAL_VEHICLE_LENGTH","AXLE_CNT","VEHICLE_CONFIG","CARGO_BODY_TYPE","LOAD_TYPE","HAZMAT_OUT_OF_SERVICE_I","MCS_OUT_OF_SERVICE_I","HAZMAT_CLASS"
"770706","4911e00a8d0b77e666e245a8ddb49d910c7b8a7e757c30150444433c67f1d9c19e7f0957ac97b8bf853fbdf5aee12f7cb4d677a0386b06594a15576719b3a9c3","JC492312","10/30/2019 04:31:00 PM","1","DRIVER","1.0","732054.0",NULL,"CHEVROLET","MALIBU (CHEVELLE)","IL","2010.0","NONE","PASSENGER","PERSONAL","S","ENTERING TRAFFIC LANE FROM PARKING","Y",NULL,"2.0",NULL,"private tow","private garage",NULL,NULL,NULL,NULL,NULL,NULL,NULL,NULL,NULL,NULL,NULL,"Y","Y",NULL,"TOTAL (ALL AREAS)",NULL,NULL,NULL,NULL,NULL,NULL,NULL,NULL,NULL,NULL,NULL,NULL,NULL,NULL,NULL,NULL,NULL,NULL,NULL,NULL,NULL,NULL,NULL,NULL,NULL,NULL,NULL,NULL,NULL,NULL,NULL,NULL,NULL
"770751","2d9e68ccf8d2b191785579edc6ccff6333b9d99a00fe96f65ceb4f38cd8c35fa70c501251e2a74be2c26178bb93b8ceba4d27ab4a74e14e0650799706e2b923b","JC492345","10/30/2019 05:20:00 PM","2","DRIVER","3.0","732123.0",NULL,"FORD","ESCAPE (SUV)","IL","2014.0","NONE","SPORT UTILITY VEHICLE (SUV)","PERSONAL","E","STRAIGHT AHEAD","Y",NULL,"4.0",NULL,"CITYWIDE RECOVERY",NULL,NULL,"Y",NULL,NULL,NULL,NULL,NULL,NULL,NULL,NULL,NULL,"Y","Y",NULL,"OTHER",NULL,NULL,NULL,NULL,NULL,NULL,NULL,NULL,NULL,NULL,NULL,NULL,NULL,NULL,NULL,NULL,NULL,NULL,NULL,NULL,NULL,NULL,NULL,NULL,NULL,NULL,NULL,NULL,NULL,NULL,NULL,NULL,NULL
"770781","36fc4d5f94130ccf7ade76a1b6f8103045f81fc38b693b6537951b76606eae90ad6dcfff6ea42b9de42b7b32dc5a9140a0246b54ad7b6e74d3a01996b40722f6","JC489165","10/28/2019 05:30:00 AM","1","DRIVER",NULL,"732108.0",NULL,"GENERAL MOTORS CORP.","TERRAIN","IL","2016.0","UNKNOWN","SPORT UTILITY VEHICLE (SUV)","UNKNOWN/NA","W","STRAIGHT AHEAD",NULL,NULL,"1.0",NULL,NULL,NULL,NULL,NULL,NULL,NULL,NULL,NULL,NULL,NULL,NULL,NULL,NULL,NULL,NULL,"Y","OTHER",NULL,NULL,NULL,NULL,NULL,NULL,NULL,NULL,NULL,NULL,NULL,NULL,NULL,NULL,NULL,NULL,NULL,NULL,NULL,NULL,NULL,NULL,NULL,NULL,NULL,NULL,NULL,NULL,NULL,NULL,NULL,NULL,NULL
"770841","22a2e3aff8dd7ab5cceb978bc4c1142037f9914eab254074444c589750c8babb864fb1efabff9fe35a3887ddd6890a689b254bb991671183f4672ff5dcc35a6a","JC492516","10/30/2019 06:45:00 PM","1","DRIVER",NULL,"732179.0",NULL,"FORD","FUSION","IL","2010.0","NONE","PASSENGER","PERSONAL","SE","STRAIGHT AHEAD",NULL,NULL,"1.0",NULL,NULL,NULL,NULL,NULL,NULL,NULL,NULL,NULL,NULL,NULL,NULL,"Y","Y","Y","Y",NULL,"TOTAL (ALL AREAS)",NULL,NULL,NULL,NULL,NULL,NULL,NULL,NULL,NULL,NULL,NULL,NULL,NULL,NULL,NULL,NULL,NULL,NULL,NULL,NULL,NULL,NULL,NULL,NULL,NULL,NULL,NULL,NULL,NULL,NULL,NULL,NULL,NULL
"771011","a0963782a5017f85773e51314d383f6dce88ddda1eaba6a83c15c1b72ac839e6dbcb5e63b496e80ba9abee0a2091495f68edd630417d9ec88cbf377e2ebc2e82","JC492576","10/30/2019 07:46:00 AM","4","PARKED",NULL,"732343.0",NULL,"NISSAN","VERSA","IL","2008.0","UNKNOWN","PASSENGER","UNKNOWN/NA","N","PARKED",NULL,NULL,"0.0",NULL,NULL,NULL,NULL,"Y","Y","Y",NULL,"Y","Y","Y",NULL,NULL,NULL,"Y","Y",NULL,"REAR-LEFT",NULL,NULL,NULL,NULL,NULL,NULL,NULL,NULL,NULL,NULL,NULL,NULL,NULL,NULL,NULL,NULL,NULL,NULL,NULL,NULL,NULL,NULL,NULL,NULL,NULL,NULL,NULL,NULL,NULL,NULL,NULL,NULL,NULL
"771156","45caa42c919efa132b0a2e480ae0b602691aad487846485ca742dc37c7c0ef5ad330937017726fb4991ef0f6707ed8fa3fc70ec5ecc1e5629772eb6e4af11d39","JC492967","10/31/2019 07:59:00 AM","1","DRIVER","1.0","732479.0","N","FORD","UNKNOWN","IL","2014.0","NONE","VAN/MINI-VAN","UNKNOWN/NA","N","CHANGING LANES",NULL,NULL,"2.0",NULL,NULL,NULL,NULL,NULL,NULL,"Y","Y",NULL,NULL,NULL,NULL,NULL,NULL,NULL,NULL,NULL,"SIDE-RIGHT",NULL,NULL,NULL,NULL,NULL,NULL,NULL,NULL,NULL,NULL,NULL,NULL,NULL,NULL,NULL,NULL,NULL,NULL,NULL,NULL,NULL,NULL,NULL,NULL,NULL,NULL,NULL,NULL,NULL,NULL,NULL,NULL,NULL
"771289","1e0dc0889f3b6d93a88b5705969dc0179e5963e51e933857dbf9ee9ab417227d25565159843404645450ef21d9c6950fc40248c9dfd59c4ed7eebb62b82114d0","JC493093","10/31/2019 10:17:00 AM","1","DRIVER",NULL,"732590.0",NULL,"FREIGHTLINER CORP.","UNKNOWN","IL","2018.0","NONE","TRUCK - SINGLE UNIT","CONSTRUCTION/MAINTENANCE","W","STRAIGHT AHEAD",NULL,NULL,"1.0",NULL,NULL,NULL,NULL,NULL,NULL,NULL,NULL,NULL,NULL,NULL,NULL,NULL,NULL,NULL,"Y",NULL,"OTHER",NULL,NULL,NULL,NULL,NULL,NULL,NULL,NULL,NULL,NULL,NULL,NULL,NULL,NULL,NULL,NULL,NULL,NULL,NULL,NULL,NULL,NULL,NULL,NULL,NULL,NULL,NULL,NULL,NULL,NULL,NULL,NULL,NULL
"771355","f5960297cf5dfd030b33654c53421bf74293eb6c11706f8bf605ae68637ce30c99f42b4032e7b24202f99e8b71aad1e0382decbcd51a62f636d224b04f54305b","JC493279","10/31/2019 11:30:00 AM","2","DRIVER",NULL,"732661.0",NULL,"CHEVROLET","SILVERADO","IL","2017.0","UNKNOWN","PICKUP","UNKNOWN/NA","N","STRAIGHT AHEAD",NULL,NULL,"1.0",NULL,NULL,NULL,NULL,NULL,NULL,NULL,NULL,NULL,NULL,"Y",NULL,NULL,NULL,NULL,NULL,NULL,"SIDE-LEFT",NULL,NULL,NULL,NULL,NULL,NULL,NULL,NULL,NULL,NULL,NULL,NULL,NULL,NULL,NULL,NULL,NULL,NULL,NULL,NULL,NULL,NULL,NULL,NULL,NULL,NULL,NULL,NULL,NULL,NULL,NULL,NULL,NULL
"771362","3c3df30943081c78de9567bebd438001eb32836d645ae8a5e35e50ddaef1d2d91d080c309d131398538b8b7840d0fdb940a9cad29288d57307fa5356cdccf6d6","JC493323","10/30/2019 06:30:00 PM","1","DRIVER",NULL,"732663.0",NULL,"FORD","FIESTA","IL","2014.0","NONE","PASSENGER","PERSONAL","N","BACKING",NULL,NULL,"1.0",NULL,NULL,NULL,NULL,NULL,NULL,NULL,NULL,NULL,"Y",NULL,NULL,NULL,NULL,NULL,NULL,NULL,"REAR-LEFT",NULL,NULL,NULL,NULL,NULL,NULL,NULL,NULL,NULL,NULL,NULL,NULL,NULL,NULL,NULL,NULL,NULL,NULL,NULL,NULL,NULL,NULL,NULL,NULL,NULL,NULL,NULL,NULL,NULL,NULL,NULL,NULL,NULL
"771526","170dd20900eb81258f85bb0023375935307017d40e590824fa7a6e8ee32df14e0b05c417c2526a7c5d5314f2bac445bf41cef59002f760df99233dbc961eac62","JC493504","10/31/2019 09:30:00 AM","2","PARKED",NULL,"732813.0",NULL,"CADILLAC","UNKNOWN","IL","2014.0","NONE","PASSENGER","PERSONAL","E","PARKED",NULL,NULL,"0.0",NULL,NULL,NULL,NULL,"Y",NULL,NULL,NULL,NULL,NULL,NULL,NULL,NULL,NULL,NULL,NULL,NULL,"FRONT",NULL,NULL,NULL,NULL,NULL,NULL,NULL,NULL,NULL,NULL,NULL,NULL,NULL,NULL,NULL,NULL,NULL,NULL,NULL,NULL,NULL,NULL,NULL,NULL,NULL,NULL,NULL,NULL,NULL,NULL,NULL,NULL,NULL
"771538","302a6a088ed3df50264c832efb1974d2465b045bbafcb1cd4dc7794d0327147aa31c6c14b01db88acc9efb7683b0a4f188bd77c891b978ca526f4c954103c2c8","JC493441","10/31/2019 03:10:00 PM","2","DRIVER",NULL,"732846.0",NULL,"CHEVROLET","UNKNOWN","IL","2019.0","UNKNOWN","PASSENGER","PERSONAL","N","STRAIGHT AHEAD","Y",NULL,"1.0",NULL,"PERSONAL TOW",NULL,NULL,"Y","Y","Y","Y","N",NULL,NULL,NULL,NULL,NULL,"Y","Y",NULL,"OTHER",NULL,NULL,NULL,NULL,NULL,NULL,NULL,NULL,NULL,NULL,NULL,NULL,NULL,NULL,NULL,NULL,NULL,NULL,NULL,NULL,NULL,NULL,NULL,NULL,NULL,NULL,NULL,NULL,NULL,NULL,NULL,NULL,NULL
"771661","25794d49a3a9a6398de07aec0ec75cf5e9dfbab56400b78c460e819f8f2b4e17368e6a3414bdb0d7d1a2e08680ec6cea809b43ea7dd5a12a989fcba4065d9999","JC493629","10/30/2019 08:30:00 PM","1","DRIVER",NULL,"732968.0",NULL,"HYUNDAI","SONATA","IL","2017.0","UNKNOWN","PASSENGER","PERSONAL","N","BACKING",NULL,NULL,"1.0",NULL,NULL,NULL,NULL,NULL,NULL,NULL,NULL,NULL,NULL,NULL,NULL,NULL,NULL,NULL,NULL,NULL,"SIDE-LEFT",NULL,NULL,NULL,NULL,NULL,NULL,NULL,NULL,NULL,NULL,NULL,NULL,NULL,NULL,NULL,NULL,NULL,NULL,NULL,NULL,NULL,NULL,NULL,NULL,NULL,NULL,NULL,NULL,NULL,NULL,NULL,NULL,NULL
"771931","c110468e9c4a07bb8b6fb71082897538a79ba1e4c7e357c3e4613c2c45b106716e7d6c4b0cf7f9629f06de989e2f876a563c881799bfff5b789380e93c570b23","JC493919","10/31/2019 09:15:00 PM","2","DRIVERLESS",NULL,"733204.0",NULL,"FORD","FUSION","WI","2014.0","UNKNOWN","PASSENGER","NOT IN USE","UNKNOWN","PARKED",NULL,NULL,"0.0",NULL,NULL,NULL,NULL,NULL,NULL,NULL,NULL,"Y","Y","Y",NULL,NULL,NULL,NULL,NULL,NULL,"REAR-LEFT",NULL,NULL,NULL,NULL,NULL,NULL,NULL,NULL,NULL,NULL,NULL,NULL,NULL,NULL,NULL,NULL,NULL,NULL,NULL,NULL,NULL,NULL,NULL,NULL,NULL,NULL,NULL,NULL,NULL,NULL,NULL,NULL,NULL
"772155","c685a478c0caec4ba761445ad402444ed2a7da799bd066314ac4f99a492946301a03d247700b6af659e68f4beb133a4d9fdade510e72b91ab6d6d7e92cc6784d","JC949353","10/31/2019 05:30:00 PM","1","DRIVER","2.0","733411.0",NULL,"CHEVROLET","EQUINOX","IL","2014.0","NONE","SPORT UTILITY VEHICLE (SUV)","PERSONAL","N","STRAIGHT AHEAD",NULL,NULL,"3.0",NULL,NULL,NULL,NULL,NULL,NULL,NULL,NULL,NULL,NULL,NULL,NULL,NULL,NULL,"Y",NULL,NULL,"TOTAL (ALL AREAS)",NULL,NULL,NULL,NULL,NULL,NULL,NULL,NULL,NULL,NULL,NULL,NULL,NULL,NULL,NULL,NULL,NULL,NULL,NULL,NULL,NULL,NULL,NULL,NULL,NULL,NULL,NULL,NULL,NULL,NULL,NULL,NULL,NULL
"772201","216c04cea96f5a94a23bc13f51c4bc4e9250c7be72384abe240a8a0a52849e5fc68adbdb7fd11655f1e4ca7e8a9189fa66dbba16274ab031f4223c07fe4783fa","JC494295","11/01/2019 09:00:00 AM","4","PARKED",NULL,"733470.0",NULL,"HONDA","ACCORD","IL","2010.0","NONE","PASSENGER","NOT IN USE","NW","PARKED","Y",NULL,"0.0",NULL,"OWNERS PRIVATE TOW",NULL,NULL,NULL,"Y","Y",NULL,NULL,NULL,NULL,NULL,NULL,NULL,NULL,NULL,NULL,"SIDE-RIGHT",NULL,NULL,NULL,NULL,NULL,NULL,NULL,NULL,NULL,NULL,NULL,NULL,NULL,NULL,NULL,NULL,NULL,NULL,NULL,NULL,NULL,NULL,NULL,NULL,NULL,NULL,NULL,NULL,NULL,NULL,NULL,NULL,NULL
"772455","c3e670820fd682416f76d8813d39aa09a2c6e02421efc18cf351171aef7d2472c54343dfed5f2dfea2b32a25c434e1dbc435ce071ac31415053914d4fb640644","JC494802","10/31/2019 10:40:00 PM","2","DRIVER",NULL,"733695.0",NULL,"TOYOTA MOTOR COMPANY, LTD.","Matrix (sport wagon)","IL","2009.0","NONE","PASSENGER","PERSONAL","E","SLOW/STOP IN TRAFFIC",NULL,NULL,"1.0",NULL,NULL,NULL,NULL,NULL,NULL,NULL,NULL,"Y","Y","Y",NULL,NULL,NULL,NULL,NULL,NULL,"REAR-LEFT",NULL,NULL,NULL,NULL,NULL,NULL,NULL,NULL,NULL,NULL,NULL,NULL,NULL,NULL,NULL,NULL,NULL,NULL,NULL,NULL,NULL,NULL,NULL,NULL,NULL,NULL,NULL,NULL,NULL,NULL,NULL,NULL,NULL
"772495","929d50093da050126ea59f920211342e798b3525b3702c1eae4a1ea24c586f46fca73839e271e0b2c42f0455588a20c919e60424b7f1a0e4830a24520968d96b","JC494860","11/01/2019 05:00:00 AM","2","PARKED",NULL,"733729.0",NULL,"FORD","MUSTANG","IL","2010.0","UNKNOWN","PASSENGER","UNKNOWN/NA","UNKNOWN","PARKED",NULL,NULL,"0.0",NULL,NULL,NULL,NULL,NULL,NULL,NULL,NULL,"Y",NULL,NULL,NULL,NULL,NULL,NULL,NULL,NULL,"REAR",NULL,NULL,NULL,NULL,NULL,NULL,NULL,NULL,NULL,NULL,NULL,NULL,NULL,NULL,NULL,NULL,NULL,NULL,NULL,NULL,NULL,NULL,NULL,NULL,NULL,NULL,NULL,NULL,NULL,NULL,NULL,NULL,NULL
"772568","2fd13f6dc4a9d633debe4c9c1011531f120e918d031a10e1a8383017cf7a27d5d55302ef7dd17a43fba3d08214a7fb8a1f8104d750c631af9656a80893e4351f","JC494934","11/01/2019 05:24:00 PM","1","DRIVER","1.0","733797.0",NULL,"CHEVROLET","UNKNOWN","IL","2018.0","UNKNOWN","SPORT UTILITY VEHICLE (SUV)","PERSONAL","S","TURNING LEFT","Y",NULL,"2.0",NULL,NULL,NULL,NULL,NULL,NULL,NULL,NULL,NULL,NULL,NULL,NULL,NULL,"Y","Y",NULL,NULL,"TOTAL (ALL AREAS)",NULL,NULL,NULL,NULL,NULL,NULL,NULL,NULL,NULL,NULL,NULL,NULL,NULL,NULL,NULL,NULL,NULL,NULL,NULL,NULL,NULL,NULL,NULL,NULL,NULL,NULL,NULL,NULL,NULL,NULL,NULL,NULL,NULL
"772663","4fef013bebd456b6905a9a3ecaabacb15b6db68bcb67d9d0c0c3b6f7c13acc01d0c702ece456cad82c50ef9a43fd5cb114abd98aa390785231e5001ac52d3f6c","JC495007","11/01/2019 06:10:00 PM","1","DRIVER",NULL,"733897.0",NULL,"NISSAN","NISSAN ALTIMA","IL","2012.0","NONE","PASSENGER","PERSONAL","S","STRAIGHT AHEAD","Y",NULL,"1.0",NULL,NULL,NULL,"N",NULL,NULL,NULL,NULL,NULL,NULL,NULL,NULL,NULL,NULL,NULL,"Y",NULL,"OTHER",NULL,NULL,NULL,NULL,NULL,NULL,NULL,NULL,NULL,NULL,NULL,NULL,NULL,NULL,NULL,NULL,NULL,NULL,NULL,NULL,NULL,NULL,NULL,NULL,NULL,NULL,NULL,NULL,NULL,NULL,NULL,NULL,NULL
"772958","af912506154d4ee1c2a8af1c4ce9f8a0457e1edd88dbf1c4f766c1b1d20aee633a244979eee1aed5875c52db5e548f338a625f4d3fc5a92923da0f949eb2f873","JC495614","11/02/2019 09:05:00 AM","1","DRIVER",NULL,"734180.0",NULL,"MAZDA","UNKNOWN",NULL,"2019.0","NONE","PASSENGER","PERSONAL","NW","STRAIGHT AHEAD",NULL,NULL,"1.0",NULL,NULL,NULL,NULL,"Y",NULL,NULL,NULL,NULL,NULL,NULL,NULL,NULL,NULL,"Y","Y",NULL,"TOTAL (ALL AREAS)",NULL,NULL,NULL,NULL,NULL,NULL,NULL,NULL,NULL,NULL,NULL,NULL,NULL,NULL,NULL,NULL,NULL,NULL,NULL,NULL,NULL,NULL,NULL,NULL,NULL,NULL,NULL,NULL,NULL,NULL,NULL,NULL,NULL
"772975","712cc7b8ce9aca9d15e5286eae3570d61475be9a79e1bbb4f541a700bd8e169e67bcc048d2d4300d38394c3caa26af64910a6e4a9d76592697af1f905ea352ee","JC495636","11/02/2019 08:55:00 AM","2","PARKED","1.0","734197.0",NULL,"ISUZU","UNKNOWN",NULL,"2017.0","NONE","TRUCK - SINGLE UNIT","PERSONAL","S","PARKED",NULL,NULL,"1.0",NULL,NULL,NULL,NULL,NULL,NULL,NULL,NULL,NULL,NULL,"Y",NULL,NULL,NULL,NULL,NULL,NULL,"FRONT-LEFT",NULL,NULL,NULL,NULL,NULL,NULL,NULL,NULL,NULL,NULL,NULL,NULL,NULL,NULL,NULL,NULL,NULL,NULL,NULL,NULL,NULL,NULL,NULL,NULL,NULL,NULL,NULL,NULL,NULL,NULL,NULL,NULL,NULL
"773046","eca679bee896f93d85dabf19daed5a749641a42d2cb64e44a6f580877386e26aea64895a14f47bfcff6e2ab7190b8bdecd346747d7197ea269abc51a85d62c93","JC495762","11/02/2019 10:30:00 AM","2","DRIVER","3.0","734266.0",NULL,"NISSAN","SENTRA (DATSUN AND NISSAN HAVE MERGED)","IL","2018.0","NONE","PASSENGER","PERSONAL","E","ENTERING TRAFFIC LANE FROM PARKING",NULL,NULL,"4.0",NULL,NULL,NULL,NULL,NULL,NULL,NULL,NULL,NULL,NULL,NULL,NULL,NULL,NULL,"Y",NULL,NULL,"TOTAL (ALL AREAS)",NULL,NULL,NULL,NULL,NULL,NULL,NULL,NULL,NULL,NULL,NULL,NULL,NULL,NULL,NULL,NULL,NULL,NULL,NULL,NULL,NULL,NULL,NULL,NULL,NULL,NULL,NULL,NULL,NULL,NULL,NULL,NULL,NULL
"773258","665e8029734d58a63f9b21e54f05dbfcf65f24a493538d6a5a79519788817e724da1dd7b120acd38623c843d403d467ba13c7a5f92b135a0cff9b53d9879ab23","JC496092","11/02/2019 04:15:00 PM","2","DRIVER","1.0","734466.0",NULL,"HYUNDAI","UNKNOWN","IL","2020.0","NONE","SPORT UTILITY VEHICLE (SUV)","PERSONAL","E","STRAIGHT AHEAD",NULL,NULL,"2.0",NULL,NULL,NULL,NULL,"Y",NULL,NULL,NULL,NULL,NULL,NULL,NULL,NULL,NULL,"Y","Y",NULL,"OTHER",NULL,NULL,NULL,NULL,NULL,NULL,NULL,NULL,NULL,NULL,NULL,NULL,NULL,NULL,NULL,NULL,NULL,NULL,NULL,NULL,NULL,NULL,NULL,NULL,NULL,NULL,NULL,NULL,NULL,NULL,NULL,NULL,NULL
"773624","acee4f39ab353f97684f3633073142f58baad82f0e156fcd618b96e6afc388c59d34d059d13de021af8dcdd95aba1e81c6ff84dec198e483123df0879b08c07b","JC496627","11/03/2019 02:20:00 AM","2","PARKED",NULL,"734777.0",NULL,"CHEVROLET","CRUZE","IL","2016.0","NONE","PASSENGER","NOT IN USE","S","PARKED",NULL,NULL,"0.0",NULL,NULL,NULL,NULL,"Y",NULL,NULL,NULL,NULL,"Y",NULL,NULL,NULL,NULL,NULL,NULL,NULL,"REAR-LEFT",NULL,NULL,NULL,NULL,NULL,NULL,NULL,NULL,NULL,NULL,NULL,NULL,NULL,NULL,NULL,NULL,NULL,NULL,NULL,NULL,NULL,NULL,NULL,NULL,NULL,NULL,NULL,NULL,NULL,NULL,NULL,NULL,NULL
"773627","a50119d81d8130fd688afb0d9067714be9e55d8e37e5d6ba7ae2c6e0f5dc879c8741f6611109271c86a72ec882db9d172ef405ed0deb16cfc550865a137bf486","JC495790","10/30/2019 06:01:00 AM","1","DRIVER",NULL,"734783.0",NULL,"FORD","ECONOLINE E250","IL","2014.0","UNKNOWN","VAN/MINI-VAN","CONSTRUCTION/MAINTENANCE","E","UNKNOWN/NA",NULL,NULL,"1.0",NULL,NULL,NULL,NULL,NULL,NULL,NULL,NULL,NULL,NULL,NULL,NULL,NULL,NULL,NULL,NULL,"Y","OTHER",NULL,NULL,NULL,NULL,NULL,NULL,NULL,NULL,NULL,NULL,NULL,NULL,NULL,NULL,NULL,NULL,NULL,NULL,NULL,NULL,NULL,NULL,NULL,NULL,NULL,NULL,NULL,NULL,NULL,NULL,NULL,NULL,NULL
"774040","445d9114eae454b8b388de431ecd6ed802e6564070808240b726877caffcab293e041e5fa7f00c4df569ba87928840ae23ff2c10ffe3b722f79ff4bac9103125","JC497357","11/03/2019 06:05:00 PM","1","PARKED",NULL,"735182.0",NULL,"FORD","UNKNOWN","IL","2012.0","NONE","TRUCK - SINGLE UNIT","UNKNOWN/NA","E","PARKED",NULL,NULL,"0.0",NULL,NULL,NULL,NULL,NULL,NULL,NULL,NULL,NULL,NULL,NULL,NULL,"Y","N",NULL,NULL,NULL,"ROOF",NULL,NULL,NULL,NULL,NULL,NULL,NULL,NULL,NULL,NULL,NULL,NULL,NULL,NULL,NULL,NULL,NULL,NULL,NULL,NULL,NULL,NULL,NULL,NULL,NULL,NULL,NULL,NULL,NULL,NULL,NULL,NULL,NULL
"774320","36cace1c3eecc4579ed0b1984e7b85a0c5f3364c3fd595f4f6ffec3e2f79ed6cd980dd2fc28027af821f4eb77cb49b152ed709d8a48f39046c4bc61c49cb13c1","JC497918","11/03/2019 02:00:00 PM","2","DRIVER",NULL,"735460.0",NULL,"CHEVROLET","UNKNOWN","IL","2016.0","NONE","PASSENGER","PERSONAL","W","STRAIGHT AHEAD",NULL,NULL,"1.0",NULL,NULL,NULL,NULL,NULL,NULL,NULL,NULL,NULL,NULL,NULL,NULL,NULL,"Y","Y",NULL,NULL,"UNDER CARRIAGE",NULL,NULL,NULL,NULL,NULL,NULL,NULL,NULL,NULL,NULL,NULL,NULL,NULL,NULL,NULL,NULL,NULL,NULL,NULL,NULL,NULL,NULL,NULL,NULL,NULL,NULL,NULL,NULL,NULL,NULL,NULL,NULL,NULL
"774380","06ccef5e3c56d378fbe25a56389c31921326dc80ce5f976fb0d7b74b9cc52ac20e54ccd70e05a6d8daaa0cb5375e335c79cd1adc8c2260651c868bc45a37a935","JC498059","11/03/2019 03:00:00 AM","2","DRIVER",NULL,"735504.0",NULL,"CHEVROLET","MALIBU (CHEVELLE)","IL","2016.0","NONE","PASSENGER","PERSONAL","E","STRAIGHT AHEAD",NULL,NULL,"1.0",NULL,NULL,NULL,NULL,"Y",NULL,NULL,NULL,NULL,NULL,NULL,NULL,NULL,NULL,NULL,"N",NULL,"FRONT",NULL,NULL,NULL,NULL,NULL,NULL,NULL,NULL,NULL,NULL,NULL,NULL,NULL,NULL,NULL,NULL,NULL,NULL,NULL,NULL,NULL,NULL,NULL,NULL,NULL,NULL,NULL,NULL,NULL,NULL,NULL,NULL,NULL
"774755","0025234d91df88fc3df97621ad7b4becf282dab7588c388c62b220dbe749a279e70cf2e4dc42c0aca7540cf415c5d2eabc041a244bcff5800434fe09cd0bb3a7","JC498654","11/04/2019 06:25:00 PM","2","DRIVER",NULL,"735871.0",NULL,"CHEVROLET","EQUINOX","IL","2017.0","NONE","PASSENGER","PERSONAL","N","STRAIGHT AHEAD",NULL,NULL,"1.0",NULL,NULL,NULL,NULL,"Y",NULL,NULL,NULL,NULL,NULL,NULL,NULL,NULL,NULL,NULL,NULL,NULL,"FRONT",NULL,NULL,NULL,NULL,NULL,NULL,NULL,NULL,NULL,NULL,NULL,NULL,NULL,NULL,NULL,NULL,NULL,NULL,NULL,NULL,NULL,NULL,NULL,NULL,NULL,NULL,NULL,NULL,NULL,NULL,NULL,NULL,NULL
"774926","57d15d1ef9381b48907a4a8e16ae057b9206e62687b3bd4caa99c731b0153e3aebdcc985f1e101399c2f0983c831274ba2b02e0c8344896451179def091a0731","JC499153","11/05/2019 08:00:00 AM","2","DRIVER",NULL,"736024.0",NULL,"PORSCHE","Cayenne","IL","2018.0","NONE","SPORT UTILITY VEHICLE (SUV)","PERSONAL","S","STRAIGHT AHEAD",NULL,NULL,"1.0",NULL,NULL,NULL,NULL,NULL,NULL,NULL,NULL,NULL,NULL,NULL,"Y","Y","Y",NULL,NULL,NULL,"ROOF",NULL,NULL,NULL,NULL,NULL,NULL,NULL,NULL,NULL,NULL,NULL,NULL,NULL,NULL,NULL,NULL,NULL,NULL,NULL,NULL,NULL,NULL,NULL,NULL,NULL,NULL,NULL,NULL,NULL,NULL,NULL,NULL,NULL
"775014","f4e2a36ae2a0577b1aa08bcaebd8927c3d6e0613a6e77f33b882f34618f163961eb5e4c2f27a712824b0ef1f624543dad1e226d37996841fdc28ccbec27b5461","JC499251","11/05/2019 10:20:00 AM","2","DRIVER",NULL,"736175.0",NULL,"MAZDA","Mazda 3","IL","2019.0","NONE","PASSENGER","PERSONAL","W","STRAIGHT AHEAD",NULL,NULL,"1.0",NULL,NULL,NULL,NULL,NULL,NULL,NULL,NULL,NULL,NULL,NULL,NULL,"Y",NULL,"Y",NULL,NULL,"ROOF",NULL,NULL,NULL,NULL,NULL,NULL,NULL,NULL,NULL,NULL,NULL,NULL,NULL,NULL,NULL,NULL,NULL,NULL,NULL,NULL,NULL,NULL,NULL,NULL,NULL,NULL,NULL,NULL,NULL,NULL,NULL,NULL,NULL
"775357","5aa7092a9104309041f42836f217f041994bbe9468b796edb91835236547364ee2a4c607d6aaae1f6fc2910a066e88d91afcc15bf83dc62faa347c11ee742cc7","JC499628","11/02/2019 02:00:00 AM","1","DRIVER",NULL,"736410.0",NULL,"LINCOLN-CONTINENTAL","MKZ","IL","2013.0","NONE","PASSENGER","PERSONAL","W","MERGING",NULL,NULL,"1.0",NULL,NULL,NULL,NULL,NULL,NULL,NULL,NULL,"Y",NULL,"Y","Y","Y",NULL,NULL,NULL,NULL,"FRONT-LEFT",NULL,NULL,NULL,NULL,NULL,NULL,NULL,NULL,NULL,NULL,NULL,NULL,NULL,NULL,NULL,NULL,NULL,NULL,NULL,NULL,NULL,NULL,NULL,NULL,NULL,NULL,NULL,NULL,NULL,NULL,NULL,NULL,NULL