"CRASH_UNIT_ID","CRASH_RECORD_ID","RD_NO","CRASH_DATE","UNIT_NO","UNIT_TYPE","NUM_PASSENGERS","VEHICLE_ID","CMRC_VEH_I","MAKE","MODEL","LIC_PLATE_STATE","VEHICLE_YEAR","VEHICLE_DEFECT","VEHICLE_TYPE","VEHICLE_USE","TRAVEL_DIRECTION","MANEUVER","TOWED_I","FIRE_I","OCCUPANT_CNT","EXCEED_SPEED_LIMIT_I","TOWED_BY","TOWED_TO","AREA_00_I","AREA_01_I","AREA_02_I","AREA_03_I","AREA_04_I","AREA_05_I","AREA_06_I","AREA_07_I","AREA_08_I","AREA_09_I","AREA_10_I","AREA_11_I","AREA_12_I","AREA_99_I","FIRST_CONTACT_POINT","CMV_ID","USDOT_NO","CCMC_NO","ILCC_NO","COMMERCIAL_SRC","GVWR","CARRIER_NAME","CARRIER_STATE","CARRIER_CITY","HAZMAT_PLACARDS_I","HAZMAT_NAME","UN_NO","HAZMAT_PRESENT_I","HAZMAT_REPORT_I","HAZMAT_REPORT_NO","MCS_REPORT_I","MCS_REPORT_NO","HAZMAT_VIO_CAUSE_CRASH_I","MCS_VIO_CAUSE_CRASH_I","IDOT_PERMIT_NO","WIDE_LOAD_I","TRAILER1_WIDTH","TRAILER2_WIDTH","TRAILER1_LENGTH","TRAILER2_LENGTH","TOTAL_VEHICLE_LENGTH","AXLE_CNT","VEHICLE_CONFIG","CARGO_BODY_TYPE","LOAD_TYPE","HAZMAT_OUT_OF_SERVICE_I","MCS_OUT_OF_SERVICE_I","HAZMAT_CLASS"
"785857","9a38ef405e032aae064a0515a7da83716e7c888c388c05fc576f0d1b8754b2fc7d52c2dea3d1b3da7961f289d848eb40b4fd1ac8ab5540b4ade509b77354426d","JC517253","11/20/2019 07:00:00 AM","1","DRIVER",NULL,"746389.0",NULL,"TOYOTA MOTOR COMPANY, LTD.","Prius","IN","2011.0","UNKNOWN","PASSENGER","PERSONAL","S","STRAIGHT AHEAD",NULL,NULL,"1.0",NULL,NULL,NULL,NULL,NULL,NULL,NULL,NULL,NULL,NULL,NULL,NULL,NULL,NULL,NULL,"Y",NULL,"OTHER",NULL,NULL,NULL,NULL,NULL,NULL,NULL,NULL,NULL,NULL,NULL,NULL,NULL,NULL,NULL,NULL,NULL,NULL,NULL,NULL,NULL,NULL,NULL,NULL,NULL,NULL,NULL,NULL,NULL,NULL,NULL,NULL,NULL
"786291","2b6058d508ce48fdde6d825f32520a8bc6f6bdf0cd2f76aaee719edb181e3d8229770024921b18b52a2f93fd3d6b13001c65dca4e99fce0b328272bbfff763d3","JC517985","11/20/2019 05:00:00 PM","2","DRIVER",NULL,"746807.0",NULL,"ACURA","ACURA","IL","2016.0","UNKNOWN","PASSENGER","PERSONAL","E","TURNING LEFT",NULL,NULL,"1.0",NULL,NULL,NULL,NULL,NULL,NULL,NULL,NULL,"Y",NULL,NULL,NULL,NULL,NULL,NULL,NULL,NULL,"REAR",NULL,NULL,NULL,NULL,NULL,NULL,NULL,NULL,NULL,NULL,NULL,NULL,NULL,NULL,NULL,NULL,NULL,NULL,NULL,NULL,NULL,NULL,NULL,NULL,NULL,NULL,NULL,NULL,NULL,NULL,NULL,NULL,NULL
"786826","199e7e1de7024a8c1c9384928a089d714afa8acc335472dd418b928f6008daf22c7fcc9564d101b6addf54e412a003e48f46e4bf2c7fc0ddaf1da8c592f545b7","JC519036","11/21/2019 01:07:00 PM","2","DRIVER",NULL,"747296.0",NULL,"NISSAN","ROGUE","IL","2016.0","NONE","PASSENGER","NOT IN USE","E","UNKNOWN/NA",NULL,NULL,"1.0",NULL,NULL,NULL,NULL,NULL,NULL,NULL,NULL,NULL,NULL,NULL,NULL,NULL,NULL,"Y",NULL,NULL,"TOTAL (ALL AREAS)",NULL,NULL,NULL,NULL,NULL,NULL,NULL,NULL,NULL,NULL,NULL,NULL,NULL,NULL,NULL,NULL,NULL,NULL,NULL,NULL,NULL,NULL,NULL,NULL,NULL,NULL,NULL,NULL,NULL,NULL,NULL,NULL,NULL
"786888","6a42fb549ef6b7a17c58454634f2b12349b8e08609cd901a6156b078f0f658ddcbc8e6ae1eb9a2af1f65de1e4398c7bc1f022bedeedf0ffc6339bdf5e667420a","JC519070","11/21/2019 01:10:00 PM","2","DRIVER",NULL,"747363.0",NULL,"ACURA (DIV. OF AMERICAN HONDA MOTOR CO.)","UNKNOWN","IL","2016.0","NONE","PASSENGER","PERSONAL","S","STRAIGHT AHEAD",NULL,NULL,"1.0",NULL,NULL,NULL,NULL,NULL,NULL,NULL,NULL,NULL,NULL,"Y",NULL,NULL,NULL,NULL,NULL,NULL,"SIDE-LEFT",NULL,NULL,NULL,NULL,NULL,NULL,NULL,NULL,NULL,NULL,NULL,NULL,NULL,NULL,NULL,NULL,NULL,NULL,NULL,NULL,NULL,NULL,NULL,NULL,NULL,NULL,NULL,NULL,NULL,NULL,NULL,NULL,NULL
"786966","21dd35bfd19ad4a2d364b90e9c575529be4dc6a0166d0aecf9e9f2eda5df9d9894f8d95576ae4ff0784726ca8eb64f0e35fceb2515a7d2c21fcc9de7f2feabed","JC519304","10/02/2019 11:00:00 PM","1","DRIVER",NULL,"747425.0",NULL,"NISSAN","NISSAN ALTIMA","IL","2012.0","UNKNOWN","UNKNOWN/NA","UNKNOWN/NA","UNKNOWN","UNKNOWN/NA",NULL,NULL,"1.0",NULL,NULL,NULL,NULL,NULL,NULL,NULL,NULL,NULL,NULL,NULL,NULL,NULL,NULL,NULL,NULL,"Y","UNKNOWN",NULL,NULL,NULL,NULL,NULL,NULL,NULL,NULL,NULL,NULL,NULL,NULL,NULL,NULL,NULL,NULL,NULL,NULL,NULL,NULL,NULL,NULL,NULL,NULL,NULL,NULL,NULL,NULL,NULL,NULL,NULL,NULL,NULL
"787189","23c9ae74c2d4d767d632bf46695439642426d62e8d54ed2d09b9807643bdbc98334e41ba58eebae7f96311c730a398772e7ac7fe7ce40551457597a13a5fbbf2","JC519671","11/21/2019 10:15:00 PM","1","DRIVER","2.0","747647.0",NULL,"CHEVROLET","MALIBU (CHEVELLE)","IL","2016.0","NONE","PASSENGER","PERSONAL","W","TURNING LEFT",NULL,NULL,"3.0",NULL,NULL,NULL,NULL,NULL,NULL,NULL,NULL,NULL,NULL,NULL,NULL,NULL,NULL,"Y",NULL,NULL,"TOTAL (ALL AREAS)",NULL,NULL,NULL,NULL,NULL,NULL,NULL,NULL,NULL,NULL,NULL,NULL,NULL,NULL,NULL,NULL,NULL,NULL,NULL,NULL,NULL,NULL,NULL,NULL,NULL,NULL,NULL,NULL,NULL,NULL,NULL,NULL,NULL
"787218","dd55221420b271a4b095576a2d3bc50c397108c2877ced05609c3209dda96745428e5e0c402a85bde83820424538e82a3e16ec15eecfebe543ab226abafd4ee4","JC519731","11/19/2019 11:30:00 PM","2","PARKED",NULL,"747668.0",NULL,"HONDA","ACCORD","IL","2014.0","NONE","PASSENGER","PERSONAL","N","PARKED",NULL,NULL,"0.0",NULL,NULL,NULL,NULL,NULL,NULL,NULL,NULL,NULL,NULL,"Y","Y","Y","Y","Y",NULL,NULL,NULL,NULL,NULL,NULL,NULL,NULL,NULL,NULL,NULL,NULL,NULL,NULL,NULL,NULL,NULL,NULL,NULL,NULL,NULL,NULL,NULL,NULL,NULL,NULL,NULL,NULL,NULL,NULL,NULL,NULL,NULL,NULL,NULL,NULL
"787994","e40bfeb5bed53920d3c80b7d006a9d012671cbcd0a4d8abf7682d702102fb4f750e7936cf22b2352a3b0682ac45b29859553ad961b215884a9ede2694b0e99b8","JC521030","11/22/2019 10:52:00 PM","1","DRIVER",NULL,"748417.0","Y","FORD","F250","MI","2018.0","UNKNOWN","PICKUP","COMMERCIAL - SINGLE UNIT","W","BACKING",NULL,NULL,"1.0",NULL,NULL,NULL,NULL,NULL,NULL,NULL,NULL,"Y",NULL,NULL,NULL,NULL,NULL,NULL,NULL,NULL,"REAR-RIGHT","8823.0","2503227",NULL,NULL,"DRIVER",NULL,"AL'S LIVE POULTRY","MI","MICHIGAN",NULL,NULL,NULL,"N","U",NULL,"U",NULL,"U","U",NULL,NULL,NULL,NULL,NULL,NULL,NULL,NULL,"TRUCK/TRAILER","OTHER","OTHER","N","N","MISCELLANEOUS"
"788300","8fba100becec18c8ad70d52b38b81eaf74196408b8bb75995bb2f416043b3b55d7a291172691fc96c40681db8997f1cf7af34b781e0084d3b4585764a57aabc1","JC521624","11/21/2019 01:19:00 PM","2","PARKED",NULL,"748704.0",NULL,"HONDA","UNKNOWN","IL","2014.0","NONE","PASSENGER","NOT IN USE","E","PARKED",NULL,NULL,"0.0",NULL,NULL,NULL,NULL,NULL,NULL,NULL,NULL,NULL,NULL,NULL,NULL,NULL,NULL,"Y",NULL,NULL,"TOTAL (ALL AREAS)",NULL,NULL,NULL,NULL,NULL,NULL,NULL,NULL,NULL,NULL,NULL,NULL,NULL,NULL,NULL,NULL,NULL,NULL,NULL,NULL,NULL,NULL,NULL,NULL,NULL,NULL,NULL,NULL,NULL,NULL,NULL,NULL,NULL
"788542","75de4e120b6b48e9c0903a48dd43b823dc21ff9c2c64f3efb197f05f10a62e9836282386fccd0bfa3f8bd00b36de510d74c913f0bd052430517f1e2cd9751000","JC522011","11/23/2019 05:35:00 PM","2","DRIVER","3.0","748935.0",NULL,"HONDA","Pilot","IL","2008.0","NONE","SPORT UTILITY VEHICLE (SUV)","PERSONAL","S","SLOW/STOP IN TRAFFIC",NULL,NULL,"4.0",NULL,NULL,NULL,NULL,NULL,NULL,NULL,NULL,NULL,"Y",NULL,NULL,NULL,NULL,NULL,NULL,NULL,"REAR-LEFT",NULL,NULL,NULL,NULL,NULL,NULL,NULL,NULL,NULL,NULL,NULL,NULL,NULL,NULL,NULL,NULL,NULL,NULL,NULL,NULL,NULL,NULL,NULL,NULL,NULL,NULL,NULL,NULL,NULL,NULL,NULL,NULL,NULL
"788609","f9a4cf3fca9da40ed5c4ead5bb8a1c7a3414519ab075d3e602bd60d12e9c7c8a176d5a41ec6b56e3884e7ff9f7dde1dae0bdcc8b81c86125f0732cacc276f132","JC511579","11/15/2019 02:30:00 PM","1","DRIVER",NULL,"748988.0",NULL,"KIA MOTORS CORP","Optima","IL","2013.0","UNKNOWN","PASSENGER","UNKNOWN/NA","N","TURNING LEFT",NULL,NULL,"1.0",NULL,NULL,NULL,NULL,NULL,NULL,NULL,NULL,NULL,NULL,NULL,NULL,"Y",NULL,NULL,NULL,NULL,"ROOF",NULL,NULL,NULL,NULL,NULL,NULL,NULL,NULL,NULL,NULL,NULL,NULL,NULL,NULL,NULL,NULL,NULL,NULL,NULL,NULL,NULL,NULL,NULL,NULL,NULL,NULL,NULL,NULL,NULL,NULL,NULL,NULL,NULL
"788636","21f920e73ce5c049ca4fbc4f2a1fd7b0b59194783d73d27e7fa306375ecc740d01c8b012a8c311359cc48005a5464af2e4b1ebaee8aa5f63bfe54c3807281685","JC522181","11/23/2019 09:14:00 PM","1","DRIVER","1.0","749020.0",NULL,"HYUNDAI","ELANTRA","IL","2010.0","UNKNOWN","PASSENGER","PERSONAL","W","STARTING IN TRAFFIC",NULL,NULL,"2.0",NULL,NULL,NULL,NULL,NULL,NULL,NULL,NULL,NULL,NULL,NULL,NULL,"Y","Y","Y",NULL,NULL,"ROOF",NULL,NULL,NULL,NULL,NULL,NULL,NULL,NULL,NULL,NULL,NULL,NULL,NULL,NULL,NULL,NULL,NULL,NULL,NULL,NULL,NULL,NULL,NULL,NULL,NULL,NULL,NULL,NULL,NULL,NULL,NULL,NULL,NULL
"788646","fc4d56e7c060e11913618c4e909578fee15c5a078ca48d6e8965a770de459ead6357a2a3aa46002e2c9305dbb1f0a08e13521ae42135ecb35738dd85bbb7bf44","JC522177","11/23/2019 10:35:00 PM","2","DRIVER",NULL,"749030.0",NULL,"MAZDA","UNKNOWN","IL","2017.0","UNKNOWN","SPORT UTILITY VEHICLE (SUV)","PERSONAL","E","STRAIGHT AHEAD","Y",NULL,"1.0",NULL,"PERSONAL TOW",NULL,NULL,"Y",NULL,NULL,NULL,NULL,NULL,NULL,NULL,NULL,NULL,"Y","Y",NULL,"OTHER",NULL,NULL,NULL,NULL,NULL,NULL,NULL,NULL,NULL,NULL,NULL,NULL,NULL,NULL,NULL,NULL,NULL,NULL,NULL,NULL,NULL,NULL,NULL,NULL,NULL,NULL,NULL,NULL,NULL,NULL,NULL,NULL,NULL
"788722","d97ace0699c676871bb246f2c624a5b6f1582754b769f16565616983c75b603f53a5c7aa9ed8fd553cb6620adb6faaf460856748ffb72219015d029de9f14c3d","JC522334","11/24/2019 02:26:00 AM","2","DRIVER",NULL,"749105.0",NULL,"ACURA (DIV. OF AMERICAN HONDA MOTOR CO.)","UNKNOWN","IL","2019.0","UNKNOWN","PASSENGER","PERSONAL","W","STRAIGHT AHEAD",NULL,NULL,"1.0",NULL,NULL,NULL,NULL,NULL,NULL,NULL,NULL,NULL,NULL,NULL,NULL,NULL,NULL,"Y","Y",NULL,"TOTAL (ALL AREAS)",NULL,NULL,NULL,NULL,NULL,NULL,NULL,NULL,NULL,NULL,NULL,NULL,NULL,NULL,NULL,NULL,NULL,NULL,NULL,NULL,NULL,NULL,NULL,NULL,NULL,NULL,NULL,NULL,NULL,NULL,NULL,NULL,NULL
"788748","0859bbf2b7184e8d0657ec34fa68ac220cd16d9598b0de701775e8f687446d0d3214b24857216d8f12fc19e136d309b27009aa1708598d8cdb9e65c7e85162e4","JC522380","11/24/2019 03:27:00 AM","1","DRIVER","1.0","749138.0",NULL,"NISSAN","SENTRA (DATSUN AND NISSAN HAVE MERGED)","IN","2019.0","UNKNOWN","PASSENGER","PERSONAL","W","ENTERING TRAFFIC LANE FROM PARKING","Y",NULL,"2.0",NULL,"INSURANCE","UNK",NULL,NULL,NULL,NULL,"Y","Y","Y","Y","Y",NULL,NULL,NULL,NULL,NULL,"REAR-RIGHT",NULL,NULL,NULL,NULL,NULL,NULL,NULL,NULL,NULL,NULL,NULL,NULL,NULL,NULL,NULL,NULL,NULL,NULL,NULL,NULL,NULL,NULL,NULL,NULL,NULL,NULL,NULL,NULL,NULL,NULL,NULL,NULL,NULL
"788952","7c2c89b369367f2a4b6ef3d952d94aff0d682f71494ba921d18cd4b8a6cd93713e3b3b2bacc6026e848f812478c482f5037dba9be0b13388f6ad1a3ee380031f","JC522813","11/24/2019 12:57:00 PM","1","DRIVER",NULL,"749316.0",NULL,"CHEVROLET","TRAVERSE","IL","2015.0","UNKNOWN","PASSENGER","UNKNOWN/NA","S","STRAIGHT AHEAD",NULL,NULL,"1.0",NULL,NULL,NULL,NULL,NULL,NULL,NULL,NULL,NULL,NULL,NULL,NULL,NULL,"Y","N",NULL,NULL,"ROOF",NULL,NULL,NULL,NULL,NULL,NULL,NULL,NULL,NULL,NULL,NULL,NULL,NULL,NULL,NULL,NULL,NULL,NULL,NULL,NULL,NULL,NULL,NULL,NULL,NULL,NULL,NULL,NULL,NULL,NULL,NULL,NULL,NULL
"788966","8f23da4e5b592fc3fec0cf36354c8bf9dad2ce22bf38639f72ce629959e89bb3eedc67a8645014f85c79636da601c69415da5ccec49c7ad6f84a1ac47fbb8524","JC522781","11/24/2019 01:40:00 PM","1","DRIVER","1.0","749324.0",NULL,"ACURA","ACURA","IL","2010.0","OTHER","PASSENGER","PERSONAL","E","STRAIGHT AHEAD","Y",NULL,"2.0",NULL,"OWNER INSURANCE","GARAGE",NULL,"Y","Y",NULL,NULL,NULL,NULL,NULL,NULL,NULL,NULL,NULL,NULL,NULL,"FRONT",NULL,NULL,NULL,NULL,NULL,NULL,NULL,NULL,NULL,NULL,NULL,NULL,NULL,NULL,NULL,NULL,NULL,NULL,NULL,NULL,NULL,NULL,NULL,NULL,NULL,NULL,NULL,NULL,NULL,NULL,NULL,NULL,NULL
"788988","3061f274b986ac891d039bc47e62dcf3303630f9ffc1f70881837daa673ca9a40c08cf6a821c8eb0bd688232b078182a0484a155a53d53e6ce875e4bf61d379b","JC521279","11/23/2019 10:00:00 AM","2","PARKED",NULL,"749344.0",NULL,"FORD","UNKNOWN","IL","2011.0","UNKNOWN","SPORT UTILITY VEHICLE (SUV)","PERSONAL","E","PARKED",NULL,NULL,"0.0",NULL,NULL,NULL,NULL,NULL,NULL,NULL,"Y","Y","Y",NULL,NULL,NULL,NULL,NULL,NULL,NULL,"REAR",NULL,NULL,NULL,NULL,NULL,NULL,NULL,NULL,NULL,NULL,NULL,NULL,NULL,NULL,NULL,NULL,NULL,NULL,NULL,NULL,NULL,NULL,NULL,NULL,NULL,NULL,NULL,NULL,NULL,NULL,NULL,NULL,NULL
"789508","ab24902e0444e07609ce8b9cfe75bca811b1ac26cbc7b82e382bc235fc5859c9425e92fcb69da97b05ed2352cd6b808d445959a26b2b6a4aac01d6adc0eb5274","JC523955","11/25/2019 11:00:00 AM","1","DRIVER",NULL,"749843.0",NULL,"FORD","FUSION",NULL,"2015.0","NONE","PASSENGER","PERSONAL","N","STRAIGHT AHEAD",NULL,NULL,"1.0",NULL,NULL,NULL,NULL,"Y",NULL,NULL,NULL,NULL,NULL,NULL,NULL,NULL,NULL,"Y","Y",NULL,"OTHER",NULL,NULL,NULL,NULL,NULL,NULL,NULL,NULL,NULL,NULL,NULL,NULL,NULL,NULL,NULL,NULL,NULL,NULL,NULL,NULL,NULL,NULL,NULL,NULL,NULL,NULL,NULL,NULL,NULL,NULL,NULL,NULL,NULL
"789580","4eac2a993b4d6fd5babc687ae37f5cdc4e6d46ef4a91a1d2b877c35c5716fd1249a5854b144dd5da606276fcaa7ff1201aeff333c2745739db7c2f637c556215","JC524024","11/25/2019 01:45:00 PM","2","DRIVER",NULL,"749915.0",NULL,"MERCURY","MILAN","IL","2008.0","UNKNOWN","PASSENGER","PERSONAL","S","SLOW/STOP IN TRAFFIC",NULL,NULL,"1.0",NULL,NULL,NULL,NULL,NULL,NULL,NULL,NULL,NULL,"Y",NULL,NULL,NULL,NULL,NULL,NULL,NULL,"REAR-LEFT",NULL,NULL,NULL,NULL,NULL,NULL,NULL,NULL,NULL,NULL,NULL,NULL,NULL,NULL,NULL,NULL,NULL,NULL,NULL,NULL,NULL,NULL,NULL,NULL,NULL,NULL,NULL,NULL,NULL,NULL,NULL,NULL,NULL
"789607","ee4f70651446582b6bd3ea51aa5061ac57648e54703dd48c0806f8cc9c25c68a5abc0318f6ce462349c599d26d30c86eaee3e2633f131a2a134ababa86ac24e4","JC524129","11/24/2019 07:00:00 PM","2","DRIVER",NULL,"749944.0",NULL,"CHEVROLET","IMPALA","IL","2011.0","NONE","PASSENGER","PERSONAL","S","STRAIGHT AHEAD",NULL,NULL,"1.0",NULL,NULL,NULL,NULL,NULL,NULL,NULL,NULL,NULL,"Y",NULL,NULL,NULL,NULL,NULL,NULL,NULL,"REAR-LEFT",NULL,NULL,NULL,NULL,NULL,NULL,NULL,NULL,NULL,NULL,NULL,NULL,NULL,NULL,NULL,NULL,NULL,NULL,NULL,NULL,NULL,NULL,NULL,NULL,NULL,NULL,NULL,NULL,NULL,NULL,NULL,NULL,NULL
"789647","910d20033c915264d1c538cad545b4a68c1db3b57428a8572772f7a16f2e4989c097021057aa8c295f959d4debeecefb8e745c4eafd7b7a87d33cdb2633cd0ce","JC524199","11/25/2019 03:12:00 PM","1","DRIVER","1.0","749971.0",NULL,"NISSAN","NISSAN ALTIMA","IL","2014.0","NONE","PASSENGER","PERSONAL","E","BACKING",NULL,NULL,"2.0",NULL,NULL,NULL,NULL,NULL,NULL,NULL,NULL,NULL,NULL,NULL,NULL,NULL,NULL,NULL,NULL,NULL,"REAR-LEFT",NULL,NULL,NULL,NULL,NULL,NULL,NULL,NULL,NULL,NULL,NULL,NULL,NULL,NULL,NULL,NULL,NULL,NULL,NULL,NULL,NULL,NULL,NULL,NULL,NULL,NULL,NULL,NULL,NULL,NULL,NULL,NULL,NULL
"790249","fcdd161b6528b07735a7b99328dc41710acf72b37f750705466fc61a29d7ccd70650cb3c051bdd4e29c2c0978261e54137f4c6841ec73c72c6ccece673243edc","JC525427","11/26/2019 10:45:00 AM","1","DRIVER",NULL,"750543.0",NULL,"TOYOTA MOTOR COMPANY, LTD.","Prius","IL","2010.0","NONE","PASSENGER","PERSONAL","NW","TURNING LEFT",NULL,NULL,"1.0",NULL,NULL,NULL,NULL,NULL,NULL,NULL,NULL,NULL,NULL,NULL,NULL,NULL,NULL,NULL,NULL,"Y","UNKNOWN",NULL,NULL,NULL,NULL,NULL,NULL,NULL,NULL,NULL,NULL,NULL,NULL,NULL,NULL,NULL,NULL,NULL,NULL,NULL,NULL,NULL,NULL,NULL,NULL,NULL,NULL,NULL,NULL,NULL,NULL,NULL,NULL,NULL
"790330","8ed977b0dd35344a9420e7afee6a38e1c8c534122a08d771ea905250eea001fd1b20cbac5c67b529ea838d4592f70e7b3ec2a9bb958c3898d2114a44ccda0b0d","JC525561","11/26/2019 04:16:00 PM","1","DRIVER",NULL,"750614.0",NULL,"NISSAN","NISSAN ALTIMA","IL","2019.0","UNKNOWN","UNKNOWN/NA","UNKNOWN/NA","N","UNKNOWN/NA",NULL,NULL,"1.0",NULL,NULL,NULL,NULL,NULL,NULL,NULL,NULL,NULL,NULL,"Y",NULL,NULL,NULL,NULL,NULL,NULL,"FRONT-LEFT",NULL,NULL,NULL,NULL,NULL,NULL,NULL,NULL,NULL,NULL,NULL,NULL,NULL,NULL,NULL,NULL,NULL,NULL,NULL,NULL,NULL,NULL,NULL,NULL,NULL,NULL,NULL,NULL,NULL,NULL,NULL,NULL,NULL
"790606","0d6d33a638876fe6224e04775ac9968c89ead1ca67e5405063ec9808db8df856371280db905495a03c8d4da9e0235deec92aa4396d083171a68487b56f28a967","JC585877","11/26/2019 09:10:00 PM","2","DRIVER",NULL,"750863.0",NULL,"TOYOTA MOTOR COMPANY, LTD.","Sienna (van)","IL","2011.0","NONE","PASSENGER","PERSONAL","S","STRAIGHT AHEAD",NULL,NULL,"1.0",NULL,NULL,NULL,NULL,NULL,NULL,"Y","Y","Y",NULL,NULL,NULL,NULL,NULL,NULL,NULL,NULL,"REAR-RIGHT",NULL,NULL,NULL,NULL,NULL,NULL,NULL,NULL,NULL,NULL,NULL,NULL,NULL,NULL,NULL,NULL,NULL,NULL,NULL,NULL,NULL,NULL,NULL,NULL,NULL,NULL,NULL,NULL,NULL,NULL,NULL,NULL,NULL
"790851","0fbe73a1c97091a3193103460a53c178e9b13f807779cddea4371be0af17b97789fab7cea628ff1b1db1c63d13212e12d24492131c6b252126f52592d0deca16","JC526190","11/27/2019 08:35:00 AM","2","DRIVER",NULL,"751064.0",NULL,"INTERNATIONAL HARVESTER","INTERNATIONAL HARVESTER","IL","2017.0","NONE","BUS OVER 15 PASS.","SCHOOL BUS","E","STRAIGHT AHEAD",NULL,NULL,"1.0",NULL,NULL,NULL,"Y",NULL,NULL,NULL,NULL,NULL,NULL,NULL,NULL,NULL,NULL,NULL,NULL,NULL,NULL,NULL,NULL,NULL,NULL,NULL,NULL,NULL,NULL,NULL,NULL,NULL,NULL,NULL,NULL,NULL,NULL,NULL,NULL,NULL,NULL,NULL,NULL,NULL,NULL,NULL,NULL,NULL,NULL,NULL,NULL,NULL,NULL,NULL
"791008","eef9a7e74d9d481d601860469cdb086f566d34e2927b2e1437f0bda0a1907f95e91ba9191695253f65f9ce855aa54b040e1e5ad7ceb62fbaa981e223d9496390","JC526553","11/27/2019 01:00:00 PM","2","PARKED",NULL,"751209.0",NULL,"FORD","UNKNOWN","IL","2013.0","UNKNOWN","OTHER","PERSONAL","UNKNOWN","PARKED",NULL,NULL,"0.0",NULL,NULL,NULL,NULL,NULL,"Y",NULL,NULL,NULL,NULL,NULL,NULL,NULL,NULL,NULL,NULL,NULL,"SIDE-RIGHT",NULL,NULL,NULL,NULL,NULL,NULL,NULL,NULL,NULL,NULL,NULL,NULL,NULL,NULL,NULL,NULL,NULL,NULL,NULL,NULL,NULL,NULL,NULL,NULL,NULL,NULL,NULL,NULL,NULL,NULL,NULL,NULL,NULL
"791048","cbbaff4a8bc8f4ec2313eda7d4a3674f5e06b008b650b898dfe73ab85f2f171e0101cfa2509cbdfb87534eed441b5b078bb19345fa5021aeb66e8a0df8e66400","JC526661","11/27/2019 01:15:00 PM","2","DRIVER",NULL,"751235.0",NULL,"DODGE","CARAVAN","IL","2016.0","NONE","VAN/MINI-VAN","PERSONAL","E","STRAIGHT AHEAD",NULL,NULL,"1.0",NULL,NULL,NULL,NULL,"Y","Y","Y",NULL,NULL,NULL,NULL,NULL,NULL,NULL,NULL,NULL,NULL,"SIDE-RIGHT",NULL,NULL,NULL,NULL,NULL,NULL,NULL,NULL,NULL,NULL,NULL,NULL,NULL,NULL,NULL,NULL,NULL,NULL,NULL,NULL,NULL,NULL,NULL,NULL,NULL,NULL,NULL,NULL,NULL,NULL,NULL,NULL,NULL
"791853","4ac834719f0029af2b9b08a0ac2202bf764088f3deb39bb52876576ffdcaa21e4102d737da8b33f4a1b8c55c4ca5a33c45000f6a12a548d76379c0b31ebe18e2","JC527945","11/28/2019 10:00:00 PM","1","DRIVER","1.0","751996.0",NULL,"NISSAN","SENTRA (DATSUN AND NISSAN HAVE MERGED)","IL","2018.0","UNKNOWN","PASSENGER","PERSONAL","N","STRAIGHT AHEAD","Y",NULL,"2.0",NULL,NULL,NULL,NULL,NULL,NULL,NULL,NULL,NULL,NULL,NULL,NULL,NULL,NULL,NULL,"Y",NULL,"OTHER",NULL,NULL,NULL,NULL,NULL,NULL,NULL,NULL,NULL,NULL,NULL,NULL,NULL,NULL,NULL,NULL,NULL,NULL,NULL,NULL,NULL,NULL,NULL,NULL,NULL,NULL,NULL,NULL,NULL,NULL,NULL,NULL,NULL
"792044","f874fd13ad42c6f674f23405d356d0dea70f88363d3f06cf38d7065704ae573faad06315d5f2848e52e24abc9359ff84431f3406a14e2512c815d90d46e17eff","JC528301","11/29/2019 10:05:00 AM","2","DRIVER","1.0","752173.0",NULL,"AUDI","A3","IL","2011.0","NONE","PASSENGER","PERSONAL","W","STRAIGHT AHEAD",NULL,NULL,"2.0",NULL,NULL,NULL,NULL,"Y","Y","Y","Y","N",NULL,NULL,NULL,NULL,NULL,NULL,NULL,NULL,"SIDE-RIGHT",NULL,NULL,NULL,NULL,NULL,NULL,NULL,NULL,NULL,NULL,NULL,NULL,NULL,NULL,NULL,NULL,NULL,NULL,NULL,NULL,NULL,NULL,NULL,NULL,NULL,NULL,NULL,NULL,NULL,NULL,NULL,NULL,NULL
"792071","769ad45dffc39558eb124d58842414ff536040f71e7fab9f52ee7ca53d67f48cab1bd231f0007d394de9b6deb2e6d81b31ab89de85fd2a2a8467599d53fb34a6","JC528336","11/29/2019 10:50:00 AM","1","DRIVER",NULL,"752193.0",NULL,"ISUZU","UNKNOWN","IL","2016.0","UNKNOWN","TRUCK - SINGLE UNIT","COMMERCIAL - SINGLE UNIT","E","STRAIGHT AHEAD",NULL,NULL,"1.0",NULL,NULL,NULL,NULL,NULL,NULL,NULL,NULL,NULL,"Y",NULL,NULL,NULL,NULL,NULL,NULL,NULL,"REAR-LEFT",NULL,NULL,NULL,NULL,NULL,NULL,NULL,NULL,NULL,NULL,NULL,NULL,NULL,NULL,NULL,NULL,NULL,NULL,NULL,NULL,NULL,NULL,NULL,NULL,NULL,NULL,NULL,NULL,NULL,NULL,NULL,NULL,NULL