"CRASH_UNIT_ID","CRASH_RECORD_ID","RD_NO","CRASH_DATE","UNIT_NO","UNIT_TYPE","NUM_PASSENGERS","VEHICLE_ID","CMRC_VEH_I","MAKE","MODEL","LIC_PLATE_STATE","VEHICLE_YEAR","VEHICLE_DEFECT","VEHICLE_TYPE","VEHICLE_USE","TRAVEL_DIRECTION","MANEUVER","TOWED_I","FIRE_I","OCCUPANT_CNT","EXCEED_SPEED_LIMIT_I","TOWED_BY","TOWED_TO","AREA_00_I","AREA_01_I","AREA_02_I","AREA_03_I","AREA_04_I","AREA_05_I","AREA_06_I","AREA_07_I","AREA_08_I","AREA_09_I","AREA_10_I","AREA_11_I","AREA_12_I","AREA_99_I","FIRST_CONTACT_POINT","CMV_ID","USDOT_NO","CCMC_NO","ILCC_NO","COMMERCIAL_SRC","GVWR","CARRIER_NAME","CARRIER_STATE","CARRIER_CITY","HAZMAT_PLACARDS_I","HAZMAT_NAME","UN_NO","HAZMAT_PRESENT_I","HAZMAT_REPORT_I","HAZMAT_REPORT_NO","MCS_REPORT_I","MCS_REPORT_NO","HAZMAT_VIO_CAUSE_CRASH_I","MCS_VIO_CAUSE_CRASH_I","IDOT_PERMIT_NO","WIDE_LOAD_I","TRAILER1_WIDTH","TRAILER2_WIDTH","TRAILER1_LENGTH","TRAILER2_LENGTH","TOTAL_VEHICLE_LENGTH","AXLE_CNT","VEHICLE_CONFIG","CARGO_BODY_TYPE","LOAD_TYPE","HAZMAT_OUT_OF_SERVICE_I","MCS_OUT_OF_SERVICE_I","HAZMAT_CLASS"
"819436","399b55bb0a0035772876a81e98913508ded8f3a9b91f1ceb946273d6b6e2630b82648d3548875a680f7806532b3cecff45a3d7daead092c5ac11207e6602f182","JD111103","01/10/2020 03:10:00 PM","2","DRIVER",NULL,"777989.0",NULL,"DODGE","UNKNOWN","IL","2018.0","UNKNOWN","PASSENGER","PERSONAL","E","STRAIGHT AHEAD",NULL,NULL,"1.0",NULL,NULL,NULL,NULL,NULL,NULL,NULL,NULL,NULL,NULL,NULL,NULL,NULL,NULL,"Y",NULL,NULL,"TOTAL (ALL AREAS)",NULL,NULL,NULL,NULL,NULL,NULL,NULL,NULL,NULL,NULL,NULL,NULL,NULL,NULL,NULL,NULL,NULL,NULL,NULL,NULL,NULL,NULL,NULL,NULL,NULL,NULL,NULL,NULL,NULL,NULL,NULL,NULL,NULL
"820165","0e4191452291f79d56bc6274c80b80810842de91dc4efe2f9945735a9074ca323e8a70d7b35e10eb42222fa09cabc00eb87840e210656d3f2e93affbb454c546","JD112129","01/11/2020 01:28:00 PM","1","DRIVER",NULL,"778662.0",NULL,"SUZUKI","KIZASHI","IN","2010.0","NONE","PASSENGER","PERSONAL","S","STRAIGHT AHEAD","Y",NULL,"1.0",NULL,"private tow",NULL,NULL,"Y",NULL,NULL,NULL,NULL,NULL,NULL,NULL,NULL,NULL,"Y","Y",NULL,"OTHER",NULL,NULL,NULL,NULL,NULL,NULL,NULL,NULL,NULL,NULL,NULL,NULL,NULL,NULL,NULL,NULL,NULL,NULL,NULL,NULL,NULL,NULL,NULL,NULL,NULL,NULL,NULL,NULL,NULL,NULL,NULL,NULL,NULL
"820212","85f33c8acfd604e2e9a343a3e4eaf1547313b15de40748fc24b78e69ca42570eb404648266e028632e995dc14457eb25d91cfd2c042e8ccf56542aa4f56a7238","JD112257","01/11/2020 03:00:00 PM","1","DRIVER",NULL,"778728.0",NULL,"FORD","FUSION","IL","2011.0","NONE","PASSENGER","PERSONAL","S","TURNING LEFT",NULL,NULL,"1.0",NULL,NULL,NULL,NULL,NULL,NULL,"Y",NULL,NULL,NULL,NULL,NULL,NULL,NULL,NULL,NULL,NULL,"SIDE-RIGHT",NULL,NULL,NULL,NULL,NULL,NULL,NULL,NULL,NULL,NULL,NULL,NULL,NULL,NULL,NULL,NULL,NULL,NULL,NULL,NULL,NULL,NULL,NULL,NULL,NULL,NULL,NULL,NULL,NULL,NULL,NULL,NULL,NULL
"820357","a9419af2115a330797ddeab7491c0b2270de53577b219595ca44d42442dd4b2700dfe23fee3bc174c4c3bcf22b6502a2393f5ecaa9cf0cf11dfc8038a3c4a43f","JD112400","01/11/2020 05:18:00 PM","1","DRIVER",NULL,"778853.0",NULL,"CADILLAC","UNKNOWN","IL","2014.0","UNKNOWN","PASSENGER","PERSONAL","N","UNKNOWN/NA",NULL,NULL,"1.0",NULL,NULL,NULL,NULL,"Y","Y",NULL,NULL,NULL,NULL,NULL,NULL,NULL,NULL,NULL,NULL,NULL,"FRONT",NULL,NULL,NULL,NULL,NULL,NULL,NULL,NULL,NULL,NULL,NULL,NULL,NULL,NULL,NULL,NULL,NULL,NULL,NULL,NULL,NULL,NULL,NULL,NULL,NULL,NULL,NULL,NULL,NULL,NULL,NULL,NULL,NULL
"820413","1d9c219ac565a25aeec5075fa8e8d58796b0baaf26c42e54d7ff57fce3c5c024e5faf0fcbbb4e64d18b81f931be029c72177b87af58d464b8b61dbc209299305","JD112533","01/11/2020 08:06:00 PM","1","DRIVER",NULL,"778901.0",NULL,"KIA MOTORS CORP","UNKNOWN","IL","2016.0","NONE","SPORT UTILITY VEHICLE (SUV)","PERSONAL","W","STRAIGHT AHEAD","Y",NULL,"1.0",NULL,"Unknown","unknown",NULL,"Y",NULL,NULL,NULL,NULL,NULL,NULL,NULL,NULL,NULL,"Y","Y",NULL,"OTHER",NULL,NULL,NULL,NULL,NULL,NULL,NULL,NULL,NULL,NULL,NULL,NULL,NULL,NULL,NULL,NULL,NULL,NULL,NULL,NULL,NULL,NULL,NULL,NULL,NULL,NULL,NULL,NULL,NULL,NULL,NULL,NULL,NULL
"820746","23a4743a2c936e06ef54b0786719e9dfe9d29000ad6df69ac48a35229abb90006b52a8976cda1d274ce8605266cab64a124501694b2da99c6f1c502d94825f01","JD113106","01/12/2020 01:30:00 PM","1","DRIVER",NULL,"779221.0",NULL,"TOYOTA MOTOR COMPANY, LTD.","UNKNOWN","IL","2013.0","NONE","PASSENGER","PERSONAL","E","ENTER FROM DRIVE/ALLEY","Y",NULL,"1.0",NULL,NULL,NULL,NULL,NULL,NULL,NULL,NULL,NULL,NULL,NULL,NULL,NULL,NULL,NULL,"Y",NULL,"OTHER",NULL,NULL,NULL,NULL,NULL,NULL,NULL,NULL,NULL,NULL,NULL,NULL,NULL,NULL,NULL,NULL,NULL,NULL,NULL,NULL,NULL,NULL,NULL,NULL,NULL,NULL,NULL,NULL,NULL,NULL,NULL,NULL,NULL
"820796","13d77663a68884a1cc44b74fe7e7bbfdee813a062fb6a694e6f8a1797c35136244e8a665bd1483894360a6d36067a7be34ff43f2859e49c85bf3f556c21497bf","JD113180","01/11/2020 07:30:00 PM","2","DRIVER",NULL,"779285.0",NULL,"CHEVROLET","TRAVERSE","IL","2013.0","NONE","SPORT UTILITY VEHICLE (SUV)","PERSONAL","S","SLOW/STOP IN TRAFFIC",NULL,NULL,"1.0",NULL,NULL,NULL,NULL,NULL,NULL,NULL,NULL,"Y","Y","Y",NULL,NULL,NULL,NULL,NULL,NULL,"REAR-LEFT",NULL,NULL,NULL,NULL,NULL,NULL,NULL,NULL,NULL,NULL,NULL,NULL,NULL,NULL,NULL,NULL,NULL,NULL,NULL,NULL,NULL,NULL,NULL,NULL,NULL,NULL,NULL,NULL,NULL,NULL,NULL,NULL,NULL
"820870","480afc55fe102a02e45cf957b2c3ab5ba60f483f3d8751d7cc9b93de6f3aadadfa8650a515bd227b066fea5b1cbed3f01481b73a883350691163c52622fe0c92","JD113357","01/12/2020 05:20:00 PM","2","DRIVER",NULL,"779352.0",NULL,"HONDA","CRV","IL","2014.0","UNKNOWN","SPORT UTILITY VEHICLE (SUV)","COMMERCIAL - SINGLE UNIT","S","STRAIGHT AHEAD",NULL,NULL,"1.0",NULL,NULL,NULL,NULL,NULL,NULL,NULL,NULL,NULL,"Y",NULL,NULL,NULL,NULL,NULL,NULL,NULL,"REAR-LEFT",NULL,NULL,NULL,NULL,NULL,NULL,NULL,NULL,NULL,NULL,NULL,NULL,NULL,NULL,NULL,NULL,NULL,NULL,NULL,NULL,NULL,NULL,NULL,NULL,NULL,NULL,NULL,NULL,NULL,NULL,NULL,NULL,NULL
"820928","1f6df07e182bdca5af1d19f2474e9de453502bac302ceaef92e092f010b2ae542f131044f410f85f87bc251ac88e8d8d7a8e233d90f6a16de2d8fd8fc854f0de","JD113413","01/12/2020 06:38:00 PM","1","DRIVER",NULL,"779417.0",NULL,"CHEVROLET","UNKNOWN","IL","2018.0","UNKNOWN","PASSENGER","PERSONAL","S","UNKNOWN/NA","Y",NULL,"1.0",NULL,"city of chicago","701 n. sacramento",NULL,NULL,NULL,NULL,NULL,NULL,NULL,NULL,NULL,NULL,"Y","Y",NULL,NULL,"TOTAL (ALL AREAS)",NULL,NULL,NULL,NULL,NULL,NULL,NULL,NULL,NULL,NULL,NULL,NULL,NULL,NULL,NULL,NULL,NULL,NULL,NULL,NULL,NULL,NULL,NULL,NULL,NULL,NULL,NULL,NULL,NULL,NULL,NULL,NULL,NULL
"821048","afe8f371d16a8f288242eea943e757c48d11a3cfa0851292ba539ec0925655c012dc84398cdf4a8d26090307db93293738381e0215106c1a788d66cfa169a620","JD113788","01/13/2020 08:20:00 AM","1","DRIVER",NULL,"779522.0",NULL,"JEEP","JEEP - YEAR GREATER 1988","IL","2018.0","NONE","SPORT UTILITY VEHICLE (SUV)","UNKNOWN/NA","SE","TURNING LEFT",NULL,NULL,"1.0",NULL,NULL,NULL,NULL,NULL,NULL,NULL,NULL,NULL,NULL,NULL,NULL,NULL,NULL,NULL,"Y",NULL,"OTHER",NULL,NULL,NULL,NULL,NULL,NULL,NULL,NULL,NULL,NULL,NULL,NULL,NULL,NULL,NULL,NULL,NULL,NULL,NULL,NULL,NULL,NULL,NULL,NULL,NULL,NULL,NULL,NULL,NULL,NULL,NULL,NULL,NULL
"821647","92e6a935b9bf87fd42a3ea49363e0a74085ecdcea3b6ff6fcd65a22d6a3fe6516f9437e30823b08bbed903e90d7cb5b40eb5e37e6a5cce089632dbd8bda5db0c","JD114913","01/14/2020 06:22:00 AM","3","DRIVER",NULL,"780056.0",NULL,"CHEVROLET","EQUINOX","IL","2020.0","NONE","PASSENGER","PERSONAL","S","SLOW/STOP IN TRAFFIC",NULL,NULL,"1.0",NULL,NULL,NULL,NULL,NULL,NULL,NULL,NULL,NULL,"Y",NULL,NULL,NULL,NULL,NULL,"Y",NULL,"OTHER",NULL,NULL,NULL,NULL,NULL,NULL,NULL,NULL,NULL,NULL,NULL,NULL,NULL,NULL,NULL,NULL,NULL,NULL,NULL,NULL,NULL,NULL,NULL,NULL,NULL,NULL,NULL,NULL,NULL,NULL,NULL,NULL,NULL
"821666","532e822dfbe3f634ec3716c9b891c96810d3f7bcb32e31e843ad207e7377d9518b4ffb08e0e3e1fa3d45a3434b87df0fc55a87d83c047f1c8c92594bff7b860d","JD114928","01/14/2020 07:10:00 AM","1","DRIVER",NULL,"780070.0",NULL,"HONDA","CRV","IL","2017.0","UNKNOWN","PASSENGER","PERSONAL","E","MERGING","Y",NULL,"1.0",NULL,"PRIVATE TOW","BODY REPAIR SHOP",NULL,NULL,NULL,NULL,NULL,NULL,NULL,NULL,"Y",NULL,NULL,NULL,NULL,NULL,"FRONT-LEFT",NULL,NULL,NULL,NULL,NULL,NULL,NULL,NULL,NULL,NULL,NULL,NULL,NULL,NULL,NULL,NULL,NULL,NULL,NULL,NULL,NULL,NULL,NULL,NULL,NULL,NULL,NULL,NULL,NULL,NULL,NULL,NULL,NULL
"822102","b89dfc6e58dea2a229086ded0cb3480c281a56c61e887aa8ad823b07af8908e1a0aaf6a1d5738f5a5c63ccbcdbd4887e92354b8d389301e4bb09de5109d6122c","JD115645","01/14/2020 05:30:00 PM","1","DRIVER",NULL,"780490.0",NULL,"PONTIAC","G6","IL","2008.0","NONE","PASSENGER","PERSONAL","W","STRAIGHT AHEAD",NULL,NULL,"1.0",NULL,NULL,NULL,NULL,NULL,NULL,NULL,NULL,NULL,NULL,NULL,NULL,NULL,NULL,NULL,"Y",NULL,"OTHER",NULL,NULL,NULL,NULL,NULL,NULL,NULL,NULL,NULL,NULL,NULL,NULL,NULL,NULL,NULL,NULL,NULL,NULL,NULL,NULL,NULL,NULL,NULL,NULL,NULL,NULL,NULL,NULL,NULL,NULL,NULL,NULL,NULL
"822366","19ad2b55e881a6c5b379d5a5241d7d829f812aecb18b17c41347c7ef5e450d9078d19e0801342c0251dca78ec753fb61095cf35657df7d441a83b685c1aca8b8","JD115981","01/14/2020 09:10:00 PM","1","DRIVER","1.0","780742.0",NULL,"INFINITI","UNKNOWN","IL","2015.0","UNKNOWN","PASSENGER","PERSONAL","E","STRAIGHT AHEAD","Y",NULL,"2.0",NULL,"city of chicago",NULL,NULL,"Y",NULL,NULL,NULL,NULL,NULL,NULL,NULL,NULL,NULL,"Y","Y",NULL,"OTHER",NULL,NULL,NULL,NULL,NULL,NULL,NULL,NULL,NULL,NULL,NULL,NULL,NULL,NULL,NULL,NULL,NULL,NULL,NULL,NULL,NULL,NULL,NULL,NULL,NULL,NULL,NULL,NULL,NULL,NULL,NULL,NULL,NULL
"822390","3c8ebd101b17fa50da019d558688de3b8911ee23774778305501006c174fa5664a3d8e7fbd5d4c796e67511f2df87f4eea8398f60ca839bfd06a29b3164b3de0","JD115260","01/14/2020 12:11:00 PM","1","DRIVER",NULL,"780773.0",NULL,"JEEP","Grand Cherokee (for vehicle years 1989 to present)","IL","2019.0","NONE","SPORT UTILITY VEHICLE (SUV)","PERSONAL","S","TURNING RIGHT",NULL,NULL,"1.0",NULL,NULL,NULL,NULL,NULL,NULL,NULL,NULL,NULL,NULL,"Y","Y",NULL,NULL,NULL,NULL,NULL,"ROOF",NULL,NULL,NULL,NULL,NULL,NULL,NULL,NULL,NULL,NULL,NULL,NULL,NULL,NULL,NULL,NULL,NULL,NULL,NULL,NULL,NULL,NULL,NULL,NULL,NULL,NULL,NULL,NULL,NULL,NULL,NULL,NULL,NULL
"822568","7af3f9c8085007a7a4e8111791c29aef69d0e834f2141d4715ec895ef5fb83523d822e20db9c4686a13dccee4bc4093d8fe9f1f7722c058be83f6abfca46f344","JD116468","01/15/2020 07:15:00 AM","2","DRIVER",NULL,"780935.0",NULL,"HONDA","CRV","IL","2017.0","NONE","SPORT UTILITY VEHICLE (SUV)","PERSONAL","N","STRAIGHT AHEAD",NULL,NULL,"1.0",NULL,NULL,NULL,NULL,NULL,NULL,NULL,NULL,NULL,NULL,NULL,NULL,NULL,NULL,NULL,NULL,NULL,"TOTAL (ALL AREAS)",NULL,NULL,NULL,NULL,NULL,NULL,NULL,NULL,NULL,NULL,NULL,NULL,NULL,NULL,NULL,NULL,NULL,NULL,NULL,NULL,NULL,NULL,NULL,NULL,NULL,NULL,NULL,NULL,NULL,NULL,NULL,NULL,NULL
"822626","c8a40850609741d2bce78a6529588f740598e12e30e8b0c3ab0747535192ecfb098f4d379f5536f9661d348bfd17d8da6450d9fe60bfe943ec81aec166d776f2","JD116581","01/14/2020 03:30:00 PM","1","DRIVER",NULL,"780996.0",NULL,"TOYOTA MOTOR COMPANY, LTD.","UNKNOWN","IL","2017.0","UNKNOWN","UNKNOWN/NA","UNKNOWN/NA","E","UNKNOWN/NA",NULL,NULL,"1.0",NULL,NULL,NULL,NULL,NULL,"Y",NULL,NULL,NULL,NULL,NULL,NULL,NULL,NULL,NULL,NULL,NULL,"FRONT",NULL,NULL,NULL,NULL,NULL,NULL,NULL,NULL,NULL,NULL,NULL,NULL,NULL,NULL,NULL,NULL,NULL,NULL,NULL,NULL,NULL,NULL,NULL,NULL,NULL,NULL,NULL,NULL,NULL,NULL,NULL,NULL,NULL
"822640","514bb2261668a15941a646b7e36f931b259bb7ae7acf78ab8e5d0ac0770a08c6469f2cefeef08ba07746ebfb55966ff9ca66b64e9cfb745e3f2b082274aef4a2","JD116627","01/14/2020 09:15:00 AM","1","DRIVER",NULL,"781010.0",NULL,"CADILLAC","STS","IL","2018.0","UNKNOWN","PASSENGER","OTHER","N","CHANGING LANES",NULL,NULL,"1.0",NULL,NULL,NULL,NULL,"Y",NULL,NULL,NULL,NULL,NULL,NULL,NULL,NULL,NULL,NULL,NULL,"Y","FRONT",NULL,NULL,NULL,NULL,NULL,NULL,NULL,NULL,NULL,NULL,NULL,NULL,NULL,NULL,NULL,NULL,NULL,NULL,NULL,NULL,NULL,NULL,NULL,NULL,NULL,NULL,NULL,NULL,NULL,NULL,NULL,NULL,NULL
"822746","9648f74aa43a0738204c2beb95c9f314e992091d2695455ae3cccfe2da00f03c7bce6e38743b804b0641b18de1d6146bbc73d106c958cb75a448447b9cb76571","JD116823","01/15/2020 01:30:00 PM","2","DRIVER",NULL,"781107.0",NULL,"FORD","Explorer","IL","2016.0","UNKNOWN","PASSENGER","PERSONAL","S","SLOW/STOP IN TRAFFIC",NULL,NULL,"1.0",NULL,NULL,NULL,NULL,NULL,NULL,NULL,NULL,"Y","Y","Y",NULL,NULL,NULL,NULL,NULL,NULL,"REAR-LEFT",NULL,NULL,NULL,NULL,NULL,NULL,NULL,NULL,NULL,NULL,NULL,NULL,NULL,NULL,NULL,NULL,NULL,NULL,NULL,NULL,NULL,NULL,NULL,NULL,NULL,NULL,NULL,NULL,NULL,NULL,NULL,NULL,NULL
"822792","970e1fe8178549a1b2472bc8bbea13fab34b99279e61507e3d438687191230b22934d95aadbb5204774765e34d8e5ebe758f2201a3ed994757e52de466dddf45","JD116903","01/15/2020 12:30:00 PM","2","DRIVER",NULL,"781149.0",NULL,"HONDA","CIVIC","IL","2010.0","NONE","PASSENGER","PERSONAL","S","STRAIGHT AHEAD",NULL,NULL,"1.0",NULL,NULL,NULL,NULL,NULL,NULL,NULL,NULL,NULL,NULL,"Y","Y",NULL,NULL,NULL,NULL,NULL,"FRONT-LEFT",NULL,NULL,NULL,NULL,NULL,NULL,NULL,NULL,NULL,NULL,NULL,NULL,NULL,NULL,NULL,NULL,NULL,NULL,NULL,NULL,NULL,NULL,NULL,NULL,NULL,NULL,NULL,NULL,NULL,NULL,NULL,NULL,NULL
"822822","46ff7386aaecfb28c53cefaaaca2a9253759d5d7d296dfeb1114f0ee7fc20b8e574520cd6d712c14cf6bfac22e1a515e01c512f8dc7bd1df42dbc08767422a69","JD116940","01/15/2020 07:30:00 AM","2","PARKED",NULL,"781189.0",NULL,"NISSAN","Pathfinder","IL","2013.0","UNKNOWN","SPORT UTILITY VEHICLE (SUV)","UNKNOWN/NA","W","PARKED",NULL,NULL,"0.0",NULL,NULL,NULL,NULL,NULL,NULL,NULL,NULL,NULL,NULL,"Y","Y","Y","Y","Y",NULL,NULL,"ROOF",NULL,NULL,NULL,NULL,NULL,NULL,NULL,NULL,NULL,NULL,NULL,NULL,NULL,NULL,NULL,NULL,NULL,NULL,NULL,NULL,NULL,NULL,NULL,NULL,NULL,NULL,NULL,NULL,NULL,NULL,NULL,NULL,NULL
"822966","99efd57eeee74d56d52c463321e6db3578a6101a7230c6f6451a9a0cc9023761f420701fa019ecad4d55f3d139b2012d55e1ccfc8430a59658bbf571221feb80","JD117024","01/15/2020 06:33:00 PM","2","DRIVER",NULL,"781284.0",NULL,"NISSAN","ROGUE","IL","2018.0","NONE","PASSENGER","PERSONAL","S","STRAIGHT AHEAD",NULL,NULL,"1.0",NULL,NULL,NULL,NULL,NULL,NULL,NULL,NULL,"Y","Y","Y",NULL,NULL,NULL,NULL,NULL,NULL,"REAR-LEFT",NULL,NULL,NULL,NULL,NULL,NULL,NULL,NULL,NULL,NULL,NULL,NULL,NULL,NULL,NULL,NULL,NULL,NULL,NULL,NULL,NULL,NULL,NULL,NULL,NULL,NULL,NULL,NULL,NULL,NULL,NULL,NULL,NULL
"823002","14544c26fbbe253fd6ca4f1c40e656351b5c8d8280062d20778536ea31175d69a8337c2bc3b727d4d71bda7efb5371b75800f564548572733617d780caf8187a","JD117160","01/15/2020 08:10:00 PM","2","DRIVER",NULL,"783140.0",NULL,"MINI","COOPER","IL","2011.0","UNKNOWN","PASSENGER","PERSONAL","W","STRAIGHT AHEAD","Y",NULL,"1.0",NULL,"AAA","UNKNOWN",NULL,NULL,"Y","Y","Y","Y","Y",NULL,NULL,NULL,NULL,NULL,NULL,NULL,"SIDE-RIGHT",NULL,NULL,NULL,NULL,NULL,NULL,NULL,NULL,NULL,NULL,NULL,NULL,NULL,NULL,NULL,NULL,NULL,NULL,NULL,NULL,NULL,NULL,NULL,NULL,NULL,NULL,NULL,NULL,NULL,NULL,NULL,NULL,NULL
"823054","1d97bfb0b4aedf096c7b94725b15a73ed4c7c474aca8b9cd9056f013e947be249892d8d4a775ec376e29bcc463aef3fd95743421f07e1163a9f32ac1693adabd","JD117262","01/15/2020 08:30:00 PM","2","DRIVER",NULL,"781368.0",NULL,"TOYOTA MOTOR COMPANY, LTD.","CAMRY","IL","2014.0","UNKNOWN","PASSENGER","PERSONAL","N","SLOW/STOP IN TRAFFIC",NULL,NULL,"1.0",NULL,NULL,NULL,NULL,NULL,NULL,NULL,NULL,NULL,NULL,NULL,NULL,NULL,NULL,NULL,"Y",NULL,"OTHER",NULL,NULL,NULL,NULL,NULL,NULL,NULL,NULL,NULL,NULL,NULL,NULL,NULL,NULL,NULL,NULL,NULL,NULL,NULL,NULL,NULL,NULL,NULL,NULL,NULL,NULL,NULL,NULL,NULL,NULL,NULL,NULL,NULL
"823185","20068241c00b1b60858eab7afccaaab8dbf02f1d09d4a3a7c976715ada5684d606e4d48a535dda91aa8fab703ec4504f05f24bf9a83d1636d88556fbd7ea8333","JD117503","01/16/2020 08:00:00 AM","1","DRIVER",NULL,"781455.0",NULL,"SUBARU","UNKNOWN","IL","2012.0","UNKNOWN","PASSENGER","PERSONAL","N","STRAIGHT AHEAD",NULL,NULL,"1.0",NULL,NULL,NULL,NULL,"Y","Y","Y",NULL,NULL,NULL,NULL,NULL,NULL,NULL,NULL,NULL,NULL,"FRONT-RIGHT",NULL,NULL,NULL,NULL,NULL,NULL,NULL,NULL,NULL,NULL,NULL,NULL,NULL,NULL,NULL,NULL,NULL,NULL,NULL,NULL,NULL,NULL,NULL,NULL,NULL,NULL,NULL,NULL,NULL,NULL,NULL,NULL,NULL
"823371","e80ff6bf8352a124fc679407c410e39899aeb4cbfff6bdf1892024e435ab5eed75a57f3eab2de8f83c07222d606d475b7816f4b7d3bf6d622fa728de088b8df7","JD116964","01/14/2020 01:15:00 PM","1","DRIVER",NULL,"781693.0",NULL,"FORD","FUSION","IL","2009.0","UNKNOWN","UNKNOWN/NA","UNKNOWN/NA","S","STRAIGHT AHEAD",NULL,NULL,"1.0",NULL,NULL,NULL,NULL,NULL,NULL,NULL,NULL,NULL,NULL,NULL,NULL,NULL,NULL,NULL,"Y",NULL,"OTHER",NULL,NULL,NULL,NULL,NULL,NULL,NULL,NULL,NULL,NULL,NULL,NULL,NULL,NULL,NULL,NULL,NULL,NULL,NULL,NULL,NULL,NULL,NULL,NULL,NULL,NULL,NULL,NULL,NULL,NULL,NULL,NULL,NULL
"823597","6dc49d4b9390bd529dbec9635c47a9949ecd26c71f261cac9e3f0c619c42545486956792e8653c34c848ffbd047e68b927563540d61cc9d037d83db092f09474","JD118164","01/16/2020 05:30:00 PM","2","DRIVER",NULL,"781849.0",NULL,"CADILLAC","UNKNOWN","IL","2018.0","UNKNOWN","UNKNOWN/NA","UNKNOWN/NA","W","UNKNOWN/NA",NULL,NULL,"1.0",NULL,NULL,NULL,NULL,NULL,NULL,NULL,NULL,NULL,NULL,NULL,NULL,NULL,NULL,"Y",NULL,NULL,"UNKNOWN",NULL,NULL,NULL,NULL,NULL,NULL,NULL,NULL,NULL,NULL,NULL,NULL,NULL,NULL,NULL,NULL,NULL,NULL,NULL,NULL,NULL,NULL,NULL,NULL,NULL,NULL,NULL,NULL,NULL,NULL,NULL,NULL,NULL
"823836","1660d20252b4a513cb17ef93f2b5b2dcba80031e22bad26d78098436fcccb4417b059b6b17c877ce98f63f5b99e646aba0c049808556979572f33defc3c26986","JD118702","01/17/2020 06:30:00 AM","2","DRIVER",NULL,"782048.0",NULL,"GENERAL MOTORS CORP.","TERRAIN","IN","2017.0","NONE","PASSENGER","PERSONAL","W","SLOW/STOP IN TRAFFIC",NULL,NULL,"1.0",NULL,NULL,NULL,NULL,NULL,NULL,NULL,NULL,"Y","Y","Y",NULL,NULL,NULL,NULL,NULL,NULL,"REAR-LEFT",NULL,NULL,NULL,NULL,NULL,NULL,NULL,NULL,NULL,NULL,NULL,NULL,NULL,NULL,NULL,NULL,NULL,NULL,NULL,NULL,NULL,NULL,NULL,NULL,NULL,NULL,NULL,NULL,NULL,NULL,NULL,NULL,NULL
"824094","7086fa60093a8bc05f0f7c3561eb6b7c9877b428453773c647df42280a985fdb47275b6459600016d1e544d9ae4e47cfbbb22dd69e0cdfa2288e5b1230ff42b0","JD119115","01/17/2020 01:13:00 PM","1","DRIVER",NULL,"782284.0",NULL,"FORD","FORD","IL","2015.0","UNKNOWN","PASSENGER","PERSONAL","SE","STRAIGHT AHEAD",NULL,NULL,"1.0",NULL,NULL,NULL,NULL,NULL,NULL,NULL,NULL,NULL,NULL,NULL,NULL,NULL,NULL,NULL,"Y",NULL,"OTHER",NULL,NULL,NULL,NULL,NULL,NULL,NULL,NULL,NULL,NULL,NULL,NULL,NULL,NULL,NULL,NULL,NULL,NULL,NULL,NULL,NULL,NULL,NULL,NULL,NULL,NULL,NULL,NULL,NULL,NULL,NULL,NULL,NULL
"824223","8aae0b61e7b068fdd04f36c8f5db734b248cca93907076cf1a8fd9a928020f3db15ce058069673d8d00d67d44ccfd1152bdf557ba703c813bd0ed0ad742f2d51","JD119338","01/17/2020 02:00:00 PM","2","DRIVER",NULL,"782403.0",NULL,"FORD","UNKNOWN","IL","2015.0","NONE","VAN/MINI-VAN","CONSTRUCTION/MAINTENANCE","W","STRAIGHT AHEAD",NULL,NULL,"1.0",NULL,NULL,NULL,NULL,NULL,NULL,NULL,"Y",NULL,NULL,NULL,NULL,NULL,NULL,NULL,NULL,NULL,"REAR-RIGHT",NULL,NULL,NULL,NULL,NULL,NULL,NULL,NULL,NULL,NULL,NULL,NULL,NULL,NULL,NULL,NULL,NULL,NULL,NULL,NULL,NULL,NULL,NULL,NULL,NULL,NULL,NULL,NULL,NULL,NULL,NULL,NULL,NULL
"824297","5707b6b254524cbabe65c547fd8b98e06d0d9175a47f042c0a582e90cde51fbb28b8e23601ae2ff207dc3f16367dfb257227d0a79e9b29b9f9ec5a080ef917bc","JD119429","01/17/2020 03:40:00 PM","2","DRIVER",NULL,"782485.0",NULL,"HYUNDAI","TUCSON","IL","2019.0","UNKNOWN","SPORT UTILITY VEHICLE (SUV)","PERSONAL","N","STRAIGHT AHEAD",NULL,NULL,"1.0",NULL,NULL,NULL,NULL,NULL,NULL,NULL,NULL,NULL,NULL,"Y",NULL,NULL,NULL,NULL,NULL,NULL,"SIDE-LEFT",NULL,NULL,NULL,NULL,NULL,NULL,NULL,NULL,NULL,NULL,NULL,NULL,NULL,NULL,NULL,NULL,NULL,NULL,NULL,NULL,NULL,NULL,NULL,NULL,NULL,NULL,NULL,NULL,NULL,NULL,NULL,NULL,NULL
"824417","c27f819d8344b943d69038c629ee5eae45136f0cc3e59db0961c0a2608f0fb1ede1b99a59a2006bd0be7a079d944faf0b12ead69d843a2f927b53353435b425a","JD119561","01/17/2020 06:40:00 PM","2","DRIVER",NULL,"782610.0",NULL,"HYUNDAI","SONATA","IL","2016.0","UNKNOWN","PASSENGER","PERSONAL","N","STRAIGHT AHEAD","Y",NULL,"1.0",NULL,"personal tow",NULL,NULL,"Y",NULL,NULL,NULL,NULL,"Y",NULL,NULL,NULL,NULL,"Y","Y",NULL,"OTHER",NULL,NULL,NULL,NULL,NULL,NULL,NULL,NULL,NULL,NULL,NULL,NULL,NULL,NULL,NULL,NULL,NULL,NULL,NULL,NULL,NULL,NULL,NULL,NULL,NULL,NULL,NULL,NULL,NULL,NULL,NULL,NULL,NULL