"CRASH_UNIT_ID","CRASH_RECORD_ID","RD_NO","CRASH_DATE","UNIT_NO","UNIT_TYPE","NUM_PASSENGERS","VEHICLE_ID","CMRC_VEH_I","MAKE","MODEL","LIC_PLATE_STATE","VEHICLE_YEAR","VEHICLE_DEFECT","VEHICLE_TYPE","VEHICLE_USE","TRAVEL_DIRECTION","MANEUVER","TOWED_I","FIRE_I","OCCUPANT_CNT","EXCEED_SPEED_LIMIT_I","TOWED_BY","TOWED_TO","AREA_00_I","AREA_01_I","AREA_02_I","AREA_03_I","AREA_04_I","AREA_05_I","AREA_06_I","AREA_07_I","AREA_08_I","AREA_09_I","AREA_10_I","AREA_11_I","AREA_12_I","AREA_99_I","FIRST_CONTACT_POINT","CMV_ID","USDOT_NO","CCMC_NO","ILCC_NO","COMMERCIAL_SRC","GVWR","CARRIER_NAME","CARRIER_STATE","CARRIER_CITY","HAZMAT_PLACARDS_I","HAZMAT_NAME","UN_NO","HAZMAT_PRESENT_I","HAZMAT_REPORT_I","HAZMAT_REPORT_NO","MCS_REPORT_I","MCS_REPORT_NO","HAZMAT_VIO_CAUSE_CRASH_I","MCS_VIO_CAUSE_CRASH_I","IDOT_PERMIT_NO","WIDE_LOAD_I","TRAILER1_WIDTH","TRAILER2_WIDTH","TRAILER1_LENGTH","TRAILER2_LENGTH","TOTAL_VEHICLE_LENGTH","AXLE_CNT","VEHICLE_CONFIG","CARGO_BODY_TYPE","LOAD_TYPE","HAZMAT_OUT_OF_SERVICE_I","MCS_OUT_OF_SERVICE_I","HAZMAT_CLASS"
"850383","a52902e7b87ed937ff4f4449b2147345bcd15ecec8e8acb9188e91db2002c78e486af37a3f44017a285eca0ab21eb9c4c724988deb42527fb788ab2e0bd45d5d","JD165617","02/26/2020 12:00:00 PM","1","DRIVER",NULL,"806990.0",NULL,"HONDA","ACCORD","MN","2008.0","UNKNOWN","PASSENGER","PERSONAL","E","U-TURN",NULL,NULL,"1.0",NULL,NULL,NULL,NULL,NULL,NULL,NULL,NULL,NULL,NULL,NULL,NULL,NULL,NULL,"Y","Y",NULL,"TOTAL (ALL AREAS)",NULL,NULL,NULL,NULL,NULL,NULL,NULL,NULL,NULL,NULL,NULL,NULL,NULL,NULL,NULL,NULL,NULL,NULL,NULL,NULL,NULL,NULL,NULL,NULL,NULL,NULL,NULL,NULL,NULL,NULL,NULL,NULL,NULL
"850509","19d5acfe26ddc5a2d07486b9a122b4b0b46d8eff972f7364823ea0d21ef616026dbb1c2e44ba03733f5f441afadcd5a07f440e2a7cacbb70611cbc508beec99d","JD165828","02/26/2020 03:30:00 PM","1","DRIVER",NULL,"807100.0",NULL,"VOLKSWAGEN","PASSAT",NULL,"2017.0","UNKNOWN","PASSENGER","PERSONAL","N","STRAIGHT AHEAD",NULL,NULL,"1.0",NULL,NULL,NULL,NULL,"Y",NULL,NULL,NULL,NULL,NULL,NULL,NULL,NULL,NULL,NULL,NULL,NULL,"FRONT",NULL,NULL,NULL,NULL,NULL,NULL,NULL,NULL,NULL,NULL,NULL,NULL,NULL,NULL,NULL,NULL,NULL,NULL,NULL,NULL,NULL,NULL,NULL,NULL,NULL,NULL,NULL,NULL,NULL,NULL,NULL,NULL,NULL
"850951","ffaa13de88186b2e85aa0560d42def3c9dfd8d2f71bb51e0c18831cdad98629299be2ba05842740af26e72d1d48cd64bdf17c3b885902aca41265d6c11d3f589","JD166737","02/27/2020 12:20:00 PM","2","DRIVER",NULL,"807531.0",NULL,"TOYOTA MOTOR COMPANY, LTD.","Prius","IL","2013.0","NONE","PASSENGER","PERSONAL","N","STRAIGHT AHEAD",NULL,NULL,"1.0",NULL,NULL,NULL,NULL,NULL,NULL,NULL,NULL,NULL,NULL,"Y",NULL,NULL,NULL,NULL,NULL,NULL,"SIDE-LEFT",NULL,NULL,NULL,NULL,NULL,NULL,NULL,NULL,NULL,NULL,NULL,NULL,NULL,NULL,NULL,NULL,NULL,NULL,NULL,NULL,NULL,NULL,NULL,NULL,NULL,NULL,NULL,NULL,NULL,NULL,NULL,NULL,NULL
"851223","b4383dfb2b7679b642f21e5d6498159f384d0f6ce3687e2fe70bc8b71c1481e6b61d543a7a4aefd78c1214948332649ef1c8013d23ac7b667eaacca632ec82ac","JD167142","02/27/2020 06:37:00 PM","2","DRIVER",NULL,"807798.0",NULL,"CHEVROLET","UNKNOWN","IL","2019.0","NONE","PASSENGER","PERSONAL","E","STRAIGHT AHEAD",NULL,NULL,"1.0",NULL,NULL,NULL,NULL,NULL,NULL,NULL,NULL,NULL,NULL,NULL,"Y","Y","Y","Y",NULL,NULL,"FRONT",NULL,NULL,NULL,NULL,NULL,NULL,NULL,NULL,NULL,NULL,NULL,NULL,NULL,NULL,NULL,NULL,NULL,NULL,NULL,NULL,NULL,NULL,NULL,NULL,NULL,NULL,NULL,NULL,NULL,NULL,NULL,NULL,NULL
"851327","204d0aa72089621c6069d7260a97e6aeb55049bcfdeeac88d7a4add5ff37430d9cb19df443040e70c95438c4bf0d8db0488b1e32bc67061c831571e06e85ba12","JD167316","02/27/2020 12:45:00 PM","1","DRIVER",NULL,"807892.0",NULL,"DODGE","UNKNOWN","IL","2014.0","UNKNOWN","VAN/MINI-VAN","UNKNOWN/NA","E","STRAIGHT AHEAD",NULL,NULL,"1.0",NULL,NULL,NULL,NULL,"Y",NULL,NULL,NULL,NULL,NULL,NULL,NULL,NULL,NULL,"Y","Y",NULL,"OTHER",NULL,NULL,NULL,NULL,NULL,NULL,NULL,NULL,NULL,NULL,NULL,NULL,NULL,NULL,NULL,NULL,NULL,NULL,NULL,NULL,NULL,NULL,NULL,NULL,NULL,NULL,NULL,NULL,NULL,NULL,NULL,NULL,NULL
"851483","c0eb19ce6397e19b7bf3baf370b6c6dce9899a505d8d44a145119383a7facbeb6f850b975c60be493d8a2ad992f92656f9cf8f517a6f68f222a2284afed47e89","JD167659","02/28/2020 08:45:00 AM","1","DRIVER","1.0","808050.0",NULL,"HONDA","ACCORD","IL","2019.0","UNKNOWN","PASSENGER","UNKNOWN/NA","W","STRAIGHT AHEAD",NULL,NULL,"2.0",NULL,NULL,NULL,NULL,NULL,"Y","Y",NULL,NULL,NULL,NULL,NULL,NULL,"N",NULL,NULL,NULL,"FRONT-RIGHT",NULL,NULL,NULL,NULL,NULL,NULL,NULL,NULL,NULL,NULL,NULL,NULL,NULL,NULL,NULL,NULL,NULL,NULL,NULL,NULL,NULL,NULL,NULL,NULL,NULL,NULL,NULL,NULL,NULL,NULL,NULL,NULL,NULL
"851692","3ef3e9e8028ea03b431e6581b88ca44a04d577ac538e170f550c53adae7e7a13caa71e1b30a785cacbb56cde7819876d83548250f7503124e86d5ccaa6a3c5ed","JD167965","02/28/2020 12:42:00 PM","1","DRIVER",NULL,"808251.0",NULL,"FORD","FORD-TRUCK,VAN,SUV, ETC","IL","2017.0","UNKNOWN","PICKUP","UNKNOWN/NA","N","CHANGING LANES",NULL,NULL,"1.0",NULL,NULL,NULL,NULL,NULL,NULL,NULL,NULL,NULL,NULL,NULL,NULL,NULL,NULL,NULL,NULL,NULL,NULL,NULL,NULL,NULL,NULL,NULL,NULL,NULL,NULL,NULL,NULL,NULL,NULL,NULL,NULL,NULL,NULL,NULL,NULL,NULL,NULL,NULL,NULL,NULL,NULL,NULL,NULL,NULL,NULL,NULL,NULL,NULL,NULL,NULL
"851794","8585525a2d80fbe72d7eedf1590fb069e8e4510c5db9c86ec012d3daddfe0057dc138467d2eb23a9e6aceb36fc6d2846e14ad2380bc3aaf308d0b449117f28ad","JD168121","02/28/2020 03:45:00 PM","1","DRIVER","2.0","808347.0",NULL,"VOLKSWAGEN","VANAGON","IL","2014.0","NONE","VAN/MINI-VAN","PERSONAL","N","STRAIGHT AHEAD","Y",NULL,"3.0",NULL,"PRIVATE","PRIVATE",NULL,"Y",NULL,NULL,NULL,NULL,NULL,NULL,NULL,NULL,NULL,"Y","Y",NULL,"OTHER",NULL,NULL,NULL,NULL,NULL,NULL,NULL,NULL,NULL,NULL,NULL,NULL,NULL,NULL,NULL,NULL,NULL,NULL,NULL,NULL,NULL,NULL,NULL,NULL,NULL,NULL,NULL,NULL,NULL,NULL,NULL,NULL,NULL
"851821","180501f3c51763822215ebb79d624f4ce2972ef674eaaa29a0e529314a3c3963d75484dd1483b8ff86c87d4ee263ac32daf82ac2d3dcadcc532c759471605625","JD168204","02/26/2020 12:00:00 PM","1","PARKED",NULL,"808380.0",NULL,"NISSAN","NISSAN ALTIMA",NULL,"2018.0","UNKNOWN","PASSENGER","PERSONAL","W","PARKED",NULL,NULL,"0.0",NULL,NULL,NULL,NULL,NULL,NULL,NULL,NULL,NULL,NULL,NULL,NULL,NULL,NULL,NULL,NULL,NULL,NULL,NULL,NULL,NULL,NULL,NULL,NULL,NULL,NULL,NULL,NULL,NULL,NULL,NULL,NULL,NULL,NULL,NULL,NULL,NULL,NULL,NULL,NULL,NULL,NULL,NULL,NULL,NULL,NULL,NULL,NULL,NULL,NULL,NULL
"852609","ab4a6a275cc676e5eaa5db6dca68941754f4229055e4407b5165399f90f09979b6dd38ad974b2db4d2236621f395589e00a16f92b3088ae545708e0dfba27bce","JD169363","02/29/2020 04:10:00 PM","2","DRIVER",NULL,"809108.0",NULL,"CADILLAC","Escalade","IL","2010.0","NONE","SPORT UTILITY VEHICLE (SUV)","PERSONAL","N","SLOW/STOP IN TRAFFIC",NULL,NULL,"1.0",NULL,NULL,NULL,NULL,NULL,NULL,NULL,NULL,NULL,"Y",NULL,NULL,NULL,NULL,NULL,NULL,NULL,"REAR-LEFT",NULL,NULL,NULL,NULL,NULL,NULL,NULL,NULL,NULL,NULL,NULL,NULL,NULL,NULL,NULL,NULL,NULL,NULL,NULL,NULL,NULL,NULL,NULL,NULL,NULL,NULL,NULL,NULL,NULL,NULL,NULL,NULL,NULL
"852618","b2af5174ad71b029bca72d04888ea6131f9779ee2a7040900088bba347aefb7257afea3d0c18c15daf3cd1093705de7ff5da54b87b1566557a4602b2bd3de9bb","JD169350","02/29/2020 04:02:00 PM","2","DRIVER",NULL,"809155.0",NULL,"MAZDA","6 (Six)","IL","2019.0","NONE","PASSENGER","PERSONAL","W","STRAIGHT AHEAD","Y",NULL,"1.0",NULL,NULL,NULL,NULL,NULL,NULL,NULL,NULL,NULL,NULL,NULL,NULL,NULL,"Y","Y","Y",NULL,"TOTAL (ALL AREAS)",NULL,NULL,NULL,NULL,NULL,NULL,NULL,NULL,NULL,NULL,NULL,NULL,NULL,NULL,NULL,NULL,NULL,NULL,NULL,NULL,NULL,NULL,NULL,NULL,NULL,NULL,NULL,NULL,NULL,NULL,NULL,NULL,NULL
"852897","cbf48a8ef5cea8d1f5a72b4732558777e28d8ec62cbae5820fe44482b3a210931866d6e915467a0aa087050295a01e9f01c19c7b16a090130b8fadef3e54c1b4","JD169735","02/29/2020 11:00:00 PM","2","DRIVER",NULL,"809390.0",NULL,"CHEVROLET","UNKNOWN","IL","2018.0","NONE","PASSENGER","PERSONAL","N","STRAIGHT AHEAD","Y",NULL,"1.0",NULL,"private tow","unknown",NULL,"Y",NULL,NULL,NULL,NULL,NULL,NULL,NULL,NULL,"Y","Y","Y",NULL,"TOTAL (ALL AREAS)",NULL,NULL,NULL,NULL,NULL,NULL,NULL,NULL,NULL,NULL,NULL,NULL,NULL,NULL,NULL,NULL,NULL,NULL,NULL,NULL,NULL,NULL,NULL,NULL,NULL,NULL,NULL,NULL,NULL,NULL,NULL,NULL,NULL
"852944","6d3d1094430575b42f171b185a8047a28f73c6bd743a8f0be7f05673b8efff50c1bb7ea0deec8808423df9f80dfe9072db77cd922a4c46262689eb21333e3a9a","JD165016","03/01/2020 12:20:00 AM","2","DRIVER","2.0","809423.0",NULL,"HONDA","CIVIC","IL","2014.0","UNKNOWN","PASSENGER","PERSONAL","E","STRAIGHT AHEAD",NULL,NULL,"3.0",NULL,NULL,NULL,NULL,NULL,NULL,NULL,NULL,"Y","Y","Y",NULL,NULL,NULL,NULL,NULL,NULL,"REAR-LEFT",NULL,NULL,NULL,NULL,NULL,NULL,NULL,NULL,NULL,NULL,NULL,NULL,NULL,NULL,NULL,NULL,NULL,NULL,NULL,NULL,NULL,NULL,NULL,NULL,NULL,NULL,NULL,NULL,NULL,NULL,NULL,NULL,NULL
"853020","aa482fe4f929d8f93fc381f6b8c5b77b76629aff0c15ff1c02b849eac8260e820b8d90251d054facf40af229689a765424cbf6fa166591c2c14d5fd305b79a24","JD169931","03/01/2020 05:00:00 AM","1","DRIVER",NULL,"809494.0",NULL,"CHEVROLET","CRUZE","IL","2015.0","NONE","PASSENGER","PERSONAL","N","STRAIGHT AHEAD","Y",NULL,"1.0",NULL,"CITYWIDE TOW","8607S VINCENNES",NULL,"Y","Y",NULL,"Y","Y","Y",NULL,NULL,NULL,NULL,"N","Y",NULL,"REAR",NULL,NULL,NULL,NULL,NULL,NULL,NULL,NULL,NULL,NULL,NULL,NULL,NULL,NULL,NULL,NULL,NULL,NULL,NULL,NULL,NULL,NULL,NULL,NULL,NULL,NULL,NULL,NULL,NULL,NULL,NULL,NULL,NULL
"853150","e76a17f2496209c22861b9f9182fc644fe373fb3f4fbab35e8721aae23dcc1bcb0d596f3eb84c3658f3d4872be7998fef5aa179d238db1c677b71f0a200433f9","JD170137","03/01/2020 10:59:00 AM","2","DRIVER",NULL,"809617.0",NULL,"HYUNDAI","SONATA","IL","2018.0","UNKNOWN","PASSENGER","PERSONAL","N","STRAIGHT AHEAD",NULL,NULL,"1.0",NULL,NULL,NULL,NULL,NULL,NULL,NULL,NULL,"Y","Y","Y",NULL,NULL,NULL,NULL,NULL,NULL,"REAR-LEFT",NULL,NULL,NULL,NULL,NULL,NULL,NULL,NULL,NULL,NULL,NULL,NULL,NULL,NULL,NULL,NULL,NULL,NULL,NULL,NULL,NULL,NULL,NULL,NULL,NULL,NULL,NULL,NULL,NULL,NULL,NULL,NULL,NULL
"853157","ae4a4506be7ce26a3e5948c1387add17bd61c8e1f2f784a31e9aca7d6bd9a31ff3dc4987d5fca94928ab7e3e45f88134bed15970dac8ed7facaa77a3c11447b4","JD169065","02/29/2020 12:00:00 PM","1","DRIVER",NULL,"809628.0",NULL,"TOYOTA MOTOR COMPANY, LTD.","CAMRY","IL","2011.0","NONE","PASSENGER","PERSONAL","W","STRAIGHT AHEAD","Y",NULL,"1.0",NULL,NULL,NULL,NULL,"Y",NULL,NULL,NULL,NULL,NULL,NULL,NULL,NULL,NULL,"Y","Y",NULL,"OTHER",NULL,NULL,NULL,NULL,NULL,NULL,NULL,NULL,NULL,NULL,NULL,NULL,NULL,NULL,NULL,NULL,NULL,NULL,NULL,NULL,NULL,NULL,NULL,NULL,NULL,NULL,NULL,NULL,NULL,NULL,NULL,NULL,NULL
"853165","c7226596c5c387e23cf36740ecc03dcf17246c58d502dabc016ec7ed8bbcbc907dd02234d7f9ebefa0c9b3971e0ed3c602738dc223c93889faf4396612f8245d","JD170182","03/01/2020 11:35:00 AM","1","DRIVER",NULL,"809636.0",NULL,"DODGE","CARAVAN","IL","2012.0","NONE","VAN/MINI-VAN","PERSONAL","S","STRAIGHT AHEAD","Y",NULL,"1.0",NULL,NULL,NULL,NULL,"Y",NULL,NULL,NULL,NULL,NULL,NULL,NULL,NULL,NULL,"Y","Y",NULL,"OTHER",NULL,NULL,NULL,NULL,NULL,NULL,NULL,NULL,NULL,NULL,NULL,NULL,NULL,NULL,NULL,NULL,NULL,NULL,NULL,NULL,NULL,NULL,NULL,NULL,NULL,NULL,NULL,NULL,NULL,NULL,NULL,NULL,NULL
"853596","b8fd24135fe4bb0989ba21f48c787a6db3bae74f2d64f3eca403e89d2fb20e8d6f8918e4cf278c05b42a8abbc4372b1b5cee1fe92fc26df46c0d6b4b08c84395","JD170923","03/02/2020 04:30:00 AM","1","DRIVER",NULL,"810038.0",NULL,"FORD","UNKNOWN","IL","2012.0","UNKNOWN","PASSENGER","POLICE","S","TURNING RIGHT",NULL,NULL,"1.0",NULL,NULL,NULL,NULL,"Y","Y",NULL,NULL,NULL,NULL,NULL,NULL,NULL,NULL,NULL,"Y",NULL,"FRONT",NULL,NULL,NULL,NULL,NULL,NULL,NULL,NULL,NULL,NULL,NULL,NULL,NULL,NULL,NULL,NULL,NULL,NULL,NULL,NULL,NULL,NULL,NULL,NULL,NULL,NULL,NULL,NULL,NULL,NULL,NULL,NULL,NULL
"853883","2c02531f66ea63761784477e02a0e223b4a1e48c9a131d4fe62e870093ddfef3da3acff1519b0852e97764331204a15d6b18b015ba09155ccb3d2a8b7cda0ca7","JD171320","03/02/2020 12:10:00 PM","2","DRIVER","1.0","810671.0",NULL,"ACURA","ACURA","IL","2015.0","UNKNOWN","PASSENGER","RIDESHARE SERVICE","W","STRAIGHT AHEAD",NULL,NULL,"2.0",NULL,NULL,NULL,NULL,NULL,NULL,NULL,NULL,"Y",NULL,NULL,NULL,NULL,NULL,NULL,NULL,NULL,"REAR",NULL,NULL,NULL,NULL,NULL,NULL,NULL,NULL,NULL,NULL,NULL,NULL,NULL,NULL,NULL,NULL,NULL,NULL,NULL,NULL,NULL,NULL,NULL,NULL,NULL,NULL,NULL,NULL,NULL,NULL,NULL,NULL,NULL
"853917","306f8e8692041351f6e55dad6bb9f914117f26cf914674309b846a971bccdf28533d2db6e721032f79d7e4bfc21c3f63bd4dadc600f64da76aabab468cb1c216","JD171511","03/02/2020 02:00:00 PM","2","DRIVER","1.0","810336.0",NULL,"NISSAN","SENTRA (DATSUN AND NISSAN HAVE MERGED)","IL","2008.0","NONE","PASSENGER","PERSONAL","S","BACKING",NULL,NULL,"2.0",NULL,NULL,NULL,NULL,NULL,NULL,"Y",NULL,NULL,NULL,NULL,NULL,NULL,NULL,NULL,NULL,NULL,"SIDE-RIGHT",NULL,NULL,NULL,NULL,NULL,NULL,NULL,NULL,NULL,NULL,NULL,NULL,NULL,NULL,NULL,NULL,NULL,NULL,NULL,NULL,NULL,NULL,NULL,NULL,NULL,NULL,NULL,NULL,NULL,NULL,NULL,NULL,NULL
"853979","8d7cf6dd9df106b1d11ec4fab521088dc263b26444daae4d2fcdf6b014b4ea8416926524c149a45d6fb31c354ae8ffa10b29fee53c2d9097663e0cedd9b938a9","JD171596","02/24/2020 09:45:00 PM","2","DRIVER",NULL,"810407.0",NULL,"HONDA","CRV","IL","2019.0","NONE","SPORT UTILITY VEHICLE (SUV)","PERSONAL","E","STRAIGHT AHEAD",NULL,NULL,"1.0",NULL,NULL,NULL,NULL,NULL,NULL,NULL,NULL,NULL,NULL,"Y",NULL,NULL,NULL,NULL,NULL,NULL,"FRONT-LEFT",NULL,NULL,NULL,NULL,NULL,NULL,NULL,NULL,NULL,NULL,NULL,NULL,NULL,NULL,NULL,NULL,NULL,NULL,NULL,NULL,NULL,NULL,NULL,NULL,NULL,NULL,NULL,NULL,NULL,NULL,NULL,NULL,NULL
"854406","143957a2a28a2a9605017c8eee1a38ac3cadf2ee34a4290dae812940467d76b7bb1fb982aa828302930171850d320421d20694bd47db492214f09ab39568426e","JD172325","03/02/2020 09:30:00 PM","2","PARKED",NULL,"810834.0",NULL,"KIA MOTORS CORP","Optima","IL","2014.0","NONE","PASSENGER","PERSONAL","N","PARKED",NULL,NULL,"0.0",NULL,NULL,NULL,NULL,"Y","Y",NULL,NULL,NULL,NULL,NULL,NULL,NULL,NULL,NULL,NULL,NULL,NULL,NULL,NULL,NULL,NULL,NULL,NULL,NULL,NULL,NULL,NULL,NULL,NULL,NULL,NULL,NULL,NULL,NULL,NULL,NULL,NULL,NULL,NULL,NULL,NULL,NULL,NULL,NULL,NULL,NULL,NULL,NULL,NULL,NULL
"854464","2efa52f1259a1f50824cde35ddbe3e9bc6c3f4165097c84cb7a23da20d7fa04c94a414460acc74c3e6ac97f63276a53ac7f4d30bd3fadde5cf0738cbd44d2873","JD172446","03/03/2020 11:55:00 AM","2","DRIVER","2.0","810840.0",NULL,"DODGE","CHARGER","IL","2016.0","NONE","PASSENGER","PERSONAL","N","STRAIGHT AHEAD",NULL,NULL,"3.0",NULL,NULL,NULL,NULL,NULL,NULL,NULL,NULL,NULL,NULL,NULL,NULL,NULL,NULL,NULL,"Y",NULL,"TOTAL (ALL AREAS)",NULL,NULL,NULL,NULL,NULL,NULL,NULL,NULL,NULL,NULL,NULL,NULL,NULL,NULL,NULL,NULL,NULL,NULL,NULL,NULL,NULL,NULL,NULL,NULL,NULL,NULL,NULL,NULL,NULL,NULL,NULL,NULL,NULL
"854711","26d5840f03881dcadd96d6606c1d24fd01b1fb5fe32fc09b0933087faad9326b522015881618c1ad2cc318f829e53f4d250f18e6b29be346de7ee5f5f811fe63","JD172722","03/03/2020 03:16:00 PM","1","DRIVER",NULL,"811066.0",NULL,"FORD","ESCAPE (SUV)","IL","2018.0","OTHER","UNKNOWN/NA","UNKNOWN/NA","UNKNOWN","BACKING",NULL,NULL,"1.0",NULL,NULL,NULL,NULL,NULL,NULL,NULL,NULL,"Y",NULL,NULL,NULL,NULL,NULL,NULL,NULL,NULL,"REAR",NULL,NULL,NULL,NULL,NULL,NULL,NULL,NULL,NULL,NULL,NULL,NULL,NULL,NULL,NULL,NULL,NULL,NULL,NULL,NULL,NULL,NULL,NULL,NULL,NULL,NULL,NULL,NULL,NULL,NULL,NULL,NULL,NULL
"854751","bc4c7377784ac107ef6ac0dd300e00879c18e898553031d13a89194634270afcb0d5938a3ce33d2c8fd76da5977cafd61ac1b01ac82b3101abf937a358740dd6","JD172743","03/03/2020 04:00:00 PM","1","DRIVER",NULL,"811123.0",NULL,"CHEVROLET","SILVERADO","IL","2015.0","UNKNOWN","TRUCK - SINGLE UNIT","PERSONAL","N","STRAIGHT AHEAD",NULL,NULL,"1.0",NULL,NULL,NULL,"Y",NULL,NULL,NULL,NULL,NULL,NULL,NULL,NULL,NULL,NULL,NULL,NULL,NULL,"OTHER",NULL,NULL,NULL,NULL,NULL,NULL,NULL,NULL,NULL,NULL,NULL,NULL,NULL,NULL,NULL,NULL,NULL,NULL,NULL,NULL,NULL,NULL,NULL,NULL,NULL,NULL,NULL,NULL,NULL,NULL,NULL,NULL,NULL
"854851","99908e5c8cb34d38c3e72aa9f6d23813dba4e2bbd328f4b94cf0b975033dff93619b068cd03ed730c7640bbbb2bbb679927f2e401b458bc0c317f41de520245e","JD173092","03/03/2020 08:00:00 PM","2","PARKED",NULL,"811220.0",NULL,"FORD","UNKNOWN","IL","2018.0","UNKNOWN","PASSENGER","UNKNOWN/NA","S","PARKED",NULL,NULL,"0.0",NULL,NULL,NULL,NULL,NULL,NULL,NULL,NULL,NULL,NULL,NULL,NULL,NULL,NULL,"Y",NULL,NULL,"ROOF",NULL,NULL,NULL,NULL,NULL,NULL,NULL,NULL,NULL,NULL,NULL,NULL,NULL,NULL,NULL,NULL,NULL,NULL,NULL,NULL,NULL,NULL,NULL,NULL,NULL,NULL,NULL,NULL,NULL,NULL,NULL,NULL,NULL
"855032","0d55f39fb386801b0932a51feb6a548791693bf435e8d604eec2f436a94d1aa31e19611aef36273fe4e9c24f532d6968d3452c05dfb65d7ee48ff248b1832ea7","JD173376","03/04/2020 08:10:00 AM","1","DRIVER","1.0","811396.0",NULL,"NISSAN","NISSAN ALTIMA","IL","2014.0","UNKNOWN","PASSENGER","PERSONAL","NE","TURNING LEFT",NULL,NULL,"2.0",NULL,NULL,NULL,"Y",NULL,NULL,NULL,NULL,NULL,NULL,NULL,NULL,NULL,NULL,NULL,NULL,NULL,"OTHER",NULL,NULL,NULL,NULL,NULL,NULL,NULL,NULL,NULL,NULL,NULL,NULL,NULL,NULL,NULL,NULL,NULL,NULL,NULL,NULL,NULL,NULL,NULL,NULL,NULL,NULL,NULL,NULL,NULL,NULL,NULL,NULL,NULL
"855059","24560d6428520acf6ed69a2ca77d73a64eb37500add49988d0070e19a97ad69c163a0f82e9348aa5f2add9a5c1e97644089bead8e143f8b1079cf3826e4dd321","JD173429","02/26/2020 06:50:00 AM","2","DRIVER","1.0","811434.0",NULL,"LINCOLN-CONTINENTAL","MKS","IL","2010.0","NONE","PASSENGER","RIDESHARE SERVICE","W","STRAIGHT AHEAD",NULL,NULL,"2.0",NULL,NULL,NULL,NULL,NULL,NULL,NULL,NULL,NULL,NULL,NULL,NULL,NULL,NULL,NULL,NULL,NULL,"UNDER CARRIAGE",NULL,NULL,NULL,NULL,NULL,NULL,NULL,NULL,NULL,NULL,NULL,NULL,NULL,NULL,NULL,NULL,NULL,NULL,NULL,NULL,NULL,NULL,NULL,NULL,NULL,NULL,NULL,NULL,NULL,NULL,NULL,NULL,NULL
"855126","94df47cab1c9f0309c131a7d336a43a855358effd58abb19ee46bf89fcb2f67daaf3409f699cac32a328b1a8e9890163cea46373cc31f52dff4820e53d78528f","JD173545","03/04/2020 10:05:00 AM","1","DRIVER","1.0","811487.0",NULL,"TOYOTA MOTOR COMPANY, LTD.","COROLLA","IL","2015.0","NONE","PASSENGER","PERSONAL","NW","STRAIGHT AHEAD",NULL,NULL,"2.0",NULL,NULL,NULL,NULL,NULL,NULL,NULL,NULL,NULL,NULL,NULL,NULL,NULL,NULL,NULL,"Y",NULL,"OTHER",NULL,NULL,NULL,NULL,NULL,NULL,NULL,NULL,NULL,NULL,NULL,NULL,NULL,NULL,NULL,NULL,NULL,NULL,NULL,NULL,NULL,NULL,NULL,NULL,NULL,NULL,NULL,NULL,NULL,NULL,NULL,NULL,NULL
"855172","1cd04ed10d0adcd4effcb234e9143e5ee7cb8bfe2b2e39a7c1af96239eb25248a11cdb1dcac3826f62928ba99b9e598b916389ab52acfccd262d172dc2a1059d","JD164104","02/25/2020 09:17:00 AM","1","DRIVER",NULL,"811527.0",NULL,"DODGE","JOURNEY","IL","2018.0","UNKNOWN","PASSENGER","UNKNOWN/NA","N","STRAIGHT AHEAD",NULL,NULL,"1.0",NULL,NULL,NULL,NULL,NULL,NULL,NULL,NULL,NULL,NULL,NULL,NULL,NULL,"Y","Y",NULL,NULL,"ROOF",NULL,NULL,NULL,NULL,NULL,NULL,NULL,NULL,NULL,NULL,NULL,NULL,NULL,NULL,NULL,NULL,NULL,NULL,NULL,NULL,NULL,NULL,NULL,NULL,NULL,NULL,NULL,NULL,NULL,NULL,NULL,NULL,NULL
"855265","604a6cf5a6b097c4ee908c684db7fc5891c46170ecbdba54689a7cb70385941e44736e0a9e3851527f7658c2788138f2478e3a17b77e40a2d9fb682859639764","JD173867","02/29/2020 08:30:00 AM","2","DRIVER","2.0","811618.0",NULL,"NISSAN","ROGUE","IL","2015.0","UNKNOWN","PASSENGER","PERSONAL","N","SLOW/STOP IN TRAFFIC",NULL,NULL,"3.0",NULL,NULL,NULL,NULL,NULL,NULL,NULL,NULL,NULL,NULL,"Y",NULL,NULL,NULL,NULL,NULL,NULL,"REAR",NULL,NULL,NULL,NULL,NULL,NULL,NULL,NULL,NULL,NULL,NULL,NULL,NULL,NULL,NULL,NULL,NULL,NULL,NULL,NULL,NULL,NULL,NULL,NULL,NULL,NULL,NULL,NULL,NULL,NULL,NULL,NULL,NULL
"855560","16393910dde2191b1785fbb4600a43a2abaf4cac8d3d0eb426ad9da1e6c8bd01dc1a3735788c65dae5769b2e0f9dffaa95ea936aeff2ea0f7710e24530e4229e","JD174394","03/04/2020 10:20:00 PM","2","DRIVER",NULL,"811910.0",NULL,"DODGE","UNKNOWN","IL","2018.0","NONE","VAN/MINI-VAN","TAXI/FOR HIRE","N","TURNING LEFT","N",NULL,"1.0",NULL,NULL,NULL,NULL,NULL,NULL,NULL,NULL,NULL,NULL,NULL,NULL,"Y","Y","Y",NULL,NULL,"TOTAL (ALL AREAS)",NULL,NULL,NULL,NULL,NULL,NULL,NULL,NULL,NULL,NULL,NULL,NULL,NULL,NULL,NULL,NULL,NULL,NULL,NULL,NULL,NULL,NULL,NULL,NULL,NULL,NULL,NULL,NULL,NULL,NULL,NULL,NULL,NULL