"CRASH_UNIT_ID","CRASH_RECORD_ID","RD_NO","CRASH_DATE","UNIT_NO","UNIT_TYPE","NUM_PASSENGERS","VEHICLE_ID","CMRC_VEH_I","MAKE","MODEL","LIC_PLATE_STATE","VEHICLE_YEAR","VEHICLE_DEFECT","VEHICLE_TYPE","VEHICLE_USE","TRAVEL_DIRECTION","MANEUVER","TOWED_I","FIRE_I","OCCUPANT_CNT","EXCEED_SPEED_LIMIT_I","TOWED_BY","TOWED_TO","AREA_00_I","AREA_01_I","AREA_02_I","AREA_03_I","AREA_04_I","AREA_05_I","AREA_06_I","AREA_07_I","AREA_08_I","AREA_09_I","AREA_10_I","AREA_11_I","AREA_12_I","AREA_99_I","FIRST_CONTACT_POINT","CMV_ID","USDOT_NO","CCMC_NO","ILCC_NO","COMMERCIAL_SRC","GVWR","CARRIER_NAME","CARRIER_STATE","CARRIER_CITY","HAZMAT_PLACARDS_I","HAZMAT_NAME","UN_NO","HAZMAT_PRESENT_I","HAZMAT_REPORT_I","HAZMAT_REPORT_NO","MCS_REPORT_I","MCS_REPORT_NO","HAZMAT_VIO_CAUSE_CRASH_I","MCS_VIO_CAUSE_CRASH_I","IDOT_PERMIT_NO","WIDE_LOAD_I","TRAILER1_WIDTH","TRAILER2_WIDTH","TRAILER1_LENGTH","TRAILER2_LENGTH","TOTAL_VEHICLE_LENGTH","AXLE_CNT","VEHICLE_CONFIG","CARGO_BODY_TYPE","LOAD_TYPE","HAZMAT_OUT_OF_SERVICE_I","MCS_OUT_OF_SERVICE_I","HAZMAT_CLASS"
"861542","61ec7c6bdfe086c64cac762733c6d7caf20c7c8df71e5431ef4dc6d8d78878fedbad3bf8372a1e0b783cccec59f8a2f68db273452ef57cfc537dee8d063dae20","JD184879","03/13/2020 08:30:00 PM","1","DRIVER",NULL,"817523.0",NULL,"CHEVROLET","MALIBU","IL","2011.0","NONE","PASSENGER","PERSONAL","E","STRAIGHT AHEAD",NULL,NULL,"1.0",NULL,NULL,NULL,NULL,"Y","Y","Y",NULL,NULL,NULL,NULL,NULL,NULL,NULL,NULL,NULL,NULL,"FRONT",NULL,NULL,NULL,NULL,NULL,NULL,NULL,NULL,NULL,NULL,NULL,NULL,NULL,NULL,NULL,NULL,NULL,NULL,NULL,NULL,NULL,NULL,NULL,NULL,NULL,NULL,NULL,NULL,NULL,NULL,NULL,NULL,NULL
"861835","98e389b035c62b6c202589d37460601a7871b6486c64cfa7ceb78c07459de415201885496044ea34147309753595aa0cb313a99f234be68ce562a0190f772577","JD185502","03/14/2020 01:10:00 PM","1","DRIVER",NULL,"817790.0",NULL,"CHEVROLET","EQUINOX",NULL,"2011.0","NONE","SPORT UTILITY VEHICLE (SUV)","PERSONAL","UNKNOWN","UNKNOWN/NA",NULL,NULL,"1.0",NULL,NULL,NULL,NULL,"Y",NULL,NULL,NULL,NULL,NULL,NULL,NULL,NULL,NULL,NULL,NULL,NULL,"FRONT",NULL,NULL,NULL,NULL,NULL,NULL,NULL,NULL,NULL,NULL,NULL,NULL,NULL,NULL,NULL,NULL,NULL,NULL,NULL,NULL,NULL,NULL,NULL,NULL,NULL,NULL,NULL,NULL,NULL,NULL,NULL,NULL,NULL
"861859","8d2f4b579999c83878cc18e1eb99cecb530b8780699eb5b0a5376c59ada89248794418892d5c79e5e463468420e610a4801e62fe85d933b0d2fd1c5cd666f89e","JD185536","03/14/2020 01:45:00 PM","1","DRIVER",NULL,"817820.0",NULL,"LEXUS","ES350","IL","2015.0","UNKNOWN","PASSENGER","UNKNOWN/NA","S","STRAIGHT AHEAD",NULL,NULL,"1.0",NULL,NULL,NULL,NULL,NULL,NULL,NULL,NULL,NULL,NULL,NULL,NULL,NULL,NULL,NULL,"Y",NULL,"OTHER",NULL,NULL,NULL,NULL,NULL,NULL,NULL,NULL,NULL,NULL,NULL,NULL,NULL,NULL,NULL,NULL,NULL,NULL,NULL,NULL,NULL,NULL,NULL,NULL,NULL,NULL,NULL,NULL,NULL,NULL,NULL,NULL,NULL
"861864","a352d9b42a16b18d2ae79fa435d90ed6cafaf96732ed6c8b6898023af9341a9241eae2d8b32d1274721820d7e84992873d699360bd43f767e85697518d4c15bb","JD185556","03/14/2020 01:40:00 PM","2","DRIVER",NULL,"817832.0",NULL,"CHEVROLET","SPORTVAN","IL","2019.0","UNKNOWN","PASSENGER","UNKNOWN/NA","N","STRAIGHT AHEAD",NULL,NULL,"1.0",NULL,NULL,NULL,NULL,NULL,NULL,NULL,NULL,NULL,NULL,NULL,NULL,NULL,NULL,NULL,NULL,NULL,"OTHER",NULL,NULL,NULL,NULL,NULL,NULL,NULL,NULL,NULL,NULL,NULL,NULL,NULL,NULL,NULL,NULL,NULL,NULL,NULL,NULL,NULL,NULL,NULL,NULL,NULL,NULL,NULL,NULL,NULL,NULL,NULL,NULL,NULL
"861904","2a7e837fb792a76e6c3d858ec4191f63df5ad1d3c0b1a4bd1d7b46612983c230cd72da628454a667be51fe59afaa9f48a28ecd4b1c823d2241039aa97c68a2f5","JD185586","03/14/2020 02:59:00 PM","1","DRIVER",NULL,"817854.0",NULL,"INFINITI","Q70","IL","2017.0","NONE","SPORT UTILITY VEHICLE (SUV)","PERSONAL","N","STRAIGHT AHEAD",NULL,NULL,"1.0",NULL,NULL,NULL,NULL,"Y",NULL,NULL,NULL,NULL,NULL,NULL,NULL,NULL,NULL,"Y","Y",NULL,"TOTAL (ALL AREAS)",NULL,NULL,NULL,NULL,NULL,NULL,NULL,NULL,NULL,NULL,NULL,NULL,NULL,NULL,NULL,NULL,NULL,NULL,NULL,NULL,NULL,NULL,NULL,NULL,NULL,NULL,NULL,NULL,NULL,NULL,NULL,NULL,NULL
"861933","54b605fef02a2dcec1d59ce976b0fc9cae8bc500f5b17181171a2295bf6c5b1338e7819e6fb08a29d615edaa9ea1f2ed909cdc5bbcd0fce918bd831b8608c543","JD185644","03/14/2020 03:40:00 PM","1","DRIVER",NULL,"817885.0",NULL,"NISSAN","MURANO","IL","2014.0","NONE","SPORT UTILITY VEHICLE (SUV)","PERSONAL","N","ENTERING TRAFFIC LANE FROM PARKING",NULL,NULL,"1.0",NULL,NULL,NULL,NULL,NULL,NULL,NULL,NULL,"Y",NULL,NULL,NULL,NULL,NULL,NULL,NULL,NULL,"REAR",NULL,NULL,NULL,NULL,NULL,NULL,NULL,NULL,NULL,NULL,NULL,NULL,NULL,NULL,NULL,NULL,NULL,NULL,NULL,NULL,NULL,NULL,NULL,NULL,NULL,NULL,NULL,NULL,NULL,NULL,NULL,NULL,NULL
"862006","e93fb8cbd1af7793f276d9b8c08d3a19c0db971d7c235a0928ba72de69c1e07f2d733ef64ceef7a2d452d2efe9362a6f416088c5e33309d9e7382e0c6f04174b","JD185713","03/14/2020 04:25:00 PM","1","DRIVER",NULL,"817959.0",NULL,"HONDA","CIVIC","IL","2013.0","NONE","PASSENGER","PERSONAL","S","U-TURN",NULL,NULL,"1.0",NULL,NULL,NULL,NULL,NULL,NULL,NULL,NULL,NULL,NULL,"Y",NULL,NULL,NULL,NULL,NULL,NULL,"SIDE-LEFT",NULL,NULL,NULL,NULL,NULL,NULL,NULL,NULL,NULL,NULL,NULL,NULL,NULL,NULL,NULL,NULL,NULL,NULL,NULL,NULL,NULL,NULL,NULL,NULL,NULL,NULL,NULL,NULL,NULL,NULL,NULL,NULL,NULL
"862105","97f680e83732cb2d094b851050c41fe1dcbe8d3538ef3e1b6a9fcc27f2245ac19948eb3872a43132f584380d93959d8ea1633416adacbc7766f18ccbc34bf2c3","JD185878","03/14/2020 07:00:00 PM","1","DRIVER","1.0","818053.0",NULL,"CHEVROLET","MALIBU","IL","2013.0","UNKNOWN","PASSENGER","PERSONAL","N","STRAIGHT AHEAD","Y",NULL,"2.0",NULL,"e&r towing","103rd doty rd",NULL,"N",NULL,NULL,NULL,NULL,NULL,NULL,NULL,NULL,NULL,"N","N",NULL,"TOTAL (ALL AREAS)",NULL,NULL,NULL,NULL,NULL,NULL,NULL,NULL,NULL,NULL,NULL,NULL,NULL,NULL,NULL,NULL,NULL,NULL,NULL,NULL,NULL,NULL,NULL,NULL,NULL,NULL,NULL,NULL,NULL,NULL,NULL,NULL,NULL
"862388","5e7cd5191fc6bf96922ea517e8053f1672e31810eb19e89f6a2a071a3d304178dc09ce22cad175807d3d7f2eafe0e884c036e68032fed0004dfb2280cf07c0db","JD186414","03/15/2020 11:11:00 AM","1","DRIVER",NULL,"818319.0",NULL,"TOYOTA","SIENNA","IA","2011.0","UNKNOWN","VAN/MINI-VAN","PERSONAL","N","ENTERING TRAFFIC LANE FROM PARKING",NULL,NULL,"1.0",NULL,NULL,NULL,NULL,NULL,NULL,NULL,NULL,NULL,NULL,NULL,NULL,NULL,NULL,NULL,"Y",NULL,"OTHER",NULL,NULL,NULL,NULL,NULL,NULL,NULL,NULL,NULL,NULL,NULL,NULL,NULL,NULL,NULL,NULL,NULL,NULL,NULL,NULL,NULL,NULL,NULL,NULL,NULL,NULL,NULL,NULL,NULL,NULL,NULL,NULL,NULL
"862406","e41d8aa752fdc2ff045ca58accc666504a79fd04f0fa8c0d3945dc6ff3f34de7ecc5f85b9a216ff4dd2baa58f7c0b236ba86fc047356f53b513af1b288fb19a3","JD186469","03/14/2020 02:15:00 PM","2","DRIVER",NULL,"818333.0",NULL,"HONDA","CIVIC","IL","2019.0","NONE","PASSENGER","PERSONAL","S","BACKING",NULL,NULL,"1.0",NULL,NULL,NULL,NULL,NULL,NULL,NULL,NULL,NULL,NULL,"Y",NULL,NULL,NULL,NULL,NULL,NULL,"SIDE-LEFT",NULL,NULL,NULL,NULL,NULL,NULL,NULL,NULL,NULL,NULL,NULL,NULL,NULL,NULL,NULL,NULL,NULL,NULL,NULL,NULL,NULL,NULL,NULL,NULL,NULL,NULL,NULL,NULL,NULL,NULL,NULL,NULL,NULL
"862441","713f9ee98cb2a74d8c41eda5f5c3b6d64e70a051ec01ecec3a73d088876e5785c4bf8da326d9e0e66081001a2bacf74538915408c4d40dfc98b23787263aead2","JD142335","02/06/2020 02:35:00 PM","1","DRIVER",NULL,"818364.0",NULL,"CHEVROLET","CRUZE","IL","2016.0","UNKNOWN","PASSENGER","UNKNOWN/NA","W","TURNING ON RED",NULL,NULL,"1.0",NULL,NULL,NULL,NULL,NULL,NULL,NULL,NULL,NULL,NULL,NULL,NULL,NULL,NULL,"Y",NULL,NULL,"TOTAL (ALL AREAS)",NULL,NULL,NULL,NULL,NULL,NULL,NULL,NULL,NULL,NULL,NULL,NULL,NULL,NULL,NULL,NULL,NULL,NULL,NULL,NULL,NULL,NULL,NULL,NULL,NULL,NULL,NULL,NULL,NULL,NULL,NULL,NULL,NULL
"862554","ea1277454f62732916de5496b5565891132290f23843b0e7cc9ee04f22aceadc165fbd1b050902bbf1498edd7e91de79b0dfc0e73ea70d62bae2bcd88de626dc","JD186747","03/15/2020 05:15:00 PM","1","DRIVER",NULL,"818480.0",NULL,"NISSAN","ALTIMA","IL","2015.0","NONE","PASSENGER","PERSONAL","SE","STRAIGHT AHEAD",NULL,NULL,"1.0",NULL,NULL,NULL,NULL,"Y",NULL,NULL,NULL,NULL,NULL,NULL,NULL,NULL,NULL,NULL,"Y",NULL,"FRONT",NULL,NULL,NULL,NULL,NULL,NULL,NULL,NULL,NULL,NULL,NULL,NULL,NULL,NULL,NULL,NULL,NULL,NULL,NULL,NULL,NULL,NULL,NULL,NULL,NULL,NULL,NULL,NULL,NULL,NULL,NULL,NULL,NULL
"862663","9e9c7347e62bb1a434dd0513d8e8ec2b5b4f4cd1509647a5ed10ad1ab25533592046b7feebc7bc3a06ba31124eb99b476ef48c66904de71e3120001dd3e05818","JD186871","03/15/2020 07:55:00 PM","1","DRIVER",NULL,"818590.0",NULL,"FORD","FUSION","IL","2017.0","UNKNOWN","PASSENGER","PERSONAL","W","STRAIGHT AHEAD","Y",NULL,"1.0",NULL,"CITY OF CHICAGO","POUND 6",NULL,"Y","Y",NULL,NULL,NULL,NULL,NULL,NULL,NULL,NULL,NULL,"Y",NULL,"FRONT",NULL,NULL,NULL,NULL,NULL,NULL,NULL,NULL,NULL,NULL,NULL,NULL,NULL,NULL,NULL,NULL,NULL,NULL,NULL,NULL,NULL,NULL,NULL,NULL,NULL,NULL,NULL,NULL,NULL,NULL,NULL,NULL,NULL
"862785","685af99854c19e1f22e479c675c9f2e3b01339aee0fbb10ee4b28d549372804a4b9a6e8079627ceda4f98ab4f36f2ee0b6a6dd9c26576919d91e4cb3f8cd536b","JD187168","03/16/2020 07:50:00 AM","2","PARKED",NULL,"818701.0",NULL,"TOYOTA","COROLLA","IL","2010.0","UNKNOWN","PASSENGER","NOT IN USE","S","PARKED",NULL,NULL,"0.0",NULL,NULL,NULL,NULL,NULL,NULL,NULL,NULL,NULL,NULL,NULL,NULL,"Y","Y","Y",NULL,NULL,"ROOF",NULL,NULL,NULL,NULL,NULL,NULL,NULL,NULL,NULL,NULL,NULL,NULL,NULL,NULL,NULL,NULL,NULL,NULL,NULL,NULL,NULL,NULL,NULL,NULL,NULL,NULL,NULL,NULL,NULL,NULL,NULL,NULL,NULL
"863397","aaab848d8c9b07b91ecfcd18fa7d33efc70c1f10ddde1cbda8addb776e06a69753b0744aef8023274801c2bbd599c568dd7b9f42d6010155ae661d385097ae0a","JD188287","03/17/2020 09:10:00 AM","2","DRIVER",NULL,"819308.0",NULL,"JEEP","CHEROKEE","IL","2017.0","NONE","SPORT UTILITY VEHICLE (SUV)","PERSONAL","E","STRAIGHT AHEAD",NULL,NULL,"1.0",NULL,NULL,NULL,NULL,NULL,NULL,NULL,NULL,NULL,NULL,NULL,NULL,NULL,NULL,"Y",NULL,NULL,"TOTAL (ALL AREAS)",NULL,NULL,NULL,NULL,NULL,NULL,NULL,NULL,NULL,NULL,NULL,NULL,NULL,NULL,NULL,NULL,NULL,NULL,NULL,NULL,NULL,NULL,NULL,NULL,NULL,NULL,NULL,NULL,NULL,NULL,NULL,NULL,NULL
"863399","997c2bbb2c4fe06990368cf1b9265c5b65988ae362d79a634086a78cd2c14207b8fe916ba3f3b2d6ac4f65904801f6ae86d1bdd0a4da1be9427419fb1f43df10","JD188304","03/12/2020 01:45:00 PM","2","DRIVER",NULL,"819309.0",NULL,"HYUNDAI","ELANTRA","IL","2017.0","UNKNOWN","PASSENGER","OTHER","N","SLOW/STOP IN TRAFFIC",NULL,NULL,"1.0",NULL,NULL,NULL,NULL,NULL,NULL,NULL,NULL,NULL,"Y",NULL,NULL,NULL,NULL,NULL,NULL,NULL,"REAR-LEFT",NULL,NULL,NULL,NULL,NULL,NULL,NULL,NULL,NULL,NULL,NULL,NULL,NULL,NULL,NULL,NULL,NULL,NULL,NULL,NULL,NULL,NULL,NULL,NULL,NULL,NULL,NULL,NULL,NULL,NULL,NULL,NULL,NULL
"863489","24d75d04e15dc8e9211de3e5f766b183115e19092526025b788c309ef50e80ad647a437c1b9eaf352e1478afd70845aa5613af918a2c92cf05f102b44b175768","JD188449","03/17/2020 12:16:00 PM","1","DRIVER",NULL,"819394.0",NULL,"DODGE","CHALLENGER","MT","2019.0","UNKNOWN","UNKNOWN/NA","UNKNOWN/NA","S","PASSING/OVERTAKING","Y",NULL,"1.0",NULL,"S&S","701 n sacramento",NULL,"Y","Y",NULL,NULL,NULL,NULL,NULL,NULL,NULL,NULL,"Y","Y",NULL,"FRONT",NULL,NULL,NULL,NULL,NULL,NULL,NULL,NULL,NULL,NULL,NULL,NULL,NULL,NULL,NULL,NULL,NULL,NULL,NULL,NULL,NULL,NULL,NULL,NULL,NULL,NULL,NULL,NULL,NULL,NULL,NULL,NULL,NULL
"863594","0f4ce5e261e6d7faa9b26003e87b3df75af621184786b598c4e8f692b1e7449660588a654b049b230b4d0888a416db0c19c7b41232fbdb6cca0a369bef42466d","JD188676","03/17/2020 03:40:00 PM","2","PARKED",NULL,"819509.0",NULL,"HONDA","ODYSSEY","IL","2013.0","NONE","VAN/MINI-VAN","PERSONAL","W","PARKED",NULL,NULL,"0.0",NULL,NULL,NULL,NULL,NULL,NULL,NULL,NULL,NULL,NULL,"Y","Y","Y",NULL,NULL,NULL,NULL,"ROOF",NULL,NULL,NULL,NULL,NULL,NULL,NULL,NULL,NULL,NULL,NULL,NULL,NULL,NULL,NULL,NULL,NULL,NULL,NULL,NULL,NULL,NULL,NULL,NULL,NULL,NULL,NULL,NULL,NULL,NULL,NULL,NULL,NULL
"863968","117d45351f085c5745cc1d923dde0532c2c6870b5a3cbf6b042f1326133fb6186a220b49d33855f7e4bc900a1b6a4d3edf06cf39b520a2a6d3e7d62aa410f9ab","JD189575","03/18/2020 02:16:00 PM","1","DRIVER",NULL,"819850.0",NULL,"BMW","530I","IL","2019.0","UNKNOWN","UNKNOWN/NA","UNKNOWN/NA","W","STRAIGHT AHEAD",NULL,NULL,"1.0",NULL,NULL,NULL,NULL,"Y","Y","Y",NULL,NULL,NULL,NULL,NULL,NULL,NULL,NULL,NULL,NULL,"SIDE-RIGHT",NULL,NULL,NULL,NULL,NULL,NULL,NULL,NULL,NULL,NULL,NULL,NULL,NULL,NULL,NULL,NULL,NULL,NULL,NULL,NULL,NULL,NULL,NULL,NULL,NULL,NULL,NULL,NULL,NULL,NULL,NULL,NULL,NULL
"863971","fa44d337b8e789dc3909d326d3786422260c3d9349f319d0f499dd482f7399fe44882f2c6ffe33b2f2af7e39a5ec5584eb11d0d96bc4b85b5d37b2433f29cca0","JD183234","03/12/2020 02:20:00 PM","1","DRIVER",NULL,"819855.0",NULL,"CHEVROLET","CRUZE","IL","2012.0","NONE","PASSENGER","PERSONAL","S","SLOW/STOP IN TRAFFIC","Y",NULL,"1.0",NULL,"unknown","unknown",NULL,"Y",NULL,NULL,NULL,NULL,NULL,NULL,NULL,NULL,NULL,"Y","Y",NULL,"OTHER",NULL,NULL,NULL,NULL,NULL,NULL,NULL,NULL,NULL,NULL,NULL,NULL,NULL,NULL,NULL,NULL,NULL,NULL,NULL,NULL,NULL,NULL,NULL,NULL,NULL,NULL,NULL,NULL,NULL,NULL,NULL,NULL,NULL
"864048","d228cd4c9949c699b0af201c4ea0861e20cae225c1924361fe86b29536d02bc501a02b0960e788a795b0c491b3b334f107b78a4f38cc6b99329f2e7db04bb620","JD189722","03/17/2020 05:05:00 PM","1","DRIVER",NULL,"819924.0",NULL,"NISSAN","SENTRA","IL","2018.0","UNKNOWN","PASSENGER","UNKNOWN/NA","N","STRAIGHT AHEAD",NULL,NULL,"1.0",NULL,NULL,NULL,NULL,NULL,NULL,NULL,NULL,NULL,NULL,NULL,NULL,NULL,NULL,NULL,NULL,"Y","OTHER",NULL,NULL,NULL,NULL,NULL,NULL,NULL,NULL,NULL,NULL,NULL,NULL,NULL,NULL,NULL,NULL,NULL,NULL,NULL,NULL,NULL,NULL,NULL,NULL,NULL,NULL,NULL,NULL,NULL,NULL,NULL,NULL,NULL
"864786","7e5f18f21ce0b95ad31b1638e6e811ee2fced098c3fe8349e3995ea1976f66a69c78e97a5986dd45ee0291f1628243e1bbf1ba64210dac5ad280e5398c5d62bd","JD191368","03/20/2020 03:30:00 PM","2","PARKED",NULL,"820655.0",NULL,"CHEVROLET","IMPALA","IL","2015.0","UNKNOWN","PASSENGER","NOT IN USE","S","PARKED",NULL,NULL,"0.0",NULL,NULL,NULL,NULL,NULL,NULL,NULL,NULL,NULL,NULL,NULL,"Y","Y","Y",NULL,NULL,NULL,"ROOF",NULL,NULL,NULL,NULL,NULL,NULL,NULL,NULL,NULL,NULL,NULL,NULL,NULL,NULL,NULL,NULL,NULL,NULL,NULL,NULL,NULL,NULL,NULL,NULL,NULL,NULL,NULL,NULL,NULL,NULL,NULL,NULL,NULL
"864838","4de6f5896010c0e80b4b6be518f5ef0d2867bab39145c763eab2376fc159e3265715d9ba93d53a0a8c351ba3bd7ec27ddf3b4a762ca285771022ac999565a6f2","JD191474","03/20/2020 06:00:00 AM","1","DRIVER",NULL,"820702.0",NULL,"DODGE","RAM 1500 PU","IL","2017.0","UNKNOWN","PICKUP","UNKNOWN/NA","W","BACKING",NULL,NULL,"1.0",NULL,NULL,NULL,NULL,NULL,NULL,NULL,NULL,NULL,NULL,NULL,NULL,NULL,NULL,NULL,NULL,"Y","REAR-LEFT",NULL,NULL,NULL,NULL,NULL,NULL,NULL,NULL,NULL,NULL,NULL,NULL,NULL,NULL,NULL,NULL,NULL,NULL,NULL,NULL,NULL,NULL,NULL,NULL,NULL,NULL,NULL,NULL,NULL,NULL,NULL,NULL,NULL
"865544","539636de8d641f1aff4ea1eb63bc8946b2fa7f3997b89e78a45379a91f0be1fa61773a4e6a9d4ef7524f5416d7157a7e7948e5fd60ff7a06c26682ec94ab6c56","JD193101","03/23/2020 07:40:00 AM","2","DRIVER",NULL,"821365.0",NULL,"INFINITI","QX80","IL","2016.0","NONE","PASSENGER","PERSONAL","N","STRAIGHT AHEAD",NULL,NULL,"1.0",NULL,NULL,NULL,NULL,NULL,NULL,NULL,NULL,NULL,NULL,"Y",NULL,NULL,NULL,NULL,NULL,NULL,"SIDE-LEFT",NULL,NULL,NULL,NULL,NULL,NULL,NULL,NULL,NULL,NULL,NULL,NULL,NULL,NULL,NULL,NULL,NULL,NULL,NULL,NULL,NULL,NULL,NULL,NULL,NULL,NULL,NULL,NULL,NULL,NULL,NULL,NULL,NULL
"865589","fe83b1c861f3d3f370592aa84286cd4376226960447864a7402da74583e812e1b639e1539b162ad51f7ee2d830492c40af05d85b5fb7f16689f79cce489e274c","JD193203","03/04/2020 11:30:00 AM","1","DRIVER",NULL,"821412.0",NULL,"NISSAN","ROGUE","IL","2016.0","UNKNOWN","SPORT UTILITY VEHICLE (SUV)","UNKNOWN/NA","E","STRAIGHT AHEAD",NULL,NULL,"1.0",NULL,NULL,NULL,NULL,NULL,NULL,NULL,NULL,NULL,NULL,NULL,NULL,NULL,NULL,NULL,NULL,"Y","UNKNOWN",NULL,NULL,NULL,NULL,NULL,NULL,NULL,NULL,NULL,NULL,NULL,NULL,NULL,NULL,NULL,NULL,NULL,NULL,NULL,NULL,NULL,NULL,NULL,NULL,NULL,NULL,NULL,NULL,NULL,NULL,NULL,NULL,NULL
"865816","15a055f6492db52b476d268489407bd2eb0c7ee0842f4b0215f16ec73ee3ab163aa2f6f6c0a701775d0740432b552945192973e2df6fa87e077fec8802b040e8","JD193161","03/23/2020 09:50:00 AM","1","DRIVER","1.0","821619.0",NULL,"NISSAN","VERSA","IL","2009.0","NONE","PASSENGER","PERSONAL","S","STRAIGHT AHEAD","Y",NULL,"2.0",NULL,"city of Chicago","850 N. Inner lake shore drive",NULL,NULL,NULL,NULL,NULL,NULL,"Y",NULL,NULL,NULL,NULL,NULL,"Y",NULL,"OTHER",NULL,NULL,NULL,NULL,NULL,NULL,NULL,NULL,NULL,NULL,NULL,NULL,NULL,NULL,NULL,NULL,NULL,NULL,NULL,NULL,NULL,NULL,NULL,NULL,NULL,NULL,NULL,NULL,NULL,NULL,NULL,NULL,NULL
"866004","e0ab8b494db95aef2ac22055a5b13fc63bdb243771ea0c97c719acaffa9d3bb2b419d5bf7461ff872e759c273b2c93766173e89a0156062e18b1eac397e7fa6e","JD194378","03/24/2020 11:00:00 PM","1","DRIVER",NULL,"821803.0",NULL,"HYUNDAI","ELANTRA","IL","2013.0","NONE","PASSENGER","PERSONAL","E","TURNING RIGHT",NULL,NULL,"1.0",NULL,NULL,NULL,NULL,NULL,NULL,NULL,NULL,NULL,NULL,"Y",NULL,NULL,NULL,NULL,NULL,NULL,"SIDE-LEFT",NULL,NULL,NULL,NULL,NULL,NULL,NULL,NULL,NULL,NULL,NULL,NULL,NULL,NULL,NULL,NULL,NULL,NULL,NULL,NULL,NULL,NULL,NULL,NULL,NULL,NULL,NULL,NULL,NULL,NULL,NULL,NULL,NULL
"866339","45a72310dd8c7ba9a7aed45eabacb0ce58e93971222caabaf5bc7baede335ab20217cc4d58e8925978d8049f362def3aa0ec6ebb17379f00af5961291700a9ca","JD195279","03/26/2020 08:30:00 AM","1","DRIVER",NULL,"822109.0",NULL,"FORD","F450","IL","2015.0","OTHER","TRUCK - SINGLE UNIT","CONSTRUCTION/MAINTENANCE","S","STRAIGHT AHEAD",NULL,NULL,"1.0",NULL,NULL,NULL,"N",NULL,NULL,NULL,NULL,NULL,"Y",NULL,NULL,NULL,NULL,NULL,NULL,NULL,"REAR-LEFT",NULL,NULL,NULL,NULL,NULL,NULL,NULL,NULL,NULL,NULL,NULL,NULL,NULL,NULL,NULL,NULL,NULL,NULL,NULL,NULL,NULL,NULL,NULL,NULL,NULL,NULL,NULL,NULL,NULL,NULL,NULL,NULL,NULL
"866699","f9aef866a6c155c9570f62b5973bcfec128bc593c710bfdca7dad68b5556327d1c56d3879cf92ea30b51d64cdfbfeead9ea401152d0681abc88afe93e18f7431","JD196165","03/25/2020 11:20:00 AM","2","DRIVER",NULL,"822433.0",NULL,"CHEVROLET","TRAVERSE","IL","2017.0","NONE","PASSENGER","PERSONAL","S","STRAIGHT AHEAD",NULL,NULL,"1.0",NULL,NULL,NULL,NULL,"Y","Y",NULL,NULL,NULL,NULL,NULL,NULL,NULL,NULL,NULL,NULL,NULL,"FRONT-RIGHT",NULL,NULL,NULL,NULL,NULL,NULL,NULL,NULL,NULL,NULL,NULL,NULL,NULL,NULL,NULL,NULL,NULL,NULL,NULL,NULL,NULL,NULL,NULL,NULL,NULL,NULL,NULL,NULL,NULL,NULL,NULL,NULL,NULL
"866931","345e176218c7ca4b56bc8276eb1d85a8074b686d13a603a96395fec73905666280fed70b43e7a6d94bef35ceddb48cf6e0f5a0fa9c4704f8d9202964f2c372f0","JD196691","03/28/2020 09:45:00 AM","2","DRIVER",NULL,"822641.0",NULL,"CADILLAC","SRX","IL","2013.0","NONE","SPORT UTILITY VEHICLE (SUV)","PERSONAL","E","SLOW/STOP IN TRAFFIC",NULL,NULL,"1.0",NULL,NULL,NULL,NULL,NULL,NULL,NULL,NULL,NULL,"Y",NULL,NULL,NULL,NULL,NULL,NULL,NULL,"REAR-LEFT",NULL,NULL,NULL,NULL,NULL,NULL,NULL,NULL,NULL,NULL,NULL,NULL,NULL,NULL,NULL,NULL,NULL,NULL,NULL,NULL,NULL,NULL,NULL,NULL,NULL,NULL,NULL,NULL,NULL,NULL,NULL,NULL,NULL
"867371","1367efff8c82cb6491ee00053bde941ff62928699b0a1eb1cc82f6e1534134a364902d68c1cbf5624103a574fac627e15d07e5d5e22e3442911ed845cb32d243","JD198058","03/30/2020 07:40:00 AM","3","PARKED",NULL,"823072.0",NULL,"DODGE","CHARGER","WI","2013.0","NONE","PASSENGER","NOT IN USE","N","PARKED",NULL,NULL,"0.0",NULL,NULL,NULL,NULL,NULL,NULL,NULL,NULL,"Y",NULL,NULL,NULL,NULL,NULL,NULL,NULL,NULL,"REAR-RIGHT",NULL,NULL,NULL,NULL,NULL,NULL,NULL,NULL,NULL,NULL,NULL,NULL,NULL,NULL,NULL,NULL,NULL,NULL,NULL,NULL,NULL,NULL,NULL,NULL,NULL,NULL,NULL,NULL,NULL,NULL,NULL,NULL,NULL