"CRASH_UNIT_ID","CRASH_RECORD_ID","RD_NO","CRASH_DATE","UNIT_NO","UNIT_TYPE","NUM_PASSENGERS","VEHICLE_ID","CMRC_VEH_I","MAKE","MODEL","LIC_PLATE_STATE","VEHICLE_YEAR","VEHICLE_DEFECT","VEHICLE_TYPE","VEHICLE_USE","TRAVEL_DIRECTION","MANEUVER","TOWED_I","FIRE_I","OCCUPANT_CNT","EXCEED_SPEED_LIMIT_I","TOWED_BY","TOWED_TO","AREA_00_I","AREA_01_I","AREA_02_I","AREA_03_I","AREA_04_I","AREA_05_I","AREA_06_I","AREA_07_I","AREA_08_I","AREA_09_I","AREA_10_I","AREA_11_I","AREA_12_I","AREA_99_I","FIRST_CONTACT_POINT","CMV_ID","USDOT_NO","CCMC_NO","ILCC_NO","COMMERCIAL_SRC","GVWR","CARRIER_NAME","CARRIER_STATE","CARRIER_CITY","HAZMAT_PLACARDS_I","HAZMAT_NAME","UN_NO","HAZMAT_PRESENT_I","HAZMAT_REPORT_I","HAZMAT_REPORT_NO","MCS_REPORT_I","MCS_REPORT_NO","HAZMAT_VIO_CAUSE_CRASH_I","MCS_VIO_CAUSE_CRASH_I","IDOT_PERMIT_NO","WIDE_LOAD_I","TRAILER1_WIDTH","TRAILER2_WIDTH","TRAILER1_LENGTH","TRAILER2_LENGTH","TOTAL_VEHICLE_LENGTH","AXLE_CNT","VEHICLE_CONFIG","CARGO_BODY_TYPE","LOAD_TYPE","HAZMAT_OUT_OF_SERVICE_I","MCS_OUT_OF_SERVICE_I","HAZMAT_CLASS"
"867731","21a63404686aea46c0a6f71cc457c2cafff17a4c7353e0d0c1fed6d3a3d48479d04ef75a8abca45d74578739df8ff5d575c3204747ee62536bed57d63dd501dd","JD198954","03/31/2020 12:18:00 AM","2","DRIVER",NULL,"823388.0",NULL,"JEEP","CHEROKEE","IL","2016.0","UNKNOWN","SPORT UTILITY VEHICLE (SUV)","PERSONAL","W","SLOW/STOP IN TRAFFIC",NULL,NULL,"1.0",NULL,NULL,NULL,NULL,NULL,NULL,NULL,NULL,NULL,NULL,NULL,NULL,"Y",NULL,NULL,NULL,NULL,"ROOF",NULL,NULL,NULL,NULL,NULL,NULL,NULL,NULL,NULL,NULL,NULL,NULL,NULL,NULL,NULL,NULL,NULL,NULL,NULL,NULL,NULL,NULL,NULL,NULL,NULL,NULL,NULL,NULL,NULL,NULL,NULL,NULL,NULL
"868254","49771037d12ccd5fa40aa94539d5ba7ae51c3fde217bf838042c4d3bf92842ed14933ba9595d053c9d0f40649c4277fd62e4b5abe2870f39043ca1d31b854555","JD200110","04/02/2020 04:00:00 AM","1","DRIVER",NULL,"823882.0",NULL,"CHEVROLET","MALIBU","IL","2015.0","NONE","PASSENGER","PERSONAL","N","OTHER","Y",NULL,"1.0",NULL,"STREETS & SANITATION","300 E LOWER WACKER",NULL,"Y",NULL,"Y","Y",NULL,NULL,NULL,NULL,NULL,NULL,NULL,NULL,NULL,"FRONT-RIGHT",NULL,NULL,NULL,NULL,NULL,NULL,NULL,NULL,NULL,NULL,NULL,NULL,NULL,NULL,NULL,NULL,NULL,NULL,NULL,NULL,NULL,NULL,NULL,NULL,NULL,NULL,NULL,NULL,NULL,NULL,NULL,NULL,NULL
"869258","4713ad33d4651ece5d5f5293b52f3c494a44a6fd4d4f4bff2cf43ba0a6cee6c8b7a33ce90cf7b4aca0c428d8418b609495e2277efd39e688d6c07ecfe9b2b49b","JD202276","04/04/2020 10:59:00 PM","2","DRIVER","4.0","824747.0",NULL,"CHEVROLET","MALIBU","IL","2008.0","UNKNOWN","PASSENGER","PERSONAL","W","STRAIGHT AHEAD","Y",NULL,"5.0",NULL,"streets and sanitation","500 e lower wacker dr",NULL,"Y","Y",NULL,NULL,NULL,NULL,NULL,NULL,NULL,"Y","Y","Y",NULL,"OTHER",NULL,NULL,NULL,NULL,NULL,NULL,NULL,NULL,NULL,NULL,NULL,NULL,NULL,NULL,NULL,NULL,NULL,NULL,NULL,NULL,NULL,NULL,NULL,NULL,NULL,NULL,NULL,NULL,NULL,NULL,NULL,NULL,NULL
"869300","d66bb96bda26acc25813bb8783bc3334e62ba27162649627f43a13a585f7b036011424d9db63dc1b2e69b049fbfe27cb267c2d575ec10724ab2659b02cb6c5ca","JD202378","04/05/2020 03:40:00 AM","2","PARKED",NULL,"824786.0",NULL,"CHEVROLET","OTHER (EXPLAIN IN NARRATIVE)","IL","2010.0","NONE","SPORT UTILITY VEHICLE (SUV)","NOT IN USE","E","PARKED",NULL,NULL,"0.0",NULL,NULL,NULL,NULL,NULL,NULL,NULL,NULL,NULL,NULL,"Y",NULL,NULL,NULL,NULL,NULL,NULL,"SIDE-LEFT",NULL,NULL,NULL,NULL,NULL,NULL,NULL,NULL,NULL,NULL,NULL,NULL,NULL,NULL,NULL,NULL,NULL,NULL,NULL,NULL,NULL,NULL,NULL,NULL,NULL,NULL,NULL,NULL,NULL,NULL,NULL,NULL,NULL
"869403","058790182c8650ccab3abf5f1682d1216860214748cf86c6d7ddd0c97182a662e13085bb072be67ff804155c42bfa1edd0dbda730e3a7131879041fcadfed80c","JD202577","04/05/2020 01:30:00 PM","1","DRIVER",NULL,"824881.0",NULL,"CHEVROLET","IMPALA","IL","2010.0","UNKNOWN","PASSENGER","PERSONAL","NW","TURNING LEFT","Y",NULL,"1.0",NULL,"Private","Unknown",NULL,NULL,NULL,NULL,NULL,NULL,NULL,NULL,NULL,NULL,NULL,"Y","Y",NULL,"TOTAL (ALL AREAS)",NULL,NULL,NULL,NULL,NULL,NULL,NULL,NULL,NULL,NULL,NULL,NULL,NULL,NULL,NULL,NULL,NULL,NULL,NULL,NULL,NULL,NULL,NULL,NULL,NULL,NULL,NULL,NULL,NULL,NULL,NULL,NULL,NULL
"869549","1699d28988a60cd93dfaaaf3067b09c36377485e519f5db9c47a5c0c4cff1dd7493823df1752e41287b865e2df94f82446adae7c9fd99957b8c7e16bbbf978a7","JD202987","04/06/2020 06:15:00 AM","2","DRIVER",NULL,"825017.0",NULL,"CHEVROLET","SILVERADO","IL","2011.0","UNKNOWN","PICKUP","PERSONAL","N","SLOW/STOP IN TRAFFIC","Y",NULL,"1.0",NULL,"private",NULL,NULL,NULL,NULL,"Y","Y","Y","Y","Y","Y","Y",NULL,NULL,NULL,NULL,"REAR-LEFT",NULL,NULL,NULL,NULL,NULL,NULL,NULL,NULL,NULL,NULL,NULL,NULL,NULL,NULL,NULL,NULL,NULL,NULL,NULL,NULL,NULL,NULL,NULL,NULL,NULL,NULL,NULL,NULL,NULL,NULL,NULL,NULL,NULL
"869728","adb17166678e26fe1fc7901a56feb6f4d45661bab9fef662f7829d4040c7d4bd4d57e8eb8009c595d6d69241ed81c5e6fe54c13f35a34f9263ee479fa07cc527","JD203418","02/22/2020 12:35:00 PM","2","DRIVER",NULL,"825188.0",NULL,"ACURA","TLX","IL","2008.0","UNKNOWN","UNKNOWN/NA","UNKNOWN/NA","W","TURNING LEFT",NULL,NULL,"1.0",NULL,NULL,NULL,NULL,NULL,NULL,NULL,NULL,NULL,NULL,"Y","Y","Y",NULL,NULL,NULL,NULL,"FRONT-LEFT",NULL,NULL,NULL,NULL,NULL,NULL,NULL,NULL,NULL,NULL,NULL,NULL,NULL,NULL,NULL,NULL,NULL,NULL,NULL,NULL,NULL,NULL,NULL,NULL,NULL,NULL,NULL,NULL,NULL,NULL,NULL,NULL,NULL
"869808","252d2c1190b663e930fa4b7565448df4458249724348225eda474d28bae757f410e6264a11a0689a5e21f6151d1effae7e231bb328782d6c35194f5bd547e378","JD203567","04/06/2020 09:03:00 PM","2","DRIVER",NULL,"825259.0",NULL,"MERCEDES-BENZ","CLA","IL","2017.0","UNKNOWN","PASSENGER","PERSONAL","W","TURNING LEFT",NULL,NULL,"1.0",NULL,NULL,NULL,NULL,NULL,NULL,NULL,NULL,NULL,NULL,NULL,NULL,"Y","Y",NULL,NULL,NULL,"UNDER CARRIAGE",NULL,NULL,NULL,NULL,NULL,NULL,NULL,NULL,NULL,NULL,NULL,NULL,NULL,NULL,NULL,NULL,NULL,NULL,NULL,NULL,NULL,NULL,NULL,NULL,NULL,NULL,NULL,NULL,NULL,NULL,NULL,NULL,NULL
"869990","fc2e0f672e47a3a4f0b954efbbf7f5ff53acabc3533ddec54803f10c049579e355a03ba345b1de551b9bb4237456397dbe0aee21924d9154cd41740bd35ddf0b","JD204062","04/07/2020 03:17:00 PM","1","DRIVER",NULL,"825419.0",NULL,"BMW","X3","IL","2019.0","UNKNOWN","PASSENGER","PERSONAL","N","STRAIGHT AHEAD","Y",NULL,"1.0",NULL,"city of chicago","130  s doty",NULL,"Y",NULL,NULL,NULL,NULL,NULL,NULL,NULL,NULL,NULL,NULL,NULL,NULL,"FRONT",NULL,NULL,NULL,NULL,NULL,NULL,NULL,NULL,NULL,NULL,NULL,NULL,NULL,NULL,NULL,NULL,NULL,NULL,NULL,NULL,NULL,NULL,NULL,NULL,NULL,NULL,NULL,NULL,NULL,NULL,NULL,NULL,NULL
"870148","d31e6572dac5a7c3fc2c2b31af8b559cb343ecfbd518a40f51d52611a4850da17bc04c1be7fcdc99f946a52084b93fade8b0677d8eaf062cd1399e899bfab2ad","JD204414","04/08/2020 12:35:00 AM","2","DRIVER","1.0","825549.0",NULL,"HYUNDAI","TUCSON","IL","2020.0","UNKNOWN","PASSENGER","PERSONAL","N","STRAIGHT AHEAD","Y",NULL,"2.0",NULL,"get it towing inc",NULL,NULL,"Y","Y",NULL,NULL,NULL,NULL,NULL,NULL,NULL,"Y","Y","Y",NULL,"OTHER",NULL,NULL,NULL,NULL,NULL,NULL,NULL,NULL,NULL,NULL,NULL,NULL,NULL,NULL,NULL,NULL,NULL,NULL,NULL,NULL,NULL,NULL,NULL,NULL,NULL,NULL,NULL,NULL,NULL,NULL,NULL,NULL,NULL
"870252","37495af80ab22d1a9fa6ad86787493e12c2f196975a570363e118cf7ff74532c42d7b2a3e715a664346c6036f8203b1cc75eeb600a2b310464f47973dd0e9ecb","JD204820","04/08/2020 02:49:00 PM","1","DRIVER",NULL,"825648.0",NULL,"NISSAN","ROGUE","IL","2012.0","NONE","PASSENGER","PERSONAL","N","STRAIGHT AHEAD","Y",NULL,"1.0",NULL,NULL,NULL,NULL,"Y","Y",NULL,NULL,NULL,NULL,NULL,NULL,NULL,NULL,NULL,NULL,NULL,"FRONT",NULL,NULL,NULL,NULL,NULL,NULL,NULL,NULL,NULL,NULL,NULL,NULL,NULL,NULL,NULL,NULL,NULL,NULL,NULL,NULL,NULL,NULL,NULL,NULL,NULL,NULL,NULL,NULL,NULL,NULL,NULL,NULL,NULL
"870302","692a8314ca95cb9a8afd642b949174c10ee7cf484a12670fe1d9097961dbaeace5da6bdf7ed8fcdc1a147a164c1d4ca1e26019d6a8174e29954e53967763c582","JD204925","04/08/2020 04:58:00 PM","2","PARKED",NULL,"825700.0",NULL,"CHEVROLET","MALIBU","IL","2011.0","UNKNOWN","PASSENGER","NOT IN USE","UNKNOWN","PARKED",NULL,NULL,"0.0",NULL,NULL,NULL,NULL,NULL,NULL,NULL,NULL,NULL,NULL,NULL,NULL,NULL,"Y","Y",NULL,NULL,"UNDER CARRIAGE",NULL,NULL,NULL,NULL,NULL,NULL,NULL,NULL,NULL,NULL,NULL,NULL,NULL,NULL,NULL,NULL,NULL,NULL,NULL,NULL,NULL,NULL,NULL,NULL,NULL,NULL,NULL,NULL,NULL,NULL,NULL,NULL,NULL
"870542","f8f154c6d15046724869f7bde24a59ad8e9c7c2982566430cb224afad13a8668b63e7d772188927bfb4d3dcfb9f359e101b79d28bd93ef9de363963cbae90eb4","JD205586","04/08/2020 04:00:00 PM","1","DRIVER",NULL,"825914.0",NULL,"FORD","FUSION","IL","2018.0","UNKNOWN","PASSENGER","UNKNOWN/NA","S","MERGING",NULL,NULL,"1.0",NULL,NULL,NULL,NULL,NULL,NULL,NULL,NULL,NULL,NULL,NULL,NULL,NULL,NULL,NULL,NULL,"Y","UNKNOWN",NULL,NULL,NULL,NULL,NULL,NULL,NULL,NULL,NULL,NULL,NULL,NULL,NULL,NULL,NULL,NULL,NULL,NULL,NULL,NULL,NULL,NULL,NULL,NULL,NULL,NULL,NULL,NULL,NULL,NULL,NULL,NULL,NULL
"870834","85c784fbdfdc188bc3033d0e522e9ea75550e437a190cbfc8c4888b2e26a8711edfb2f75bed3a89e41d5928f41880fbfae527fb23ab8cd1be70512e388546461","JD206202","04/10/2020 01:30:00 PM","2","DRIVER",NULL,"826169.0",NULL,"FORD","OTHER (EXPLAIN IN NARRATIVE)","AZ","2011.0","NONE","TRUCK - SINGLE UNIT","OTHER","S","SLOW/STOP IN TRAFFIC",NULL,NULL,"1.0",NULL,NULL,NULL,NULL,NULL,"Y",NULL,NULL,NULL,NULL,NULL,NULL,NULL,NULL,NULL,NULL,NULL,"SIDE-RIGHT",NULL,NULL,NULL,NULL,NULL,NULL,NULL,NULL,NULL,NULL,NULL,NULL,NULL,NULL,NULL,NULL,NULL,NULL,NULL,NULL,NULL,NULL,NULL,NULL,NULL,NULL,NULL,NULL,NULL,NULL,NULL,NULL,NULL
"871123","75da8f232ef045530895db6a13ae8bb0c48885466f4abfa5dfc4a6d0bb55eeeca8427c206185e1983d39d2f024b2034bb4c537d41adc25be23fb3569187f9429","JD206842","04/11/2020 11:59:00 AM","2","DRIVER",NULL,"826452.0",NULL,"FORD","MUSTANG","IL","2019.0","NONE","PASSENGER","PERSONAL","W","STRAIGHT AHEAD","Y",NULL,"1.0",NULL,"zack's towing","7915 s vernon",NULL,"Y",NULL,NULL,NULL,NULL,NULL,NULL,NULL,NULL,NULL,NULL,"Y",NULL,"FRONT",NULL,NULL,NULL,NULL,NULL,NULL,NULL,NULL,NULL,NULL,NULL,NULL,NULL,NULL,NULL,NULL,NULL,NULL,NULL,NULL,NULL,NULL,NULL,NULL,NULL,NULL,NULL,NULL,NULL,NULL,NULL,NULL,NULL
"871261","2e31ee81355c3f6266aab9c3fb9b8bdf1d2514469f6dcb1cffdbd65792a8c60518c6560e49e1b78dcb82bd1ad7813ebf9af55d9dc1c93b0c8cd789b8ebdeb48c","JD207289","04/12/2020 12:05:00 AM","2","DRIVER",NULL,"826587.0",NULL,"HONDA","ACCORD","IL","2016.0","NONE","PASSENGER","PERSONAL","W","STRAIGHT AHEAD",NULL,NULL,"1.0",NULL,NULL,NULL,NULL,"Y",NULL,NULL,NULL,NULL,NULL,NULL,NULL,NULL,NULL,NULL,NULL,NULL,"FRONT",NULL,NULL,NULL,NULL,NULL,NULL,NULL,NULL,NULL,NULL,NULL,NULL,NULL,NULL,NULL,NULL,NULL,NULL,NULL,NULL,NULL,NULL,NULL,NULL,NULL,NULL,NULL,NULL,NULL,NULL,NULL,NULL,NULL
"871611","a4d4336c3a9f30f7b2fcb78646d4b4a7ddad384f837e7dd1dd1e6cd98ec54ed2f8ff19ba23766e325ef9830699e7789e78b685ee5496c8e64bb76b57069ce545","JD208084","04/13/2020 11:50:00 AM","1","DRIVER",NULL,"826925.0","Y","FREIGHTLINER CORPORATION","FREIGHTLINER CORP.","OK","2019.0","NONE","TRACTOR W/ SEMI-TRAILER","COMMERCIAL - SINGLE UNIT","N","BACKING",NULL,NULL,"1.0",NULL,NULL,NULL,"Y",NULL,NULL,NULL,NULL,NULL,NULL,NULL,NULL,NULL,NULL,NULL,NULL,NULL,"REAR-LEFT","9836.0","963300",NULL,NULL,"SIDE OF TRUCK","3.0","D7M CARRIERS/FREYMILLER","OK","OKLAHOMA CITY",NULL,NULL,NULL,"N","N",NULL,"N",NULL,"N","N",NULL,NULL,"97-102",NULL,"53.0",NULL,"65.0",NULL,"TRACTOR/SEMI-TRAILER","VAN/ENCLOSED BOX","UNKNOWN","N","N",NULL
"871743","33816f009d14aa4a762c74351db81279b52413dae4e8f8c23b95dbc6e0bf46cacac69e542f9e47dd22188a663780cd4d53fcf71c5004b08f3ae092d6fc3d9511","JD208228","04/13/2020 03:50:00 PM","1","DRIVER","1.0","827045.0",NULL,"VOLKSWAGEN","JETTA","IL","2012.0","NONE","PASSENGER","PERSONAL","N","STRAIGHT AHEAD","N",NULL,"2.0",NULL,NULL,NULL,NULL,NULL,NULL,NULL,NULL,NULL,NULL,NULL,NULL,NULL,NULL,"Y",NULL,NULL,"TOTAL (ALL AREAS)",NULL,NULL,NULL,NULL,NULL,NULL,NULL,NULL,NULL,NULL,NULL,NULL,NULL,NULL,NULL,NULL,NULL,NULL,NULL,NULL,NULL,NULL,NULL,NULL,NULL,NULL,NULL,NULL,NULL,NULL,NULL,NULL,NULL
"871868","66053b306bf4ab532dfc965ea7d1befac062965024950583de32b75a3ff947c3cf51b6f933b0ca56a27a82fde56fca7bb55a62fa5c6a1fdee9a4fabfbd4bb4ec","JD208570","04/14/2020 12:41:00 AM","2","DRIVER","1.0","827158.0",NULL,"CHEVROLET","CAVALIER","IL","2010.0","NONE","PASSENGER","PERSONAL","S","STRAIGHT AHEAD","Y",NULL,"2.0",NULL,NULL,NULL,NULL,NULL,NULL,"Y","Y","Y",NULL,"N","N",NULL,"Y","Y",NULL,NULL,"TOTAL (ALL AREAS)",NULL,NULL,NULL,NULL,NULL,NULL,NULL,NULL,NULL,NULL,NULL,NULL,NULL,NULL,NULL,NULL,NULL,NULL,NULL,NULL,NULL,NULL,NULL,NULL,NULL,NULL,NULL,NULL,NULL,NULL,NULL,NULL,NULL
"872616","f5d88e1ee150636d3b8a8277b4ca06af75f14399b92fb46f02bb368cb1f1b1b7b79aec2b230ed8a5ad69de14b002ed1647cda797164307b99b102588abc306c8","JD210266","04/16/2020 01:30:00 PM","2","DRIVER",NULL,"827901.0",NULL,"HONDA","FIT","IL","2019.0","UNKNOWN","PASSENGER","PERSONAL","S","SLOW/STOP IN TRAFFIC",NULL,NULL,"1.0",NULL,NULL,NULL,NULL,NULL,NULL,NULL,NULL,NULL,"Y",NULL,NULL,NULL,NULL,NULL,NULL,NULL,"REAR-LEFT",NULL,NULL,NULL,NULL,NULL,NULL,NULL,NULL,NULL,NULL,NULL,NULL,NULL,NULL,NULL,NULL,NULL,NULL,NULL,NULL,NULL,NULL,NULL,NULL,NULL,NULL,NULL,NULL,NULL,NULL,NULL,NULL,NULL
"872643","713f266e69bdb8e0db38a5bffe2adb49fcda63b93347697cc745cbcb40c228a143750eb85562db5ea8a7694bb865e6c25d9b27c23e48ef8cbe5d3d635ef396da","JD210326","04/16/2020 03:15:00 PM","1","DRIVER","1.0","827924.0",NULL,"CHEVROLET","MALIBU","IL","2011.0","NONE","PASSENGER","PERSONAL","E","STRAIGHT AHEAD",NULL,NULL,"2.0",NULL,NULL,NULL,NULL,"Y",NULL,NULL,NULL,NULL,NULL,NULL,NULL,NULL,NULL,"Y","Y",NULL,"OTHER",NULL,NULL,NULL,NULL,NULL,NULL,NULL,NULL,NULL,NULL,NULL,NULL,NULL,NULL,NULL,NULL,NULL,NULL,NULL,NULL,NULL,NULL,NULL,NULL,NULL,NULL,NULL,NULL,NULL,NULL,NULL,NULL,NULL
"872666","123faf5e72a6d8e017efb3e59a250a338b4d5026e78ca263976d89cd9e53d778e960b8c201d815fe0a34cadc8f7d9cc9514a9273e2cd1401ccd578da55eb7c35","JD210355","04/16/2020 03:15:00 PM","2","DRIVER","1.0","827951.0",NULL,"VOLKSWAGEN","TIGUAN","IL","2019.0","UNKNOWN","SPORT UTILITY VEHICLE (SUV)","PERSONAL","S","ENTERING TRAFFIC LANE FROM PARKING",NULL,NULL,"2.0",NULL,NULL,NULL,NULL,"Y",NULL,NULL,NULL,NULL,NULL,NULL,NULL,NULL,NULL,NULL,NULL,NULL,"FRONT",NULL,NULL,NULL,NULL,NULL,NULL,NULL,NULL,NULL,NULL,NULL,NULL,NULL,NULL,NULL,NULL,NULL,NULL,NULL,NULL,NULL,NULL,NULL,NULL,NULL,NULL,NULL,NULL,NULL,NULL,NULL,NULL,NULL
"873388","e0dbd0d19fe7773727d546b4152e973898bf578784a8054544d3e385106981fcfa1aede854d3fc4143b1a6af2ffdc2df9aca5ce3d052d45a9dc3b0be08fdb944","JD211850","04/18/2020 05:00:00 PM","1","DRIVER",NULL,"828608.0",NULL,"CHEVROLET","OTHER (EXPLAIN IN NARRATIVE)","IL","2008.0","UNKNOWN","PASSENGER","PERSONAL","W","STRAIGHT AHEAD",NULL,NULL,"1.0",NULL,NULL,NULL,NULL,NULL,NULL,NULL,NULL,NULL,NULL,NULL,NULL,NULL,NULL,NULL,NULL,"Y","UNKNOWN",NULL,NULL,NULL,NULL,NULL,NULL,NULL,NULL,NULL,NULL,NULL,NULL,NULL,NULL,NULL,NULL,NULL,NULL,NULL,NULL,NULL,NULL,NULL,NULL,NULL,NULL,NULL,NULL,NULL,NULL,NULL,NULL,NULL
"873554","74c528c4e3ce51d641e5a10463530a9129b47045a1f3c075003babd02db40cf7d96d17478282ae67d0894428f0266c4580c10add83afa1b929a19f2ba49e8dad","JD212199","04/18/2020 08:00:00 PM","2","DRIVER",NULL,"828769.0",NULL,"CHEVROLET","IMPALA","IL","2019.0","NONE","PASSENGER","PERSONAL","W","STRAIGHT AHEAD",NULL,NULL,"1.0",NULL,NULL,NULL,NULL,"Y",NULL,"Y",NULL,NULL,NULL,NULL,NULL,NULL,NULL,NULL,NULL,NULL,"SIDE-RIGHT",NULL,NULL,NULL,NULL,NULL,NULL,NULL,NULL,NULL,NULL,NULL,NULL,NULL,NULL,NULL,NULL,NULL,NULL,NULL,NULL,NULL,NULL,NULL,NULL,NULL,NULL,NULL,NULL,NULL,NULL,NULL,NULL,NULL
"874156","b2295be5d79c0c56db2145f23620bdb0809ade41ebe2166958bf51a5229be0a1cacca43208bb757492add9d16666e1c0305c2ec8a4afcbd2bf9f4c46e3be8dc0","JD213533","04/21/2020 02:02:00 AM","3","PARKED",NULL,"829350.0",NULL,"CHEVROLET","MALIBU","IL","2018.0","NONE","PASSENGER","PERSONAL","S","PARKED",NULL,NULL,"0.0",NULL,NULL,NULL,NULL,NULL,NULL,NULL,NULL,NULL,NULL,"Y","Y","Y","Y","Y",NULL,NULL,"FRONT-LEFT",NULL,NULL,NULL,NULL,NULL,NULL,NULL,NULL,NULL,NULL,NULL,NULL,NULL,NULL,NULL,NULL,NULL,NULL,NULL,NULL,NULL,NULL,NULL,NULL,NULL,NULL,NULL,NULL,NULL,NULL,NULL,NULL,NULL
"874189","bd6f53ff0b57b8ef0f23867a4e20109f06398651d97a5302b9a3eda0e16cd13c319de3a414b6081adc244044c7916394eaa6e398246867f9f1e6457163b346c5","JD213651","04/21/2020 09:30:00 AM","2","DRIVER",NULL,"829377.0",NULL,"MITSUBISHI","OUTLANDER","IL","2016.0","NONE","PASSENGER","PERSONAL","E","SLOW/STOP IN TRAFFIC",NULL,NULL,"1.0",NULL,NULL,NULL,NULL,NULL,NULL,NULL,NULL,NULL,"Y",NULL,NULL,NULL,NULL,NULL,NULL,NULL,"REAR-LEFT",NULL,NULL,NULL,NULL,NULL,NULL,NULL,NULL,NULL,NULL,NULL,NULL,NULL,NULL,NULL,NULL,NULL,NULL,NULL,NULL,NULL,NULL,NULL,NULL,NULL,NULL,NULL,NULL,NULL,NULL,NULL,NULL,NULL
"874222","4696efe78c87bb6549619fcc4d75a999dc9d133481e43be7a7531aec5434ad89c20775bb651d8273071521f333ef83d6576de3f6e6a31c9542f9de2f8847500c","JD213743","04/18/2020 09:20:00 PM","2","DRIVER",NULL,"829410.0",NULL,"TOYOTA","COROLLA","IL","2013.0","UNKNOWN","PASSENGER","UNKNOWN/NA","N","SLOW/STOP IN TRAFFIC",NULL,NULL,"1.0",NULL,NULL,NULL,NULL,NULL,NULL,NULL,NULL,"Y","Y","Y",NULL,NULL,NULL,NULL,NULL,NULL,"REAR-LEFT",NULL,NULL,NULL,NULL,NULL,NULL,NULL,NULL,NULL,NULL,NULL,NULL,NULL,NULL,NULL,NULL,NULL,NULL,NULL,NULL,NULL,NULL,NULL,NULL,NULL,NULL,NULL,NULL,NULL,NULL,NULL,NULL,NULL
"874385","53980bd498e4ff854fb4dc0ab5b15891f956627e043bde856217f15652ddd7de9b1169690cfa13dacb5c183c810ea18ea85383d1a76c21879bcd0f3c9251bac7","JD213991","04/21/2020 04:22:00 PM","2","PARKED","1.0","829561.0",NULL,"GENERAL MOTORS CORPORATION (GMC)","ENVOY","IL","2019.0","UNKNOWN","SPORT UTILITY VEHICLE (SUV)","PERSONAL","W","PARKED",NULL,NULL,"1.0",NULL,NULL,NULL,NULL,NULL,NULL,NULL,"Y",NULL,NULL,NULL,NULL,NULL,NULL,NULL,NULL,NULL,"REAR-RIGHT",NULL,NULL,NULL,NULL,NULL,NULL,NULL,NULL,NULL,NULL,NULL,NULL,NULL,NULL,NULL,NULL,NULL,NULL,NULL,NULL,NULL,NULL,NULL,NULL,NULL,NULL,NULL,NULL,NULL,NULL,NULL,NULL,NULL
"874448","8d2107eaf9ebff6f404a18df9459eecf5c1a747d05f36eab5d8ee9c7fec8f89030658e0e906bab20fd1f335a05ff8934b02a0ecbdaa1732bc345bb9f60285452","JD214211","04/13/2020 02:00:00 PM","2","DRIVER",NULL,"829622.0",NULL,"NISSAN","VERSA","IL","2017.0","NONE","PASSENGER","PERSONAL","W","BACKING",NULL,NULL,"1.0",NULL,NULL,NULL,NULL,NULL,NULL,NULL,NULL,NULL,"Y",NULL,NULL,NULL,NULL,NULL,NULL,NULL,"REAR-LEFT",NULL,NULL,NULL,NULL,NULL,NULL,NULL,NULL,NULL,NULL,NULL,NULL,NULL,NULL,NULL,NULL,NULL,NULL,NULL,NULL,NULL,NULL,NULL,NULL,NULL,NULL,NULL,NULL,NULL,NULL,NULL,NULL,NULL
"874537","574d146aeab0346e63a7cb9d82850aee05de22da0b5463d451f2f5f5ac10a80478075d79920472b1bcfea9a6d9b924fa8d3a3c182b71d38ea939f6948f41cc10","JD214500","04/22/2020 12:00:00 PM","2","PARKED",NULL,"829698.0",NULL,"FORD","EXPLORER","IL","2017.0","NONE","SPORT UTILITY VEHICLE (SUV)","POLICE","W","PARKED",NULL,NULL,"0.0",NULL,NULL,NULL,NULL,NULL,NULL,NULL,NULL,"Y","Y","Y",NULL,NULL,NULL,NULL,NULL,NULL,"REAR-LEFT",NULL,NULL,NULL,NULL,NULL,NULL,NULL,NULL,NULL,NULL,NULL,NULL,NULL,NULL,NULL,NULL,NULL,NULL,NULL,NULL,NULL,NULL,NULL,NULL,NULL,NULL,NULL,NULL,NULL,NULL,NULL,NULL,NULL
"874682","398a7fc4f797ee5e3bf891df00026dd5fdc7f74b50cd8c8c86d3c63ed5b6da24f115d297c9c07dd4826be6d1a764c608453e2bb755d224c877638bb10fcd7bcc","JD214742","04/22/2020 05:00:00 PM","2","DRIVER",NULL,"829837.0",NULL,"JEEP","PATRIOT","IL","2014.0","UNKNOWN","SPORT UTILITY VEHICLE (SUV)","PERSONAL","W","STRAIGHT AHEAD",NULL,NULL,"1.0",NULL,NULL,NULL,NULL,"N","N","N",NULL,NULL,NULL,NULL,NULL,NULL,NULL,"Y",NULL,NULL,"TOTAL (ALL AREAS)",NULL,NULL,NULL,NULL,NULL,NULL,NULL,NULL,NULL,NULL,NULL,NULL,NULL,NULL,NULL,NULL,NULL,NULL,NULL,NULL,NULL,NULL,NULL,NULL,NULL,NULL,NULL,NULL,NULL,NULL,NULL,NULL,NULL
"874738","7b78ecdbacb9d8c5d8939310ae471c5743438021ece285bb1225c76170c034f643df84331422a64bf684bc996e3ed7e0e2b311e03e2dcb1ecdd9dd8d0cbb39b9","JD214857","04/22/2020 05:08:00 PM","1","DRIVER",NULL,"829884.0",NULL,"NISSAN","MURANO","IL","2009.0","UNKNOWN","SPORT UTILITY VEHICLE (SUV)","UNKNOWN/NA","NE","TURNING LEFT","N",NULL,"1.0",NULL,NULL,NULL,NULL,"Y",NULL,NULL,NULL,NULL,NULL,NULL,NULL,NULL,NULL,"Y","Y",NULL,"OTHER",NULL,NULL,NULL,NULL,NULL,NULL,NULL,NULL,NULL,NULL,NULL,NULL,NULL,NULL,NULL,NULL,NULL,NULL,NULL,NULL,NULL,NULL,NULL,NULL,NULL,NULL,NULL,NULL,NULL,NULL,NULL,NULL,NULL