"CRASH_UNIT_ID","CRASH_RECORD_ID","RD_NO","CRASH_DATE","UNIT_NO","UNIT_TYPE","NUM_PASSENGERS","VEHICLE_ID","CMRC_VEH_I","MAKE","MODEL","LIC_PLATE_STATE","VEHICLE_YEAR","VEHICLE_DEFECT","VEHICLE_TYPE","VEHICLE_USE","TRAVEL_DIRECTION","MANEUVER","TOWED_I","FIRE_I","OCCUPANT_CNT","EXCEED_SPEED_LIMIT_I","TOWED_BY","TOWED_TO","AREA_00_I","AREA_01_I","AREA_02_I","AREA_03_I","AREA_04_I","AREA_05_I","AREA_06_I","AREA_07_I","AREA_08_I","AREA_09_I","AREA_10_I","AREA_11_I","AREA_12_I","AREA_99_I","FIRST_CONTACT_POINT","CMV_ID","USDOT_NO","CCMC_NO","ILCC_NO","COMMERCIAL_SRC","GVWR","CARRIER_NAME","CARRIER_STATE","CARRIER_CITY","HAZMAT_PLACARDS_I","HAZMAT_NAME","UN_NO","HAZMAT_PRESENT_I","HAZMAT_REPORT_I","HAZMAT_REPORT_NO","MCS_REPORT_I","MCS_REPORT_NO","HAZMAT_VIO_CAUSE_CRASH_I","MCS_VIO_CAUSE_CRASH_I","IDOT_PERMIT_NO","WIDE_LOAD_I","TRAILER1_WIDTH","TRAILER2_WIDTH","TRAILER1_LENGTH","TRAILER2_LENGTH","TOTAL_VEHICLE_LENGTH","AXLE_CNT","VEHICLE_CONFIG","CARGO_BODY_TYPE","LOAD_TYPE","HAZMAT_OUT_OF_SERVICE_I","MCS_OUT_OF_SERVICE_I","HAZMAT_CLASS"
"874782","ea875995fe0d424a4c09e7630932d987e817b3dfe9d8faeb7414ee30ad8b653eadaa461042b007cf128cb6bf5c04c63283fee1b31d4853d12b1de277f93791b1","JD214955","04/22/2020 11:00:00 PM","2","DRIVER","1.0","829930.0",NULL,"TOYOTA","RAV4","IL","2017.0","UNKNOWN","PASSENGER","PERSONAL","W","STRAIGHT AHEAD",NULL,NULL,"2.0",NULL,NULL,NULL,NULL,NULL,NULL,NULL,NULL,NULL,"Y",NULL,NULL,NULL,NULL,NULL,NULL,NULL,"REAR-LEFT",NULL,NULL,NULL,NULL,NULL,NULL,NULL,NULL,NULL,NULL,NULL,NULL,NULL,NULL,NULL,NULL,NULL,NULL,NULL,NULL,NULL,NULL,NULL,NULL,NULL,NULL,NULL,NULL,NULL,NULL,NULL,NULL,NULL
"875184","eebad0f20ee0ed5db09643c9ae6a1976b7cfead7df83a2bce148119f7b4d947c0971f8ac53a16a440db4011ced6e46f81292d37f2fb360e87f77c62a937fd904","JD215965","04/23/2020 11:00:00 AM","2","DRIVER",NULL,"830308.0",NULL,"FORD","F250","IL","2015.0","NONE","PICKUP","PERSONAL","E","STRAIGHT AHEAD",NULL,NULL,"1.0",NULL,NULL,NULL,NULL,NULL,NULL,NULL,NULL,NULL,NULL,NULL,NULL,NULL,"Y",NULL,NULL,NULL,"UNDER CARRIAGE",NULL,NULL,NULL,NULL,NULL,NULL,NULL,NULL,NULL,NULL,NULL,NULL,NULL,NULL,NULL,NULL,NULL,NULL,NULL,NULL,NULL,NULL,NULL,NULL,NULL,NULL,NULL,NULL,NULL,NULL,NULL,NULL,NULL
"875455","3aae5e1f5afe4f5a1599e41ed962eab5d340b77e55e745fc0ce68f54467143860e18542f0481b90a8148f4ccb1e8a9c6d132ffefc3ad38c061c65f674d736f5b","JD216517","04/24/2020 10:37:00 PM","2","DRIVER",NULL,"830572.0",NULL,"NISSAN","ALTIMA","IL","2010.0","NONE","PASSENGER","PERSONAL","W","STRAIGHT AHEAD",NULL,NULL,"1.0",NULL,NULL,NULL,NULL,NULL,NULL,NULL,NULL,NULL,"Y",NULL,NULL,NULL,NULL,NULL,NULL,NULL,"REAR-LEFT",NULL,NULL,NULL,NULL,NULL,NULL,NULL,NULL,NULL,NULL,NULL,NULL,NULL,NULL,NULL,NULL,NULL,NULL,NULL,NULL,NULL,NULL,NULL,NULL,NULL,NULL,NULL,NULL,NULL,NULL,NULL,NULL,NULL
"875533","7562dd615bf272e4a123bb144b6c9d26b0e9a2740652169250b543d7e896602b43b54a5c60e5516606ff8d880de15cc94cae66db5baedd7f81403d95ffab600c","JD216683","04/25/2020 07:46:00 AM","3","PARKED",NULL,"830643.0",NULL,"JEEP","JEEP","IL","2018.0","UNKNOWN","UNKNOWN/NA","UNKNOWN/NA","E","PARKED",NULL,NULL,"0.0",NULL,NULL,NULL,NULL,"Y",NULL,NULL,NULL,NULL,NULL,NULL,NULL,NULL,NULL,NULL,"Y",NULL,"OTHER",NULL,NULL,NULL,NULL,NULL,NULL,NULL,NULL,NULL,NULL,NULL,NULL,NULL,NULL,NULL,NULL,NULL,NULL,NULL,NULL,NULL,NULL,NULL,NULL,NULL,NULL,NULL,NULL,NULL,NULL,NULL,NULL,NULL
"875676","0a7d53c6796056262e0410029e8fbea363812a2baebc0325011ef36e0320b1b95c3d7b40d748cfe1c7915ce466a86a97f731e432cbba074b6d9e2a2847666be6","JD216952","04/25/2020 02:49:00 PM","1","DRIVER",NULL,"830774.0",NULL,"HYUNDAI","SONATA","IL","2012.0","UNKNOWN","PASSENGER","PERSONAL","W","STRAIGHT AHEAD","Y",NULL,"1.0",NULL,"PRIVATE TOW",NULL,NULL,"Y",NULL,NULL,NULL,NULL,NULL,NULL,NULL,NULL,NULL,"Y","Y",NULL,"OTHER",NULL,NULL,NULL,NULL,NULL,NULL,NULL,NULL,NULL,NULL,NULL,NULL,NULL,NULL,NULL,NULL,NULL,NULL,NULL,NULL,NULL,NULL,NULL,NULL,NULL,NULL,NULL,NULL,NULL,NULL,NULL,NULL,NULL
"876235","4cd783ab28adfd1e04e4d79889bfc2d50c416501f383de65d28d3affd660e40d709b854deff8db6bd9c9a43edcf6622d5a7f2cc73e3565f4463c710a22851204","JD217912","04/26/2020 07:17:00 PM","1","DRIVER",NULL,"831289.0",NULL,"FORD","ESCAPE","IL","2009.0","NONE","PASSENGER","PERSONAL","N","STRAIGHT AHEAD",NULL,NULL,"1.0",NULL,NULL,NULL,NULL,NULL,NULL,NULL,NULL,NULL,NULL,NULL,NULL,NULL,NULL,NULL,"Y",NULL,"OTHER",NULL,NULL,NULL,NULL,NULL,NULL,NULL,NULL,NULL,NULL,NULL,NULL,NULL,NULL,NULL,NULL,NULL,NULL,NULL,NULL,NULL,NULL,NULL,NULL,NULL,NULL,NULL,NULL,NULL,NULL,NULL,NULL,NULL
"876840","7410cc257c70abd5938740ffb911fbcc77e1758b23d8fc2d6591a331600b5a753962a585726df90908d17c8259a3fbbebfc5b4e5422f4c82f5d1b02544af72a3","JD219174","04/28/2020 03:00:00 PM","1","DRIVER",NULL,"831856.0",NULL,"FORD","F150","IL","2010.0","UNKNOWN","PICKUP","PERSONAL","W","LEAVING TRAFFIC LANE TO PARK",NULL,NULL,"1.0",NULL,NULL,NULL,NULL,NULL,NULL,"Y","Y","Y","N",NULL,NULL,NULL,NULL,NULL,NULL,NULL,"REAR-RIGHT",NULL,NULL,NULL,NULL,NULL,NULL,NULL,NULL,NULL,NULL,NULL,NULL,NULL,NULL,NULL,NULL,NULL,NULL,NULL,NULL,NULL,NULL,NULL,NULL,NULL,NULL,NULL,NULL,NULL,NULL,NULL,NULL,NULL
"877006","72858503ebecd445deb679ae39e607b9cecb8a835f2b51045eec6ff60099b5a2a6412b9c7e30455aad4ffd241e402262a9af919123aa58d93996f2973277704e","JD219453","04/28/2020 08:40:00 PM","3","PARKED",NULL,"832011.0",NULL,"SUBARU","OTHER (EXPLAIN IN NARRATIVE)","IL","2018.0","NONE","PASSENGER","NOT IN USE","S","PARKED",NULL,NULL,"0.0",NULL,NULL,NULL,NULL,NULL,NULL,NULL,NULL,NULL,"Y",NULL,NULL,NULL,NULL,NULL,NULL,NULL,"REAR-LEFT",NULL,NULL,NULL,NULL,NULL,NULL,NULL,NULL,NULL,NULL,NULL,NULL,NULL,NULL,NULL,NULL,NULL,NULL,NULL,NULL,NULL,NULL,NULL,NULL,NULL,NULL,NULL,NULL,NULL,NULL,NULL,NULL,NULL
"877033","71ac844f24448cb02f76ea7410a6779da5befca8dc47883d9b22da0762249de124d2f789321cead9424c67188d1f3c88ec3f07cc6541908187895cb2c2133022","JD219519","04/28/2020 11:45:00 PM","2","DRIVER",NULL,"832036.0",NULL,"FORD","FUSION","IL","2012.0","NONE","PASSENGER","PERSONAL","E","STRAIGHT AHEAD",NULL,NULL,"1.0",NULL,NULL,NULL,NULL,NULL,NULL,NULL,NULL,"Y","Y","Y",NULL,NULL,NULL,NULL,NULL,NULL,"REAR-LEFT",NULL,NULL,NULL,NULL,NULL,NULL,NULL,NULL,NULL,NULL,NULL,NULL,NULL,NULL,NULL,NULL,NULL,NULL,NULL,NULL,NULL,NULL,NULL,NULL,NULL,NULL,NULL,NULL,NULL,NULL,NULL,NULL,NULL
"877135","a0814a399e261ff56161ff572b945e06b9df3bd87169882d4126f72aa64d6c9c1f1c53febc81a61dfff70e66e7cff4ebd959f8f60fc969d393808a7c96f015bb","JD219750","04/29/2020 09:50:00 AM","1","DRIVER",NULL,"832131.0",NULL,"VOLVO","TRUCK","IL","2011.0","NONE","TRACTOR W/ SEMI-TRAILER","COMMERCIAL - SINGLE UNIT","E","STRAIGHT AHEAD",NULL,NULL,"1.0",NULL,NULL,NULL,NULL,NULL,NULL,NULL,NULL,NULL,"Y",NULL,NULL,NULL,NULL,NULL,NULL,NULL,"REAR-LEFT",NULL,NULL,NULL,NULL,NULL,NULL,NULL,NULL,NULL,NULL,NULL,NULL,NULL,NULL,NULL,NULL,NULL,NULL,NULL,NULL,NULL,NULL,NULL,NULL,NULL,NULL,NULL,NULL,NULL,NULL,NULL,NULL,NULL
"877225","c1ff08bf9e27c0851b9c3fc87958a9f0ca3633da61d7b62234517ae79aa4e084152767bb1afb09ba3160d8c33695dbd43fc51ebc923b815f117f4d19f7717748","JD219896","04/29/2020 01:20:00 PM","1","DRIVER",NULL,"832210.0",NULL,"DODGE","OTHER (EXPLAIN IN NARRATIVE)","IL","2019.0","UNKNOWN","PASSENGER","UNKNOWN/NA","N","UNKNOWN/NA",NULL,NULL,"1.0",NULL,NULL,NULL,NULL,"Y",NULL,NULL,NULL,NULL,NULL,NULL,NULL,NULL,NULL,NULL,NULL,NULL,"FRONT",NULL,NULL,NULL,NULL,NULL,NULL,NULL,NULL,NULL,NULL,NULL,NULL,NULL,NULL,NULL,NULL,NULL,NULL,NULL,NULL,NULL,NULL,NULL,NULL,NULL,NULL,NULL,NULL,NULL,NULL,NULL,NULL,NULL
"877284","69512738ff125d1b7ed2b95f7cae436f39112dbc3ba6985efbc324a8399f4ed96fbfe0768f5579df6458a2629ffb6980de8cae6e1a18911f387d2506111d5604","JD219975","04/29/2020 02:59:00 PM","2","DRIVER",NULL,"832275.0",NULL,"CHEVROLET","OTHER (EXPLAIN IN NARRATIVE)","IL","2016.0","UNKNOWN","PASSENGER","PERSONAL","W","STRAIGHT AHEAD","Y",NULL,"1.0",NULL,NULL,NULL,NULL,NULL,NULL,NULL,NULL,NULL,NULL,NULL,NULL,"Y","Y","Y",NULL,NULL,"ROOF",NULL,NULL,NULL,NULL,NULL,NULL,NULL,NULL,NULL,NULL,NULL,NULL,NULL,NULL,NULL,NULL,NULL,NULL,NULL,NULL,NULL,NULL,NULL,NULL,NULL,NULL,NULL,NULL,NULL,NULL,NULL,NULL,NULL
"877783","b54266e06cf1b547530ebdedea861550dae93ba2bbca329bdc0a38001a179711dc6563dc5727de44f51d4d6fc70096ea27e3946c1b0e18e72485885d31ed15d2","JD219374","04/28/2020 01:50:00 PM","2","DRIVER",NULL,"832743.0",NULL,"TOYOTA","COROLLA","IL","2016.0","UNKNOWN","PASSENGER","PERSONAL","W","SLOW/STOP IN TRAFFIC",NULL,NULL,"1.0",NULL,NULL,NULL,NULL,NULL,NULL,NULL,NULL,"Y",NULL,NULL,NULL,NULL,NULL,NULL,NULL,NULL,"REAR",NULL,NULL,NULL,NULL,NULL,NULL,NULL,NULL,NULL,NULL,NULL,NULL,NULL,NULL,NULL,NULL,NULL,NULL,NULL,NULL,NULL,NULL,NULL,NULL,NULL,NULL,NULL,NULL,NULL,NULL,NULL,NULL,NULL
"877838","28642bbd848940d1e6a1689e34c3d3e3aeb43ee457c0515d0581112aa2227729e8ba98dfc0176c531ebca93f4c0a98a0d182d96bd76568faef5314dd1fcaacd7","JD221290","05/01/2020 10:35:00 AM","1","DRIVER","1.0","832795.0",NULL,"CHEVROLET","CRUZE","IL","2016.0","NONE","PASSENGER","PERSONAL","E","LEAVING TRAFFIC LANE TO PARK",NULL,NULL,"2.0",NULL,NULL,NULL,NULL,"Y",NULL,NULL,NULL,NULL,NULL,NULL,NULL,NULL,NULL,NULL,NULL,NULL,"FRONT",NULL,NULL,NULL,NULL,NULL,NULL,NULL,NULL,NULL,NULL,NULL,NULL,NULL,NULL,NULL,NULL,NULL,NULL,NULL,NULL,NULL,NULL,NULL,NULL,NULL,NULL,NULL,NULL,NULL,NULL,NULL,NULL,NULL
"877993","2717a3def05715add0d6e33ade17ccb9b716d685b85cc1a49ca60a0652fc39bc4170a6501372d632e5c0359c2e0b6bac883ac6d19d2a591ba86a908a8aed063f","JD221555","05/01/2020 03:30:00 PM","2","DRIVER",NULL,"832940.0","Y","FORD","OTHER (EXPLAIN IN NARRATIVE)","IL","2008.0","UNKNOWN","TRUCK - SINGLE UNIT","PERSONAL","W","STRAIGHT AHEAD",NULL,NULL,"1.0",NULL,NULL,NULL,NULL,"Y",NULL,NULL,NULL,NULL,NULL,NULL,NULL,NULL,NULL,NULL,NULL,NULL,"FRONT","9913.0",NULL,NULL,"163244","DRIVER","2.0","JUANE'S TOW SERVICE","IL","MELROSE PARK",NULL,NULL,NULL,NULL,NULL,NULL,NULL,NULL,NULL,NULL,NULL,NULL,NULL,NULL,NULL,NULL,NULL,NULL,"SINGLE UNIT TRUCK, 2 AXLES, 6 TIRES","OTHER","OTHER",NULL,NULL,NULL
"878002","d269a0f7006614eae5e75d1661cd8bc67507abfcc22cd5a8d29d19f31eb5b6d3d4511ab1c13768fe9557f2f5c6f16c93a110f201775c6f0690764a854fb33972","JD221556","05/01/2020 02:50:00 PM","1","DRIVER",NULL,"832944.0",NULL,"HONDA","RIDGELINE","IL","2017.0","NONE","PICKUP","PERSONAL","N","BACKING",NULL,NULL,"1.0",NULL,NULL,NULL,NULL,NULL,NULL,NULL,NULL,NULL,NULL,"Y",NULL,NULL,NULL,NULL,NULL,NULL,"SIDE-LEFT",NULL,NULL,NULL,NULL,NULL,NULL,NULL,NULL,NULL,NULL,NULL,NULL,NULL,NULL,NULL,NULL,NULL,NULL,NULL,NULL,NULL,NULL,NULL,NULL,NULL,NULL,NULL,NULL,NULL,NULL,NULL,NULL,NULL
"878543","c3720e50b3dd4722db83949c62497ccf9739004e355743a3635823e7f9b77c04634c5f98c89a54d87466916775f34847637f686e56de2d921d4d7fb9d99031aa","JD222418","04/29/2020 05:45:00 PM","2","PARKED",NULL,"833454.0",NULL,"AUDI","100GL","IL","2017.0","NONE","PASSENGER","UNKNOWN/NA","UNKNOWN","PARKED",NULL,NULL,"0.0",NULL,NULL,NULL,NULL,NULL,NULL,NULL,NULL,"Y",NULL,NULL,NULL,NULL,NULL,NULL,NULL,NULL,"REAR-RIGHT",NULL,NULL,NULL,NULL,NULL,NULL,NULL,NULL,NULL,NULL,NULL,NULL,NULL,NULL,NULL,NULL,NULL,NULL,NULL,NULL,NULL,NULL,NULL,NULL,NULL,NULL,NULL,NULL,NULL,NULL,NULL,NULL,NULL
"878878","573e3ff1ac766c4ac3e8a5f2322f5b07879bc4dea00192974ad9431a74f1054765af6b31b654a0627fcbdbd3b11fd7a345b69c3488ebcd8bb8bbf14922b1457a","JD223086","05/03/2020 11:15:00 AM","1","DRIVER",NULL,"833785.0",NULL,"FORD","ESCAPE",NULL,"2018.0","NONE","SPORT UTILITY VEHICLE (SUV)","PERSONAL","E","STRAIGHT AHEAD",NULL,NULL,"1.0",NULL,NULL,NULL,NULL,"Y",NULL,NULL,NULL,NULL,"N",NULL,NULL,NULL,NULL,"Y","Y",NULL,"OTHER",NULL,NULL,NULL,NULL,NULL,NULL,NULL,NULL,NULL,NULL,NULL,NULL,NULL,NULL,NULL,NULL,NULL,NULL,NULL,NULL,NULL,NULL,NULL,NULL,NULL,NULL,NULL,NULL,NULL,NULL,NULL,NULL,NULL
"879014","f79932a6a9c086dc290b55c002ef9509d9d760c662152596c4d96b4fb8f6f47b18db345dcfeb6ab200c0eb1b3f0ce8c01f5670fe6f645af144937c37ec03e1d8","JD223397","05/02/2020 09:00:00 PM","2","DRIVERLESS","1.0","833915.0",NULL,"CHEVROLET","CORVETTE","IL","2014.0","NONE","PASSENGER","PERSONAL","N","PARKED",NULL,NULL,"1.0",NULL,NULL,NULL,NULL,NULL,NULL,NULL,NULL,NULL,NULL,NULL,NULL,NULL,NULL,NULL,"Y",NULL,"OTHER",NULL,NULL,NULL,NULL,NULL,NULL,NULL,NULL,NULL,NULL,NULL,NULL,NULL,NULL,NULL,NULL,NULL,NULL,NULL,NULL,NULL,NULL,NULL,NULL,NULL,NULL,NULL,NULL,NULL,NULL,NULL,NULL,NULL
"879143","49e8d3911597b6a52886facb3480da75e16733afba68d195a22bbcfe03bc1a139608a314deed809b08c4a582fcbcea2f36ece50cdda935583dc234ef9c3ab317","JD223152","05/03/2020 12:30:00 PM","1","DRIVER","1.0","834042.0",NULL,"JEEP","COMPASS","IL","2019.0","NONE","SPORT UTILITY VEHICLE (SUV)","PERSONAL","N","CHANGING LANES","Y",NULL,"2.0",NULL,"unknown","unknown",NULL,NULL,NULL,NULL,NULL,NULL,NULL,NULL,NULL,NULL,NULL,"Y",NULL,NULL,"TOTAL (ALL AREAS)",NULL,NULL,NULL,NULL,NULL,NULL,NULL,NULL,NULL,NULL,NULL,NULL,NULL,NULL,NULL,NULL,NULL,NULL,NULL,NULL,NULL,NULL,NULL,NULL,NULL,NULL,NULL,NULL,NULL,NULL,NULL,NULL,NULL
"879283","abe9373f1c67d0573bfa281b6652eb302014149ac0efb5608ae0c310ee623cd51e1fdf0392d5d1450d97d64ce52e67c1a9e135ecd8a4b3f40e273ebb10c07091","JD224041","05/04/2020 02:00:00 PM","1","DRIVER",NULL,"834178.0",NULL,"CHEVROLET","IMPALA","IL","2015.0","UNKNOWN","PASSENGER","PERSONAL","W","STRAIGHT AHEAD",NULL,NULL,"1.0",NULL,NULL,NULL,NULL,NULL,NULL,NULL,NULL,NULL,NULL,NULL,NULL,NULL,NULL,NULL,"Y",NULL,"OTHER",NULL,NULL,NULL,NULL,NULL,NULL,NULL,NULL,NULL,NULL,NULL,NULL,NULL,NULL,NULL,NULL,NULL,NULL,NULL,NULL,NULL,NULL,NULL,NULL,NULL,NULL,NULL,NULL,NULL,NULL,NULL,NULL,NULL
"879874","69fb61d57c185f64aa3695f88ddcef43745bbb7fa988d90346013051fcd16ee416b693fc315baecb96eab0c1f36b23fc8a288c79a6fd0cdaebe8434c9c0ffc24","JD224351","05/04/2020 07:45:00 PM","1","DRIVER","1.0","834750.0",NULL,"NISSAN","MAXIMA","IL","2013.0","NONE","PASSENGER","PERSONAL","S","STRAIGHT AHEAD",NULL,NULL,"2.0",NULL,NULL,NULL,NULL,NULL,NULL,NULL,NULL,NULL,NULL,NULL,NULL,NULL,NULL,"Y",NULL,NULL,"ROOF",NULL,NULL,NULL,NULL,NULL,NULL,NULL,NULL,NULL,NULL,NULL,NULL,NULL,NULL,NULL,NULL,NULL,NULL,NULL,NULL,NULL,NULL,NULL,NULL,NULL,NULL,NULL,NULL,NULL,NULL,NULL,NULL,NULL
"880323","3b2f8ee3149dd8b336db1be3ef45360fd511df0657d040cc9f669ce3214bec1be6f0c1a4a664d413729658595506caea13b9836a03c3521d0526c6eadc57ee1d","JD225903","05/01/2020 10:00:00 AM","2","PARKED",NULL,"835184.0",NULL,"FIAT","OTHER (EXPLAIN IN NARRATIVE)","IL","2015.0","NONE","PASSENGER","PERSONAL","E","PARKED",NULL,NULL,"0.0",NULL,NULL,NULL,NULL,NULL,NULL,NULL,NULL,NULL,NULL,"Y","Y",NULL,NULL,NULL,NULL,NULL,"FRONT-LEFT",NULL,NULL,NULL,NULL,NULL,NULL,NULL,NULL,NULL,NULL,NULL,NULL,NULL,NULL,NULL,NULL,NULL,NULL,NULL,NULL,NULL,NULL,NULL,NULL,NULL,NULL,NULL,NULL,NULL,NULL,NULL,NULL,NULL
"880464","a9a5a86531b1f43bf986721a23875a74faec1b9ab0efed285e5b38f13b37e535b12be088d7e9b256a21a36c8119c0a1728a48e8a446173e508856a64124c3531","JD226209","05/07/2020 05:50:00 AM","2","DRIVER",NULL,"835315.0",NULL,"KIA","SOUL","WI","2014.0","NONE","PASSENGER","PERSONAL","E","STRAIGHT AHEAD",NULL,NULL,"1.0",NULL,NULL,NULL,NULL,"Y","Y","Y","Y","Y",NULL,NULL,NULL,NULL,NULL,NULL,NULL,NULL,"REAR-RIGHT",NULL,NULL,NULL,NULL,NULL,NULL,NULL,NULL,NULL,NULL,NULL,NULL,NULL,NULL,NULL,NULL,NULL,NULL,NULL,NULL,NULL,NULL,NULL,NULL,NULL,NULL,NULL,NULL,NULL,NULL,NULL,NULL,NULL
"880607","7bd2c42d2849165b69c944b720f723416ca4f791508f032e7ea2d62a6e34bd1756f377ecc85d40ad8fc4f7eea1ea30cd395aebe0485af2a9224068400f28feaf","JD226441","05/07/2020 12:28:00 PM","1","DRIVER",NULL,"835450.0",NULL,"NISSAN","VERSA","IL","2008.0","NONE","PASSENGER","PERSONAL","S","STRAIGHT AHEAD","Y",NULL,"1.0",NULL,"PRIVATE",NULL,NULL,NULL,NULL,NULL,NULL,NULL,NULL,NULL,NULL,NULL,NULL,NULL,"Y",NULL,"OTHER",NULL,NULL,NULL,NULL,NULL,NULL,NULL,NULL,NULL,NULL,NULL,NULL,NULL,NULL,NULL,NULL,NULL,NULL,NULL,NULL,NULL,NULL,NULL,NULL,NULL,NULL,NULL,NULL,NULL,NULL,NULL,NULL,NULL
"880841","e92e0331ab63c95f85548764f7908984d0c88bcb0c177402235d10c70ad402fa2c743324f1f9e47e2a1c92c691064028ebd6a453a5b2f9db4a68ba20b82df1bc","JD226885","05/07/2020 09:00:00 PM","2","PARKED",NULL,"835634.0",NULL,"LINCOLN","MKX","IL","2018.0","UNKNOWN","UNKNOWN/NA","NOT IN USE","N","PARKED",NULL,NULL,"0.0",NULL,NULL,NULL,NULL,NULL,NULL,NULL,"Y","Y",NULL,NULL,NULL,NULL,NULL,NULL,NULL,NULL,"REAR",NULL,NULL,NULL,NULL,NULL,NULL,NULL,NULL,NULL,NULL,NULL,NULL,NULL,NULL,NULL,NULL,NULL,NULL,NULL,NULL,NULL,NULL,NULL,NULL,NULL,NULL,NULL,NULL,NULL,NULL,NULL,NULL,NULL
"880960","0cfb03e5aa018dec61ddb630ba0e38bc9cc5fead7770207598713322f1ed58d9fd9b9283f9cbe3c047564cee41742983944c369a0e8d4ecbd3da6038341ff4e5","JD227225","05/08/2020 11:30:00 AM","1","DRIVER",NULL,"835748.0",NULL,"CHEVROLET","OTHER (EXPLAIN IN NARRATIVE)","IL","2013.0","NONE","PASSENGER","PERSONAL","N","STRAIGHT AHEAD","Y",NULL,"1.0",NULL,"owner",NULL,NULL,"Y","Y",NULL,NULL,NULL,NULL,NULL,NULL,NULL,NULL,NULL,"Y",NULL,"FRONT",NULL,NULL,NULL,NULL,NULL,NULL,NULL,NULL,NULL,NULL,NULL,NULL,NULL,NULL,NULL,NULL,NULL,NULL,NULL,NULL,NULL,NULL,NULL,NULL,NULL,NULL,NULL,NULL,NULL,NULL,NULL,NULL,NULL
"881024","93767e93e531c6ad85b27162c4d72e054eea6ed524082e0a0e5ed22d869e7263ffa4d336dbf52771b1298c1d7767f20a52aa2ae0883ae015b2076192424dae49","JD227368","05/08/2020 02:30:00 PM","1","DRIVER","1.0","835810.0",NULL,"CHEVROLET","CRUZE","IL","2013.0","NONE","PASSENGER","PERSONAL","N","STRAIGHT AHEAD",NULL,NULL,"2.0",NULL,NULL,NULL,NULL,"Y",NULL,NULL,NULL,NULL,NULL,NULL,NULL,NULL,NULL,"Y","Y",NULL,"OTHER",NULL,NULL,NULL,NULL,NULL,NULL,NULL,NULL,NULL,NULL,NULL,NULL,NULL,NULL,NULL,NULL,NULL,NULL,NULL,NULL,NULL,NULL,NULL,NULL,NULL,NULL,NULL,NULL,NULL,NULL,NULL,NULL,NULL
"881067","aea76669dd8a2ae9d02e4c3c595340f20374dd02ecd77c4a4e2c671c0be3b870883be60961dbe95f0767af665836a9f6cd4685f997ea4be9ed6dc56bd5292cb4","JD227425","05/08/2020 03:30:00 PM","1","DRIVER",NULL,"835848.0",NULL,"MERCEDES-BENZ","300 SERIES","IL","2009.0","UNKNOWN","PASSENGER","PERSONAL","N","STRAIGHT AHEAD",NULL,NULL,"1.0",NULL,NULL,NULL,NULL,"Y",NULL,NULL,NULL,NULL,NULL,NULL,NULL,NULL,NULL,"Y","Y",NULL,"OTHER",NULL,NULL,NULL,NULL,NULL,NULL,NULL,NULL,NULL,NULL,NULL,NULL,NULL,NULL,NULL,NULL,NULL,NULL,NULL,NULL,NULL,NULL,NULL,NULL,NULL,NULL,NULL,NULL,NULL,NULL,NULL,NULL,NULL
"881299","c00699777bbe19a58e0ba4cc71757820014ead34c4b7c0ba52a1d259524b6c949f7e5b011c8c8a4dfafb7c100e529eb2866d7c9ae090c8132d5aa29a9bc6b78d","JD227849","05/09/2020 03:00:00 AM","2","PARKED",NULL,"836065.0",NULL,"TOYOTA","COROLLA","IL","2016.0","NONE","PASSENGER","NOT IN USE","E","PARKED","Y",NULL,"0.0",NULL,"private",NULL,NULL,"Y",NULL,NULL,NULL,NULL,NULL,NULL,NULL,NULL,NULL,"Y","Y",NULL,"OTHER",NULL,NULL,NULL,NULL,NULL,NULL,NULL,NULL,NULL,NULL,NULL,NULL,NULL,NULL,NULL,NULL,NULL,NULL,NULL,NULL,NULL,NULL,NULL,NULL,NULL,NULL,NULL,NULL,NULL,NULL,NULL,NULL,NULL
"881507","8bd132c0e27c297e4f8aeeee6a14249186420b0f1ecc2bbb834dd323cbd5c4760af47b818a04ab08efc00facbfd5bac46521fcc6f35a16925d4cfe32d344e931","JD228208","05/09/2020 03:20:00 PM","1","DRIVER","1.0","836262.0",NULL,"DODGE","JOURNEY","IL","2017.0","NONE","VAN/MINI-VAN","PERSONAL","W","TURNING LEFT","Y",NULL,"2.0",NULL,"owner having towed",NULL,NULL,"Y",NULL,NULL,NULL,NULL,NULL,NULL,NULL,NULL,NULL,NULL,NULL,NULL,"FRONT",NULL,NULL,NULL,NULL,NULL,NULL,NULL,NULL,NULL,NULL,NULL,NULL,NULL,NULL,NULL,NULL,NULL,NULL,NULL,NULL,NULL,NULL,NULL,NULL,NULL,NULL,NULL,NULL,NULL,NULL,NULL,NULL,NULL