"CRASH_UNIT_ID","CRASH_RECORD_ID","RD_NO","CRASH_DATE","UNIT_NO","UNIT_TYPE","NUM_PASSENGERS","VEHICLE_ID","CMRC_VEH_I","MAKE","MODEL","LIC_PLATE_STATE","VEHICLE_YEAR","VEHICLE_DEFECT","VEHICLE_TYPE","VEHICLE_USE","TRAVEL_DIRECTION","MANEUVER","TOWED_I","FIRE_I","OCCUPANT_CNT","EXCEED_SPEED_LIMIT_I","TOWED_BY","TOWED_TO","AREA_00_I","AREA_01_I","AREA_02_I","AREA_03_I","AREA_04_I","AREA_05_I","AREA_06_I","AREA_07_I","AREA_08_I","AREA_09_I","AREA_10_I","AREA_11_I","AREA_12_I","AREA_99_I","FIRST_CONTACT_POINT","CMV_ID","USDOT_NO","CCMC_NO","ILCC_NO","COMMERCIAL_SRC","GVWR","CARRIER_NAME","CARRIER_STATE","CARRIER_CITY","HAZMAT_PLACARDS_I","HAZMAT_NAME","UN_NO","HAZMAT_PRESENT_I","HAZMAT_REPORT_I","HAZMAT_REPORT_NO","MCS_REPORT_I","MCS_REPORT_NO","HAZMAT_VIO_CAUSE_CRASH_I","MCS_VIO_CAUSE_CRASH_I","IDOT_PERMIT_NO","WIDE_LOAD_I","TRAILER1_WIDTH","TRAILER2_WIDTH","TRAILER1_LENGTH","TRAILER2_LENGTH","TOTAL_VEHICLE_LENGTH","AXLE_CNT","VEHICLE_CONFIG","CARGO_BODY_TYPE","LOAD_TYPE","HAZMAT_OUT_OF_SERVICE_I","MCS_OUT_OF_SERVICE_I","HAZMAT_CLASS"
"881628","cfaf9348b120966fe13e7c37ca900d8cc132d6b9e31eb8f98d50a0c4de685f68dbbc7d6cf8fa4193b8052b5dcc0d98644328120b234682cb28375292d916ead7","JD228381","05/09/2020 07:00:00 PM","2","DRIVER",NULL,"836383.0",NULL,"NISSAN","ALTIMA","IL","2017.0","NONE","UNKNOWN/NA","PERSONAL","N","STRAIGHT AHEAD",NULL,NULL,"1.0",NULL,NULL,NULL,NULL,NULL,NULL,NULL,NULL,NULL,"Y",NULL,NULL,NULL,NULL,NULL,NULL,NULL,"REAR-LEFT",NULL,NULL,NULL,NULL,NULL,NULL,NULL,NULL,NULL,NULL,NULL,NULL,NULL,NULL,NULL,NULL,NULL,NULL,NULL,NULL,NULL,NULL,NULL,NULL,NULL,NULL,NULL,NULL,NULL,NULL,NULL,NULL,NULL
"881671","4273848cb762dd5566662929b5e6dfae181299134f282bd251237f7c0c20aaee78b12f7e4908afdc1dacd74ad6ff311267276f97fe77c29cb0c9dc505b5eb654","JD228456","05/09/2020 09:30:00 PM","2","PARKED",NULL,"836418.0",NULL,"FORD","EXPLORER","IL","2015.0","NONE","SPORT UTILITY VEHICLE (SUV)","POLICE","UNKNOWN","PARKED",NULL,NULL,"0.0",NULL,NULL,NULL,NULL,NULL,NULL,NULL,NULL,NULL,NULL,"Y",NULL,NULL,NULL,NULL,NULL,NULL,"SIDE-LEFT",NULL,NULL,NULL,NULL,NULL,NULL,NULL,NULL,NULL,NULL,NULL,NULL,NULL,NULL,NULL,NULL,NULL,NULL,NULL,NULL,NULL,NULL,NULL,NULL,NULL,NULL,NULL,NULL,NULL,NULL,NULL,NULL,NULL
"881752","ac14aede548b5418d40330384ad2e3cef8b2cbe9ea378552bb0f2e3242f9e05236f9e5e55daae1960ba6b46034c6395dc636a51d8cc3d8c49a96f0dbe324cf9f","JD228616","05/10/2020 01:49:00 AM","2","PARKED","1.0","836498.0",NULL,"TOYOTA","CAMRY","IL","2015.0","NONE","PASSENGER","PERSONAL","W","PARKED","Y",NULL,"1.0",NULL,"private","tbd",NULL,NULL,NULL,NULL,NULL,NULL,NULL,"Y",NULL,NULL,NULL,NULL,NULL,NULL,"SIDE-LEFT",NULL,NULL,NULL,NULL,NULL,NULL,NULL,NULL,NULL,NULL,NULL,NULL,NULL,NULL,NULL,NULL,NULL,NULL,NULL,NULL,NULL,NULL,NULL,NULL,NULL,NULL,NULL,NULL,NULL,NULL,NULL,NULL,NULL
"881762","75275b21e13abf1b7386d06c00537cc2a1635c1ec5549c23d3c261ec076018d7e215efd5e9b81b5dfb20888a4ccf3526c0282f22ed52c48a45acf0ae287ce92b","JD228651","05/10/2020 03:22:00 AM","2","PARKED",NULL,"836506.0",NULL,"HYUNDAI","SONATA","IL","2008.0","NONE","PASSENGER","PERSONAL","N","PARKED","Y",NULL,"0.0",NULL,"private tow","unknown",NULL,"N","N",NULL,"N",NULL,NULL,"N","N","N","N","N","N",NULL,"SIDE-LEFT",NULL,NULL,NULL,NULL,NULL,NULL,NULL,NULL,NULL,NULL,NULL,NULL,NULL,NULL,NULL,NULL,NULL,NULL,NULL,NULL,NULL,NULL,NULL,NULL,NULL,NULL,NULL,NULL,NULL,NULL,NULL,NULL,NULL
"881971","b543c1ef430d81506842a9ff5fc682c0c92b0722e36d61893941b5f92d1385ab824586986097308e4177dd1952a264ec990ab2ed779c95ea854a2f6cf03b6aff","JD228885","05/10/2020 12:38:00 PM","2","DRIVER",NULL,"836703.0",NULL,"CHEVROLET","CRUZE","IL","2015.0","UNKNOWN","PASSENGER","PERSONAL","S","UNKNOWN/NA","Y",NULL,"1.0",NULL,NULL,NULL,NULL,"Y",NULL,NULL,NULL,NULL,NULL,NULL,NULL,NULL,NULL,"Y","Y",NULL,"OTHER",NULL,NULL,NULL,NULL,NULL,NULL,NULL,NULL,NULL,NULL,NULL,NULL,NULL,NULL,NULL,NULL,NULL,NULL,NULL,NULL,NULL,NULL,NULL,NULL,NULL,NULL,NULL,NULL,NULL,NULL,NULL,NULL,NULL
"882144","bc1dba46616028f18df0c2e38c06212779e055a8eea972f37cd08ced0549d76ad6252c561d0b6cb3fef0f9d07d9eb7aa1e7d7d3fd52fa5256abeb53687b1d517","JD229227","05/10/2020 09:14:00 PM","2","DRIVER",NULL,"836878.0",NULL,"DODGE","JOURNEY","IL","2017.0","NONE","SPORT UTILITY VEHICLE (SUV)","PERSONAL","E","STRAIGHT AHEAD",NULL,NULL,"1.0",NULL,NULL,NULL,NULL,"Y",NULL,NULL,NULL,NULL,NULL,NULL,NULL,NULL,NULL,"Y","Y",NULL,"OTHER",NULL,NULL,NULL,NULL,NULL,NULL,NULL,NULL,NULL,NULL,NULL,NULL,NULL,NULL,NULL,NULL,NULL,NULL,NULL,NULL,NULL,NULL,NULL,NULL,NULL,NULL,NULL,NULL,NULL,NULL,NULL,NULL,NULL
"882864","b6f46a0435e6418a9b63d2ac76cfe845bf2f0517f2fe717169157071a998ce578c584e665509b11bb4aaa5837bcc0ece84c47724eadeadeb9cf584d2a4a690e0","JD230574","05/12/2020 02:20:00 PM","2","DRIVER","1.0","837564.0",NULL,"HYUNDAI","SONATA","IL","2015.0","NONE","PASSENGER","PERSONAL","S","STRAIGHT AHEAD",NULL,NULL,"2.0",NULL,NULL,NULL,NULL,NULL,NULL,NULL,NULL,NULL,NULL,"Y","Y",NULL,NULL,"Y",NULL,NULL,"SIDE-LEFT",NULL,NULL,NULL,NULL,NULL,NULL,NULL,NULL,NULL,NULL,NULL,NULL,NULL,NULL,NULL,NULL,NULL,NULL,NULL,NULL,NULL,NULL,NULL,NULL,NULL,NULL,NULL,NULL,NULL,NULL,NULL,NULL,NULL
"883056","d2f26b73c664c3ff3c570d5253f3a85782b8cc7783b137892aed2d7979708f9d8c6a020c140964bc0e95491084e2978f77b9ba14a42fd619bf30fa887eb58d69","JD231168","05/09/2020 12:15:00 PM","2","DRIVER",NULL,"837740.0",NULL,"TOYOTA","HIGHLANDER","IL","2015.0","NONE","SPORT UTILITY VEHICLE (SUV)","PERSONAL","N","STRAIGHT AHEAD",NULL,NULL,"1.0",NULL,NULL,NULL,NULL,NULL,NULL,NULL,NULL,NULL,NULL,"Y",NULL,NULL,NULL,NULL,NULL,NULL,"FRONT-LEFT",NULL,NULL,NULL,NULL,NULL,NULL,NULL,NULL,NULL,NULL,NULL,NULL,NULL,NULL,NULL,NULL,NULL,NULL,NULL,NULL,NULL,NULL,NULL,NULL,NULL,NULL,NULL,NULL,NULL,NULL,NULL,NULL,NULL
"883388","e40c0df34f3ee1842d83a7bce724b3b14087034d3f605a8285b89a8810741fe8febbc9f70267aea370f883ecb08c8996d68b5cb386ae292d7901bf481e23a8d3","JD231781","05/13/2020 10:11:00 PM","5","PARKED",NULL,"838059.0",NULL,"SUBARU","OUTBACK","IL","2018.0","UNKNOWN","PASSENGER","PERSONAL","E","PARKED",NULL,NULL,"0.0",NULL,NULL,NULL,NULL,NULL,NULL,NULL,NULL,NULL,NULL,"Y","Y",NULL,NULL,NULL,NULL,NULL,"SIDE-LEFT",NULL,NULL,NULL,NULL,NULL,NULL,NULL,NULL,NULL,NULL,NULL,NULL,NULL,NULL,NULL,NULL,NULL,NULL,NULL,NULL,NULL,NULL,NULL,NULL,NULL,NULL,NULL,NULL,NULL,NULL,NULL,NULL,NULL
"883538","782c728771b60a0d5aac13b75dcd9f4df14ae57499025eeeafe8fb14d257e24451049677df0420446bee970f51aa526eaa473ad9f0dd21f27dc383a2e490d46a","JD232126","05/14/2020 11:51:00 AM","2","DRIVER","1.0","838191.0",NULL,"SATURN","VUE","IL","2008.0","NONE","SPORT UTILITY VEHICLE (SUV)","PERSONAL","S","STRAIGHT AHEAD","Y",NULL,"2.0",NULL,"private","private",NULL,"Y","Y","Y",NULL,NULL,NULL,NULL,NULL,NULL,NULL,"Y","Y",NULL,"OTHER",NULL,NULL,NULL,NULL,NULL,NULL,NULL,NULL,NULL,NULL,NULL,NULL,NULL,NULL,NULL,NULL,NULL,NULL,NULL,NULL,NULL,NULL,NULL,NULL,NULL,NULL,NULL,NULL,NULL,NULL,NULL,NULL,NULL
"883710","155db572c32372503bf95603915cf39c8e3b3bd5a3ef5a35fd911338846c707d02005c5643d114abf6fbd4b885c2fce9d431bbefe393bd6ca8723ea39d12adaf","JD232472","05/12/2020 06:45:00 PM","1","DRIVER",NULL,"838347.0",NULL,"FORD","FOCUS","IL","2013.0","UNKNOWN","PASSENGER","UNKNOWN/NA","N","ENTERING TRAFFIC LANE FROM PARKING",NULL,NULL,"1.0",NULL,NULL,NULL,NULL,NULL,NULL,NULL,NULL,NULL,NULL,NULL,"Y","Y","Y",NULL,NULL,NULL,"ROOF",NULL,NULL,NULL,NULL,NULL,NULL,NULL,NULL,NULL,NULL,NULL,NULL,NULL,NULL,NULL,NULL,NULL,NULL,NULL,NULL,NULL,NULL,NULL,NULL,NULL,NULL,NULL,NULL,NULL,NULL,NULL,NULL,NULL
"884302","ba70e8c22e306531bb938708844841cb433ef30d95395af6e432a69be4fa22bc1a1cf2375b2c4b01a196b7723ad316ee1335a87287e5b193e7dd401e58db01ff","JD233455","05/15/2020 07:20:00 PM","1","DRIVER",NULL,"838914.0",NULL,"JEEP","GRAND CHEROKEE","IL","2017.0","NONE","PASSENGER","PERSONAL","S","STRAIGHT AHEAD","Y",NULL,"1.0",NULL,NULL,NULL,NULL,"Y",NULL,NULL,NULL,NULL,NULL,NULL,NULL,NULL,NULL,"Y","Y",NULL,"OTHER",NULL,NULL,NULL,NULL,NULL,NULL,NULL,NULL,NULL,NULL,NULL,NULL,NULL,NULL,NULL,NULL,NULL,NULL,NULL,NULL,NULL,NULL,NULL,NULL,NULL,NULL,NULL,NULL,NULL,NULL,NULL,NULL,NULL
"884323","6fe30a270361bd488de5276575fac6141d995f436ef0ac4fee5ac339eec344ff4df82e9f2f9f428060dd5b573040671202e2ca85eea088774dd398d650684b5c","JD233520","05/15/2020 09:03:00 PM","1","DRIVER","2.0","838936.0",NULL,"AUDI","A4","IL","2011.0","UNKNOWN","PASSENGER","PERSONAL","W","TURNING LEFT","Y",NULL,"3.0",NULL,"private tow",NULL,NULL,"Y",NULL,NULL,NULL,NULL,NULL,NULL,NULL,NULL,NULL,"Y","Y",NULL,"OTHER",NULL,NULL,NULL,NULL,NULL,NULL,NULL,NULL,NULL,NULL,NULL,NULL,NULL,NULL,NULL,NULL,NULL,NULL,NULL,NULL,NULL,NULL,NULL,NULL,NULL,NULL,NULL,NULL,NULL,NULL,NULL,NULL,NULL
"884982","d3ad9ded6beb11f27599fcea693246e1921c7c8b59ac391c07782a603663af031eadd4b0b6345777a9be2e121c86a2a2e5988aa56f9f0c53c813ad8715520b9c","JD234887","05/17/2020 12:05:00 PM","1","DRIVER",NULL,"839529.0",NULL,"CHEVROLET","CRUZE","IL","2016.0","UNKNOWN","PASSENGER","PERSONAL","N","STRAIGHT AHEAD",NULL,NULL,"1.0",NULL,NULL,NULL,NULL,"Y",NULL,NULL,NULL,NULL,NULL,NULL,NULL,NULL,NULL,NULL,NULL,NULL,"FRONT",NULL,NULL,NULL,NULL,NULL,NULL,NULL,NULL,NULL,NULL,NULL,NULL,NULL,NULL,NULL,NULL,NULL,NULL,NULL,NULL,NULL,NULL,NULL,NULL,NULL,NULL,NULL,NULL,NULL,NULL,NULL,NULL,NULL
"885057","3caea3e05120fbb0b6820a511a7043db551c1f6f23fe4f2d41b10ec0aa79522570813fb233df76374e8962b46731354ad3fafc9e725ddab67df4394efd33f5fe","JD234938","05/17/2020 01:03:00 PM","2","DRIVER",NULL,"839612.0",NULL,"TOYOTA","CAMRY","IN","2010.0","NONE","PASSENGER","PERSONAL","NW","TURNING LEFT",NULL,NULL,"1.0",NULL,NULL,NULL,NULL,NULL,"Y","Y","Y","Y",NULL,NULL,NULL,NULL,NULL,NULL,NULL,NULL,"REAR-RIGHT",NULL,NULL,NULL,NULL,NULL,NULL,NULL,NULL,NULL,NULL,NULL,NULL,NULL,NULL,NULL,NULL,NULL,NULL,NULL,NULL,NULL,NULL,NULL,NULL,NULL,NULL,NULL,NULL,NULL,NULL,NULL,NULL,NULL
"885607","1b27599b0410ab6a99ebb114daab7f8f31ad8ee95595115a0d456735f90d8f4d2f6aef0dcdb01521530841264e5a374452a8b4a57f72174bfd7c522f944df0a3","JD236052","05/17/2020 05:20:00 PM","2","DRIVER","1.0","840131.0",NULL,"TOYOTA","RAV4","IL","2016.0","NONE","PASSENGER","PERSONAL","S","STRAIGHT AHEAD",NULL,NULL,"2.0",NULL,NULL,NULL,NULL,"Y","Y","Y",NULL,NULL,NULL,NULL,NULL,NULL,NULL,NULL,NULL,NULL,NULL,NULL,NULL,NULL,NULL,NULL,NULL,NULL,NULL,NULL,NULL,NULL,NULL,NULL,NULL,NULL,NULL,NULL,NULL,NULL,NULL,NULL,NULL,NULL,NULL,NULL,NULL,NULL,NULL,NULL,NULL,NULL,NULL,NULL
"886128","d35cce44056a8099235fa39ccf2c3665ff4abf7e42dd89d260aae296c12c6e9f4cf475574dea8766e5cf555c2448f339352b4169eee6163448f40faa7e3d081a","JD237144","05/19/2020 11:20:00 PM","2","DRIVER",NULL,"840621.0",NULL,"JEEP","COMPASS","CO","2018.0","NONE","SPORT UTILITY VEHICLE (SUV)","DRIVER EDUCATION","W","SLOW/STOP IN TRAFFIC",NULL,NULL,"1.0",NULL,NULL,NULL,NULL,NULL,NULL,NULL,"Y","Y","Y",NULL,NULL,NULL,NULL,NULL,NULL,NULL,"REAR",NULL,NULL,NULL,NULL,NULL,NULL,NULL,NULL,NULL,NULL,NULL,NULL,NULL,NULL,NULL,NULL,NULL,NULL,NULL,NULL,NULL,NULL,NULL,NULL,NULL,NULL,NULL,NULL,NULL,NULL,NULL,NULL,NULL
"886156","b8e9268fd58f5effdaa3ba477f8b96b7730d08f4f686cf0da24fcabf4f64386bc7a5f74f3efb564f018700979a631d486ff2306720067ed46d0127bf57e17128","JD237335","05/20/2020 12:01:00 AM","2","PARKED",NULL,"840653.0",NULL,"CHEVROLET","MALIBU","IL","2017.0","NONE","PASSENGER","NOT IN USE","UNKNOWN","PARKED",NULL,NULL,"0.0",NULL,NULL,NULL,NULL,NULL,NULL,NULL,NULL,NULL,NULL,NULL,"Y","Y",NULL,"Y",NULL,NULL,"ROOF",NULL,NULL,NULL,NULL,NULL,NULL,NULL,NULL,NULL,NULL,NULL,NULL,NULL,NULL,NULL,NULL,NULL,NULL,NULL,NULL,NULL,NULL,NULL,NULL,NULL,NULL,NULL,NULL,NULL,NULL,NULL,NULL,NULL
"886288","91dc5a1000b413e19a5b0160a4a37a9f4671f8d60d6f80e2d81e60a59b6547b56c665f334d388e7a5c0e23b4843ff4121cf2ad6375de156afb0d37208e5e0b6e","JD237616","05/20/2020 01:30:00 PM","1","DRIVER",NULL,"840778.0",NULL,"MERCEDES-BENZ","OTHER (EXPLAIN IN NARRATIVE)","IL","2018.0","UNKNOWN","PASSENGER","PERSONAL","S","STRAIGHT AHEAD",NULL,NULL,"1.0",NULL,NULL,NULL,NULL,"Y",NULL,NULL,NULL,NULL,NULL,NULL,NULL,NULL,NULL,"Y","Y",NULL,"OTHER",NULL,NULL,NULL,NULL,NULL,NULL,NULL,NULL,NULL,NULL,NULL,NULL,NULL,NULL,NULL,NULL,NULL,NULL,NULL,NULL,NULL,NULL,NULL,NULL,NULL,NULL,NULL,NULL,NULL,NULL,NULL,NULL,NULL
"886705","bfc8295690be3519be306de62857783f61e19b1b7c77ed824321b4812f070f8a2638e92b6e6543f48d6ba9b47025331a6aaf9821373cddca6f17c7489d52136d","JD238539","05/21/2020 01:15:00 PM","2","PARKED",NULL,"841456.0",NULL,"LINCOLN","MKZ","IL","2011.0","UNKNOWN","PASSENGER","NOT IN USE","S","PARKED",NULL,NULL,"0.0",NULL,NULL,NULL,NULL,"Y","Y",NULL,NULL,NULL,NULL,"Y","Y",NULL,"Y","Y",NULL,NULL,"ROOF",NULL,NULL,NULL,NULL,NULL,NULL,NULL,NULL,NULL,NULL,NULL,NULL,NULL,NULL,NULL,NULL,NULL,NULL,NULL,NULL,NULL,NULL,NULL,NULL,NULL,NULL,NULL,NULL,NULL,NULL,NULL,NULL,NULL
"886938","282549cdb64ee589cd9b357af480329d6a604596358209cbe6778b35a0a47ed1cdd01ef752fb914046c587de4811da1c25a166f854a70ef23c4ba275bf3bae60","JD238945","05/21/2020 08:57:00 PM","2","PARKED",NULL,"841389.0",NULL,"FORD","FOCUS","IL","2014.0","UNKNOWN","PASSENGER","NOT IN USE","W","PARKED","Y",NULL,"0.0",NULL,"city of chicago","side of road",NULL,NULL,NULL,NULL,NULL,NULL,NULL,NULL,NULL,"Y","Y","Y","Y",NULL,"TOTAL (ALL AREAS)",NULL,NULL,NULL,NULL,NULL,NULL,NULL,NULL,NULL,NULL,NULL,NULL,NULL,NULL,NULL,NULL,NULL,NULL,NULL,NULL,NULL,NULL,NULL,NULL,NULL,NULL,NULL,NULL,NULL,NULL,NULL,NULL,NULL
"887062","c63ac4d30972b1f34fdf95a8c9d494e631e5e55d7ac4c684c1cc9158b95f25644d9359fe55166069c8030402b7c6bd261a5b623940dc34022225c2c18c061ff7","JD239197","05/22/2020 08:00:00 AM","1","DRIVER",NULL,"841497.0",NULL,"HYUNDAI","SANTA FE","IL","2017.0","NONE","PASSENGER","PERSONAL","E","STRAIGHT AHEAD",NULL,NULL,"1.0",NULL,NULL,NULL,NULL,NULL,NULL,NULL,NULL,NULL,NULL,NULL,NULL,NULL,NULL,NULL,"Y",NULL,"OTHER",NULL,NULL,NULL,NULL,NULL,NULL,NULL,NULL,NULL,NULL,NULL,NULL,NULL,NULL,NULL,NULL,NULL,NULL,NULL,NULL,NULL,NULL,NULL,NULL,NULL,NULL,NULL,NULL,NULL,NULL,NULL,NULL,NULL
"887525","95a8d0f5bfc0a87791615bf2de02a087e7de33cfed85136b995c07feb5401c3db80179a68301c73d72723550036ec745061007243a4fe4c48c4173a5587e3e45","JD240036","05/23/2020 02:00:00 AM","2","PARKED",NULL,"841932.0",NULL,"TOYOTA","COROLLA","IL","2009.0","NONE","PASSENGER","PERSONAL","S","PARKED",NULL,NULL,"0.0",NULL,NULL,NULL,NULL,"Y",NULL,NULL,NULL,"Y","Y","Y","Y","Y",NULL,"Y","Y",NULL,"SIDE-LEFT",NULL,NULL,NULL,NULL,NULL,NULL,NULL,NULL,NULL,NULL,NULL,NULL,NULL,NULL,NULL,NULL,NULL,NULL,NULL,NULL,NULL,NULL,NULL,NULL,NULL,NULL,NULL,NULL,NULL,NULL,NULL,NULL,NULL
"887679","a6a3954fedd70863edc82e568e0322b9b6672187ecaa39e339ebaa6f93d1711a54495ff8c89d394dffd03e51ddfaeb82aa2f7e45b9c90a241e983b0edc0d43fa","JD240356","05/23/2020 12:15:00 PM","2","DRIVER",NULL,"842080.0",NULL,"FORD","TRANSIT","IL","2017.0","NONE","PASSENGER","UNKNOWN/NA","S","SLOW/STOP IN TRAFFIC",NULL,NULL,"1.0",NULL,NULL,NULL,NULL,"Y",NULL,NULL,NULL,NULL,NULL,NULL,NULL,NULL,NULL,NULL,"Y",NULL,"OTHER",NULL,NULL,NULL,NULL,NULL,NULL,NULL,NULL,NULL,NULL,NULL,NULL,NULL,NULL,NULL,NULL,NULL,NULL,NULL,NULL,NULL,NULL,NULL,NULL,NULL,NULL,NULL,NULL,NULL,NULL,NULL,NULL,NULL
"887946","f6bf4b2cae13ce3b4c8634c05b8986c468d7278438f6fa6fb8b3206341b8065e7b12c5839c0ef10145dfb3675cc382b01278080ccc0d0c1e7c976d92db4ee739","JD240652","05/23/2020 05:33:00 PM","2","DRIVER",NULL,"842321.0",NULL,"FORD","FOCUS","IL","2018.0","NONE","PASSENGER","PERSONAL","S","STRAIGHT AHEAD",NULL,NULL,"1.0",NULL,NULL,NULL,NULL,NULL,NULL,NULL,NULL,NULL,NULL,NULL,"Y","Y","Y",NULL,NULL,NULL,"ROOF",NULL,NULL,NULL,NULL,NULL,NULL,NULL,NULL,NULL,NULL,NULL,NULL,NULL,NULL,NULL,NULL,NULL,NULL,NULL,NULL,NULL,NULL,NULL,NULL,NULL,NULL,NULL,NULL,NULL,NULL,NULL,NULL,NULL
"887987","9f85b264dee64e2524985ce9c35532e8052abbebf8fbccc31fc14454e31587d27cb4403bda389d43127d04ce024faa9ebf0b063f795f5e6caf89ab8a038d5fda","JD240789","05/23/2020 08:30:00 PM","1","DRIVER",NULL,"842361.0",NULL,"CHEVROLET","COBALT","IN","2008.0","NONE","PASSENGER","PERSONAL","S","STRAIGHT AHEAD",NULL,NULL,"1.0",NULL,NULL,NULL,NULL,"Y",NULL,NULL,NULL,NULL,NULL,NULL,NULL,NULL,NULL,"Y","Y",NULL,"OTHER",NULL,NULL,NULL,NULL,NULL,NULL,NULL,NULL,NULL,NULL,NULL,NULL,NULL,NULL,NULL,NULL,NULL,NULL,NULL,NULL,NULL,NULL,NULL,NULL,NULL,NULL,NULL,NULL,NULL,NULL,NULL,NULL,NULL
"888569","46d14078a0dfc40945183dce0f57a30ec3f9e24e0dceb8a509f589d322a711dde4994157d6cb36dedc4c0f4b8b598c74e0d4324968f5949a4972174d548fdcd4","JD241847","05/24/2020 11:55:00 PM","1","DRIVER",NULL,"842910.0",NULL,"NISSAN","OTHER (EXPLAIN IN NARRATIVE)","IL","2016.0","UNKNOWN","PASSENGER","PERSONAL","E","STRAIGHT AHEAD","Y",NULL,"1.0",NULL,"CITY OF CHICAGO","POUND 2",NULL,"Y",NULL,NULL,NULL,NULL,NULL,NULL,NULL,NULL,NULL,"Y","Y",NULL,"FRONT",NULL,NULL,NULL,NULL,NULL,NULL,NULL,NULL,NULL,NULL,NULL,NULL,NULL,NULL,NULL,NULL,NULL,NULL,NULL,NULL,NULL,NULL,NULL,NULL,NULL,NULL,NULL,NULL,NULL,NULL,NULL,NULL,NULL
"888731","05d3727bf54db4fd8e12142462d52aa6d68ef0c6d4598ce44630943de1015603f32594e01b9070e5e6fed0399b895dfcdc524b2c585e3de95dfe8f854240a6ed","JD242358","05/25/2020 01:05:00 PM","1","DRIVER",NULL,"843070.0",NULL,"CHEVROLET","EQUINOX","IL","2016.0","NONE","PASSENGER","PERSONAL","S","STRAIGHT AHEAD",NULL,NULL,"1.0",NULL,NULL,NULL,NULL,NULL,NULL,NULL,NULL,NULL,NULL,NULL,NULL,NULL,NULL,"Y",NULL,NULL,"TOTAL (ALL AREAS)",NULL,NULL,NULL,NULL,NULL,NULL,NULL,NULL,NULL,NULL,NULL,NULL,NULL,NULL,NULL,NULL,NULL,NULL,NULL,NULL,NULL,NULL,NULL,NULL,NULL,NULL,NULL,NULL,NULL,NULL,NULL,NULL,NULL
"888801","f840c48d632baf48e03218063d429c597f1dd7ea79fb47a497f3d8b1382149204ae5d83af8e1f938acbbb00d241275f6c6848d5e74d84b3d3bc0c0b59167cf05","JD242474","05/25/2020 02:56:00 PM","2","DRIVER","1.0","843153.0",NULL,"FORD","EXPLORER","IL","2017.0","NONE","SPORT UTILITY VEHICLE (SUV)","POLICE","W","DRIVING WRONG WAY",NULL,NULL,"2.0",NULL,NULL,NULL,NULL,NULL,NULL,NULL,NULL,NULL,NULL,NULL,NULL,NULL,NULL,NULL,"Y",NULL,"OTHER",NULL,NULL,NULL,NULL,NULL,NULL,NULL,NULL,NULL,NULL,NULL,NULL,NULL,NULL,NULL,NULL,NULL,NULL,NULL,NULL,NULL,NULL,NULL,NULL,NULL,NULL,NULL,NULL,NULL,NULL,NULL,NULL,NULL
"888816","294c79f57bf7d8de6d2f4259e5cc6ffafa91ed05f3a2f70b7c56825f5f60fe95db087adf073bdbe01b175378e29b48462f2b01169d3e0868b4d7f2a56686b65c","JD242516","05/25/2020 07:30:00 AM","2","PARKED",NULL,"843143.0",NULL,"JEEP","COMPASS","IL","2020.0","NONE","SPORT UTILITY VEHICLE (SUV)","PERSONAL","N","PARKED",NULL,NULL,"0.0",NULL,NULL,NULL,NULL,NULL,NULL,NULL,NULL,NULL,NULL,NULL,NULL,NULL,NULL,NULL,"Y",NULL,"OTHER",NULL,NULL,NULL,NULL,NULL,NULL,NULL,NULL,NULL,NULL,NULL,NULL,NULL,NULL,NULL,NULL,NULL,NULL,NULL,NULL,NULL,NULL,NULL,NULL,NULL,NULL,NULL,NULL,NULL,NULL,NULL,NULL,NULL
"888851","ac9bb2cf7a86cad241a4fd11523ebd0561f04600223885a2d37415c1c7253a6e7b343ea0e82001a097e423763bcabe066003e52b9f52333d06b0799ce2e89aab","JD242546","05/25/2020 04:04:00 PM","1","DRIVER","1.0","843171.0",NULL,"HONDA","INSIGHT","IL","2010.0","NONE","PASSENGER","PERSONAL","N","STRAIGHT AHEAD","Y",NULL,"2.0",NULL,"private","unk",NULL,"Y","Y","Y",NULL,NULL,NULL,NULL,NULL,NULL,NULL,NULL,NULL,NULL,"FRONT",NULL,NULL,NULL,NULL,NULL,NULL,NULL,NULL,NULL,NULL,NULL,NULL,NULL,NULL,NULL,NULL,NULL,NULL,NULL,NULL,NULL,NULL,NULL,NULL,NULL,NULL,NULL,NULL,NULL,NULL,NULL,NULL,NULL
"888867","3612bae7416fc970a7abf45c293f270f38f3257f24d64bb1fca32c5b8f5d52a35cf5eda278410926b477dfaa4bbf65f53b30f852c48f93857e4ca24af13ef5f6","JD242569","05/25/2020 04:37:00 PM","2","DRIVER",NULL,"843186.0",NULL,"HONDA","ACCORD","IL","2013.0","NONE","PASSENGER","PERSONAL","E","STRAIGHT AHEAD","Y",NULL,"1.0",NULL,NULL,NULL,NULL,NULL,NULL,NULL,NULL,"Y","Y","Y","Y",NULL,NULL,NULL,NULL,NULL,"REAR-LEFT",NULL,NULL,NULL,NULL,NULL,NULL,NULL,NULL,NULL,NULL,NULL,NULL,NULL,NULL,NULL,NULL,NULL,NULL,NULL,NULL,NULL,NULL,NULL,NULL,NULL,NULL,NULL,NULL,NULL,NULL,NULL,NULL,NULL