"CRASH_UNIT_ID","CRASH_RECORD_ID","RD_NO","CRASH_DATE","UNIT_NO","UNIT_TYPE","NUM_PASSENGERS","VEHICLE_ID","CMRC_VEH_I","MAKE","MODEL","LIC_PLATE_STATE","VEHICLE_YEAR","VEHICLE_DEFECT","VEHICLE_TYPE","VEHICLE_USE","TRAVEL_DIRECTION","MANEUVER","TOWED_I","FIRE_I","OCCUPANT_CNT","EXCEED_SPEED_LIMIT_I","TOWED_BY","TOWED_TO","AREA_00_I","AREA_01_I","AREA_02_I","AREA_03_I","AREA_04_I","AREA_05_I","AREA_06_I","AREA_07_I","AREA_08_I","AREA_09_I","AREA_10_I","AREA_11_I","AREA_12_I","AREA_99_I","FIRST_CONTACT_POINT","CMV_ID","USDOT_NO","CCMC_NO","ILCC_NO","COMMERCIAL_SRC","GVWR","CARRIER_NAME","CARRIER_STATE","CARRIER_CITY","HAZMAT_PLACARDS_I","HAZMAT_NAME","UN_NO","HAZMAT_PRESENT_I","HAZMAT_REPORT_I","HAZMAT_REPORT_NO","MCS_REPORT_I","MCS_REPORT_NO","HAZMAT_VIO_CAUSE_CRASH_I","MCS_VIO_CAUSE_CRASH_I","IDOT_PERMIT_NO","WIDE_LOAD_I","TRAILER1_WIDTH","TRAILER2_WIDTH","TRAILER1_LENGTH","TRAILER2_LENGTH","TOTAL_VEHICLE_LENGTH","AXLE_CNT","VEHICLE_CONFIG","CARGO_BODY_TYPE","LOAD_TYPE","HAZMAT_OUT_OF_SERVICE_I","MCS_OUT_OF_SERVICE_I","HAZMAT_CLASS"
"898147","ae5b37f5aeb245decae4d45320a1ff66f545430af56a2d5cedaf312dd8dcd527332d1d5eceea2ce65ba0e8c9284a03fac637e43e25c714dac2ab19b74735bd0a","JD255916","06/06/2020 04:29:00 PM","1","DRIVER",NULL,"851619.0",NULL,"JEEP","LAREDO","IL","2011.0","OTHER","PASSENGER","PERSONAL","E","SLOW/STOP IN TRAFFIC",NULL,NULL,"1.0",NULL,NULL,NULL,NULL,NULL,NULL,NULL,NULL,NULL,NULL,NULL,NULL,NULL,NULL,NULL,NULL,NULL,"OTHER",NULL,NULL,NULL,NULL,NULL,NULL,NULL,NULL,NULL,NULL,NULL,NULL,NULL,NULL,NULL,NULL,NULL,NULL,NULL,NULL,NULL,NULL,NULL,NULL,NULL,NULL,NULL,NULL,NULL,NULL,NULL,NULL,NULL
"898182","c339cfb2053b859a6b5e14e3120a989625240cd653bd6e18330a7ba852a2495cfa1c2942dd98046d3dd0630b4e49c84021aa2c1639051e7bf686f6ee3f3c4b27","JD261306","06/09/2020 03:10:00 PM","2","DRIVER",NULL,"851661.0",NULL,"NISSAN","PATHFINDER","OK","2015.0","NONE","PASSENGER","PERSONAL","E","BACKING",NULL,NULL,"1.0",NULL,NULL,NULL,NULL,NULL,NULL,NULL,NULL,NULL,NULL,NULL,NULL,NULL,"Y","Y",NULL,NULL,"TOTAL (ALL AREAS)",NULL,NULL,NULL,NULL,NULL,NULL,NULL,NULL,NULL,NULL,NULL,NULL,NULL,NULL,NULL,NULL,NULL,NULL,NULL,NULL,NULL,NULL,NULL,NULL,NULL,NULL,NULL,NULL,NULL,NULL,NULL,NULL,NULL
"898515","08a304cfd9b1d07f87a22cafa71ea927fdfd7348397f0d8514cbea8850fc7c20cd5775a5a9dba6f85a2704e36c84936ba02f8d1183f1cddeb7d62ff2d0c3b5ae","JD261985","06/12/2020 02:40:00 PM","1","DRIVER",NULL,"851969.0",NULL,"DODGE","CHARGER","IL","2016.0","NONE","PASSENGER","PERSONAL","W","STRAIGHT AHEAD",NULL,NULL,"1.0",NULL,NULL,NULL,NULL,"Y","Y",NULL,NULL,NULL,NULL,NULL,NULL,NULL,NULL,NULL,NULL,NULL,"FRONT",NULL,NULL,NULL,NULL,NULL,NULL,NULL,NULL,NULL,NULL,NULL,NULL,NULL,NULL,NULL,NULL,NULL,NULL,NULL,NULL,NULL,NULL,NULL,NULL,NULL,NULL,NULL,NULL,NULL,NULL,NULL,NULL,NULL
"898769","dd776b4dea14c0e9e02e68cc291f43632fc98444a6f02deaccba3aaa10dc30536ab7cabd818dde757d65e7f772af56f172ebce8671de4af63e505be6ac3799b4","JD262389","06/12/2020 06:00:00 PM","1","PARKED",NULL,"852225.0",NULL,"UNKNOWN","OTHER (EXPLAIN IN NARRATIVE)","IL","2009.0","UNKNOWN","UNKNOWN/NA","OTHER","E","PARKED",NULL,NULL,"0.0",NULL,NULL,NULL,NULL,NULL,NULL,NULL,NULL,"Y","Y","Y",NULL,NULL,NULL,NULL,NULL,NULL,"REAR-LEFT",NULL,NULL,NULL,NULL,NULL,NULL,NULL,NULL,NULL,NULL,NULL,NULL,NULL,NULL,NULL,NULL,NULL,NULL,NULL,NULL,NULL,NULL,NULL,NULL,NULL,NULL,NULL,NULL,NULL,NULL,NULL,NULL,NULL
"898776","858aebda50fa290c6ec76338ae68f13b6386461a40e08f77b9daf77f5ef6215695f06e475dfe6a6f968f6d0b22594dbbe615bbed9e7d3d09f50818e837099363","JD262414","05/05/2020 03:30:00 PM","2","DRIVER",NULL,"852224.0",NULL,"HYUNDAI","TUCSON","IL","2020.0","NONE","PASSENGER","PERSONAL","S","STRAIGHT AHEAD",NULL,NULL,"1.0",NULL,NULL,NULL,NULL,"Y","Y",NULL,NULL,NULL,NULL,NULL,NULL,NULL,NULL,NULL,"Y",NULL,"FRONT",NULL,NULL,NULL,NULL,NULL,NULL,NULL,NULL,NULL,NULL,NULL,NULL,NULL,NULL,NULL,NULL,NULL,NULL,NULL,NULL,NULL,NULL,NULL,NULL,NULL,NULL,NULL,NULL,NULL,NULL,NULL,NULL,NULL
"898880","10bfb38b1e004d4f85c2f9b230e561d104fc74b661d1b8e0be072b276a0933f3d312b137c4069f5e967db7663d1326aee1915077203dc12de416e065d8baecf0","JD262613","06/13/2020 02:46:00 AM","1","DRIVER",NULL,"852322.0",NULL,"NISSAN","PATHFINDER","IL","2011.0","UNKNOWN","PASSENGER","PERSONAL","E","STRAIGHT AHEAD","Y",NULL,"1.0",NULL,"private tow",NULL,NULL,NULL,NULL,NULL,NULL,NULL,NULL,NULL,NULL,NULL,"Y","Y","Y",NULL,"TOTAL (ALL AREAS)",NULL,NULL,NULL,NULL,NULL,NULL,NULL,NULL,NULL,NULL,NULL,NULL,NULL,NULL,NULL,NULL,NULL,NULL,NULL,NULL,NULL,NULL,NULL,NULL,NULL,NULL,NULL,NULL,NULL,NULL,NULL,NULL,NULL
"898907","a676852187ecd01e3ea2e15d31fb328346da59ae026b7abe81bf2ed6009bd5439ca4c52ad8b65bbee2adda5ddb2446ad36081a777f78dbf76554d8219532bb57","JD262633","06/13/2020 03:51:00 AM","1","DRIVER",NULL,"852349.0",NULL,"HONDA","CIVIC","IL","2013.0","NONE","PASSENGER","PERSONAL","E","STRAIGHT AHEAD","Y",NULL,"1.0",NULL,"city of chicago","SS# 025999",NULL,"Y",NULL,NULL,NULL,NULL,NULL,NULL,NULL,NULL,NULL,"Y","Y",NULL,"OTHER",NULL,NULL,NULL,NULL,NULL,NULL,NULL,NULL,NULL,NULL,NULL,NULL,NULL,NULL,NULL,NULL,NULL,NULL,NULL,NULL,NULL,NULL,NULL,NULL,NULL,NULL,NULL,NULL,NULL,NULL,NULL,NULL,NULL
"899132","6521c9bda9c1c3fae565a215e426fe8b78e209c969328dbdf66d1bd18981ac7dcc95afc1ee3f0157ad8fac395b8f70f914d01ca103b2d3f171b58fe94f009418","JD263044","06/09/2020 06:00:00 PM","1","DRIVER",NULL,"852561.0",NULL,"FORD","MUSTANG","IL","2011.0","UNKNOWN","PASSENGER","UNKNOWN/NA","N","PASSING/OVERTAKING",NULL,NULL,"1.0",NULL,NULL,NULL,NULL,"Y",NULL,NULL,NULL,NULL,NULL,NULL,NULL,NULL,NULL,"Y","Y",NULL,"OTHER",NULL,NULL,NULL,NULL,NULL,NULL,NULL,NULL,NULL,NULL,NULL,NULL,NULL,NULL,NULL,NULL,NULL,NULL,NULL,NULL,NULL,NULL,NULL,NULL,NULL,NULL,NULL,NULL,NULL,NULL,NULL,NULL,NULL
"899225","4dd7a2cdedbff033834aa8aa1148a1b1938423ff6062fce9c7e8aa8564d0fed01b19134a4b370fd7a6b1e2c67f15751aec0dfe20bf24ce9fd6d8c069bcd1c22e","JD263181","06/13/2020 05:10:00 PM","2","DRIVER",NULL,"852658.0",NULL,"DODGE","CHALLENGER","IL","2013.0","UNKNOWN","PASSENGER","PERSONAL","N","BACKING",NULL,NULL,"1.0",NULL,NULL,NULL,NULL,NULL,NULL,NULL,NULL,NULL,NULL,"Y","Y",NULL,NULL,NULL,NULL,NULL,"SIDE-LEFT",NULL,NULL,NULL,NULL,NULL,NULL,NULL,NULL,NULL,NULL,NULL,NULL,NULL,NULL,NULL,NULL,NULL,NULL,NULL,NULL,NULL,NULL,NULL,NULL,NULL,NULL,NULL,NULL,NULL,NULL,NULL,NULL,NULL
"899304","d6a5b7d3b3251c3d2a7793783b542fd464dacd7616478b5222c0383b71a9178b780dfe5b69a5c2bdec58b2fdf00cfe3ca6f440b55e9acd78aee7f3242bffbca0","JD263302","06/13/2020 07:10:00 PM","1","DRIVER",NULL,"852723.0",NULL,"NISSAN","MAXIMA","IL","2017.0","NONE","PASSENGER","PERSONAL","W","BACKING",NULL,NULL,"1.0",NULL,NULL,NULL,NULL,"Y",NULL,NULL,NULL,NULL,NULL,NULL,NULL,NULL,NULL,"Y","Y",NULL,"TOTAL (ALL AREAS)",NULL,NULL,NULL,NULL,NULL,NULL,NULL,NULL,NULL,NULL,NULL,NULL,NULL,NULL,NULL,NULL,NULL,NULL,NULL,NULL,NULL,NULL,NULL,NULL,NULL,NULL,NULL,NULL,NULL,NULL,NULL,NULL,NULL
"899528","d05ce6f87e0dedf435d478634647be36bb5130d7a50fabc95288231cdcf2a1bdde93dcf8cf3200232413e3fa5a3c4ec80d84f814b7dd0e18b2dfb7dca1860ba4","JD263678","06/14/2020 08:42:00 AM","1","DRIVER",NULL,"852949.0",NULL,"MERCEDES-BENZ","ML350","IL","2015.0","UNKNOWN","PASSENGER","PERSONAL","SW","STRAIGHT AHEAD","Y",NULL,"1.0",NULL,"private",NULL,NULL,"Y",NULL,NULL,NULL,NULL,NULL,NULL,NULL,NULL,NULL,"Y","Y",NULL,"OTHER",NULL,NULL,NULL,NULL,NULL,NULL,NULL,NULL,NULL,NULL,NULL,NULL,NULL,NULL,NULL,NULL,NULL,NULL,NULL,NULL,NULL,NULL,NULL,NULL,NULL,NULL,NULL,NULL,NULL,NULL,NULL,NULL,NULL
"899613","f19493c28cb1be47594f8510bef012df5b6852c7ea994195b0b5df3de60204283f4a4e304c5c1774c5714f6a9986f8c26537ace4f0abb04cc42dddcfcb8d6397","JD263832","06/14/2020 12:20:00 PM","2","DRIVER",NULL,"853051.0",NULL,"HYUNDAI","ELANTRA","IL","2017.0","NONE","PASSENGER","PERSONAL","W","OTHER",NULL,NULL,"1.0",NULL,NULL,NULL,NULL,NULL,NULL,"Y",NULL,NULL,NULL,NULL,NULL,NULL,NULL,NULL,NULL,NULL,"SIDE-RIGHT",NULL,NULL,NULL,NULL,NULL,NULL,NULL,NULL,NULL,NULL,NULL,NULL,NULL,NULL,NULL,NULL,NULL,NULL,NULL,NULL,NULL,NULL,NULL,NULL,NULL,NULL,NULL,NULL,NULL,NULL,NULL,NULL,NULL
"899724","135bb762bcdc4f18e2e122a356ebcdaff3b3495d96f8ff7da0dce785b76773afc47a3d0e6fcc32546db7f3985d47e3db784a1627de03283a4990f8da4bc0cbda","JD259216","06/09/2020 09:04:00 PM","5","PARKED",NULL,"853136.0",NULL,"CHEVROLET","OTHER (EXPLAIN IN NARRATIVE)","IL","2017.0","UNKNOWN","PASSENGER","PERSONAL","SW","PARKED",NULL,NULL,"0.0",NULL,NULL,NULL,NULL,NULL,NULL,NULL,"Y","Y",NULL,NULL,NULL,NULL,NULL,NULL,NULL,NULL,"REAR-RIGHT",NULL,NULL,NULL,NULL,NULL,NULL,NULL,NULL,NULL,NULL,NULL,NULL,NULL,NULL,NULL,NULL,NULL,NULL,NULL,NULL,NULL,NULL,NULL,NULL,NULL,NULL,NULL,NULL,NULL,NULL,NULL,NULL,NULL
"899801","73b4dfc4375d7a7dbc07d34cb978ccf72c183db7d1c54b4ca8b82b38af3edf7033dcf4b17be8566c1c6cf3429c0e4cb5c9fbaaed5e53fa183efc3981159990ba","JD264116","06/14/2020 05:15:00 PM","1","DRIVER",NULL,"853204.0",NULL,"HYUNDAI","ELANTRA","IL","2018.0","NONE","PASSENGER","PERSONAL","N","ENTER FROM DRIVE/ALLEY",NULL,NULL,"1.0",NULL,NULL,NULL,NULL,"Y",NULL,NULL,NULL,NULL,NULL,NULL,NULL,NULL,NULL,NULL,NULL,NULL,"FRONT",NULL,NULL,NULL,NULL,NULL,NULL,NULL,NULL,NULL,NULL,NULL,NULL,NULL,NULL,NULL,NULL,NULL,NULL,NULL,NULL,NULL,NULL,NULL,NULL,NULL,NULL,NULL,NULL,NULL,NULL,NULL,NULL,NULL
"899836","b2bb65817409e7fa22d79891f87d84096c57e9094d179c8fe7a73e2a20a4395bb47532686e6e38566607b0a8d302069f9b2f8a7557e9f017d98fd284e77a72d8","JD264187","06/14/2020 07:00:00 PM","1","DRIVER",NULL,"853230.0",NULL,"JEEP","GRAND CHEROKEE",NULL,"2018.0","NONE","SPORT UTILITY VEHICLE (SUV)","PERSONAL","N","STRAIGHT AHEAD",NULL,NULL,"1.0",NULL,NULL,NULL,NULL,NULL,NULL,NULL,NULL,NULL,NULL,NULL,NULL,NULL,NULL,NULL,"Y",NULL,"OTHER",NULL,NULL,NULL,NULL,NULL,NULL,NULL,NULL,NULL,NULL,NULL,NULL,NULL,NULL,NULL,NULL,NULL,NULL,NULL,NULL,NULL,NULL,NULL,NULL,NULL,NULL,NULL,NULL,NULL,NULL,NULL,NULL,NULL
"899892","74b0ccc1887d00d777037508817adb97710d157d8e92ef6341a6146e4a84672377f12f3a64eda223b5d7e6df0b8251fa51bc74108ad2637b665fcfb1bbac7edb","JD206224","06/14/2020 07:30:00 PM","2","DRIVER",NULL,"853293.0",NULL,"LEXUS","RX450H","IN","2014.0","NONE","PASSENGER","PERSONAL","E","TURNING LEFT","Y",NULL,"1.0",NULL,NULL,NULL,NULL,"Y",NULL,NULL,NULL,NULL,NULL,NULL,NULL,NULL,NULL,"Y","Y",NULL,"OTHER",NULL,NULL,NULL,NULL,NULL,NULL,NULL,NULL,NULL,NULL,NULL,NULL,NULL,NULL,NULL,NULL,NULL,NULL,NULL,NULL,NULL,NULL,NULL,NULL,NULL,NULL,NULL,NULL,NULL,NULL,NULL,NULL,NULL
"900046","41b158e8d174a60fffe73c598217496501cd7fe8d5152d18d675ac7980f47825f2c066ec4217b4995053f7a5ffed2fe99c614f3663db3045d5820c90c167aae1","JD264657","06/12/2020 01:15:00 PM","1","DRIVER",NULL,"853431.0",NULL,"JEEP","WRANGLER","IL","2017.0","UNKNOWN","PASSENGER","UNKNOWN/NA","S","BACKING",NULL,NULL,"1.0",NULL,NULL,NULL,NULL,NULL,NULL,NULL,NULL,NULL,"N",NULL,NULL,NULL,NULL,NULL,NULL,"Y","REAR-LEFT",NULL,NULL,NULL,NULL,NULL,NULL,NULL,NULL,NULL,NULL,NULL,NULL,NULL,NULL,NULL,NULL,NULL,NULL,NULL,NULL,NULL,NULL,NULL,NULL,NULL,NULL,NULL,NULL,NULL,NULL,NULL,NULL,NULL
"900977","12d4fc9134f084ed60d38cfb92f5de824485f773f69684b583871ecdb45a60039b55907ae1f6a2c6ba480ffec4a7fae7667f23fb70a55434812ed9c3f1f6c6f6","JD266465","06/16/2020 10:38:00 PM","1","DRIVER","1.0","854331.0",NULL,"NISSAN","MURANO","IL","2009.0","NONE","PASSENGER","PERSONAL","E","TURNING RIGHT","Y",NULL,"2.0",NULL,NULL,NULL,NULL,"Y",NULL,NULL,NULL,NULL,NULL,NULL,NULL,NULL,NULL,"Y","Y",NULL,"OTHER",NULL,NULL,NULL,NULL,NULL,NULL,NULL,NULL,NULL,NULL,NULL,NULL,NULL,NULL,NULL,NULL,NULL,NULL,NULL,NULL,NULL,NULL,NULL,NULL,NULL,NULL,NULL,NULL,NULL,NULL,NULL,NULL,NULL
"901353","bbb3572fde0ead50f0d69a7f0ab3d4c5a52d3df2a26bd335bfbc63e17038a2cd64a820ba4bef55bc5baa0b965d0b15d5c4a2daed1da4d251d31b3384409942af","JD267342","06/17/2020 07:05:00 PM","1","DRIVER",NULL,"854684.0",NULL,"NISSAN","OTHER (EXPLAIN IN NARRATIVE)","IL","2014.0","UNKNOWN","PASSENGER","UNKNOWN/NA","N","UNKNOWN/NA",NULL,NULL,"1.0",NULL,NULL,NULL,NULL,"Y",NULL,NULL,NULL,NULL,NULL,NULL,NULL,NULL,NULL,"Y","Y","Y","OTHER",NULL,NULL,NULL,NULL,NULL,NULL,NULL,NULL,NULL,NULL,NULL,NULL,NULL,NULL,NULL,NULL,NULL,NULL,NULL,NULL,NULL,NULL,NULL,NULL,NULL,NULL,NULL,NULL,NULL,NULL,NULL,NULL,NULL
"901382","1eb878ee8a3bbdd2b816e05ebfb3f32bcb7718ba6afac9adeeefea51a3bec94e90bd5afea99d9639877b2ad8eacaa93f8ccc575437704cef649b2c0e816f65e8","JD267387","06/17/2020 07:40:00 PM","2","PARKED",NULL,"854712.0",NULL,"VOLKSWAGEN","GTI","IL","2010.0","UNKNOWN","PASSENGER","PERSONAL","UNKNOWN","PARKED",NULL,NULL,"0.0",NULL,NULL,NULL,NULL,NULL,NULL,NULL,NULL,NULL,NULL,"Y","Y","Y","Y","N",NULL,NULL,"ROOF",NULL,NULL,NULL,NULL,NULL,NULL,NULL,NULL,NULL,NULL,NULL,NULL,NULL,NULL,NULL,NULL,NULL,NULL,NULL,NULL,NULL,NULL,NULL,NULL,NULL,NULL,NULL,NULL,NULL,NULL,NULL,NULL,NULL
"901644","6e0664722950e7061c59b9a89edcb9c885231b8fe27872d374c65a84d9399cd105d2b9f5c6bec2af09761068c477ae4b8ef3134f80a6f49c4cfd61c3687f70e4","JD267919","06/18/2020 10:10:00 AM","2","PARKED",NULL,"854948.0",NULL,"HYUNDAI","VELOSTAR","IL","2013.0","UNKNOWN","PASSENGER","NOT IN USE","N","PARKED",NULL,NULL,"0.0",NULL,NULL,NULL,NULL,NULL,NULL,NULL,NULL,NULL,NULL,"Y",NULL,NULL,NULL,NULL,NULL,NULL,"FRONT-LEFT",NULL,NULL,NULL,NULL,NULL,NULL,NULL,NULL,NULL,NULL,NULL,NULL,NULL,NULL,NULL,NULL,NULL,NULL,NULL,NULL,NULL,NULL,NULL,NULL,NULL,NULL,NULL,NULL,NULL,NULL,NULL,NULL,NULL
"901801","f07c79c8fe83afa7e5318daced9a7959da94849120eec711409a5f97d8f3016725b9dd5f2be07c8d6966f21f53ec93c6df0fbc1c9081bda266b2f7f24d788bf5","JD267377","06/17/2020 07:04:00 PM","3","PARKED",NULL,"855084.0",NULL,"SUBARU","LEGACY","IL","2008.0","NONE","PASSENGER","NOT IN USE","N","PARKED",NULL,NULL,"0.0",NULL,NULL,NULL,NULL,NULL,NULL,NULL,NULL,"Y","Y","Y",NULL,NULL,NULL,NULL,NULL,NULL,"REAR-LEFT",NULL,NULL,NULL,NULL,NULL,NULL,NULL,NULL,NULL,NULL,NULL,NULL,NULL,NULL,NULL,NULL,NULL,NULL,NULL,NULL,NULL,NULL,NULL,NULL,NULL,NULL,NULL,NULL,NULL,NULL,NULL,NULL,NULL
"901970","0417200ee229d3402fb9f4a06372d3c099bdc1bf301e8ba26eceae6e62c9a7f7906dff2c674e2ad63eff2a6476aaa8025cfbf8908287b0cda96348278399e749","JD268519","06/18/2020 08:00:00 PM","2","PARKED",NULL,"855253.0",NULL,"FORD","F150","IL","2017.0","NONE","PICKUP","CONSTRUCTION/MAINTENANCE","W","PARKED",NULL,NULL,"0.0",NULL,NULL,NULL,NULL,NULL,NULL,"Y",NULL,NULL,NULL,NULL,NULL,NULL,NULL,NULL,NULL,NULL,"SIDE-RIGHT",NULL,NULL,NULL,NULL,NULL,NULL,NULL,NULL,NULL,NULL,NULL,NULL,NULL,NULL,NULL,NULL,NULL,NULL,NULL,NULL,NULL,NULL,NULL,NULL,NULL,NULL,NULL,NULL,NULL,NULL,NULL,NULL,NULL
"902037","5bfc144b281c570fc219e3a3d695a6efe4f1e450568437447fd4caaa033418b7313654e64f865c3970acb51a1aa6d5f63cd6be08cae91c1821f6cadac4367bd4","JD268646","06/18/2020 11:40:00 PM","3","PARKED",NULL,"855320.0",NULL,"NISSAN","VERSA","IL","2014.0","NONE","PASSENGER","NOT IN USE","S","PARKED",NULL,NULL,"0.0",NULL,NULL,NULL,NULL,NULL,NULL,NULL,NULL,NULL,NULL,NULL,NULL,"Y","Y",NULL,NULL,NULL,"ROOF",NULL,NULL,NULL,NULL,NULL,NULL,NULL,NULL,NULL,NULL,NULL,NULL,NULL,NULL,NULL,NULL,NULL,NULL,NULL,NULL,NULL,NULL,NULL,NULL,NULL,NULL,NULL,NULL,NULL,NULL,NULL,NULL,NULL
"902095","afc2ca67766b881d5ff303a8d2e3356d684a23835b676360124fb5086e6d769fbf1499472f77ad603a673f26995dafc6a2fb8c2dc9bee414cf29997cd5918ede","JD268815","06/16/2020 11:45:00 AM","2","DRIVER",NULL,"855377.0",NULL,"FORD","ESCAPE","IL","2015.0","UNKNOWN","SPORT UTILITY VEHICLE (SUV)","PERSONAL","N","STRAIGHT AHEAD",NULL,NULL,"1.0",NULL,NULL,NULL,NULL,NULL,NULL,NULL,NULL,NULL,NULL,NULL,NULL,NULL,NULL,NULL,"Y",NULL,"OTHER",NULL,NULL,NULL,NULL,NULL,NULL,NULL,NULL,NULL,NULL,NULL,NULL,NULL,NULL,NULL,NULL,NULL,NULL,NULL,NULL,NULL,NULL,NULL,NULL,NULL,NULL,NULL,NULL,NULL,NULL,NULL,NULL,NULL
"902135","10d6994c81d636b3bfffd9db0e8ef846426e7bfb15bc1839ad3e7ade46559d235d83e25136b8d9e7838cf643ab1adc19c274306dddddca9e41a50f7eeafc7110","JD268887","06/18/2020 04:20:00 PM","2","DRIVER",NULL,"855412.0",NULL,"ACURA","TLX","IL","2016.0","NONE","PASSENGER","PERSONAL","SE","SLOW/STOP IN TRAFFIC",NULL,NULL,"1.0",NULL,NULL,NULL,NULL,NULL,NULL,NULL,NULL,NULL,"Y",NULL,NULL,NULL,NULL,NULL,NULL,NULL,"REAR-LEFT",NULL,NULL,NULL,NULL,NULL,NULL,NULL,NULL,NULL,NULL,NULL,NULL,NULL,NULL,NULL,NULL,NULL,NULL,NULL,NULL,NULL,NULL,NULL,NULL,NULL,NULL,NULL,NULL,NULL,NULL,NULL,NULL,NULL
"902289","15c6d43696fc5e29f852b1d95990e5d3b7a5c427ce4c6a8632e534197b04736551eed67b1ce3d14b26e4fe9176f8105816bd9afb8dd73fc1f4d8d5742d620c91","JD269178","05/08/2020 04:08:00 PM","1","DRIVER",NULL,"855548.0",NULL,"NISSAN","MAXIMA","IL","2014.0","UNKNOWN","PASSENGER","PERSONAL","S","STRAIGHT AHEAD",NULL,NULL,"1.0",NULL,NULL,NULL,NULL,"Y",NULL,NULL,NULL,NULL,NULL,NULL,NULL,NULL,NULL,"Y","Y",NULL,"OTHER",NULL,NULL,NULL,NULL,NULL,NULL,NULL,NULL,NULL,NULL,NULL,NULL,NULL,NULL,NULL,NULL,NULL,NULL,NULL,NULL,NULL,NULL,NULL,NULL,NULL,NULL,NULL,NULL,NULL,NULL,NULL,NULL,NULL
"902302","e38b4277906d78ac8595bebef55162c6e0bd9711433d518d33e84ee6559faec2ab1ea538e3e729fdf5360e755a063c1dcd7e9c92401e081152abce4435db9f49","JD269148","06/19/2020 01:31:00 PM","2","DRIVER",NULL,"855571.0",NULL,"TOYOTA","PRIUS","IL","2013.0","UNKNOWN","PASSENGER","PERSONAL","S","STRAIGHT AHEAD",NULL,NULL,"1.0",NULL,NULL,NULL,NULL,NULL,NULL,NULL,NULL,"Y","Y","Y","Y","Y",NULL,NULL,NULL,NULL,"ROOF",NULL,NULL,NULL,NULL,NULL,NULL,NULL,NULL,NULL,NULL,NULL,NULL,NULL,NULL,NULL,NULL,NULL,NULL,NULL,NULL,NULL,NULL,NULL,NULL,NULL,NULL,NULL,NULL,NULL,NULL,NULL,NULL,NULL
"902361","a47fc62f02907202234dc4daf0d74df3e20eb9f5cf6ba22a4b59db13098ceedbb7257a9d438d06d7423da42dd1076a9557b77f44306e30275bebbe708f1849f0","JD269257","06/19/2020 03:00:00 PM","2","DRIVER",NULL,"855610.0",NULL,"INFINITI","G37","IL","2012.0","UNKNOWN","PASSENGER","PERSONAL","W","STRAIGHT AHEAD",NULL,NULL,"1.0",NULL,NULL,NULL,NULL,NULL,NULL,NULL,NULL,NULL,"Y",NULL,NULL,NULL,NULL,NULL,NULL,NULL,"REAR-LEFT",NULL,NULL,NULL,NULL,NULL,NULL,NULL,NULL,NULL,NULL,NULL,NULL,NULL,NULL,NULL,NULL,NULL,NULL,NULL,NULL,NULL,NULL,NULL,NULL,NULL,NULL,NULL,NULL,NULL,NULL,NULL,NULL,NULL
"902689","f28ce77a7b7c601f5d0d7e1ab28527b2f955a7acee1b0c2da24ad2196685cb1f2159df0112d90a67b0e7411248c8a04343056d15c23a01ba1c5990b3ec0a52f4","JD269710","06/19/2020 10:10:00 PM","1","DRIVER","1.0","855923.0",NULL,"HARLEY-DAVIDSON","HARLEY-DAVIDSON","WI","2012.0","UNKNOWN","MOTORCYCLE (OVER 150CC)","PERSONAL","S","STRAIGHT AHEAD",NULL,NULL,"2.0",NULL,NULL,NULL,NULL,NULL,NULL,NULL,NULL,NULL,NULL,NULL,NULL,"N","Y","Y","N",NULL,"TOTAL (ALL AREAS)",NULL,NULL,NULL,NULL,NULL,NULL,NULL,NULL,NULL,NULL,NULL,NULL,NULL,NULL,NULL,NULL,NULL,NULL,NULL,NULL,NULL,NULL,NULL,NULL,NULL,NULL,NULL,NULL,NULL,NULL,NULL,NULL,NULL
"903127","d764c117db442f6feab2c6ec62f246682729d98ec1f4d195529c70bc896a66120fb1569ad10b56765ccc7f00b9b93af1be706894297de9ae362777329a680f7f","JD270489","06/20/2020 01:00:00 PM","1","DRIVER",NULL,"856353.0",NULL,"FORD","FUSION","IL","2017.0","UNKNOWN","PASSENGER","PERSONAL","S","STRAIGHT AHEAD","Y",NULL,"1.0",NULL,"city of chicago",NULL,NULL,NULL,NULL,NULL,NULL,NULL,NULL,NULL,NULL,"N","Y","Y","Y",NULL,"TOTAL (ALL AREAS)",NULL,NULL,NULL,NULL,NULL,NULL,NULL,NULL,NULL,NULL,NULL,NULL,NULL,NULL,NULL,NULL,NULL,NULL,NULL,NULL,NULL,NULL,NULL,NULL,NULL,NULL,NULL,NULL,NULL,NULL,NULL,NULL,NULL
"903343","3d3506e8bb7f03488dec81454ae32ba1c76b156a0e572868bca419898a2140c4f2c301c32db575e4b4a091135ed759b83ed2a8705c81489a99567cb5fd5c872d","JD270739","06/20/2020 07:00:00 PM","1","DRIVER","1.0","856562.0","N","FORD","OTHER (EXPLAIN IN NARRATIVE)","IL","2016.0","NONE","BUS UP TO 15 PASS.","AMBULANCE","N","STRAIGHT AHEAD",NULL,NULL,"2.0",NULL,NULL,NULL,"Y",NULL,NULL,NULL,NULL,"Y",NULL,NULL,NULL,NULL,NULL,NULL,NULL,NULL,"REAR-RIGHT",NULL,NULL,NULL,NULL,NULL,NULL,NULL,NULL,NULL,NULL,NULL,NULL,NULL,NULL,NULL,NULL,NULL,NULL,NULL,NULL,NULL,NULL,NULL,NULL,NULL,NULL,NULL,NULL,NULL,NULL,NULL,NULL,NULL