"CRASH_UNIT_ID","CRASH_RECORD_ID","RD_NO","CRASH_DATE","UNIT_NO","UNIT_TYPE","NUM_PASSENGERS","VEHICLE_ID","CMRC_VEH_I","MAKE","MODEL","LIC_PLATE_STATE","VEHICLE_YEAR","VEHICLE_DEFECT","VEHICLE_TYPE","VEHICLE_USE","TRAVEL_DIRECTION","MANEUVER","TOWED_I","FIRE_I","OCCUPANT_CNT","EXCEED_SPEED_LIMIT_I","TOWED_BY","TOWED_TO","AREA_00_I","AREA_01_I","AREA_02_I","AREA_03_I","AREA_04_I","AREA_05_I","AREA_06_I","AREA_07_I","AREA_08_I","AREA_09_I","AREA_10_I","AREA_11_I","AREA_12_I","AREA_99_I","FIRST_CONTACT_POINT","CMV_ID","USDOT_NO","CCMC_NO","ILCC_NO","COMMERCIAL_SRC","GVWR","CARRIER_NAME","CARRIER_STATE","CARRIER_CITY","HAZMAT_PLACARDS_I","HAZMAT_NAME","UN_NO","HAZMAT_PRESENT_I","HAZMAT_REPORT_I","HAZMAT_REPORT_NO","MCS_REPORT_I","MCS_REPORT_NO","HAZMAT_VIO_CAUSE_CRASH_I","MCS_VIO_CAUSE_CRASH_I","IDOT_PERMIT_NO","WIDE_LOAD_I","TRAILER1_WIDTH","TRAILER2_WIDTH","TRAILER1_LENGTH","TRAILER2_LENGTH","TOTAL_VEHICLE_LENGTH","AXLE_CNT","VEHICLE_CONFIG","CARGO_BODY_TYPE","LOAD_TYPE","HAZMAT_OUT_OF_SERVICE_I","MCS_OUT_OF_SERVICE_I","HAZMAT_CLASS"
"903555","03c327c0afd8384617faea2f5979b032a11e88e55361b608a29573115295403d0ab571b05a5a290d224b13fd69be4429b948a739a6717579f7a75e8716b50193","JD271070","06/21/2020 03:20:00 AM","2","PARKED",NULL,"856774.0",NULL,"BUICK","ENCORE","IL","2014.0","UNKNOWN","PASSENGER","PERSONAL","UNKNOWN","PARKED",NULL,NULL,"0.0",NULL,NULL,NULL,NULL,NULL,NULL,NULL,NULL,NULL,"Y","Y","Y","Y","Y","Y","Y",NULL,"FRONT-LEFT",NULL,NULL,NULL,NULL,NULL,NULL,NULL,NULL,NULL,NULL,NULL,NULL,NULL,NULL,NULL,NULL,NULL,NULL,NULL,NULL,NULL,NULL,NULL,NULL,NULL,NULL,NULL,NULL,NULL,NULL,NULL,NULL,NULL
"903559","4ff94edc290c1a94127562824d575c93ce12cf5088ecd1d131c152409710aa46bba77e59ec8ed64277dab755dfae464e1afb6c949bf884b85a3d36503676d933","JD271065","06/21/2020 03:07:00 AM","3","DRIVER","1.0","856805.0",NULL,"AUDI","A4","IL","2008.0","UNKNOWN","PASSENGER","PERSONAL","E","STRAIGHT AHEAD",NULL,NULL,"2.0",NULL,NULL,NULL,NULL,"Y",NULL,NULL,NULL,NULL,NULL,NULL,NULL,NULL,NULL,"Y","Y",NULL,"OTHER",NULL,NULL,NULL,NULL,NULL,NULL,NULL,NULL,NULL,NULL,NULL,NULL,NULL,NULL,NULL,NULL,NULL,NULL,NULL,NULL,NULL,NULL,NULL,NULL,NULL,NULL,NULL,NULL,NULL,NULL,NULL,NULL,NULL
"903888","726e87a1320f0d9630f50217e94ce9ca0f79e15e78fa6d59d0908c9fbcfac3fa0a7d3b30cdc0828ad0a561ffa3878bdd6f720c7654025168b3f213a70633bd5c","JD271560","06/21/2020 05:18:00 PM","2","DRIVER",NULL,"857087.0",NULL,"UNKNOWN","OTHER (EXPLAIN IN NARRATIVE)","IL","2018.0","NONE","BUS OVER 15 PASS.","OTHER","S","STRAIGHT AHEAD",NULL,NULL,"1.0",NULL,NULL,NULL,NULL,NULL,NULL,NULL,NULL,NULL,NULL,NULL,NULL,NULL,"Y","Y",NULL,NULL,"UNDER CARRIAGE",NULL,NULL,NULL,NULL,NULL,NULL,NULL,NULL,NULL,NULL,NULL,NULL,NULL,NULL,NULL,NULL,NULL,NULL,NULL,NULL,NULL,NULL,NULL,NULL,NULL,NULL,NULL,NULL,NULL,NULL,NULL,NULL,NULL
"904166","d526e2ba2dcceaf0d1c455413adc26bfaaec7231fdd0126de5a46bc17a2e132bb53c5446021ea02dbb9e2d8c057eae05136f85b4fc98c38c55cd74c333b885fd","JD272129","06/20/2020 10:30:00 PM","1","DRIVER",NULL,"857340.0",NULL,"NISSAN","SENTRA","IL","2018.0","UNKNOWN","PASSENGER","PERSONAL","W","STRAIGHT AHEAD",NULL,NULL,"1.0",NULL,NULL,NULL,NULL,NULL,NULL,NULL,NULL,NULL,NULL,NULL,NULL,NULL,NULL,NULL,"Y",NULL,"OTHER",NULL,NULL,NULL,NULL,NULL,NULL,NULL,NULL,NULL,NULL,NULL,NULL,NULL,NULL,NULL,NULL,NULL,NULL,NULL,NULL,NULL,NULL,NULL,NULL,NULL,NULL,NULL,NULL,NULL,NULL,NULL,NULL,NULL
"904661","129ca1134254203219a127401fd8eb2d36675e17d774f17d0c387113d62e068dfc43943cd32fa7850cb8176798f2233fd5ad7954af65b892ba983b535fe1ae6b","JD272961","06/22/2020 08:39:00 PM","2","PARKED",NULL,"857819.0",NULL,"HONDA","PILOT","IL","2009.0","NONE","SPORT UTILITY VEHICLE (SUV)","NOT IN USE","W","PARKED",NULL,NULL,"0.0",NULL,NULL,NULL,NULL,NULL,NULL,NULL,NULL,NULL,"Y","Y",NULL,NULL,NULL,NULL,NULL,NULL,"SIDE-LEFT",NULL,NULL,NULL,NULL,NULL,NULL,NULL,NULL,NULL,NULL,NULL,NULL,NULL,NULL,NULL,NULL,NULL,NULL,NULL,NULL,NULL,NULL,NULL,NULL,NULL,NULL,NULL,NULL,NULL,NULL,NULL,NULL,NULL
"904710","c90f70ce438bba850f44227a78d1918f235dffaedac50567669377dc9d17232c8421a66cc578ef9018fbe12caf50ab3875833fc0686dee8ddf995217bfcae17c","JD273042","06/22/2020 09:50:00 PM","1","DRIVER",NULL,"857861.0",NULL,"FORD","FOCUS","IL","2016.0","NONE","PASSENGER","PERSONAL","W","STRAIGHT AHEAD",NULL,NULL,"1.0",NULL,NULL,NULL,NULL,NULL,NULL,NULL,NULL,NULL,NULL,NULL,NULL,NULL,NULL,NULL,"Y",NULL,"OTHER",NULL,NULL,NULL,NULL,NULL,NULL,NULL,NULL,NULL,NULL,NULL,NULL,NULL,NULL,NULL,NULL,NULL,NULL,NULL,NULL,NULL,NULL,NULL,NULL,NULL,NULL,NULL,NULL,NULL,NULL,NULL,NULL,NULL
"905040","c55416e9a678f72ac56e00232dcd1d1bc958d1a42de8f58fe66c5b230f005dccddd229cc485a9448b4aa986c85b201f3c0d6c28ca9027902d4bb5a023e7f8967","JD273803","06/23/2020 05:10:00 PM","1","DRIVER","1.0","858172.0",NULL,"VOLKSWAGEN","TIGUAN","IL","2015.0","UNKNOWN","PASSENGER","PERSONAL","W","STRAIGHT AHEAD",NULL,NULL,"2.0",NULL,NULL,NULL,NULL,NULL,NULL,NULL,NULL,NULL,NULL,NULL,NULL,NULL,"Y","Y","Y",NULL,"TOTAL (ALL AREAS)",NULL,NULL,NULL,NULL,NULL,NULL,NULL,NULL,NULL,NULL,NULL,NULL,NULL,NULL,NULL,NULL,NULL,NULL,NULL,NULL,NULL,NULL,NULL,NULL,NULL,NULL,NULL,NULL,NULL,NULL,NULL,NULL,NULL
"905094","d1b74852b953564d824bbd868c80250c2a56147b3a7df78ff93c919534fc77c48b91ece1fd13d5bd44914f29d7eba7d289c5e97d2d7aace45c10b0086261d02a","JD273908","06/23/2020 06:17:00 PM","1","DRIVER","2.0","858220.0",NULL,"MAZDA","MAZDA6","IL","2013.0","UNKNOWN","PASSENGER","PERSONAL","E","STRAIGHT AHEAD","Y",NULL,"3.0",NULL,"A&E TOWING","6758 S SOUTH CHICAGO AVE",NULL,"Y","Y",NULL,NULL,NULL,NULL,NULL,NULL,NULL,NULL,"Y","Y",NULL,"FRONT",NULL,NULL,NULL,NULL,NULL,NULL,NULL,NULL,NULL,NULL,NULL,NULL,NULL,NULL,NULL,NULL,NULL,NULL,NULL,NULL,NULL,NULL,NULL,NULL,NULL,NULL,NULL,NULL,NULL,NULL,NULL,NULL,NULL
"905193","f68c3f60ae5975b9a8a697dd75c8f7c65c1bedc0dff6214c56200630cd9e5050e8c4b359ba291ef6670d65c3ce721f21cc915b6be0a871c9af754835cf937692","JD274078","06/23/2020 08:40:00 PM","2","DRIVER",NULL,"858332.0",NULL,"CHEVROLET","MALIBU","IL","2018.0","NONE","PASSENGER","PERSONAL","W","STRAIGHT AHEAD",NULL,NULL,"1.0",NULL,NULL,NULL,NULL,NULL,NULL,NULL,NULL,"Y","Y","Y",NULL,NULL,NULL,NULL,NULL,NULL,"REAR-LEFT",NULL,NULL,NULL,NULL,NULL,NULL,NULL,NULL,NULL,NULL,NULL,NULL,NULL,NULL,NULL,NULL,NULL,NULL,NULL,NULL,NULL,NULL,NULL,NULL,NULL,NULL,NULL,NULL,NULL,NULL,NULL,NULL,NULL
"905513","c89da643bd6f84239cbb29e0e02f7b71c5e99bd0a6c3faf90199e98d1974405cad72079727610e2776e6c986f6f5a3dd7289a12905e2da2e82dbaf1dab2df4da","JD274854","06/24/2020 03:05:00 PM","1","DRIVER","1.0","858621.0",NULL,"CHEVROLET","TAHOE","IL","2010.0","UNKNOWN","PASSENGER","POLICE","W","BACKING",NULL,NULL,"2.0",NULL,NULL,NULL,NULL,NULL,NULL,NULL,NULL,"Y",NULL,NULL,NULL,NULL,NULL,NULL,NULL,NULL,"REAR-LEFT",NULL,NULL,NULL,NULL,NULL,NULL,NULL,NULL,NULL,NULL,NULL,NULL,NULL,NULL,NULL,NULL,NULL,NULL,NULL,NULL,NULL,NULL,NULL,NULL,NULL,NULL,NULL,NULL,NULL,NULL,NULL,NULL,NULL
"905743","419cd5ab55e321fa5f5de2cf0cbd728c1600d0c881b573db0f506a55888c1ec0fa7d2edad13ad893b33907e7197ac145eac7d702f069bafa3869d5964305c206","JD275179","06/24/2020 06:40:00 PM","2","DRIVER",NULL,"858837.0",NULL,"YAMAHA","YAMAHA","IL","2015.0","NONE","MOTORCYCLE (OVER 150CC)","PERSONAL","W","STRAIGHT AHEAD","Y",NULL,"1.0",NULL,"private tow","unknown at this time",NULL,NULL,NULL,NULL,NULL,NULL,NULL,"Y","Y","Y","Y","Y",NULL,NULL,"REAR-LEFT",NULL,NULL,NULL,NULL,NULL,NULL,NULL,NULL,NULL,NULL,NULL,NULL,NULL,NULL,NULL,NULL,NULL,NULL,NULL,NULL,NULL,NULL,NULL,NULL,NULL,NULL,NULL,NULL,NULL,NULL,NULL,NULL,NULL
"906011","6655fef0e3ee0e45909e313ac5137e0780499f7d1256e732b6e8276395f07a22acb17973b0ba7b675f4de3652f20e82e153076f80f305ec342fcef1b964bc9e8","JD275626","06/25/2020 09:58:00 AM","1","DRIVER",NULL,"859083.0",NULL,"KIA","SOUL","IL","2015.0","UNKNOWN","SPORT UTILITY VEHICLE (SUV)","PERSONAL","S","STRAIGHT AHEAD","Y",NULL,"1.0",NULL,NULL,NULL,NULL,NULL,NULL,NULL,NULL,NULL,NULL,NULL,NULL,"Y","Y","Y","Y",NULL,"TOTAL (ALL AREAS)",NULL,NULL,NULL,NULL,NULL,NULL,NULL,NULL,NULL,NULL,NULL,NULL,NULL,NULL,NULL,NULL,NULL,NULL,NULL,NULL,NULL,NULL,NULL,NULL,NULL,NULL,NULL,NULL,NULL,NULL,NULL,NULL,NULL
"906095","89f886dd14a829ae86ff6280309970d92b8d79fa6231a98be28059cc8fea7841941670d9c29e764309e272c06f49690432e4335e3b1d480a07ec6a4351e6a6df","JD275872","06/25/2020 12:30:00 PM","1","DRIVER",NULL,"859179.0",NULL,"CHRYSLER","PACIFICA","IL","2019.0","NONE","VAN/MINI-VAN","POLICE","S","AVOIDING VEHICLES/OBJECTS",NULL,NULL,"1.0",NULL,NULL,NULL,NULL,NULL,NULL,NULL,NULL,NULL,NULL,NULL,NULL,NULL,"Y",NULL,NULL,NULL,NULL,NULL,NULL,NULL,NULL,NULL,NULL,NULL,NULL,NULL,NULL,NULL,NULL,NULL,NULL,NULL,NULL,NULL,NULL,NULL,NULL,NULL,NULL,NULL,NULL,NULL,NULL,NULL,NULL,NULL,NULL,NULL,NULL,NULL
"906125","34536dfc42e708f0e1d92e77ed1f0064f73ae652f1b83a47ad55e0eb43935c41381dc518170d0612d8f9c0c284d1074c976295a24ce6a0efe0ba14649eaa30b5","JD275929","06/25/2020 01:14:00 PM","2","DRIVER",NULL,"859190.0",NULL,"NISSAN","KICKS","IL","2019.0","UNKNOWN","SPORT UTILITY VEHICLE (SUV)","PERSONAL","N","SLOW/STOP IN TRAFFIC",NULL,NULL,"1.0",NULL,NULL,NULL,NULL,NULL,NULL,NULL,NULL,"Y",NULL,NULL,NULL,NULL,NULL,NULL,NULL,NULL,"REAR-LEFT",NULL,NULL,NULL,NULL,NULL,NULL,NULL,NULL,NULL,NULL,NULL,NULL,NULL,NULL,NULL,NULL,NULL,NULL,NULL,NULL,NULL,NULL,NULL,NULL,NULL,NULL,NULL,NULL,NULL,NULL,NULL,NULL,NULL
"906455","3be7b5623b1b42eb34b0ad7b4cfe3e0336636b001de7a3044210af1a4ff258ce845a58c0f7e6c3c38441604b65a3f0e36cf38dce8e34c8e37afb1c3810e9bd67","JD276508","06/26/2020 02:10:00 AM","2","DRIVER",NULL,"859496.0",NULL,"JEEP","PATRIOT","IL","2015.0","UNKNOWN","PASSENGER","UNKNOWN/NA","W","SLOW/STOP IN TRAFFIC",NULL,NULL,"1.0",NULL,NULL,NULL,NULL,NULL,NULL,NULL,NULL,NULL,"Y",NULL,NULL,NULL,NULL,NULL,NULL,NULL,"REAR-LEFT",NULL,NULL,NULL,NULL,NULL,NULL,NULL,NULL,NULL,NULL,NULL,NULL,NULL,NULL,NULL,NULL,NULL,NULL,NULL,NULL,NULL,NULL,NULL,NULL,NULL,NULL,NULL,NULL,NULL,NULL,NULL,NULL,NULL
"906630","15f87ff01ae63888844f81ad611fb55aba6eb6d93b1743c59524f0a646cd7c4817c4fde940166ec581b578e23a3c9d1021d7027f64ff1bd287c3d401aa4b7562","JD276882","06/25/2020 05:00:00 PM","2","PARKED",NULL,"859660.0",NULL,"VOLKSWAGEN","GTI",NULL,"2017.0","NONE","PASSENGER","NOT IN USE","E","PARKED",NULL,NULL,"0.0",NULL,NULL,NULL,NULL,NULL,NULL,NULL,NULL,NULL,"Y","Y",NULL,NULL,NULL,NULL,NULL,NULL,"REAR-LEFT",NULL,NULL,NULL,NULL,NULL,NULL,NULL,NULL,NULL,NULL,NULL,NULL,NULL,NULL,NULL,NULL,NULL,NULL,NULL,NULL,NULL,NULL,NULL,NULL,NULL,NULL,NULL,NULL,NULL,NULL,NULL,NULL,NULL
"906639","f99efea8bc3e9921f8a3483b30b8ea6d05434529fa5d666af2967a9269793516d913156a4fa5380d72939d9b700ba0f817bd61f5fdf41aaea2bc8fa18b40e430","JD276820","06/26/2020 11:00:00 AM","1","DRIVER","2.0","859666.0",NULL,"TOYOTA","SIENNA","IL","2014.0","UNKNOWN","VAN/MINI-VAN","PERSONAL","E","PASSING/OVERTAKING",NULL,NULL,"3.0",NULL,NULL,NULL,NULL,"Y",NULL,NULL,NULL,NULL,NULL,NULL,NULL,NULL,NULL,NULL,NULL,NULL,"FRONT",NULL,NULL,NULL,NULL,NULL,NULL,NULL,NULL,NULL,NULL,NULL,NULL,NULL,NULL,NULL,NULL,NULL,NULL,NULL,NULL,NULL,NULL,NULL,NULL,NULL,NULL,NULL,NULL,NULL,NULL,NULL,NULL,NULL
"907411","e03c5cb9767664af5cbd3ccb370fd75bb20bf472e15dffcbb94e9cf0f3b2006d4a0e3d772b8414c29657584758d931017cbe441e688c261bfdc7c64b577232ee","JD278049","06/27/2020 01:50:00 PM","4","DRIVER",NULL,"860342.0",NULL,"NISSAN","ROGUE",NULL,"2018.0","UNKNOWN","SPORT UTILITY VEHICLE (SUV)","PERSONAL","S","STRAIGHT AHEAD",NULL,NULL,"1.0",NULL,NULL,NULL,NULL,NULL,NULL,NULL,NULL,NULL,"Y",NULL,NULL,NULL,NULL,NULL,NULL,NULL,"REAR-LEFT",NULL,NULL,NULL,NULL,NULL,NULL,NULL,NULL,NULL,NULL,NULL,NULL,NULL,NULL,NULL,NULL,NULL,NULL,NULL,NULL,NULL,NULL,NULL,NULL,NULL,NULL,NULL,NULL,NULL,NULL,NULL,NULL,NULL
"907995","f991a6c9362ce3ea30797e2ed9774e69aa6c572027c45dbd773ac2b60e85e85dad054245769717a36bdcc6ef13393b652c626abcbc1264dbc91de98ac5d0725a","JD279140","06/28/2020 01:00:00 PM","2","PARKED",NULL,"860891.0",NULL,"TOYOTA","COROLLA","IN","2013.0","UNKNOWN","PASSENGER","PERSONAL","S","PARKED",NULL,NULL,"0.0",NULL,NULL,NULL,NULL,NULL,NULL,NULL,NULL,NULL,NULL,NULL,NULL,NULL,NULL,"Y",NULL,NULL,"TOTAL (ALL AREAS)",NULL,NULL,NULL,NULL,NULL,NULL,NULL,NULL,NULL,NULL,NULL,NULL,NULL,NULL,NULL,NULL,NULL,NULL,NULL,NULL,NULL,NULL,NULL,NULL,NULL,NULL,NULL,NULL,NULL,NULL,NULL,NULL,NULL
"908151","348a2b8bc677dcd4f815a6adc91f1d84fa8e4369143b21ea3fba8a5bab50b2706a84e67c5206774bb1e6a91d65bc54c3628eb13de6615e9730e47181568cde30","JD279450","06/28/2020 02:00:00 PM","2","PARKED",NULL,"861037.0",NULL,"TOYOTA","COROLLA","IL","2018.0","NONE","PASSENGER","NOT IN USE","E","PARKED",NULL,NULL,"0.0",NULL,NULL,NULL,NULL,NULL,NULL,NULL,NULL,NULL,NULL,NULL,"Y","Y","N",NULL,NULL,NULL,"ROOF",NULL,NULL,NULL,NULL,NULL,NULL,NULL,NULL,NULL,NULL,NULL,NULL,NULL,NULL,NULL,NULL,NULL,NULL,NULL,NULL,NULL,NULL,NULL,NULL,NULL,NULL,NULL,NULL,NULL,NULL,NULL,NULL,NULL
"908659","4ce22a3a94cc016d0531f581328cd23ea4151c032ec7a17520722870f7f26f7ebc7d5a1ffebe866e0a5c7a8394d2ac73bb95a470002dbead703f9f8262a3c454","JD280296","06/29/2020 04:00:00 PM","2","PARKED",NULL,"861472.0",NULL,"TOYOTA","TUNDRA","IL","2016.0","NONE","PICKUP","UNKNOWN/NA","E","PARKED",NULL,NULL,"0.0",NULL,NULL,NULL,NULL,NULL,NULL,NULL,NULL,NULL,NULL,"Y","Y",NULL,NULL,NULL,NULL,NULL,"SIDE-LEFT",NULL,NULL,NULL,NULL,NULL,NULL,NULL,NULL,NULL,NULL,NULL,NULL,NULL,NULL,NULL,NULL,NULL,NULL,NULL,NULL,NULL,NULL,NULL,NULL,NULL,NULL,NULL,NULL,NULL,NULL,NULL,NULL,NULL
"908734","99ec7b54148c2e83179b3dccc9b4da9fce69d0fbe806839ef978fa0496bf459829f9062b94da2763f03bb93e3e0f7a120427f1337f7f24e074ca2903966f4821","JD280388","06/29/2020 04:32:00 PM","2","DRIVER",NULL,"861536.0",NULL,"CHEVROLET","MALIBU","IL","2013.0","UNKNOWN","PASSENGER","UNKNOWN/NA","W","SLOW/STOP IN TRAFFIC",NULL,NULL,"1.0",NULL,NULL,NULL,NULL,NULL,NULL,NULL,NULL,NULL,NULL,"Y","Y","Y","Y","N",NULL,NULL,"ROOF",NULL,NULL,NULL,NULL,NULL,NULL,NULL,NULL,NULL,NULL,NULL,NULL,NULL,NULL,NULL,NULL,NULL,NULL,NULL,NULL,NULL,NULL,NULL,NULL,NULL,NULL,NULL,NULL,NULL,NULL,NULL,NULL,NULL
"909018","b4548288f2df201de8d9f76d16bc83b1f82a8a8ae4a8bdaeb97570b488a8e5b75a96683faa7256c4a29558d77dfa6316b8656f2106c55d666edcc3e7d54ddb92","JD280912","06/30/2020 09:58:00 AM","1","DRIVER",NULL,"861814.0",NULL,"CADILLAC","OTHER (EXPLAIN IN NARRATIVE)","IL","2013.0","UNKNOWN","PASSENGER","UNKNOWN/NA","E","STRAIGHT AHEAD",NULL,NULL,"1.0",NULL,NULL,NULL,NULL,"Y",NULL,NULL,NULL,NULL,NULL,NULL,NULL,NULL,NULL,NULL,NULL,NULL,"FRONT",NULL,NULL,NULL,NULL,NULL,NULL,NULL,NULL,NULL,NULL,NULL,NULL,NULL,NULL,NULL,NULL,NULL,NULL,NULL,NULL,NULL,NULL,NULL,NULL,NULL,NULL,NULL,NULL,NULL,NULL,NULL,NULL,NULL
"909042","a0c8783070dfab76b61e5c01b16f6a342f410b8c6290db38e75574b96f0af86333f432eae19c8d7bf66b1b440bb99b9b6daa230fe08ec3132ad84faaa2312699","JD281008","06/30/2020 11:05:00 AM","1","DRIVER",NULL,"861842.0",NULL,"FORD","OTHER (EXPLAIN IN NARRATIVE)","IL","2017.0","NONE","OTHER","AMBULANCE","E","STRAIGHT AHEAD",NULL,NULL,"1.0",NULL,NULL,NULL,"Y",NULL,NULL,NULL,NULL,NULL,NULL,NULL,NULL,NULL,NULL,NULL,NULL,NULL,"UNKNOWN",NULL,NULL,NULL,NULL,NULL,NULL,NULL,NULL,NULL,NULL,NULL,NULL,NULL,NULL,NULL,NULL,NULL,NULL,NULL,NULL,NULL,NULL,NULL,NULL,NULL,NULL,NULL,NULL,NULL,NULL,NULL,NULL,NULL
"909160","bf8cc935347081ca319b5d05620a59c1f6a8ba968df14fb38668bbc4eb14c1587aa3ab57645c78905503b0aa47257e49c53abd57821968a3489df309aa28de9c","JD281259","06/30/2020 12:00:00 PM","2","DRIVER",NULL,"861951.0",NULL,"FORD","ESCAPE","IL","2020.0","NONE","PASSENGER","PERSONAL","W","STRAIGHT AHEAD",NULL,NULL,"1.0",NULL,NULL,NULL,NULL,NULL,NULL,NULL,NULL,NULL,"Y",NULL,NULL,NULL,NULL,NULL,NULL,NULL,"REAR-LEFT",NULL,NULL,NULL,NULL,NULL,NULL,NULL,NULL,NULL,NULL,NULL,NULL,NULL,NULL,NULL,NULL,NULL,NULL,NULL,NULL,NULL,NULL,NULL,NULL,NULL,NULL,NULL,NULL,NULL,NULL,NULL,NULL,NULL
"909179","64a3995079689410a52b4ee5c56ff4629af8648ee04ed7e2fc57e34d80c7bba8302991a81e8e62eea04003e79f544f796d4de0192293414eaa3c28a7790082ef","JD281316","06/27/2020 07:30:00 PM","2","PARKED",NULL,"862030.0",NULL,"CHEVROLET","MALIBU","IL","2016.0","NONE","PASSENGER","NOT IN USE","W","PARKED",NULL,NULL,"0.0",NULL,NULL,NULL,NULL,NULL,NULL,NULL,NULL,NULL,NULL,NULL,NULL,NULL,NULL,"Y",NULL,NULL,"TOTAL (ALL AREAS)",NULL,NULL,NULL,NULL,NULL,NULL,NULL,NULL,NULL,NULL,NULL,NULL,NULL,NULL,NULL,NULL,NULL,NULL,NULL,NULL,NULL,NULL,NULL,NULL,NULL,NULL,NULL,NULL,NULL,NULL,NULL,NULL,NULL
"909381","33b733e6aa6d7d5208c489d69223ba73cb2a350c1c325d09ff67ae7aee12f5bb377f2b0a8106b51b74391fdd357f8c34264d8dccfc94a8a977bc7aff729314bd","JD281564","06/30/2020 07:15:00 PM","2","PARKED",NULL,"862158.0",NULL,"TOYOTA","COROLLA","IL","2018.0","UNKNOWN","PASSENGER","PERSONAL","S","PARKED",NULL,NULL,"0.0",NULL,NULL,NULL,NULL,"Y",NULL,NULL,NULL,NULL,NULL,NULL,NULL,NULL,NULL,NULL,NULL,NULL,"FRONT",NULL,NULL,NULL,NULL,NULL,NULL,NULL,NULL,NULL,NULL,NULL,NULL,NULL,NULL,NULL,NULL,NULL,NULL,NULL,NULL,NULL,NULL,NULL,NULL,NULL,NULL,NULL,NULL,NULL,NULL,NULL,NULL,NULL
"909484","10fcf3c56b8e6014d91bfab219807107a1a72ea3a280c47fd7eb46163728a67352bb6b86802c4612a6279b8e4b17ba189cde59a1b353b7c8ac0ddb943586e337","JD281716","06/30/2020 10:50:00 PM","2","DRIVER","2.0","862266.0",NULL,"HONDA","ACCORD","IL","2017.0","NONE","PASSENGER","UNKNOWN/NA","W","TURNING LEFT","Y",NULL,"3.0",NULL,"PRIVATE TOWED","UNKNOWN",NULL,"Y",NULL,NULL,NULL,NULL,NULL,NULL,NULL,NULL,"Y","Y","Y",NULL,"TOTAL (ALL AREAS)",NULL,NULL,NULL,NULL,NULL,NULL,NULL,NULL,NULL,NULL,NULL,NULL,NULL,NULL,NULL,NULL,NULL,NULL,NULL,NULL,NULL,NULL,NULL,NULL,NULL,NULL,NULL,NULL,NULL,NULL,NULL,NULL,NULL
"909786","eb4448fef430efcd489fc89bef0df1405f1b0ae6b8fdd515289c25e212f119bea30fdffb7574965a51068f587f49749096817730201990caabd0cd7674e9495f","JD282410","07/01/2020 04:00:00 PM","2","DRIVER","1.0","862561.0",NULL,"HONDA","ACCORD","IL","2013.0","UNKNOWN","PASSENGER","PERSONAL","S","STRAIGHT AHEAD","Y",NULL,"2.0",NULL,"private","unknown",NULL,"Y",NULL,NULL,NULL,NULL,NULL,NULL,NULL,NULL,NULL,"Y","Y",NULL,NULL,NULL,NULL,NULL,NULL,NULL,NULL,NULL,NULL,NULL,NULL,NULL,NULL,NULL,NULL,NULL,NULL,NULL,NULL,NULL,NULL,NULL,NULL,NULL,NULL,NULL,NULL,NULL,NULL,NULL,NULL,NULL,NULL,NULL
"909929","fd18120ffe49ef42ea4279acbbfc490ed32dc47f3862b752818eb760ecce8afaf9026dfb2ec2a858bb04988d38c2147cd341a66a5c8dee34301562e044d95545","JD282639","06/26/2020 08:10:00 AM","1","DRIVER",NULL,"862693.0",NULL,"CHEVROLET","C/K 1500","IL","2011.0","UNKNOWN","PICKUP","COMMERCIAL - SINGLE UNIT","W","STRAIGHT AHEAD",NULL,NULL,"1.0",NULL,NULL,NULL,NULL,NULL,NULL,NULL,NULL,NULL,NULL,NULL,NULL,NULL,NULL,NULL,"Y",NULL,"UNKNOWN",NULL,NULL,NULL,NULL,NULL,NULL,NULL,NULL,NULL,NULL,NULL,NULL,NULL,NULL,NULL,NULL,NULL,NULL,NULL,NULL,NULL,NULL,NULL,NULL,NULL,NULL,NULL,NULL,NULL,NULL,NULL,NULL,NULL
"910349","7feb613af80fe780d8beb7211254783775e7d163686f4a49f11b6e356ab2c7d91db3345183c5d181ee2577c1b7018b91012330762c30d62224ecde9162738f20","JD283439","07/02/2020 01:30:00 PM","2","DRIVER","1.0","863098.0",NULL,"VOLKSWAGEN","JETTA","IL","2013.0","NONE","PASSENGER","PERSONAL","W","STRAIGHT AHEAD",NULL,NULL,"2.0",NULL,NULL,NULL,NULL,NULL,NULL,NULL,NULL,NULL,NULL,"Y",NULL,NULL,NULL,NULL,NULL,NULL,"SIDE-LEFT",NULL,NULL,NULL,NULL,NULL,NULL,NULL,NULL,NULL,NULL,NULL,NULL,NULL,NULL,NULL,NULL,NULL,NULL,NULL,NULL,NULL,NULL,NULL,NULL,NULL,NULL,NULL,NULL,NULL,NULL,NULL,NULL,NULL
"910361","4dc123f1b8b425152c52a38b9958ca4c71dcdf0acfede60d718ea2aef0461ecd382b4b186da4b115bfab8dff41c000d5ebfc51ec6a8b90d4fad0110bc52d323b","JD283448","07/02/2020 02:40:00 PM","1","DRIVER","1.0","863106.0",NULL,"LEXUS","RX350","IL","2012.0","NONE","SPORT UTILITY VEHICLE (SUV)","PERSONAL","N","ENTERING TRAFFIC LANE FROM PARKING",NULL,NULL,"2.0",NULL,NULL,NULL,NULL,NULL,NULL,NULL,NULL,NULL,NULL,NULL,NULL,NULL,NULL,"Y",NULL,NULL,"TOTAL (ALL AREAS)",NULL,NULL,NULL,NULL,NULL,NULL,NULL,NULL,NULL,NULL,NULL,NULL,NULL,NULL,NULL,NULL,NULL,NULL,NULL,NULL,NULL,NULL,NULL,NULL,NULL,NULL,NULL,NULL,NULL,NULL,NULL,NULL,NULL