"CRASH_UNIT_ID","CRASH_RECORD_ID","RD_NO","CRASH_DATE","UNIT_NO","UNIT_TYPE","NUM_PASSENGERS","VEHICLE_ID","CMRC_VEH_I","MAKE","MODEL","LIC_PLATE_STATE","VEHICLE_YEAR","VEHICLE_DEFECT","VEHICLE_TYPE","VEHICLE_USE","TRAVEL_DIRECTION","MANEUVER","TOWED_I","FIRE_I","OCCUPANT_CNT","EXCEED_SPEED_LIMIT_I","TOWED_BY","TOWED_TO","AREA_00_I","AREA_01_I","AREA_02_I","AREA_03_I","AREA_04_I","AREA_05_I","AREA_06_I","AREA_07_I","AREA_08_I","AREA_09_I","AREA_10_I","AREA_11_I","AREA_12_I","AREA_99_I","FIRST_CONTACT_POINT","CMV_ID","USDOT_NO","CCMC_NO","ILCC_NO","COMMERCIAL_SRC","GVWR","CARRIER_NAME","CARRIER_STATE","CARRIER_CITY","HAZMAT_PLACARDS_I","HAZMAT_NAME","UN_NO","HAZMAT_PRESENT_I","HAZMAT_REPORT_I","HAZMAT_REPORT_NO","MCS_REPORT_I","MCS_REPORT_NO","HAZMAT_VIO_CAUSE_CRASH_I","MCS_VIO_CAUSE_CRASH_I","IDOT_PERMIT_NO","WIDE_LOAD_I","TRAILER1_WIDTH","TRAILER2_WIDTH","TRAILER1_LENGTH","TRAILER2_LENGTH","TOTAL_VEHICLE_LENGTH","AXLE_CNT","VEHICLE_CONFIG","CARGO_BODY_TYPE","LOAD_TYPE","HAZMAT_OUT_OF_SERVICE_I","MCS_OUT_OF_SERVICE_I","HAZMAT_CLASS"
"910671","bb0b9e5afa49aa79f4b9803a52542243bd564968a35b2952f9335dece10e785d27d50b0edf5d3d95f20d00de0789eae845034cf3e5ab3df8caf8692c5f3669ef","JD283842","07/02/2020 07:47:00 PM","2","DRIVER",NULL,"863395.0",NULL,"DODGE","CHARGER","IL","2014.0","NONE","PASSENGER","PERSONAL","W","STRAIGHT AHEAD",NULL,NULL,"1.0",NULL,NULL,NULL,NULL,"Y",NULL,NULL,NULL,NULL,NULL,NULL,NULL,NULL,NULL,NULL,"Y",NULL,"OTHER",NULL,NULL,NULL,NULL,NULL,NULL,NULL,NULL,NULL,NULL,NULL,NULL,NULL,NULL,NULL,NULL,NULL,NULL,NULL,NULL,NULL,NULL,NULL,NULL,NULL,NULL,NULL,NULL,NULL,NULL,NULL,NULL,NULL
"910774","ada45f5310f70dd036066f7e102fc04d200aa8a8307c700b156ad1daa228fa29a547bc0387e5a19cf09385f67d06aa2fbe5f826bccc3e4b01ca85250f6907c2a","JD284115","07/03/2020 02:04:00 AM","2","DRIVER",NULL,"863494.0","Y","BLUEBIRD INTERNATIONAL","BLUEBIRD INTERNATIONAL","IL","2014.0","NONE","BUS OVER 15 PASS.","OTHER","SW","STRAIGHT AHEAD",NULL,NULL,"1.0",NULL,NULL,NULL,"Y",NULL,NULL,NULL,NULL,NULL,NULL,NULL,NULL,NULL,NULL,NULL,NULL,NULL,"UNKNOWN","10252.0","132164",NULL,NULL,"SIDE OF TRUCK",NULL,"GO AIRPORT EXPRESS BUS","IL","CHICAGO",NULL,NULL,NULL,NULL,NULL,NULL,NULL,NULL,NULL,NULL,NULL,NULL,NULL,NULL,NULL,NULL,NULL,NULL,"BUS","BUS","OTHER",NULL,NULL,NULL
"911132","ab6fff0bb8519952651ac45069021f650202148e0d05f24d8f9343151579615226cb3e9ea3467f2d4c501f0798d07c18a38ca2373ca5978a857410a694014b47","JD284743","07/03/2020 03:53:00 PM","2","DRIVER",NULL,"863820.0","N","CHEVROLET","OTHER (EXPLAIN IN NARRATIVE)","IL","2013.0","NONE","PASSENGER","PERSONAL","S","STRAIGHT AHEAD",NULL,NULL,"1.0",NULL,NULL,NULL,NULL,"Y",NULL,NULL,NULL,NULL,NULL,NULL,NULL,NULL,NULL,NULL,NULL,NULL,"FRONT-RIGHT",NULL,NULL,NULL,NULL,NULL,NULL,NULL,NULL,NULL,NULL,NULL,NULL,NULL,NULL,NULL,NULL,NULL,NULL,NULL,NULL,NULL,NULL,NULL,NULL,NULL,NULL,NULL,NULL,NULL,NULL,NULL,NULL,NULL
"911200","407d44236ea509dd3b69512d8484e4e6e4a5874e821e172c1aa23ed9c8c654f8612ac7b8197970036eabb99b64fa172339eba0d81a22c283ad7db52a8a709f5b","JD284859","07/03/2020 06:03:00 PM","2","DRIVER",NULL,"863870.0",NULL,"FORD","FIESTA","IL","2011.0","NONE","PASSENGER","PERSONAL","W","STRAIGHT AHEAD",NULL,NULL,"1.0",NULL,NULL,NULL,NULL,NULL,NULL,NULL,"Y",NULL,NULL,NULL,NULL,NULL,NULL,NULL,NULL,NULL,"SIDE-RIGHT",NULL,NULL,NULL,NULL,NULL,NULL,NULL,NULL,NULL,NULL,NULL,NULL,NULL,NULL,NULL,NULL,NULL,NULL,NULL,NULL,NULL,NULL,NULL,NULL,NULL,NULL,NULL,NULL,NULL,NULL,NULL,NULL,NULL
"911216","70e653ad9b62305f11b10bd944fa454edf7e2071b3634dd970f09931c4d4fe0cf6feea021101f7c263b889a699a16297fe1a05c95d5e2598fdb5a9588d439918","JD284803","07/03/2020 01:10:00 PM","1","DRIVER",NULL,"863891.0",NULL,"JEEP","LAREDO","IL","2020.0","NONE","PASSENGER","PERSONAL","W","SLOW/STOP IN TRAFFIC",NULL,NULL,"1.0",NULL,NULL,NULL,NULL,NULL,NULL,NULL,NULL,NULL,NULL,NULL,NULL,NULL,NULL,NULL,"Y",NULL,"OTHER",NULL,NULL,NULL,NULL,NULL,NULL,NULL,NULL,NULL,NULL,NULL,NULL,NULL,NULL,NULL,NULL,NULL,NULL,NULL,NULL,NULL,NULL,NULL,NULL,NULL,NULL,NULL,NULL,NULL,NULL,NULL,NULL,NULL
"911346","8e1204442fb5f57d4bc5c66eb33ab3aad08d14817d30b2c7e7d2ae3d89f3fae21720b85f5e741cbda039e7eabaaddcad802d4a051baa14bd8c5c7e192b5e93c9","JD285085","07/03/2020 10:19:00 PM","1","DRIVER",NULL,"864016.0",NULL,"CHRYSLER","200","IL","2014.0","NONE","PASSENGER","PERSONAL","NW","STRAIGHT AHEAD","N",NULL,"1.0",NULL,NULL,NULL,NULL,"Y","Y","Y",NULL,NULL,NULL,NULL,NULL,NULL,NULL,NULL,NULL,NULL,"FRONT",NULL,NULL,NULL,NULL,NULL,NULL,NULL,NULL,NULL,NULL,NULL,NULL,NULL,NULL,NULL,NULL,NULL,NULL,NULL,NULL,NULL,NULL,NULL,NULL,NULL,NULL,NULL,NULL,NULL,NULL,NULL,NULL,NULL
"911474","60b5e015b010a7a0319ae9f307e71af4b8b62b69c68a381aaf50bc778e58ece8f75cac8ea5a9b7c1f3bafabb30dd9ea5b002ab8daea1c1767ce88fa72663665e","JD285312","07/04/2020 04:21:00 AM","4","PARKED",NULL,"864146.0",NULL,"MAZDA","CX-7","IL","2019.0","NONE","PASSENGER","NOT IN USE","N","STRAIGHT AHEAD",NULL,NULL,"0.0",NULL,NULL,NULL,NULL,NULL,NULL,NULL,NULL,"Y","Y","Y",NULL,NULL,NULL,NULL,NULL,NULL,"REAR-LEFT",NULL,NULL,NULL,NULL,NULL,NULL,NULL,NULL,NULL,NULL,NULL,NULL,NULL,NULL,NULL,NULL,NULL,NULL,NULL,NULL,NULL,NULL,NULL,NULL,NULL,NULL,NULL,NULL,NULL,NULL,NULL,NULL,NULL
"911835","6b6f01c7925d4e55311f1fd3300777f5d55817fab0127ac16ee1219531d39f4b582492d65830738793a8cb9772586c0ef547544ba7389d80b652f69adb1cb889","JD285994","07/04/2020 07:40:00 PM","1","DRIVER",NULL,"864478.0",NULL,"ACURA","ZDX","IL","2013.0","NONE","PASSENGER","PERSONAL","W","BACKING",NULL,NULL,"1.0",NULL,NULL,NULL,NULL,NULL,NULL,NULL,NULL,NULL,NULL,NULL,NULL,NULL,NULL,NULL,NULL,"Y","REAR-LEFT",NULL,NULL,NULL,NULL,NULL,NULL,NULL,NULL,NULL,NULL,NULL,NULL,NULL,NULL,NULL,NULL,NULL,NULL,NULL,NULL,NULL,NULL,NULL,NULL,NULL,NULL,NULL,NULL,NULL,NULL,NULL,NULL,NULL
"912112","731b775b9ba3b82aa7b553d2d1cd7aa63f69e5096364fa4b3c50f7d00a7f8b415d34b6b6a097152e2f5652f67ace0ed4118332e27edfb9faf9aeb4b4bb1dc7d0","JD286407","07/05/2020 03:00:00 AM","2","PARKED",NULL,"864732.0",NULL,"KIA","OPTIMA / K5","IL","2018.0","NONE","PASSENGER","PERSONAL","E","PARKED",NULL,NULL,"0.0",NULL,NULL,NULL,NULL,NULL,NULL,NULL,NULL,NULL,NULL,"Y","Y","Y","Y","Y",NULL,NULL,"ROOF",NULL,NULL,NULL,NULL,NULL,NULL,NULL,NULL,NULL,NULL,NULL,NULL,NULL,NULL,NULL,NULL,NULL,NULL,NULL,NULL,NULL,NULL,NULL,NULL,NULL,NULL,NULL,NULL,NULL,NULL,NULL,NULL,NULL
"912122","16030aad4a22798447dac0fffc27c9ffbc724a314ad02e29f4d6a9921325dc581158267f4446899eaac8a7e8cb4983c9e283da8852fb078f5ada374811368e0c","JD286376","07/05/2020 01:22:00 AM","2","PARKED",NULL,"864749.0",NULL,"NISSAN","ALTIMA","IL","2018.0","NONE","PASSENGER","NOT IN USE","N","PARKED",NULL,NULL,"0.0",NULL,NULL,NULL,NULL,"Y","Y","Y","Y","Y",NULL,NULL,NULL,NULL,NULL,NULL,NULL,NULL,"FRONT",NULL,NULL,NULL,NULL,NULL,NULL,NULL,NULL,NULL,NULL,NULL,NULL,NULL,NULL,NULL,NULL,NULL,NULL,NULL,NULL,NULL,NULL,NULL,NULL,NULL,NULL,NULL,NULL,NULL,NULL,NULL,NULL,NULL
"912331","b18a34236a4a8d69cb1214d70d393d17e389a495bcc5f2dd4056e3d3312d89b59a87ab399773d560411100bcfa6043d0c7d05dbbd478825680a38a909b4fefce","JD286775","07/05/2020 11:30:00 AM","1","DRIVER",NULL,"864940.0",NULL,"NISSAN","ROGUE","IL","2018.0","NONE","PASSENGER","PERSONAL","N","U-TURN",NULL,NULL,"1.0",NULL,NULL,NULL,"Y",NULL,NULL,NULL,NULL,NULL,NULL,NULL,NULL,NULL,NULL,NULL,NULL,NULL,"UNKNOWN",NULL,NULL,NULL,NULL,NULL,NULL,NULL,NULL,NULL,NULL,NULL,NULL,NULL,NULL,NULL,NULL,NULL,NULL,NULL,NULL,NULL,NULL,NULL,NULL,NULL,NULL,NULL,NULL,NULL,NULL,NULL,NULL,NULL
"913021","5ef2afeb75e9b064a8ee20117c95a763baf374ebd395387701b9d0575f56cd559eaf1b8c7347ee76232e8c208360e4085bdbbb00abbce22dfd52b945b927e84b","JD288120","07/06/2020 07:00:00 AM","1","DRIVER",NULL,"865590.0",NULL,"AUDI","Q3","IL","2018.0","UNKNOWN","UNKNOWN/NA","UNKNOWN/NA","E","UNKNOWN/NA",NULL,NULL,"1.0",NULL,NULL,NULL,NULL,"Y",NULL,NULL,NULL,NULL,NULL,NULL,NULL,NULL,NULL,"Y","Y",NULL,"OTHER",NULL,NULL,NULL,NULL,NULL,NULL,NULL,NULL,NULL,NULL,NULL,NULL,NULL,NULL,NULL,NULL,NULL,NULL,NULL,NULL,NULL,NULL,NULL,NULL,NULL,NULL,NULL,NULL,NULL,NULL,NULL,NULL,NULL
"913354","947df955a74dcb6959a53721d2cb09b65d8e00bb278bbd584cce31005cd93df09a76f6368fb2966d2940562c74784237df1221673b287b7ff9abfed33a595ce3","JD288608","07/06/2020 07:55:00 PM","2","DRIVER",NULL,"865912.0",NULL,"NISSAN","SENTRA","IL","2019.0","NONE","PASSENGER","PERSONAL","W","SLOW/STOP IN TRAFFIC",NULL,NULL,"1.0",NULL,NULL,NULL,NULL,NULL,NULL,NULL,NULL,NULL,"Y",NULL,NULL,NULL,NULL,NULL,NULL,NULL,"REAR-LEFT",NULL,NULL,NULL,NULL,NULL,NULL,NULL,NULL,NULL,NULL,NULL,NULL,NULL,NULL,NULL,NULL,NULL,NULL,NULL,NULL,NULL,NULL,NULL,NULL,NULL,NULL,NULL,NULL,NULL,NULL,NULL,NULL,NULL
"913458","a3b07a0715368a7627941ec374a47eb302f9988f51d793f1bdc90c334564c8fc43cc36eeadff719387ef5c9863dfbcb29beec4b3332dd735179d08dba036b197","JD288819","07/06/2020 11:50:00 PM","1","DRIVER",NULL,"866010.0",NULL,"KIA","FORTE","IL","2016.0","UNKNOWN","PASSENGER","PERSONAL","N","STRAIGHT AHEAD","Y",NULL,"1.0",NULL,"UNKNOWN","UNKNOWN",NULL,"Y","Y",NULL,NULL,NULL,NULL,NULL,NULL,NULL,NULL,NULL,NULL,NULL,"FRONT",NULL,NULL,NULL,NULL,NULL,NULL,NULL,NULL,NULL,NULL,NULL,NULL,NULL,NULL,NULL,NULL,NULL,NULL,NULL,NULL,NULL,NULL,NULL,NULL,NULL,NULL,NULL,NULL,NULL,NULL,NULL,NULL,NULL
"914259","010c7b1b87b5191190927c28635be021925a79b1eaf26fdaf43ad039eb23266c81488bb4d216c0d19ca21630f01b500d35946dc66fc10311ad61b457af646a58","JD290165","07/08/2020 10:28:00 AM","2","DRIVER",NULL,"866785.0",NULL,"FORD","VAN","IL","2012.0","NONE","VAN/MINI-VAN","OTHER","N","STRAIGHT AHEAD",NULL,NULL,"1.0",NULL,NULL,NULL,NULL,NULL,"Y",NULL,NULL,NULL,NULL,NULL,NULL,NULL,NULL,NULL,NULL,NULL,"FRONT-RIGHT",NULL,NULL,NULL,NULL,NULL,NULL,NULL,NULL,NULL,NULL,NULL,NULL,NULL,NULL,NULL,NULL,NULL,NULL,NULL,NULL,NULL,NULL,NULL,NULL,NULL,NULL,NULL,NULL,NULL,NULL,NULL,NULL,NULL
"914263","bbb4002f312e6427fe92682e52ab7a2189d2d991f78cac7ac78e737205ad862bc3cc70f297a73167112a0e9e63f4927f76798cd59852717628f782a592d4c6f5","JD290116","07/08/2020 08:54:00 AM","1","DRIVER","2.0","866788.0",NULL,"CHRYSLER","300","NV","2019.0","UNKNOWN","PASSENGER","PERSONAL","E","SKIDDING/CONTROL LOSS","Y",NULL,"3.0",NULL,"CITY OF CHICAGO","10300 S. DOTY RD.",NULL,"Y","Y","Y",NULL,NULL,NULL,"Y","Y","Y","Y","Y",NULL,NULL,"FRONT",NULL,NULL,NULL,NULL,NULL,NULL,NULL,NULL,NULL,NULL,NULL,NULL,NULL,NULL,NULL,NULL,NULL,NULL,NULL,NULL,NULL,NULL,NULL,NULL,NULL,NULL,NULL,NULL,NULL,NULL,NULL,NULL,NULL
"914267","35d7e071d4d27aad3fdbd434349fee2f50f8b81b1010e7c322d4c2b689cd87b8b7e38ba2c95066480b8c8b6c9912f1d6a10ca538eb4f157608a2c1121d170975","JD290118","07/08/2020 09:28:00 AM","2","DRIVERLESS",NULL,"866794.0",NULL,"LEXUS","RX350","IL","2019.0","UNKNOWN","SPORT UTILITY VEHICLE (SUV)","PERSONAL","UNKNOWN","DRIVERLESS",NULL,NULL,"0.0",NULL,NULL,NULL,NULL,NULL,NULL,NULL,"Y","Y",NULL,NULL,NULL,NULL,NULL,NULL,NULL,NULL,"REAR-RIGHT",NULL,NULL,NULL,NULL,NULL,NULL,NULL,NULL,NULL,NULL,NULL,NULL,NULL,NULL,NULL,NULL,NULL,NULL,NULL,NULL,NULL,NULL,NULL,NULL,NULL,NULL,NULL,NULL,NULL,NULL,NULL,NULL,NULL
"914405","b97e07c6cabc1d168cd043ea8a72ec3646eb5a879ff39be23839265a6fff1fff1c37f1e9cf54dbffe83ff4519b5bf29b0547d68141724d221bed0105b6943f9e","JD289072","07/07/2020 10:07:00 AM","2","DRIVER",NULL,"866913.0",NULL,"FORD","F150","IL","2015.0","NONE","PICKUP","CONSTRUCTION/MAINTENANCE","N","STRAIGHT AHEAD",NULL,NULL,"1.0",NULL,NULL,NULL,NULL,NULL,NULL,NULL,NULL,NULL,"Y",NULL,NULL,NULL,"Y",NULL,NULL,NULL,"REAR-LEFT",NULL,NULL,NULL,NULL,NULL,NULL,NULL,NULL,NULL,NULL,NULL,NULL,NULL,NULL,NULL,NULL,NULL,NULL,NULL,NULL,NULL,NULL,NULL,NULL,NULL,NULL,NULL,NULL,NULL,NULL,NULL,NULL,NULL
"914890","28785637b9e1d9cec11944d4b7c176a3acd51db6512f592ef1f289c395420ccbb6b8b6135a27f59542f972c2a6570ca9796595465b7ef650f306eb4710a17028","JD291315","07/08/2020 09:00:00 PM","2","DRIVER",NULL,"867389.0",NULL,"NISSAN","ALTIMA","IL","2015.0","UNKNOWN","PASSENGER","PERSONAL","E","SLOW/STOP IN TRAFFIC",NULL,NULL,"1.0",NULL,NULL,NULL,NULL,NULL,NULL,NULL,NULL,NULL,NULL,NULL,NULL,NULL,NULL,NULL,"Y",NULL,"OTHER",NULL,NULL,NULL,NULL,NULL,NULL,NULL,NULL,NULL,NULL,NULL,NULL,NULL,NULL,NULL,NULL,NULL,NULL,NULL,NULL,NULL,NULL,NULL,NULL,NULL,NULL,NULL,NULL,NULL,NULL,NULL,NULL,NULL
"914902","a1cd495681864d5fed56f0274349cc6c6b3892d0db7b528482defad2978d6b7b9a11b1f166c19f0cf895e7f153946bf0a3a6e96de157f32c6cc6cd4db7249087","JD291308","07/09/2020 09:47:00 AM","1","DRIVER",NULL,"867405.0",NULL,"DODGE","CHALLENGER","IL","2011.0","NONE","PASSENGER","PERSONAL","E","STRAIGHT AHEAD",NULL,NULL,"1.0",NULL,NULL,NULL,NULL,NULL,NULL,NULL,NULL,NULL,NULL,NULL,NULL,"Y","Y","Y",NULL,NULL,"TOTAL (ALL AREAS)",NULL,NULL,NULL,NULL,NULL,NULL,NULL,NULL,NULL,NULL,NULL,NULL,NULL,NULL,NULL,NULL,NULL,NULL,NULL,NULL,NULL,NULL,NULL,NULL,NULL,NULL,NULL,NULL,NULL,NULL,NULL,NULL,NULL
"915254","221415a46952f17f03e303be4d6e77b8de372aafe97e44f7c6166d8aed268195a3806d99efbe90b871af40066aaeabe895f078cc1f595a6b12a0204ac150625d","JD291928","07/09/2020 06:30:00 PM","2","DRIVER",NULL,"867734.0",NULL,"HYUNDAI","ACCENT","IL","2018.0","NONE","PASSENGER","PERSONAL","W","TURNING RIGHT",NULL,NULL,"1.0",NULL,NULL,NULL,NULL,NULL,NULL,NULL,"Y",NULL,NULL,NULL,NULL,NULL,NULL,NULL,NULL,NULL,"SIDE-RIGHT",NULL,NULL,NULL,NULL,NULL,NULL,NULL,NULL,NULL,NULL,NULL,NULL,NULL,NULL,NULL,NULL,NULL,NULL,NULL,NULL,NULL,NULL,NULL,NULL,NULL,NULL,NULL,NULL,NULL,NULL,NULL,NULL,NULL
"915262","f4179fdd8ba843bb3fcf395622849ed37303a5ddbc834addf64da0d9b8254887d302c0849323c01be393415e08c0e0704848b6d36a58a0fcd022f4f06dcafb65","JD291898","07/09/2020 06:32:00 PM","2","DRIVER",NULL,"867743.0",NULL,"FORD","F150","IL","2018.0","OTHER","PICKUP","OTHER","N","STRAIGHT AHEAD",NULL,NULL,"1.0",NULL,NULL,NULL,"Y",NULL,NULL,NULL,NULL,NULL,NULL,NULL,NULL,NULL,NULL,NULL,NULL,NULL,"NONE",NULL,NULL,NULL,NULL,NULL,NULL,NULL,NULL,NULL,NULL,NULL,NULL,NULL,NULL,NULL,NULL,NULL,NULL,NULL,NULL,NULL,NULL,NULL,NULL,NULL,NULL,NULL,NULL,NULL,NULL,NULL,NULL,NULL
"915322","4b5c7b54663505b00160d0f9d15b6907a3b4fa625334eb1dd0eb532d61c303d3980a21de3a12a912957e6e448a52bb6a4816425fb8e3b566740121b012f92ace","JD292034","07/09/2020 08:45:00 PM","1","DRIVER",NULL,"867808.0",NULL,"DODGE","JOURNEY","IN","2014.0","UNKNOWN","UNKNOWN/NA","UNKNOWN/NA","N","STRAIGHT AHEAD",NULL,NULL,"1.0",NULL,NULL,NULL,NULL,"Y","Y","Y","Y",NULL,NULL,NULL,NULL,NULL,NULL,NULL,NULL,NULL,"FRONT",NULL,NULL,NULL,NULL,NULL,NULL,NULL,NULL,NULL,NULL,NULL,NULL,NULL,NULL,NULL,NULL,NULL,NULL,NULL,NULL,NULL,NULL,NULL,NULL,NULL,NULL,NULL,NULL,NULL,NULL,NULL,NULL,NULL
"916272","34268e372838a24f7a28237ab7f819e823ad108f433635ae33c9e720653badbbe1a1c9fea02e814ab3996349545a30509687d420eedb0cd4e01ad76f867373b9","JD293756","07/11/2020 10:26:00 AM","2","PARKED",NULL,"868703.0",NULL,"MAZDA","CX-9","IL","2008.0","NONE","SPORT UTILITY VEHICLE (SUV)","PERSONAL","W","PARKED",NULL,NULL,"0.0",NULL,NULL,NULL,NULL,NULL,NULL,NULL,NULL,NULL,NULL,NULL,"Y","Y","Y",NULL,NULL,NULL,"ROOF",NULL,NULL,NULL,NULL,NULL,NULL,NULL,NULL,NULL,NULL,NULL,NULL,NULL,NULL,NULL,NULL,NULL,NULL,NULL,NULL,NULL,NULL,NULL,NULL,NULL,NULL,NULL,NULL,NULL,NULL,NULL,NULL,NULL
"916511","7b5e1395bee92db55bf82c0f1dc025b7a6cc479cc201cfae1dd5d871d167176475bede3068c661fe74a6420265aa4e9e99fcf50186f973a76787a60d95f327ae","JD294031","07/11/2020 04:01:00 PM","1","DRIVER","2.0","868924.0",NULL,"TOYOTA","COROLLA","IL","2011.0","UNKNOWN","PASSENGER","PERSONAL","N","STRAIGHT AHEAD",NULL,NULL,"3.0",NULL,NULL,NULL,NULL,NULL,"Y","Y","Y",NULL,NULL,NULL,NULL,NULL,NULL,NULL,NULL,NULL,"SIDE-RIGHT",NULL,NULL,NULL,NULL,NULL,NULL,NULL,NULL,NULL,NULL,NULL,NULL,NULL,NULL,NULL,NULL,NULL,NULL,NULL,NULL,NULL,NULL,NULL,NULL,NULL,NULL,NULL,NULL,NULL,NULL,NULL,NULL,NULL
"916611","a918bdcd006a55e74e5b6a67b0655f02b2d5ffea89dcb600b06fece5cbbd8fa2bea22779c65b449f23b8c14830800e445aaf109abca78d27e3428e82cd770ca7","JD294216","07/11/2020 06:59:00 PM","2","DRIVER","1.0","869029.0",NULL,"DODGE","NITRO","IL","2018.0","UNKNOWN","PASSENGER","PERSONAL","E","STRAIGHT AHEAD",NULL,NULL,"2.0",NULL,NULL,NULL,NULL,NULL,NULL,NULL,NULL,NULL,NULL,NULL,NULL,"Y","Y","Y","Y",NULL,"TOTAL (ALL AREAS)",NULL,NULL,NULL,NULL,NULL,NULL,NULL,NULL,NULL,NULL,NULL,NULL,NULL,NULL,NULL,NULL,NULL,NULL,NULL,NULL,NULL,NULL,NULL,NULL,NULL,NULL,NULL,NULL,NULL,NULL,NULL,NULL,NULL
"917705","4425d82069fffa5374b7176fb5489bb04085c81e38f6a9bb66879093d5330286732b83d1cb9a7b9a693fdcfc976272fac9b994a2a35b1f0760863fe673d8fe32","JD296144","07/13/2020 03:25:00 PM","2","DRIVER",NULL,"870044.0",NULL,"HONDA","CIVIC",NULL,"2009.0","NONE","PASSENGER","PERSONAL","W","STRAIGHT AHEAD",NULL,NULL,"1.0",NULL,NULL,NULL,NULL,NULL,NULL,NULL,NULL,NULL,NULL,NULL,NULL,NULL,NULL,"Y","Y",NULL,"TOTAL (ALL AREAS)",NULL,NULL,NULL,NULL,NULL,NULL,NULL,NULL,NULL,NULL,NULL,NULL,NULL,NULL,NULL,NULL,NULL,NULL,NULL,NULL,NULL,NULL,NULL,NULL,NULL,NULL,NULL,NULL,NULL,NULL,NULL,NULL,NULL
"917818","318d94f322a732dfa52cc8188ab59e5c963d78d09f43930405cfe43dc0b0287dd023a7c39b0e25ffa318d6f9f96ba1aeca41319b0bc1e7b56580f7f530f42b13","JD296356","07/06/2020 05:50:00 PM","1","DRIVER",NULL,"870156.0",NULL,"ACURA","TLX","IL","2009.0","BRAKES","PASSENGER","UNKNOWN/NA","W","STRAIGHT AHEAD",NULL,NULL,"1.0",NULL,NULL,NULL,NULL,"Y",NULL,NULL,NULL,NULL,NULL,NULL,NULL,NULL,NULL,"Y","Y",NULL,"OTHER",NULL,NULL,NULL,NULL,NULL,NULL,NULL,NULL,NULL,NULL,NULL,NULL,NULL,NULL,NULL,NULL,NULL,NULL,NULL,NULL,NULL,NULL,NULL,NULL,NULL,NULL,NULL,NULL,NULL,NULL,NULL,NULL,NULL
"917835","a9a21c0257421d99058174f2a10c83b3993f9808c3430a61a899206dd0057811252ac3625a11803be30d50b04c2655045217f0d86be32601640fa5cb244bc172","JD296150","07/13/2020 04:16:00 PM","2","DRIVERLESS",NULL,"870176.0",NULL,"HONDA","CIVIC","IL","2010.0","UNKNOWN","PASSENGER","NOT IN USE","S","PARKED",NULL,NULL,"0.0",NULL,NULL,NULL,NULL,NULL,NULL,NULL,NULL,NULL,NULL,"Y",NULL,NULL,NULL,NULL,NULL,NULL,"SIDE-LEFT",NULL,NULL,NULL,NULL,NULL,NULL,NULL,NULL,NULL,NULL,NULL,NULL,NULL,NULL,NULL,NULL,NULL,NULL,NULL,NULL,NULL,NULL,NULL,NULL,NULL,NULL,NULL,NULL,NULL,NULL,NULL,NULL,NULL
"918474","2b3d11d29a9906b06c9438f3e3642391931cc3035dd9a8daae7732143ee2d0f99effe7974480008d9141aaf7a89ee93cb5b19f43937726107f48958728701d1d","JD297599","07/14/2020 07:30:00 PM","2","PARKED",NULL,"870765.0",NULL,"GENERAL MOTORS CORPORATION (GMC)","TERRAIN","IL","2013.0","UNKNOWN","PASSENGER","PERSONAL","S","PARKED",NULL,NULL,"0.0",NULL,NULL,NULL,NULL,NULL,NULL,NULL,NULL,NULL,"Y",NULL,NULL,NULL,NULL,NULL,NULL,"Y","REAR-LEFT",NULL,NULL,NULL,NULL,NULL,NULL,NULL,NULL,NULL,NULL,NULL,NULL,NULL,NULL,NULL,NULL,NULL,NULL,NULL,NULL,NULL,NULL,NULL,NULL,NULL,NULL,NULL,NULL,NULL,NULL,NULL,NULL,NULL
"918644","562762f5f8a29cd19a3442f3dfd0c031bbe814578dd8a8383a53a6cdf265618b646fea40ea7f9a02cd1183720fce15e97385832f6c1cc2100fc005aff5f4bffd","JD297947","07/15/2020 08:05:00 AM","1","DRIVER",NULL,"870933.0",NULL,"FORD","FUSION",NULL,"2010.0","BRAKES","PASSENGER","PERSONAL","W","STRAIGHT AHEAD","Y",NULL,"1.0",NULL,"get it towing","8905 s ashland ave",NULL,"Y","Y",NULL,NULL,NULL,NULL,NULL,NULL,NULL,"Y","Y","Y",NULL,NULL,NULL,NULL,NULL,NULL,NULL,NULL,NULL,NULL,NULL,NULL,NULL,NULL,NULL,NULL,NULL,NULL,NULL,NULL,NULL,NULL,NULL,NULL,NULL,NULL,NULL,NULL,NULL,NULL,NULL,NULL,NULL,NULL,NULL
"919062","4b04144cb0bc5af2d4ab788815650aa4b4d3d4d77e2b037e3b471ccde8ef6422d7fc1ec62442d2fc9220b61f63245883a39425e41d5318e4549a96e148379db3","JD298657","07/15/2020 06:19:00 PM","2","DRIVER","2.0","871338.0",NULL,"FORD","XL","IL","2015.0","NONE","SINGLE UNIT TRUCK WITH TRAILER","LAWN CARE/LANDSCAPING","E","STRAIGHT AHEAD",NULL,NULL,"3.0",NULL,NULL,NULL,"Y",NULL,NULL,NULL,NULL,NULL,NULL,NULL,NULL,NULL,NULL,NULL,NULL,NULL,"OTHER",NULL,NULL,NULL,NULL,NULL,NULL,NULL,NULL,NULL,NULL,NULL,NULL,NULL,NULL,NULL,NULL,NULL,NULL,NULL,NULL,NULL,NULL,NULL,NULL,NULL,NULL,NULL,NULL,NULL,NULL,NULL,NULL,NULL