"CRASH_UNIT_ID","CRASH_RECORD_ID","RD_NO","CRASH_DATE","UNIT_NO","UNIT_TYPE","NUM_PASSENGERS","VEHICLE_ID","CMRC_VEH_I","MAKE","MODEL","LIC_PLATE_STATE","VEHICLE_YEAR","VEHICLE_DEFECT","VEHICLE_TYPE","VEHICLE_USE","TRAVEL_DIRECTION","MANEUVER","TOWED_I","FIRE_I","OCCUPANT_CNT","EXCEED_SPEED_LIMIT_I","TOWED_BY","TOWED_TO","AREA_00_I","AREA_01_I","AREA_02_I","AREA_03_I","AREA_04_I","AREA_05_I","AREA_06_I","AREA_07_I","AREA_08_I","AREA_09_I","AREA_10_I","AREA_11_I","AREA_12_I","AREA_99_I","FIRST_CONTACT_POINT","CMV_ID","USDOT_NO","CCMC_NO","ILCC_NO","COMMERCIAL_SRC","GVWR","CARRIER_NAME","CARRIER_STATE","CARRIER_CITY","HAZMAT_PLACARDS_I","HAZMAT_NAME","UN_NO","HAZMAT_PRESENT_I","HAZMAT_REPORT_I","HAZMAT_REPORT_NO","MCS_REPORT_I","MCS_REPORT_NO","HAZMAT_VIO_CAUSE_CRASH_I","MCS_VIO_CAUSE_CRASH_I","IDOT_PERMIT_NO","WIDE_LOAD_I","TRAILER1_WIDTH","TRAILER2_WIDTH","TRAILER1_LENGTH","TRAILER2_LENGTH","TOTAL_VEHICLE_LENGTH","AXLE_CNT","VEHICLE_CONFIG","CARGO_BODY_TYPE","LOAD_TYPE","HAZMAT_OUT_OF_SERVICE_I","MCS_OUT_OF_SERVICE_I","HAZMAT_CLASS"
"919064","2b1eba160ff5812b0b922cba190dc51ade973f6aa30bc532bbf29672da93b5d21e68737379a66f8210b6767a51b0ad21ad3b8c25cc98a7d7cad2ae0e9eae1067","JD298643","07/15/2020 06:02:00 PM","2","DRIVER",NULL,"871343.0",NULL,"VOLKSWAGEN","JETTA","IL","2012.0","NONE","PASSENGER","PERSONAL","W","STRAIGHT AHEAD",NULL,NULL,"1.0",NULL,NULL,NULL,NULL,NULL,NULL,NULL,NULL,NULL,NULL,NULL,NULL,NULL,NULL,NULL,"Y",NULL,"OTHER",NULL,NULL,NULL,NULL,NULL,NULL,NULL,NULL,NULL,NULL,NULL,NULL,NULL,NULL,NULL,NULL,NULL,NULL,NULL,NULL,NULL,NULL,NULL,NULL,NULL,NULL,NULL,NULL,NULL,NULL,NULL,NULL,NULL
"919666","edd88cd9aa82717f80dc9d399661daeca5d0e696dd2277d1d0d42b3790582e9d24b98df4e84590cec769b7bd7871b5a35edc4a0629be6e3b75d9783a4ec60bab","JD299583","07/16/2020 04:17:00 PM","2","DRIVER",NULL,"871907.0","N","NEW FLYER","NEW FLYER","IL","2008.0","NONE","BUS OVER 15 PASS.","CTA","SE","TURNING RIGHT",NULL,NULL,"1.0",NULL,NULL,NULL,NULL,NULL,NULL,"Y",NULL,NULL,NULL,NULL,NULL,NULL,NULL,NULL,NULL,NULL,"SIDE-RIGHT",NULL,NULL,NULL,NULL,NULL,NULL,NULL,NULL,NULL,NULL,NULL,NULL,NULL,NULL,NULL,NULL,NULL,NULL,NULL,NULL,NULL,NULL,NULL,NULL,NULL,NULL,NULL,NULL,NULL,NULL,NULL,NULL,NULL
"920220","cde9e677d810f3a4a5d14a6c932bde2baa1b20e0eb5bd7b9c3bfc528a97bd3f6214802e28033aa59f361f887e8e3aa2d2f86cd1d0a8120041ffefd66d56c4703","JD300636","07/16/2020 07:30:00 PM","2","PARKED",NULL,"872423.0",NULL,"CHEVROLET","CRUZE","IL","2017.0","NONE","PASSENGER","PERSONAL","N","PARKED",NULL,NULL,"0.0",NULL,NULL,NULL,NULL,NULL,NULL,NULL,NULL,NULL,NULL,NULL,NULL,NULL,"Y","Y",NULL,NULL,"TOTAL (ALL AREAS)",NULL,NULL,NULL,NULL,NULL,NULL,NULL,NULL,NULL,NULL,NULL,NULL,NULL,NULL,NULL,NULL,NULL,NULL,NULL,NULL,NULL,NULL,NULL,NULL,NULL,NULL,NULL,NULL,NULL,NULL,NULL,NULL,NULL
"920333","2ca207d6415114393bae5286cc3fa521e889e5480c7b46f6d3b3beea9c34e43ca447bb3b82c003bbbab53083ac8dd541e8f6669affaa2d9a23f812e2ae794355","JD300775","07/17/2020 04:00:00 PM","2","DRIVER","1.0","872545.0",NULL,"TOYOTA","PRIUS","IL","2008.0","NONE","PASSENGER","PERSONAL","W","STRAIGHT AHEAD",NULL,NULL,"2.0",NULL,NULL,NULL,NULL,NULL,"Y","Y","Y",NULL,NULL,NULL,NULL,NULL,NULL,NULL,NULL,NULL,"SIDE-RIGHT",NULL,NULL,NULL,NULL,NULL,NULL,NULL,NULL,NULL,NULL,NULL,NULL,NULL,NULL,NULL,NULL,NULL,NULL,NULL,NULL,NULL,NULL,NULL,NULL,NULL,NULL,NULL,NULL,NULL,NULL,NULL,NULL,NULL
"920424","d5158e08aae91b8c2bc511619749c32b3ad234299ca5a39f4f7585488df8cb62844db7dfff602cd64f1d665ea60e0b876d1a0543930a5caef93316bd96bcc9ef","JD300925","07/17/2020 05:40:00 PM","1","DRIVER",NULL,"872669.0",NULL,"BUICK","OTHER (EXPLAIN IN NARRATIVE)","IL","2010.0","UNKNOWN","PASSENGER","PERSONAL","N","STRAIGHT AHEAD",NULL,NULL,"1.0",NULL,NULL,NULL,NULL,NULL,NULL,NULL,NULL,NULL,NULL,NULL,NULL,NULL,NULL,NULL,"Y",NULL,"OTHER",NULL,NULL,NULL,NULL,NULL,NULL,NULL,NULL,NULL,NULL,NULL,NULL,NULL,NULL,NULL,NULL,NULL,NULL,NULL,NULL,NULL,NULL,NULL,NULL,NULL,NULL,NULL,NULL,NULL,NULL,NULL,NULL,NULL
"920685","40b52ed23bf2363d016695d11f9b862984f250690c471881158ddf1d9a5e211078d2ed18a108a6aa39620a3ac24c418d6897e976f26b0e5146478f038db68c94","JD250484","06/02/2020 12:20:00 AM","4","PARKED",NULL,"872849.0",NULL,"FORD","EDGE","IL","2010.0","NONE","PASSENGER","PERSONAL","E","PARKED",NULL,NULL,"0.0",NULL,NULL,NULL,NULL,NULL,NULL,NULL,NULL,NULL,NULL,NULL,NULL,"Y",NULL,NULL,NULL,NULL,"ROOF",NULL,NULL,NULL,NULL,NULL,NULL,NULL,NULL,NULL,NULL,NULL,NULL,NULL,NULL,NULL,NULL,NULL,NULL,NULL,NULL,NULL,NULL,NULL,NULL,NULL,NULL,NULL,NULL,NULL,NULL,NULL,NULL,NULL
"921412","00de2aea10588e3e85fa9d73cb28875e60f1faf2ec0d47bf028c3ce79b8b8ec5d8420113c89a915ad860d430d0142fe3cae3a7d45ba3a3c8e1ec645a625d4047","JD302607","07/19/2020 03:00:00 AM","1","DRIVER",NULL,"873546.0",NULL,"NISSAN","VERSA","IL","2019.0","NONE","PASSENGER","PERSONAL","E","STRAIGHT AHEAD",NULL,NULL,"1.0",NULL,NULL,NULL,NULL,"Y",NULL,NULL,NULL,NULL,NULL,NULL,NULL,NULL,NULL,NULL,"Y",NULL,"FRONT",NULL,NULL,NULL,NULL,NULL,NULL,NULL,NULL,NULL,NULL,NULL,NULL,NULL,NULL,NULL,NULL,NULL,NULL,NULL,NULL,NULL,NULL,NULL,NULL,NULL,NULL,NULL,NULL,NULL,NULL,NULL,NULL,NULL
"921510","2d119d9f8061036fe14f09ef966974da68a1cfe92e80d633cf7360290ed821c420175e8aa69b206a1b8df9e39c0050dc15ec0bd6101ae8e9ff4b2e4a501a9eb2","JD302785","07/19/2020 11:40:00 AM","1","DRIVER",NULL,"873640.0",NULL,"SUBARU","OTHER (EXPLAIN IN NARRATIVE)","IL","2012.0","UNKNOWN","PASSENGER","PERSONAL","S","STRAIGHT AHEAD",NULL,NULL,"1.0",NULL,NULL,NULL,NULL,"Y",NULL,NULL,NULL,NULL,NULL,NULL,NULL,NULL,NULL,NULL,NULL,NULL,"FRONT",NULL,NULL,NULL,NULL,NULL,NULL,NULL,NULL,NULL,NULL,NULL,NULL,NULL,NULL,NULL,NULL,NULL,NULL,NULL,NULL,NULL,NULL,NULL,NULL,NULL,NULL,NULL,NULL,NULL,NULL,NULL,NULL,NULL
"921602","c28625aa82e3b7d8ab891a6888e8ad0000bd892271d5b5543bdb3e2aaaa41629f3e106dff7dd800538ee7525a70cfd1aa720d0a1b1a3e7c2ae1b57777ec30691","JD302982","07/19/2020 04:45:00 PM","1","DRIVER",NULL,"873730.0",NULL,"TOYOTA","CAMRY","IL","2017.0","UNKNOWN","PASSENGER","PERSONAL","N","STRAIGHT AHEAD",NULL,NULL,"1.0",NULL,NULL,NULL,NULL,"Y",NULL,NULL,NULL,NULL,NULL,NULL,NULL,NULL,NULL,NULL,NULL,NULL,"FRONT",NULL,NULL,NULL,NULL,NULL,NULL,NULL,NULL,NULL,NULL,NULL,NULL,NULL,NULL,NULL,NULL,NULL,NULL,NULL,NULL,NULL,NULL,NULL,NULL,NULL,NULL,NULL,NULL,NULL,NULL,NULL,NULL,NULL
"921845","0a9b2ea047cccf52bf595b3c664c078040b79a98965e23dc43e36489616eaf84060b62b9706e2d556198ecce20634b822893f0f5cc9548951370171aae4d5700","JD303399","07/20/2020 01:25:00 AM","1","DRIVER",NULL,"873969.0",NULL,"HYUNDAI","ACCENT","IL","2015.0","NONE","PASSENGER","PERSONAL","S","UNKNOWN/NA","Y",NULL,"1.0",NULL,"STREETS AND SANITATION","701 N SACRAMENTO BLVD",NULL,"Y",NULL,NULL,NULL,NULL,NULL,NULL,NULL,NULL,NULL,"Y","Y",NULL,"OTHER",NULL,NULL,NULL,NULL,NULL,NULL,NULL,NULL,NULL,NULL,NULL,NULL,NULL,NULL,NULL,NULL,NULL,NULL,NULL,NULL,NULL,NULL,NULL,NULL,NULL,NULL,NULL,NULL,NULL,NULL,NULL,NULL,NULL
"921889","f52d58d6f4dcb63eb2e6d010b54bf705827e4440cbedf08cc5d29373c990b3f434bc5914e39adc53a53d33c1e419200272c196ec4843ff9924e1b7aa1bef99ec","JD302729","07/19/2020 12:32:00 PM","2","DRIVER",NULL,"874005.0",NULL,"TOYOTA","CAMRY","IL","2010.0","NONE","PASSENGER","PERSONAL","N","STRAIGHT AHEAD","Y",NULL,"1.0",NULL,"PRIVATE TOW","800 N LAKE SHORE DR",NULL,"Y",NULL,NULL,NULL,NULL,NULL,NULL,NULL,NULL,NULL,"Y","Y",NULL,"OTHER",NULL,NULL,NULL,NULL,NULL,NULL,NULL,NULL,NULL,NULL,NULL,NULL,NULL,NULL,NULL,NULL,NULL,NULL,NULL,NULL,NULL,NULL,NULL,NULL,NULL,NULL,NULL,NULL,NULL,NULL,NULL,NULL,NULL
"921914","c839200b4914d0baa738b1ab663cf32536746b6b29e62a49fd41f6afce8697f2572e7c088a2db811003fa024a95626468cc2bb5998d876fc62f2811c419af57c","JD303522","07/17/2020 01:40:00 PM","2","PARKED",NULL,"874030.0",NULL,"NISSAN","ALTIMA","IL","2016.0","UNKNOWN","PASSENGER","PERSONAL","W","PARKED",NULL,NULL,"0.0",NULL,NULL,NULL,NULL,NULL,NULL,NULL,NULL,NULL,NULL,NULL,NULL,NULL,NULL,NULL,"Y",NULL,"OTHER",NULL,NULL,NULL,NULL,NULL,NULL,NULL,NULL,NULL,NULL,NULL,NULL,NULL,NULL,NULL,NULL,NULL,NULL,NULL,NULL,NULL,NULL,NULL,NULL,NULL,NULL,NULL,NULL,NULL,NULL,NULL,NULL,NULL
"922211","2f8a168dc1dce5d381d56ed6b2ea015ee83caff9dfbdbbe3143c343f955313791eca4e8cc725183a9492239be0689d43037bf52b89c700d56b889e2e2f78809d","JD304073","07/20/2020 03:50:00 PM","2","DRIVER",NULL,"874306.0",NULL,"UNKNOWN","OTHER (EXPLAIN IN NARRATIVE)","IL","2019.0","NONE","MOTORCYCLE (OVER 150CC)","PERSONAL","N","STRAIGHT AHEAD",NULL,NULL,"1.0",NULL,NULL,NULL,NULL,NULL,"Y",NULL,NULL,NULL,NULL,NULL,NULL,NULL,NULL,NULL,NULL,NULL,"SIDE-RIGHT",NULL,NULL,NULL,NULL,NULL,NULL,NULL,NULL,NULL,NULL,NULL,NULL,NULL,NULL,NULL,NULL,NULL,NULL,NULL,NULL,NULL,NULL,NULL,NULL,NULL,NULL,NULL,NULL,NULL,NULL,NULL,NULL,NULL
"922435","babf04b486116a65707221d4e0f34919f37dcc44fbfaa87c085b0cf8e8f06cfa1c5336f0acefead0de260b8243403e7f443f9b5347fc703196b30f90a6a99573","JD304445","07/20/2020 09:35:00 PM","1","DRIVER","1.0","874511.0",NULL,"CHEVROLET","EQUINOX","IL","2011.0","UNKNOWN","PASSENGER","PERSONAL","N","PASSING/OVERTAKING","Y",NULL,"2.0",NULL,NULL,NULL,NULL,"Y",NULL,NULL,NULL,NULL,NULL,NULL,"Y","Y","Y","Y","Y",NULL,"FRONT",NULL,NULL,NULL,NULL,NULL,NULL,NULL,NULL,NULL,NULL,NULL,NULL,NULL,NULL,NULL,NULL,NULL,NULL,NULL,NULL,NULL,NULL,NULL,NULL,NULL,NULL,NULL,NULL,NULL,NULL,NULL,NULL,NULL
"922601","60755e1d2baa00c06767d4f3b7eb0164fd7c059a6267b3d098959a8dedb3ca1e98060d6f21f3df2463ae54d33aaccf44951c73026eeac20be41e711b930afe63","JD304923","07/21/2020 12:27:00 PM","1","DRIVER",NULL,"874670.0",NULL,"CHEVROLET","TAHOE","IL","2014.0","NONE","PASSENGER","PERSONAL","E","STRAIGHT AHEAD",NULL,NULL,"1.0",NULL,NULL,NULL,NULL,"Y",NULL,NULL,NULL,NULL,NULL,NULL,NULL,NULL,NULL,"Y","Y",NULL,"OTHER",NULL,NULL,NULL,NULL,NULL,NULL,NULL,NULL,NULL,NULL,NULL,NULL,NULL,NULL,NULL,NULL,NULL,NULL,NULL,NULL,NULL,NULL,NULL,NULL,NULL,NULL,NULL,NULL,NULL,NULL,NULL,NULL,NULL
"922746","256a44e162a336beaa39300a82565f1d4ff63c6fd8eb2f83b746233b4f0811971c5a9a99defb8a811ca404144814cae62890e0521949aa4d7b4d5727d15a0fed","JD305208","07/21/2020 04:13:00 PM","1","DRIVER",NULL,"874808.0",NULL,"LEXUS","GX460","IL","2015.0","UNKNOWN","SPORT UTILITY VEHICLE (SUV)","PERSONAL","N","STRAIGHT AHEAD",NULL,NULL,"1.0",NULL,NULL,NULL,NULL,"Y",NULL,NULL,NULL,NULL,NULL,NULL,NULL,NULL,NULL,"Y","Y",NULL,"FRONT",NULL,NULL,NULL,NULL,NULL,NULL,NULL,NULL,NULL,NULL,NULL,NULL,NULL,NULL,NULL,NULL,NULL,NULL,NULL,NULL,NULL,NULL,NULL,NULL,NULL,NULL,NULL,NULL,NULL,NULL,NULL,NULL,NULL
"923470","795f23427a2b96e5f8eb0b75485d02d54d28b0020330ef705ab9e44ed5a2b52b1d432033df5bab134f5822d9b39123795aa750e99f5268b0fd1c32554cb0eb88","JD306460","07/22/2020 05:30:00 PM","2","DRIVER",NULL,"875509.0",NULL,"HYUNDAI","ELANTRA","IL","2017.0","NONE","PASSENGER","PERSONAL","E","SLOW/STOP IN TRAFFIC",NULL,NULL,"1.0",NULL,NULL,NULL,NULL,NULL,NULL,NULL,NULL,NULL,"Y",NULL,NULL,NULL,NULL,NULL,NULL,NULL,"REAR-LEFT",NULL,NULL,NULL,NULL,NULL,NULL,NULL,NULL,NULL,NULL,NULL,NULL,NULL,NULL,NULL,NULL,NULL,NULL,NULL,NULL,NULL,NULL,NULL,NULL,NULL,NULL,NULL,NULL,NULL,NULL,NULL,NULL,NULL
"923690","826369701447cae5da2d4797fa3e7623532482d1897ea6a7fd9afbed1bcc5ce04981ba5498b1ceff65b3b8905409ff6787c4f21c2a3e23e0078da16eaa48e473","JD306935","07/22/2020 02:40:00 PM","2","DRIVER",NULL,"875712.0",NULL,"HONDA","ACCORD","IL","2013.0","NONE","PASSENGER","PERSONAL","E","STRAIGHT AHEAD",NULL,NULL,"1.0",NULL,NULL,NULL,NULL,NULL,NULL,NULL,NULL,NULL,NULL,NULL,NULL,NULL,NULL,"Y",NULL,NULL,"TOTAL (ALL AREAS)",NULL,NULL,NULL,NULL,NULL,NULL,NULL,NULL,NULL,NULL,NULL,NULL,NULL,NULL,NULL,NULL,NULL,NULL,NULL,NULL,NULL,NULL,NULL,NULL,NULL,NULL,NULL,NULL,NULL,NULL,NULL,NULL,NULL
"923844","1f4192f6c1c57f6c775f46b23d5825a4a42997f0ca0ebd78d23a62c636e76479151e6bad87fda3382ca94c5dccfb39d748240535fa60e147a45b5426f6966ac9","JD307310","07/23/2020 02:42:00 PM","2","DRIVER",NULL,"875900.0",NULL,"VOLKSWAGEN","PASSAT","GA","2015.0","NONE","PASSENGER","PERSONAL","W","STRAIGHT AHEAD",NULL,NULL,"1.0",NULL,NULL,NULL,NULL,NULL,NULL,NULL,NULL,NULL,"N","Y",NULL,NULL,NULL,NULL,NULL,NULL,"SIDE-LEFT",NULL,NULL,NULL,NULL,NULL,NULL,NULL,NULL,NULL,NULL,NULL,NULL,NULL,NULL,NULL,NULL,NULL,NULL,NULL,NULL,NULL,NULL,NULL,NULL,NULL,NULL,NULL,NULL,NULL,NULL,NULL,NULL,NULL
"923948","5aa78204ed4e05ffeb52d5b509265e0a63c6e289541ebc247509b3011069ea7a0db6d012b6b6a87cc240d21276e0c998d0d07ad20fc31b56974426a8aa2f0e42","JD307490","07/22/2020 01:00:00 AM","2","PARKED",NULL,"875951.0",NULL,"CHEVROLET","EQUINOX","IL","2011.0","UNKNOWN","PASSENGER","NOT IN USE","W","PARKED",NULL,NULL,"0.0",NULL,NULL,NULL,NULL,NULL,NULL,NULL,NULL,NULL,NULL,"Y","Y",NULL,NULL,NULL,NULL,NULL,"FRONT-LEFT",NULL,NULL,NULL,NULL,NULL,NULL,NULL,NULL,NULL,NULL,NULL,NULL,NULL,NULL,NULL,NULL,NULL,NULL,NULL,NULL,NULL,NULL,NULL,NULL,NULL,NULL,NULL,NULL,NULL,NULL,NULL,NULL,NULL
"923964","b1ca12335caa7010f8ab990cffbb849eaad6fb201b0bad7da2273c8d007235969e72d1c7a96b00e10a1aa4d897067a8ec0402a054e4038d074674193f1466075","JD307410","07/23/2020 04:30:00 PM","2","DRIVER",NULL,"876071.0",NULL,"FORD","FUSION","IL","2009.0","NONE","PASSENGER","PERSONAL","N","STRAIGHT AHEAD",NULL,NULL,"1.0",NULL,NULL,NULL,NULL,"Y","Y","Y",NULL,NULL,NULL,NULL,NULL,NULL,NULL,"Y","Y",NULL,"FRONT-RIGHT",NULL,NULL,NULL,NULL,NULL,NULL,NULL,NULL,NULL,NULL,NULL,NULL,NULL,NULL,NULL,NULL,NULL,NULL,NULL,NULL,NULL,NULL,NULL,NULL,NULL,NULL,NULL,NULL,NULL,NULL,NULL,NULL,NULL
"924298","ea97898e09aff06a3552a7cba5c22f09a7758fd6526e89fb1bf693e35662d2fd266eadbc2167d6e26b88260334d0325d642bd37e2abc2281b9d518b4d81c763c","JA545067","12/11/2017 01:45:00 PM","1","DRIVER","1.0","876296.0","Y","FREIGHTLINER CORPORATION","FREIGHTLINER CORP.","IL","2012.0","NONE","TRUCK - SINGLE UNIT","COMMERCIAL - MULTI-UNIT","S","BACKING",NULL,NULL,"2.0",NULL,NULL,NULL,"Y",NULL,NULL,NULL,NULL,NULL,NULL,NULL,NULL,NULL,NULL,NULL,NULL,NULL,"REAR","10393.0",NULL,NULL,NULL,NULL,"26000.0","PENSKE LEASING","IL","CHICAGO",NULL,NULL,NULL,"N","N",NULL,"N",NULL,"N","N",NULL,NULL,NULL,NULL,NULL,NULL,"30.0",NULL,"SINGLE UNIT TRUCK, 2 AXLES, 6 TIRES","VAN/ENCLOSED BOX","OTHER","N","N",NULL
"924421","9479d9fa36c5da49da809e0f96992d1ee7a5f4239830275ce97506639f293964f2d28b2b4bc0dd628d0b258d6dc09c86451765d91cc0fe6d035e1ebc9637d683","JD308355","07/24/2020 01:45:00 PM","1","DRIVER",NULL,"876409.0",NULL,"TOYOTA","CAMRY","IL","2009.0","UNKNOWN","PASSENGER","PERSONAL","E","STRAIGHT AHEAD",NULL,NULL,"1.0",NULL,NULL,NULL,NULL,"Y",NULL,NULL,NULL,NULL,NULL,NULL,NULL,NULL,NULL,NULL,"Y","Y","FRONT",NULL,NULL,NULL,NULL,NULL,NULL,NULL,NULL,NULL,NULL,NULL,NULL,NULL,NULL,NULL,NULL,NULL,NULL,NULL,NULL,NULL,NULL,NULL,NULL,NULL,NULL,NULL,NULL,NULL,NULL,NULL,NULL,NULL
"924498","8145514e01cb3ba8fc40b19b037826d74bbe0ba8cf8606ffe696bf2351eb47c3d2c05735ebf19a2187e428f51a4034619689a528cc08a6d7f0a324556cf4c03b","JD308540","07/24/2020 04:15:00 PM","2","DRIVER",NULL,"876491.0",NULL,"VOLKSWAGEN","GOLF","IL","2015.0","NONE","PASSENGER","PERSONAL","S","STRAIGHT AHEAD",NULL,NULL,"1.0",NULL,NULL,NULL,NULL,NULL,NULL,NULL,"Y","Y",NULL,NULL,NULL,NULL,NULL,NULL,NULL,NULL,"REAR",NULL,NULL,NULL,NULL,NULL,NULL,NULL,NULL,NULL,NULL,NULL,NULL,NULL,NULL,NULL,NULL,NULL,NULL,NULL,NULL,NULL,NULL,NULL,NULL,NULL,NULL,NULL,NULL,NULL,NULL,NULL,NULL,NULL
"924578","bbcd4a1cc1470f0ef705157add75505b2b5648ffba5593b57c4f0c6b512e4237afdc43137e4277982388c22e37e5cf36f3b60561f2e932234956805fe8e9858e","JD308695","07/24/2020 05:35:00 PM","2","DRIVER",NULL,"876579.0",NULL,"BMW","330I","IL","2020.0","NONE","PASSENGER","PERSONAL","N","STRAIGHT AHEAD",NULL,NULL,"1.0",NULL,NULL,NULL,NULL,NULL,NULL,NULL,NULL,NULL,"Y",NULL,NULL,NULL,NULL,NULL,NULL,NULL,"REAR-LEFT",NULL,NULL,NULL,NULL,NULL,NULL,NULL,NULL,NULL,NULL,NULL,NULL,NULL,NULL,NULL,NULL,NULL,NULL,NULL,NULL,NULL,NULL,NULL,NULL,NULL,NULL,NULL,NULL,NULL,NULL,NULL,NULL,NULL
"924592","5a1e5ca00da04ce83f22512c0bc93bb9a219ca02805533d02d4a67cc10fb3185ab13538191737c707b5a882a9b7dd592909333c5c3317b657caba6beae39eae7","JD308640","07/24/2020 05:15:00 PM","1","DRIVER","1.0","876585.0",NULL,"FORD","ESCAPE","IL","2010.0","UNKNOWN","SPORT UTILITY VEHICLE (SUV)","PERSONAL","S","STRAIGHT AHEAD",NULL,NULL,"2.0",NULL,NULL,NULL,NULL,NULL,NULL,NULL,NULL,NULL,NULL,NULL,NULL,NULL,NULL,NULL,"Y",NULL,"OTHER",NULL,NULL,NULL,NULL,NULL,NULL,NULL,NULL,NULL,NULL,NULL,NULL,NULL,NULL,NULL,NULL,NULL,NULL,NULL,NULL,NULL,NULL,NULL,NULL,NULL,NULL,NULL,NULL,NULL,NULL,NULL,NULL,NULL
"924653","d9e2059ca01177f921544a9f2d63c2864bef10bb7839f9b5317573148fabff1309100e3aae386a1003671c113d42de2f0a3f7b90e1dd7222c0541cccd91ee6ca","JD308790","07/24/2020 03:10:00 PM","2","DRIVER","2.0","876643.0",NULL,"CHEVROLET","SUBURBAN","IL","2017.0","NONE","OTHER","UNKNOWN/NA","E","SLOW/STOP IN TRAFFIC",NULL,NULL,"3.0",NULL,NULL,NULL,NULL,NULL,NULL,NULL,NULL,NULL,"Y",NULL,NULL,NULL,NULL,NULL,NULL,NULL,"REAR-LEFT",NULL,NULL,NULL,NULL,NULL,NULL,NULL,NULL,NULL,NULL,NULL,NULL,NULL,NULL,NULL,NULL,NULL,NULL,NULL,NULL,NULL,NULL,NULL,NULL,NULL,NULL,NULL,NULL,NULL,NULL,NULL,NULL,NULL
"924699","83609803f86dab08c9d091ef175f76a09ee161edda7bffc5b4839f49ff0d91db208f05d3c16b230192bf6eb5b31039620bd7ee4c39c88b3759cb77a4d503ae08","JD308817","07/24/2020 08:54:00 PM","2","DRIVER",NULL,"876681.0",NULL,"NISSAN","ALTIMA","IL","2015.0","NONE","PASSENGER","PERSONAL","W","STRAIGHT AHEAD",NULL,NULL,"1.0",NULL,NULL,NULL,NULL,NULL,NULL,NULL,NULL,"Y","Y","Y",NULL,NULL,NULL,NULL,NULL,NULL,"REAR-LEFT",NULL,NULL,NULL,NULL,NULL,NULL,NULL,NULL,NULL,NULL,NULL,NULL,NULL,NULL,NULL,NULL,NULL,NULL,NULL,NULL,NULL,NULL,NULL,NULL,NULL,NULL,NULL,NULL,NULL,NULL,NULL,NULL,NULL
"925277","ed7c86fb39f571b76165e6aec2a48a978817773b752c5a997b60fc125b7fd2d91ab4aa114a6253e68c241487fbecc07a767a374d9e9b60a33b0c6af976521c4b","JD309753","07/25/2020 03:45:00 PM","1","DRIVER",NULL,"877218.0",NULL,"TOYOTA","CAMRY",NULL,"2018.0","UNKNOWN","PASSENGER","PERSONAL","N","STRAIGHT AHEAD",NULL,NULL,"1.0",NULL,NULL,NULL,NULL,"N",NULL,NULL,NULL,NULL,NULL,NULL,NULL,NULL,"Y","Y","N",NULL,"TOTAL (ALL AREAS)",NULL,NULL,NULL,NULL,NULL,NULL,NULL,NULL,NULL,NULL,NULL,NULL,NULL,NULL,NULL,NULL,NULL,NULL,NULL,NULL,NULL,NULL,NULL,NULL,NULL,NULL,NULL,NULL,NULL,NULL,NULL,NULL,NULL
"925411","1ee22bd859bf3c17479a264ad9968541df508488252dc4190e6acc52cdc9d331c893ebd4652daca335fd4a5748aef96658f132bc11bed2ec4e673df09eedf484","JD309958","07/25/2020 09:05:00 PM","2","DRIVER",NULL,"877368.0",NULL,"VOLKSWAGEN","JETTA","IL","2020.0","NONE","PASSENGER","PERSONAL","E","STRAIGHT AHEAD",NULL,NULL,"1.0",NULL,NULL,NULL,NULL,NULL,NULL,NULL,NULL,NULL,NULL,NULL,NULL,NULL,NULL,NULL,"Y",NULL,"OTHER",NULL,NULL,NULL,NULL,NULL,NULL,NULL,NULL,NULL,NULL,NULL,NULL,NULL,NULL,NULL,NULL,NULL,NULL,NULL,NULL,NULL,NULL,NULL,NULL,NULL,NULL,NULL,NULL,NULL,NULL,NULL,NULL,NULL
"925597","e49e97c2921037b0782749f7878139942d93710753e975d3dbf8e417b6f09cf7b068bf306652b17cdb533930fd80a24d6c3c6c3917b1af7aaba7126ec6765808","JD310236","07/26/2020 02:50:00 AM","2","DRIVER",NULL,"877547.0",NULL,"CADILLAC","CT4","IL","2016.0","UNKNOWN","PASSENGER","PERSONAL","E","STRAIGHT AHEAD",NULL,NULL,"1.0",NULL,NULL,NULL,NULL,NULL,NULL,"Y","Y","Y",NULL,NULL,NULL,NULL,NULL,NULL,NULL,NULL,"REAR-RIGHT",NULL,NULL,NULL,NULL,NULL,NULL,NULL,NULL,NULL,NULL,NULL,NULL,NULL,NULL,NULL,NULL,NULL,NULL,NULL,NULL,NULL,NULL,NULL,NULL,NULL,NULL,NULL,NULL,NULL,NULL,NULL,NULL,NULL
"925903","1c505c0a8c4dc8334e429930774b42d4f96006d3f57c9fe75f735d9d846030617d9875fdc40e7648b6fee40839318a158d2e166c5f5617e1e5b77284a88a99be","JD310861","07/26/2020 05:10:00 PM","2","PARKED",NULL,"877840.0",NULL,"LAND ROVER","OTHER (EXPLAIN IN NARRATIVE)","IL","2013.0","NONE","PASSENGER","PERSONAL","N","PARKED","N",NULL,"0.0",NULL,NULL,NULL,NULL,"Y","Y",NULL,NULL,NULL,NULL,"Y","Y",NULL,NULL,NULL,NULL,NULL,"FRONT-LEFT",NULL,NULL,NULL,NULL,NULL,NULL,NULL,NULL,NULL,NULL,NULL,NULL,NULL,NULL,NULL,NULL,NULL,NULL,NULL,NULL,NULL,NULL,NULL,NULL,NULL,NULL,NULL,NULL,NULL,NULL,NULL,NULL,NULL