"CRASH_UNIT_ID","CRASH_RECORD_ID","RD_NO","CRASH_DATE","UNIT_NO","UNIT_TYPE","NUM_PASSENGERS","VEHICLE_ID","CMRC_VEH_I","MAKE","MODEL","LIC_PLATE_STATE","VEHICLE_YEAR","VEHICLE_DEFECT","VEHICLE_TYPE","VEHICLE_USE","TRAVEL_DIRECTION","MANEUVER","TOWED_I","FIRE_I","OCCUPANT_CNT","EXCEED_SPEED_LIMIT_I","TOWED_BY","TOWED_TO","AREA_00_I","AREA_01_I","AREA_02_I","AREA_03_I","AREA_04_I","AREA_05_I","AREA_06_I","AREA_07_I","AREA_08_I","AREA_09_I","AREA_10_I","AREA_11_I","AREA_12_I","AREA_99_I","FIRST_CONTACT_POINT","CMV_ID","USDOT_NO","CCMC_NO","ILCC_NO","COMMERCIAL_SRC","GVWR","CARRIER_NAME","CARRIER_STATE","CARRIER_CITY","HAZMAT_PLACARDS_I","HAZMAT_NAME","UN_NO","HAZMAT_PRESENT_I","HAZMAT_REPORT_I","HAZMAT_REPORT_NO","MCS_REPORT_I","MCS_REPORT_NO","HAZMAT_VIO_CAUSE_CRASH_I","MCS_VIO_CAUSE_CRASH_I","IDOT_PERMIT_NO","WIDE_LOAD_I","TRAILER1_WIDTH","TRAILER2_WIDTH","TRAILER1_LENGTH","TRAILER2_LENGTH","TOTAL_VEHICLE_LENGTH","AXLE_CNT","VEHICLE_CONFIG","CARGO_BODY_TYPE","LOAD_TYPE","HAZMAT_OUT_OF_SERVICE_I","MCS_OUT_OF_SERVICE_I","HAZMAT_CLASS"
"925962","8f37b25300fefab13ea1fe221f9b21029c250232ede14a811fffe6a181fe8537cfac6a66e3834c7be42e2bb7bfb774c1fc2628869a68a871e05701fe25b6da70","JD310920","07/26/2020 06:20:00 PM","1","DRIVER",NULL,"877896.0",NULL,"NISSAN","ROGUE","IL","2016.0","UNKNOWN","PASSENGER","PERSONAL","N","STRAIGHT AHEAD",NULL,NULL,"1.0",NULL,NULL,NULL,NULL,"Y",NULL,NULL,NULL,"Y","Y","Y",NULL,NULL,NULL,"Y","Y",NULL,"OTHER",NULL,NULL,NULL,NULL,NULL,NULL,NULL,NULL,NULL,NULL,NULL,NULL,NULL,NULL,NULL,NULL,NULL,NULL,NULL,NULL,NULL,NULL,NULL,NULL,NULL,NULL,NULL,NULL,NULL,NULL,NULL,NULL,NULL
"926187","5b552d4030029bcfd31af3af9bacb34c988091919e430c5c3bace07c27782cb388620d449cb8a0070e942fb76903f2ce27e2a9e8f7e223267ba8c21dc786b6d7","JD311364","07/27/2020 05:30:00 AM","3","PARKED",NULL,"878122.0",NULL,"CHEVROLET","EQUINOX","IL","2013.0","UNKNOWN","SPORT UTILITY VEHICLE (SUV)","PERSONAL","E","PARKED",NULL,NULL,"0.0",NULL,NULL,NULL,NULL,NULL,NULL,NULL,NULL,NULL,NULL,"Y","Y","Y",NULL,NULL,NULL,NULL,"SIDE-LEFT",NULL,NULL,NULL,NULL,NULL,NULL,NULL,NULL,NULL,NULL,NULL,NULL,NULL,NULL,NULL,NULL,NULL,NULL,NULL,NULL,NULL,NULL,NULL,NULL,NULL,NULL,NULL,NULL,NULL,NULL,NULL,NULL,NULL
"926333","8a4c119c8bee71c0e8c1f094c2f3e86590070db67cb2a1f13ba0a13a5e75759b3d522f192d4ab4e010f27478b88d8db1e136185ba1376af50860ca3a841dda2a","JD311663","07/27/2020 01:20:00 PM","2","PARKED",NULL,"878260.0",NULL,"TOYOTA","RAV4","IL","2012.0","UNKNOWN","SPORT UTILITY VEHICLE (SUV)","PERSONAL","S","PARKED",NULL,NULL,"0.0",NULL,NULL,NULL,NULL,NULL,NULL,NULL,NULL,NULL,NULL,NULL,NULL,NULL,NULL,"Y","Y",NULL,"TOTAL (ALL AREAS)",NULL,NULL,NULL,NULL,NULL,NULL,NULL,NULL,NULL,NULL,NULL,NULL,NULL,NULL,NULL,NULL,NULL,NULL,NULL,NULL,NULL,NULL,NULL,NULL,NULL,NULL,NULL,NULL,NULL,NULL,NULL,NULL,NULL
"928009","fe6dbaa075d8742b65a55d498c47f2825bd824b0473d3611f0cd1febf2d51a207bd4726433473155c024579962e22ddf9976fe5163ca983113b1fd58c33b087a","JD314527","07/29/2020 09:04:00 PM","1","DRIVER","1.0","879817.0",NULL,"HYUNDAI","SONATA","IL","2012.0","UNKNOWN","PASSENGER","PERSONAL","SE","TURNING LEFT",NULL,NULL,"2.0",NULL,NULL,NULL,NULL,NULL,NULL,NULL,"Y","Y","Y","Y","Y",NULL,NULL,NULL,NULL,NULL,"FRONT-LEFT",NULL,NULL,NULL,NULL,NULL,NULL,NULL,NULL,NULL,NULL,NULL,NULL,NULL,NULL,NULL,NULL,NULL,NULL,NULL,NULL,NULL,NULL,NULL,NULL,NULL,NULL,NULL,NULL,NULL,NULL,NULL,NULL,NULL
"928821","9dfde339f4375631bb7877cf948a4519c8bda51e4214e2ddb5ad8dba25d93c65e3db5c0c266118d4cb6fc8606b49fab1c5f4c72f7f59ecde28732650e9b4d1e6","JD316120","07/31/2020 10:28:00 AM","2","DRIVER",NULL,"880599.0","N","INTERNATIONAL TRAILER CORPORATION","INTERNATIONAL TRAILER CORP.","MN","2020.0","NONE","TRACTOR W/ SEMI-TRAILER","COMMERCIAL - SINGLE UNIT","W","STRAIGHT AHEAD",NULL,NULL,"1.0",NULL,NULL,NULL,NULL,NULL,NULL,NULL,NULL,NULL,NULL,NULL,NULL,NULL,NULL,"Y",NULL,NULL,"TOTAL (ALL AREAS)",NULL,NULL,NULL,NULL,NULL,NULL,NULL,NULL,NULL,NULL,NULL,NULL,NULL,NULL,NULL,NULL,NULL,NULL,NULL,NULL,NULL,NULL,NULL,NULL,NULL,NULL,NULL,NULL,NULL,NULL,NULL,NULL,NULL
"929362","81d137b5f7db2ec8de464fc2413611c4254d4d3726f440ffe8c461b4f910d082402407fce4b862273fa235735d230372a25bad1b622fd0d75c713c06f508ae15","JD316900","07/31/2020 10:22:00 PM","2","DRIVER",NULL,"881101.0",NULL,"HONDA","CIVIC","IL","2014.0","NONE","PASSENGER","PERSONAL","N","SLOW/STOP IN TRAFFIC","Y",NULL,"1.0",NULL,NULL,NULL,"Y","Y",NULL,NULL,NULL,NULL,NULL,NULL,NULL,NULL,NULL,NULL,"Y",NULL,"OTHER",NULL,NULL,NULL,NULL,NULL,NULL,NULL,NULL,NULL,NULL,NULL,NULL,NULL,NULL,NULL,NULL,NULL,NULL,NULL,NULL,NULL,NULL,NULL,NULL,NULL,NULL,NULL,NULL,NULL,NULL,NULL,NULL,NULL
"929426","50c0347e558f78ad3f9203eec276185cc90a4d5a687a97b5b1a03e0ddb0140f4c739a4be3e563cf200d80d059f359e8ff1bb037dc9308c0b4f90e2dc473739a8","JD317000","08/01/2020 01:45:00 AM","2","DRIVER",NULL,"881152.0",NULL,"HONDA","CR-V","IL","2013.0","NONE","PASSENGER","PERSONAL","W","SLOW/STOP IN TRAFFIC",NULL,NULL,"1.0",NULL,NULL,NULL,NULL,NULL,NULL,NULL,NULL,NULL,NULL,NULL,NULL,NULL,NULL,"Y",NULL,NULL,"TOTAL (ALL AREAS)",NULL,NULL,NULL,NULL,NULL,NULL,NULL,NULL,NULL,NULL,NULL,NULL,NULL,NULL,NULL,NULL,NULL,NULL,NULL,NULL,NULL,NULL,NULL,NULL,NULL,NULL,NULL,NULL,NULL,NULL,NULL,NULL,NULL
"929569","cbae45f7b10232f461e4eba7aaed7a401ce447de60974a6ea6761bcacfcedf0288ddd8fa1fc3fbb5ce5f9f38d9039e559694784863158417447824bbb4eed14d","JD317297","08/01/2020 10:30:00 AM","1","DRIVER",NULL,"883026.0",NULL,"CHEVROLET","EQUINOX","IL","2009.0","UNKNOWN","PASSENGER","PERSONAL","N","STRAIGHT AHEAD",NULL,NULL,"1.0",NULL,NULL,NULL,NULL,NULL,NULL,NULL,NULL,NULL,NULL,NULL,NULL,NULL,NULL,NULL,"Y",NULL,"OTHER",NULL,NULL,NULL,NULL,NULL,NULL,NULL,NULL,NULL,NULL,NULL,NULL,NULL,NULL,NULL,NULL,NULL,NULL,NULL,NULL,NULL,NULL,NULL,NULL,NULL,NULL,NULL,NULL,NULL,NULL,NULL,NULL,NULL
"929653","9111b4b37e598fdae69a8b471f4aeb9b189d1a8b7e18f6c3dfffbdc367548f82d7ac566bc30380185124ee782896047d3d274918fd01190e8494d3481d4da8be","JD317365","08/01/2020 12:07:00 PM","1","DRIVER",NULL,"881372.0",NULL,"LEXUS","OTHER (EXPLAIN IN NARRATIVE)","IL","2008.0","UNKNOWN","PASSENGER","UNKNOWN/NA","S","OTHER",NULL,NULL,"1.0",NULL,NULL,NULL,NULL,NULL,NULL,NULL,NULL,NULL,NULL,NULL,NULL,"Y",NULL,NULL,NULL,NULL,"ROOF",NULL,NULL,NULL,NULL,NULL,NULL,NULL,NULL,NULL,NULL,NULL,NULL,NULL,NULL,NULL,NULL,NULL,NULL,NULL,NULL,NULL,NULL,NULL,NULL,NULL,NULL,NULL,NULL,NULL,NULL,NULL,NULL,NULL
"929669","c60db6005cb8d9bca852b1fce58fff15b1dc88ac1cfc04a0e199e60f35bad39e603e961ff019cc58e9c358cbebee5370eb8269c1c8582b405a324c03ccb8bbab","JD317429","08/01/2020 12:00:00 PM","2","DRIVER",NULL,"881396.0",NULL,"TOYOTA","CAMRY","IL","2012.0","NONE","PASSENGER","PERSONAL","S","DRIVING WRONG WAY",NULL,NULL,"1.0",NULL,NULL,NULL,NULL,NULL,NULL,NULL,NULL,NULL,"Y",NULL,NULL,NULL,NULL,NULL,NULL,NULL,"REAR-LEFT",NULL,NULL,NULL,NULL,NULL,NULL,NULL,NULL,NULL,NULL,NULL,NULL,NULL,NULL,NULL,NULL,NULL,NULL,NULL,NULL,NULL,NULL,NULL,NULL,NULL,NULL,NULL,NULL,NULL,NULL,NULL,NULL,NULL
"929911","836edcc0f942626859e7dfb33468999fbf5fdea22e0b257f32d1ebe49ed0a55e83654a4827d92fe748a1f28682f184084ac5336e53ffeb6faadb611813a8ad23","JD317680","08/01/2020 04:45:00 PM","2","DRIVER","1.0","881594.0",NULL,"BMW","OTHER (EXPLAIN IN NARRATIVE)","IL","2009.0","NONE","PASSENGER","PERSONAL","W","STRAIGHT AHEAD",NULL,NULL,"2.0",NULL,NULL,NULL,NULL,NULL,NULL,NULL,NULL,NULL,NULL,NULL,NULL,NULL,"Y","Y",NULL,NULL,"UNDER CARRIAGE",NULL,NULL,NULL,NULL,NULL,NULL,NULL,NULL,NULL,NULL,NULL,NULL,NULL,NULL,NULL,NULL,NULL,NULL,NULL,NULL,NULL,NULL,NULL,NULL,NULL,NULL,NULL,NULL,NULL,NULL,NULL,NULL,NULL
"930425","091ef876b642fab16601bb08971ffd097132308944c52ae9ac847f751301b0dde7efd1a02b0a018c45221690407d4a498296f75f994c4b41d74117e2bbda414f","JD318363","08/02/2020 12:20:00 PM","2","DRIVER",NULL,"882035.0",NULL,"JEEP","GRAND CHEROKEE","IL","2014.0","NONE","SPORT UTILITY VEHICLE (SUV)","PERSONAL","W","SLOW/STOP IN TRAFFIC",NULL,NULL,"1.0",NULL,NULL,NULL,NULL,NULL,NULL,NULL,NULL,"Y","Y","Y",NULL,NULL,NULL,NULL,NULL,NULL,"REAR-LEFT",NULL,NULL,NULL,NULL,NULL,NULL,NULL,NULL,NULL,NULL,NULL,NULL,NULL,NULL,NULL,NULL,NULL,NULL,NULL,NULL,NULL,NULL,NULL,NULL,NULL,NULL,NULL,NULL,NULL,NULL,NULL,NULL,NULL
"930621","ffa886645476db8a8d0626d42ce71d69683a9a548b21ef55ef7b31f37c374ee26827c6d8cc32bfaf1ddaae75a5488ee283a8b2cc8d86eb0793946b8d8ea1b29a","JD318607","08/02/2020 04:35:00 PM","2","DRIVER",NULL,"882226.0",NULL,"NISSAN","OTHER (EXPLAIN IN NARRATIVE)","IL","2017.0","UNKNOWN","PASSENGER","PERSONAL","N","STRAIGHT AHEAD",NULL,NULL,"1.0",NULL,NULL,NULL,NULL,NULL,NULL,NULL,NULL,NULL,"Y",NULL,NULL,NULL,NULL,NULL,NULL,NULL,"REAR-LEFT",NULL,NULL,NULL,NULL,NULL,NULL,NULL,NULL,NULL,NULL,NULL,NULL,NULL,NULL,NULL,NULL,NULL,NULL,NULL,NULL,NULL,NULL,NULL,NULL,NULL,NULL,NULL,NULL,NULL,NULL,NULL,NULL,NULL
"930640","fa1283f3e1e90d7ba802eb9385b3739de3c23b37ad8e2935f386d87e18b94bee0b8e84c49d41b4c113e2a53e66ab981c7fa2b221881ec5c3afeefb81f6430843","JD318670","08/02/2020 05:00:00 PM","1","DRIVER",NULL,"882248.0",NULL,"FORD","OTHER (EXPLAIN IN NARRATIVE)","IL","2018.0","UNKNOWN","UNKNOWN/NA","UNKNOWN/NA","N","STRAIGHT AHEAD",NULL,NULL,"1.0",NULL,NULL,NULL,NULL,NULL,NULL,NULL,NULL,NULL,NULL,NULL,NULL,NULL,NULL,NULL,NULL,"Y","UNKNOWN",NULL,NULL,NULL,NULL,NULL,NULL,NULL,NULL,NULL,NULL,NULL,NULL,NULL,NULL,NULL,NULL,NULL,NULL,NULL,NULL,NULL,NULL,NULL,NULL,NULL,NULL,NULL,NULL,NULL,NULL,NULL,NULL,NULL
"931230","9fa35e0c92a28b7c94a4ce54740d56dd006f47ed62332219c5baef575419463404fed907cdb610f57208e8fd1786a0847370feda80835ca70565797fa5b0ed1b","JD319727","08/03/2020 09:30:00 AM","2","PARKED",NULL,"882812.0",NULL,"NISSAN","ALTIMA","IL","2015.0","UNKNOWN","PASSENGER","NOT IN USE","W","PARKED",NULL,NULL,"0.0",NULL,NULL,NULL,NULL,NULL,NULL,NULL,NULL,NULL,NULL,NULL,NULL,NULL,"Y","Y",NULL,NULL,"TOTAL (ALL AREAS)",NULL,NULL,NULL,NULL,NULL,NULL,NULL,NULL,NULL,NULL,NULL,NULL,NULL,NULL,NULL,NULL,NULL,NULL,NULL,NULL,NULL,NULL,NULL,NULL,NULL,NULL,NULL,NULL,NULL,NULL,NULL,NULL,NULL
"931280","cc675b2b8316dc666f9930ba4c6a0122810b4c05f8c5f04002718307fecdc76e116d2f9676ca333cb20ee76dd0c969163e8324c8053124fab7aa96930a579149","JD319767","08/03/2020 05:20:00 PM","2","PARKED","3.0","882864.0",NULL,"HONDA","CIVIC","NJ","2015.0","UNKNOWN","PASSENGER","UNKNOWN/NA","N","PARKED",NULL,NULL,"3.0",NULL,NULL,NULL,NULL,"Y",NULL,NULL,NULL,NULL,NULL,NULL,NULL,NULL,NULL,"Y","Y",NULL,"TOTAL (ALL AREAS)",NULL,NULL,NULL,NULL,NULL,NULL,NULL,NULL,NULL,NULL,NULL,NULL,NULL,NULL,NULL,NULL,NULL,NULL,NULL,NULL,NULL,NULL,NULL,NULL,NULL,NULL,NULL,NULL,NULL,NULL,NULL,NULL,NULL
"931286","9de2e5a98c1b0df6668513cc6199834d3a069eb51859700ecb72cb757971652ff7307ca36ae4d7f976bc3007fb6ed58f12114aa358a1f3d6bf3a60ec220017e5","JD319772","08/03/2020 05:45:00 PM","1","DRIVER",NULL,"882866.0",NULL,"HYUNDAI","OTHER (EXPLAIN IN NARRATIVE)","IL","2013.0","UNKNOWN","PASSENGER","PERSONAL","N","STRAIGHT AHEAD","Y",NULL,"1.0",NULL,"SSN","400 E LOWER WACKER DR",NULL,NULL,NULL,NULL,NULL,NULL,NULL,NULL,NULL,NULL,NULL,"N","Y",NULL,"OTHER",NULL,NULL,NULL,NULL,NULL,NULL,NULL,NULL,NULL,NULL,NULL,NULL,NULL,NULL,NULL,NULL,NULL,NULL,NULL,NULL,NULL,NULL,NULL,NULL,NULL,NULL,NULL,NULL,NULL,NULL,NULL,NULL,NULL
"931553","5307eab221c6a4f6e7d0fa32be3ac7fa00bbf0eb26b595d36716dbeb9304edf998b1001edea9e6677e8f7dbd2c8ccdeeb6ae13a6ca912dfa465b3208f744e94a","JD320323","08/04/2020 09:58:00 AM","2","DRIVER",NULL,"883114.0",NULL,"MERCEDES-BENZ","500 SERIES","IL","2018.0","NONE","PASSENGER","PERSONAL","N","STRAIGHT AHEAD",NULL,NULL,"1.0",NULL,NULL,NULL,NULL,NULL,NULL,NULL,NULL,NULL,NULL,NULL,NULL,NULL,NULL,"Y",NULL,NULL,"UNDER CARRIAGE",NULL,NULL,NULL,NULL,NULL,NULL,NULL,NULL,NULL,NULL,NULL,NULL,NULL,NULL,NULL,NULL,NULL,NULL,NULL,NULL,NULL,NULL,NULL,NULL,NULL,NULL,NULL,NULL,NULL,NULL,NULL,NULL,NULL
"931868","9a7fba9a48b80d8f95236f407049f9906d53be4c4f12c7771e6a2d22d75d27ccfdbf5ef0fee9c5ddc82f5a1abebdbd0912563f71a865b31726f45fbe28b048d7","JD320890","08/04/2020 05:50:00 PM","1","DRIVER",NULL,"883410.0",NULL,"TOYOTA","RAV4","IL","2020.0","UNKNOWN","PASSENGER","PERSONAL","UNKNOWN","STRAIGHT AHEAD",NULL,NULL,"1.0",NULL,NULL,NULL,NULL,NULL,NULL,NULL,NULL,NULL,NULL,NULL,NULL,NULL,NULL,NULL,"Y",NULL,"OTHER",NULL,NULL,NULL,NULL,NULL,NULL,NULL,NULL,NULL,NULL,NULL,NULL,NULL,NULL,NULL,NULL,NULL,NULL,NULL,NULL,NULL,NULL,NULL,NULL,NULL,NULL,NULL,NULL,NULL,NULL,NULL,NULL,NULL
"932278","a33c20bb641fbfbb953ec80b2f53102dc7d77c78145fed1b6ab64ded6f795cde76843ec2956e287fa41ec57843060328574229648f6c0d1d2d610ef1ebc54aeb","JD321732","08/05/2020 03:04:00 PM","1","DRIVER",NULL,"883800.0",NULL,"NISSAN","SENTRA","IL","2018.0","UNKNOWN","PASSENGER","PERSONAL","E","TURNING LEFT",NULL,NULL,"1.0",NULL,NULL,NULL,NULL,"Y",NULL,NULL,NULL,NULL,NULL,NULL,NULL,NULL,NULL,"Y","Y",NULL,"OTHER",NULL,NULL,NULL,NULL,NULL,NULL,NULL,NULL,NULL,NULL,NULL,NULL,NULL,NULL,NULL,NULL,NULL,NULL,NULL,NULL,NULL,NULL,NULL,NULL,NULL,NULL,NULL,NULL,NULL,NULL,NULL,NULL,NULL
"932433","34a741cd84ed872caaaa30a08783e8a53b6041d93215a228ddcca0eb7fa7e6de4dd375a3871bba9bd5d52ce9f8e58edc9ccfb3c30b745ebfd3973f36058bcb45","JD321994","08/05/2020 01:30:00 PM","2","PARKED",NULL,"883940.0",NULL,"CHEVROLET","SILVERADO","IL","2020.0","UNKNOWN","PICKUP","NOT IN USE","S","PARKED",NULL,NULL,"0.0",NULL,NULL,NULL,NULL,NULL,NULL,NULL,NULL,"Y",NULL,NULL,NULL,NULL,NULL,NULL,NULL,NULL,"REAR-RIGHT",NULL,NULL,NULL,NULL,NULL,NULL,NULL,NULL,NULL,NULL,NULL,NULL,NULL,NULL,NULL,NULL,NULL,NULL,NULL,NULL,NULL,NULL,NULL,NULL,NULL,NULL,NULL,NULL,NULL,NULL,NULL,NULL,NULL
"932557","d4048311b7440fab2273e8d8f73dc970ba492dfe2da9d07add93f248ca8796f649af463ef7c2b5315f68c945bfda430a6e0796d1413c8294b0c3e37572def427","JD322165","08/05/2020 08:20:00 PM","2","PARKED",NULL,"884057.0",NULL,"CHEVROLET","HHR","IL","2010.0","NONE","PASSENGER","NOT IN USE","N","PARKED",NULL,NULL,"0.0",NULL,NULL,NULL,NULL,"Y",NULL,NULL,NULL,NULL,NULL,NULL,NULL,NULL,NULL,NULL,"Y",NULL,"OTHER",NULL,NULL,NULL,NULL,NULL,NULL,NULL,NULL,NULL,NULL,NULL,NULL,NULL,NULL,NULL,NULL,NULL,NULL,NULL,NULL,NULL,NULL,NULL,NULL,NULL,NULL,NULL,NULL,NULL,NULL,NULL,NULL,NULL
"932749","3b567ae6333d68cf5e6a55ee479f1c6acecc1067287e4d03ae420c9d2d7eb11023e2af36d950e7f1724b4d80b9bb42a96da334d55ed3916cac7ad8c49c9ff4e1","JD322627","08/06/2020 11:21:00 AM","2","DRIVER",NULL,"884246.0",NULL,"CHEVROLET","OTHER (EXPLAIN IN NARRATIVE)","IL","2012.0","UNKNOWN","PASSENGER","UNKNOWN/NA","UNKNOWN","BACKING",NULL,NULL,"1.0",NULL,NULL,NULL,NULL,NULL,NULL,NULL,NULL,"Y","Y","Y",NULL,NULL,NULL,NULL,NULL,NULL,"REAR-LEFT",NULL,NULL,NULL,NULL,NULL,NULL,NULL,NULL,NULL,NULL,NULL,NULL,NULL,NULL,NULL,NULL,NULL,NULL,NULL,NULL,NULL,NULL,NULL,NULL,NULL,NULL,NULL,NULL,NULL,NULL,NULL,NULL,NULL
"933577","4d7fdd29f3338e47e7e74b2eca00b41c26be04a79129b66549d3daa5b7e582f6e85a003312c2483fbc0877b4c902ec6b5d33a663137b0e13e8e35a6095e7e303","JD323960","08/07/2020 02:30:00 PM","1","DRIVER",NULL,"885016.0",NULL,"MERCEDES-BENZ","R550","IL","2017.0","NONE","PASSENGER","PERSONAL","S","STRAIGHT AHEAD","Y",NULL,"1.0",NULL,"acd towing",NULL,NULL,"Y",NULL,NULL,NULL,NULL,NULL,NULL,NULL,NULL,NULL,"Y","Y",NULL,"OTHER",NULL,NULL,NULL,NULL,NULL,NULL,NULL,NULL,NULL,NULL,NULL,NULL,NULL,NULL,NULL,NULL,NULL,NULL,NULL,NULL,NULL,NULL,NULL,NULL,NULL,NULL,NULL,NULL,NULL,NULL,NULL,NULL,NULL
"933638","af603369ee33478e07b8a798b65f663d744e113c8526b15f83f649dbdefde2edbf2a73a794f5561a2bb8ccd2d405440b1375716b27f752df5c5dcbc6c04019d9","JD324056","08/07/2020 03:57:00 PM","2","DRIVER","1.0","885093.0",NULL,"NISSAN","ROGUE","IL","2017.0","NONE","PASSENGER","OTHER","S","STRAIGHT AHEAD",NULL,NULL,"2.0",NULL,NULL,NULL,NULL,NULL,NULL,NULL,NULL,NULL,"Y",NULL,NULL,NULL,NULL,NULL,NULL,NULL,"REAR-LEFT",NULL,NULL,NULL,NULL,NULL,NULL,NULL,NULL,NULL,NULL,NULL,NULL,NULL,NULL,NULL,NULL,NULL,NULL,NULL,NULL,NULL,NULL,NULL,NULL,NULL,NULL,NULL,NULL,NULL,NULL,NULL,NULL,NULL
"933717","3a62f477d0cdd4755ef75551a57e73238744919dfb655adcdcf2de1449d6b5748f1c372055c6360be6148f50995a6c0e856471d35273dc49dcfa585da211369f","JD324156","08/07/2020 04:24:00 PM","1","DRIVER",NULL,"885144.0",NULL,"TOYOTA","CAMRY","IL","2019.0","NONE","PASSENGER","UNKNOWN/NA","W","U-TURN",NULL,NULL,"1.0",NULL,NULL,NULL,NULL,"Y",NULL,NULL,NULL,NULL,NULL,NULL,NULL,NULL,NULL,NULL,NULL,NULL,"FRONT",NULL,NULL,NULL,NULL,NULL,NULL,NULL,NULL,NULL,NULL,NULL,NULL,NULL,NULL,NULL,NULL,NULL,NULL,NULL,NULL,NULL,NULL,NULL,NULL,NULL,NULL,NULL,NULL,NULL,NULL,NULL,NULL,NULL
"933730","cf8c59f37f37a15ba0a7371dc7177a552682393107f90cd18b904105d74f7edb10a0deee16bc64973e5e679306426dd0a6da2f9369e6ef3a18d66656d03d7bd1","JD324186","08/07/2020 03:40:00 PM","1","DRIVER",NULL,"885165.0",NULL,"TOYOTA","COROLLA","NY","2020.0","NONE","PASSENGER","PERSONAL","N","CHANGING LANES",NULL,NULL,"1.0",NULL,NULL,NULL,NULL,NULL,NULL,"Y",NULL,NULL,NULL,NULL,NULL,NULL,NULL,NULL,NULL,NULL,"SIDE-RIGHT",NULL,NULL,NULL,NULL,NULL,NULL,NULL,NULL,NULL,NULL,NULL,NULL,NULL,NULL,NULL,NULL,NULL,NULL,NULL,NULL,NULL,NULL,NULL,NULL,NULL,NULL,NULL,NULL,NULL,NULL,NULL,NULL,NULL
"934654","d3182f82dd9036e8eb268cfa0eca7fd25b9816cee85acf82da4469e2a5fc8f47f80092f7563ea368d1600ec40b4eb54c9271a4f6987dad9db481302072b5edfe","JD325528","08/08/2020 09:40:00 PM","2","DRIVER",NULL,"886045.0",NULL,"CHEVROLET","CRUZE","IL","2016.0","NONE","PASSENGER","PERSONAL","E","STRAIGHT AHEAD","N",NULL,"1.0",NULL,NULL,NULL,NULL,"Y","Y","Y","Y","Y",NULL,NULL,NULL,NULL,NULL,"Y","Y",NULL,"SIDE-RIGHT",NULL,NULL,NULL,NULL,NULL,NULL,NULL,NULL,NULL,NULL,NULL,NULL,NULL,NULL,NULL,NULL,NULL,NULL,NULL,NULL,NULL,NULL,NULL,NULL,NULL,NULL,NULL,NULL,NULL,NULL,NULL,NULL,NULL
"934739","b6554cbb292ec947933503ae0ec33b16357f222efb483556fd7eb60a071d5131c9ab511a82840167932c186db41602dbc42e57a881faf0eab695ec9e6018c9a3","JD325724","08/09/2020 12:43:00 AM","2","DRIVER",NULL,"886130.0",NULL,"HYUNDAI","SONATA","IL","2016.0","UNKNOWN","PASSENGER","PERSONAL","N","OTHER",NULL,NULL,"1.0",NULL,NULL,NULL,NULL,NULL,NULL,NULL,NULL,NULL,NULL,NULL,NULL,NULL,NULL,NULL,"Y",NULL,"OTHER",NULL,NULL,NULL,NULL,NULL,NULL,NULL,NULL,NULL,NULL,NULL,NULL,NULL,NULL,NULL,NULL,NULL,NULL,NULL,NULL,NULL,NULL,NULL,NULL,NULL,NULL,NULL,NULL,NULL,NULL,NULL,NULL,NULL
"935217","248fae7d1519becdeaa0b9ffdb12512af51e8293fa059be2a1206e6b8dced250da17d8eadaeb52f88dde368c48936f71199bf722554617b34fd6908735a72d98","JD326564","08/09/2020 09:10:00 PM","1","DRIVER",NULL,"886583.0",NULL,"ACURA","TLX","OH","2012.0","UNKNOWN","PASSENGER","PERSONAL","W","SKIDDING/CONTROL LOSS",NULL,NULL,"1.0",NULL,NULL,NULL,NULL,"Y","Y","Y","Y","N",NULL,NULL,NULL,NULL,NULL,NULL,NULL,NULL,"FRONT",NULL,NULL,NULL,NULL,NULL,NULL,NULL,NULL,NULL,NULL,NULL,NULL,NULL,NULL,NULL,NULL,NULL,NULL,NULL,NULL,NULL,NULL,NULL,NULL,NULL,NULL,NULL,NULL,NULL,NULL,NULL,NULL,NULL
"935259","615f37ebc146c2cfd9612358ceb3185b23e7534e6cd039084d9173f22269b52d36de425b25b3db9456c30225487cfc88fb3c5a4961d121dd212172200befd5fa","JD326679","08/09/2020 10:30:00 PM","1","DRIVER",NULL,"886626.0",NULL,"TOYOTA","COROLLA","IL","2014.0","UNKNOWN","PASSENGER","UNKNOWN/NA","E","SKIDDING/CONTROL LOSS",NULL,NULL,"1.0",NULL,NULL,NULL,NULL,"Y",NULL,NULL,NULL,NULL,NULL,NULL,NULL,NULL,NULL,"Y","Y",NULL,"OTHER",NULL,NULL,NULL,NULL,NULL,NULL,NULL,NULL,NULL,NULL,NULL,NULL,NULL,NULL,NULL,NULL,NULL,NULL,NULL,NULL,NULL,NULL,NULL,NULL,NULL,NULL,NULL,NULL,NULL,NULL,NULL,NULL,NULL