"CRASH_UNIT_ID","CRASH_RECORD_ID","RD_NO","CRASH_DATE","UNIT_NO","UNIT_TYPE","NUM_PASSENGERS","VEHICLE_ID","CMRC_VEH_I","MAKE","MODEL","LIC_PLATE_STATE","VEHICLE_YEAR","VEHICLE_DEFECT","VEHICLE_TYPE","VEHICLE_USE","TRAVEL_DIRECTION","MANEUVER","TOWED_I","FIRE_I","OCCUPANT_CNT","EXCEED_SPEED_LIMIT_I","TOWED_BY","TOWED_TO","AREA_00_I","AREA_01_I","AREA_02_I","AREA_03_I","AREA_04_I","AREA_05_I","AREA_06_I","AREA_07_I","AREA_08_I","AREA_09_I","AREA_10_I","AREA_11_I","AREA_12_I","AREA_99_I","FIRST_CONTACT_POINT","CMV_ID","USDOT_NO","CCMC_NO","ILCC_NO","COMMERCIAL_SRC","GVWR","CARRIER_NAME","CARRIER_STATE","CARRIER_CITY","HAZMAT_PLACARDS_I","HAZMAT_NAME","UN_NO","HAZMAT_PRESENT_I","HAZMAT_REPORT_I","HAZMAT_REPORT_NO","MCS_REPORT_I","MCS_REPORT_NO","HAZMAT_VIO_CAUSE_CRASH_I","MCS_VIO_CAUSE_CRASH_I","IDOT_PERMIT_NO","WIDE_LOAD_I","TRAILER1_WIDTH","TRAILER2_WIDTH","TRAILER1_LENGTH","TRAILER2_LENGTH","TOTAL_VEHICLE_LENGTH","AXLE_CNT","VEHICLE_CONFIG","CARGO_BODY_TYPE","LOAD_TYPE","HAZMAT_OUT_OF_SERVICE_I","MCS_OUT_OF_SERVICE_I","HAZMAT_CLASS"
"941639","1860708cf5b6f76653d4bab5c348debeb54848b88a98500eecfba3a429263240993307af374acd551e7e775ecaaebd447865412307cab2ef50cc58209705dd26","JD338042","08/17/2020 02:17:00 PM","2","PARKED",NULL,"892649.0",NULL,"MERCEDES-BENZ","SPRINTER","IL","2018.0","UNKNOWN","PASSENGER","UNKNOWN/NA","S","PARKED",NULL,NULL,"0.0",NULL,NULL,NULL,NULL,NULL,"Y","Y","Y",NULL,NULL,NULL,NULL,NULL,NULL,NULL,NULL,NULL,"SIDE-RIGHT",NULL,NULL,NULL,NULL,NULL,NULL,NULL,NULL,NULL,NULL,NULL,NULL,NULL,NULL,NULL,NULL,NULL,NULL,NULL,NULL,NULL,NULL,NULL,NULL,NULL,NULL,NULL,NULL,NULL,NULL,NULL,NULL,NULL
"941782","f6b9f52b908d923e59a8456651d0a41758483979983821ac32f90ff9cfbcd686b2f9c3c6eb81a13708228ebb7b5907bf616cfcf4c8a5f3ba369205f0cea7f1e9","JD338002","08/19/2020 02:50:00 PM","1","DRIVER","1.0","892781.0",NULL,"JEEP","COMPASS","IL","2018.0","NONE","PASSENGER","PERSONAL","S","AVOIDING VEHICLES/OBJECTS",NULL,NULL,"2.0",NULL,NULL,NULL,"Y",NULL,NULL,NULL,NULL,NULL,NULL,NULL,NULL,NULL,NULL,NULL,NULL,NULL,"ROOF",NULL,NULL,NULL,NULL,NULL,NULL,NULL,NULL,NULL,NULL,NULL,NULL,NULL,NULL,NULL,NULL,NULL,NULL,NULL,NULL,NULL,NULL,NULL,NULL,NULL,NULL,NULL,NULL,NULL,NULL,NULL,NULL,NULL
"942275","8adc0ad74d8667a20e6811dbd960485d74b9e5c31b5f20927ccfa0f63c2d5aecdbbeaa16d7dc590714d4770ee0398fcf79c8f966eb4397126fc09e7c50274f4b","JD339338","08/20/2020 05:10:00 PM","2","DRIVER","2.0","893278.0",NULL,"BMW","OTHER (EXPLAIN IN NARRATIVE)","IL","2012.0","NONE","PASSENGER","PERSONAL","S","OTHER",NULL,NULL,"3.0",NULL,NULL,NULL,NULL,NULL,NULL,NULL,NULL,NULL,NULL,"Y",NULL,NULL,NULL,NULL,NULL,NULL,"SIDE-LEFT",NULL,NULL,NULL,NULL,NULL,NULL,NULL,NULL,NULL,NULL,NULL,NULL,NULL,NULL,NULL,NULL,NULL,NULL,NULL,NULL,NULL,NULL,NULL,NULL,NULL,NULL,NULL,NULL,NULL,NULL,NULL,NULL,NULL
"942334","0ff6c83d5d86d9d79c40f74862314585787834e1655f6824ec1329134f61a734d106a3ab2f68b317a4754ccef5d56649e87299fe3bc3f610c3b27a334f2c2604","JD339401","08/20/2020 06:20:00 PM","2","DRIVER",NULL,"893322.0",NULL,"TRANSIT","TRANSIT","IL","2015.0","NONE","BUS UP TO 15 PASS.","CTA","N","STRAIGHT AHEAD",NULL,NULL,"1.0",NULL,NULL,NULL,NULL,NULL,NULL,NULL,NULL,NULL,NULL,NULL,NULL,NULL,NULL,"Y",NULL,NULL,"TOTAL (ALL AREAS)",NULL,NULL,NULL,NULL,NULL,NULL,NULL,NULL,NULL,NULL,NULL,NULL,NULL,NULL,NULL,NULL,NULL,NULL,NULL,NULL,NULL,NULL,NULL,NULL,NULL,NULL,NULL,NULL,NULL,NULL,NULL,NULL,NULL
"942424","e127a561e42587c557c2c643b961280c0cdd0264aaa83b69084e89641236e5e1c272e2a6c1e40123459e89488f8e7753bfc45773185b91648b4383e95d61a403","JD339532","08/20/2020 08:40:00 PM","2","DRIVER",NULL,"893398.0",NULL,"HONDA","MOTORCYCLE","IL","2019.0","NONE","OTHER","PERSONAL","S","STRAIGHT AHEAD","Y",NULL,"1.0",NULL,"city of chicago s&s","unk",NULL,NULL,NULL,NULL,NULL,NULL,NULL,NULL,NULL,NULL,NULL,NULL,NULL,NULL,"OTHER",NULL,NULL,NULL,NULL,NULL,NULL,NULL,NULL,NULL,NULL,NULL,NULL,NULL,NULL,NULL,NULL,NULL,NULL,NULL,NULL,NULL,NULL,NULL,NULL,NULL,NULL,NULL,NULL,NULL,NULL,NULL,NULL,NULL
"942555","57e5b90bae297ab629dd2bcbd92822e3ed16e5a44360b124dbf4ff2aa8674bdb46ff93d2276248487f78a9ba18cae86dc70edebfa1494136731f349d1184b321","JD339781","08/21/2020 02:45:00 AM","2","PARKED",NULL,"893510.0",NULL,"HONDA","OTHER (EXPLAIN IN NARRATIVE)","IL","2014.0","UNKNOWN","PASSENGER","NOT IN USE","N","PARKED","Y",NULL,"0.0",NULL,"STREETS AND SANITATION","CITY POUND",NULL,NULL,NULL,NULL,"Y","Y",NULL,"Y","Y","Y","Y",NULL,NULL,NULL,"FRONT-LEFT",NULL,NULL,NULL,NULL,NULL,NULL,NULL,NULL,NULL,NULL,NULL,NULL,NULL,NULL,NULL,NULL,NULL,NULL,NULL,NULL,NULL,NULL,NULL,NULL,NULL,NULL,NULL,NULL,NULL,NULL,NULL,NULL,NULL
"942612","0544ece9460680491ea4b82092180de650cdeb2b1a9404a85282867692b8e03c2e9ac5846ce80f6a31ada05b331d4da3cef28229703f8594c94d5fe341f0275f","JD339888","08/20/2020 05:45:00 PM","1","DRIVER",NULL,"893566.0",NULL,"HYUNDAI","SONATA","IL","2013.0","NONE","PASSENGER","PERSONAL","S","CHANGING LANES",NULL,NULL,"1.0",NULL,NULL,NULL,NULL,NULL,NULL,NULL,NULL,NULL,NULL,NULL,NULL,NULL,NULL,"Y","Y",NULL,"TOTAL (ALL AREAS)",NULL,NULL,NULL,NULL,NULL,NULL,NULL,NULL,NULL,NULL,NULL,NULL,NULL,NULL,NULL,NULL,NULL,NULL,NULL,NULL,NULL,NULL,NULL,NULL,NULL,NULL,NULL,NULL,NULL,NULL,NULL,NULL,NULL
"942667","94ce5b9766a7a0ac6e8fcfb1406b5674608e355bd394ef5683ccc2abb08d0f9357138b7477575c84b459a9ca81865807905a7ce5ab09d5ace0bf3786481f0952","JD339956","06/02/2020 02:00:00 AM","1","DRIVER",NULL,"893613.0",NULL,"CHEVROLET","CRUZE","IL","2012.0","UNKNOWN","PASSENGER","PERSONAL","S","STRAIGHT AHEAD",NULL,NULL,"1.0",NULL,NULL,NULL,NULL,NULL,NULL,NULL,NULL,NULL,NULL,NULL,NULL,NULL,NULL,NULL,"Y",NULL,"OTHER",NULL,NULL,NULL,NULL,NULL,NULL,NULL,NULL,NULL,NULL,NULL,NULL,NULL,NULL,NULL,NULL,NULL,NULL,NULL,NULL,NULL,NULL,NULL,NULL,NULL,NULL,NULL,NULL,NULL,NULL,NULL,NULL,NULL
"942701","51ef60ce2fc8e6a87fd9c4f9eca528948360c80d39b58e1b5f11136c7fb9d5610e8cf38b63b4d3fe22e5cbc52302033e48ff6c9622de4f099e558989d6ef2e64","JD339786","08/21/2020 02:32:00 AM","1","DRIVER",NULL,"893634.0",NULL,"KIA","SOUL","IL","2019.0","NONE","PASSENGER","PERSONAL","N","TURNING LEFT","Y",NULL,"1.0",NULL,"CITY OF CHICAGO","POUND 1S",NULL,"Y","Y","Y","Y","Y","Y",NULL,NULL,NULL,NULL,"Y","Y",NULL,"SIDE-RIGHT",NULL,NULL,NULL,NULL,NULL,NULL,NULL,NULL,NULL,NULL,NULL,NULL,NULL,NULL,NULL,NULL,NULL,NULL,NULL,NULL,NULL,NULL,NULL,NULL,NULL,NULL,NULL,NULL,NULL,NULL,NULL,NULL,NULL
"942928","7a0b260962603cd0f3a5eaf03b424fc0b461e155341951cba4cb4dfc342eca7ab19d5ecf13cdd066fb4f01f7d941d1f85ab56f4d193a660cc5a3b63837c201d1","JD340446","08/21/2020 04:00:00 PM","2","DRIVER","1.0","893841.0",NULL,"CHEVROLET","TRAVERSE","IL","2017.0","UNKNOWN","PASSENGER","PERSONAL","N","STRAIGHT AHEAD",NULL,NULL,"2.0",NULL,NULL,NULL,NULL,NULL,NULL,NULL,NULL,"Y","Y","Y",NULL,NULL,NULL,NULL,NULL,NULL,"REAR-LEFT",NULL,NULL,NULL,NULL,NULL,NULL,NULL,NULL,NULL,NULL,NULL,NULL,NULL,NULL,NULL,NULL,NULL,NULL,NULL,NULL,NULL,NULL,NULL,NULL,NULL,NULL,NULL,NULL,NULL,NULL,NULL,NULL,NULL
"943067","99fc0d000d0b9b124b05237867eaeed5e17525d50d4c9b94f1406e1fc276a5885b97dd76e119156fdbdb8e4b318ae15aa8a6ea802507449a7113a8776c0d71ac","JD340572","08/21/2020 07:00:00 PM","2","DRIVER",NULL,"893957.0",NULL,"MERCEDES-BENZ","GLA","IL","2016.0","NONE","PASSENGER","PERSONAL","S","TURNING RIGHT",NULL,NULL,"1.0",NULL,NULL,NULL,NULL,NULL,NULL,NULL,NULL,NULL,NULL,NULL,NULL,NULL,NULL,"Y",NULL,NULL,"TOTAL (ALL AREAS)",NULL,NULL,NULL,NULL,NULL,NULL,NULL,NULL,NULL,NULL,NULL,NULL,NULL,NULL,NULL,NULL,NULL,NULL,NULL,NULL,NULL,NULL,NULL,NULL,NULL,NULL,NULL,NULL,NULL,NULL,NULL,NULL,NULL
"943155","d4e652bf80e40b3b2dcabcf4cdab4aa58710bccf4b8009fc00bfbc8cd534c3326c3de786385a3d29f27aea601351f10e0bbacbc5483e940e7729333dd912d300","JD340713","08/21/2020 09:14:00 PM","1","DRIVER","1.0","894044.0",NULL,"JEEP","GRAND CHEROKEE","IL","2015.0","UNKNOWN","SPORT UTILITY VEHICLE (SUV)","PERSONAL","E","STRAIGHT AHEAD",NULL,NULL,"2.0",NULL,NULL,NULL,NULL,"Y",NULL,NULL,NULL,NULL,NULL,NULL,NULL,NULL,NULL,"Y","Y",NULL,"OTHER",NULL,NULL,NULL,NULL,NULL,NULL,NULL,NULL,NULL,NULL,NULL,NULL,NULL,NULL,NULL,NULL,NULL,NULL,NULL,NULL,NULL,NULL,NULL,NULL,NULL,NULL,NULL,NULL,NULL,NULL,NULL,NULL,NULL
"943248","a24030e6c35d1889a9a9d3fd202988f836eb4ea973e7b2d53b7d5a65a0f83a1f81727e5636e1f26b531084f0572fc5aa5e21820a2aeeaa3162ea1ebbebaedf0c","JD340914","08/22/2020 12:06:00 AM","2","PARKED",NULL,"894127.0",NULL,"VOLKSWAGEN","JETTA","IL","2016.0","NONE","PASSENGER","NOT IN USE","S","PARKED","Y",NULL,"0.0",NULL,NULL,NULL,NULL,NULL,NULL,NULL,NULL,NULL,NULL,"Y","Y","Y","Y","Y","Y",NULL,"REAR-RIGHT",NULL,NULL,NULL,NULL,NULL,NULL,NULL,NULL,NULL,NULL,NULL,NULL,NULL,NULL,NULL,NULL,NULL,NULL,NULL,NULL,NULL,NULL,NULL,NULL,NULL,NULL,NULL,NULL,NULL,NULL,NULL,NULL,NULL
"943283","c0cad8fc4c359c23194e411b5902061470970fa7625c2024ef658ff85af650e75b3ec961574e319ac4d18560d9fd582fdc15ca4ddc584a2e6486eb1d3c784b6e","JD340958","08/22/2020 03:20:00 AM","2","PARKED",NULL,"894159.0",NULL,"JEEP","CHEROKEE","IL","2016.0","NONE","SPORT UTILITY VEHICLE (SUV)","PERSONAL","UNKNOWN","PARKED",NULL,NULL,"0.0",NULL,NULL,NULL,NULL,NULL,NULL,NULL,"Y",NULL,NULL,NULL,NULL,NULL,NULL,NULL,NULL,NULL,"REAR-RIGHT",NULL,NULL,NULL,NULL,NULL,NULL,NULL,NULL,NULL,NULL,NULL,NULL,NULL,NULL,NULL,NULL,NULL,NULL,NULL,NULL,NULL,NULL,NULL,NULL,NULL,NULL,NULL,NULL,NULL,NULL,NULL,NULL,NULL
"943297","eee1f1fc5a306f117c5ba8ac6053ad7d7010a6264bafec79f09d47421e3c4ab1f776a3e7cd0e6b16c7e6757670cd5851cf797fe4181f424fb237516703f0c485","JD340984","08/22/2020 04:50:00 AM","1","DRIVER",NULL,"894181.0",NULL,"BUICK","LACROSSE","IL","2020.0","NONE","PASSENGER","PERSONAL","E","STRAIGHT AHEAD","Y","Y","1.0",NULL,"streets and sanitation","doty",NULL,NULL,NULL,NULL,NULL,NULL,NULL,NULL,NULL,NULL,NULL,NULL,NULL,NULL,"OTHER",NULL,NULL,NULL,NULL,NULL,NULL,NULL,NULL,NULL,NULL,NULL,NULL,NULL,NULL,NULL,NULL,NULL,NULL,NULL,NULL,NULL,NULL,NULL,NULL,NULL,NULL,NULL,NULL,NULL,NULL,NULL,NULL,NULL
"943381","7601f4406b2e1ccf3740e643ae7582400cef6f06bc5820a2c32a2530f6c82b99ab2ab3aedd326e0533a6dfc97910679162e17a70c5e27bd97c23d09f3475e822","JD341151","08/21/2020 09:00:00 AM","2","PARKED",NULL,"894258.0",NULL,"CHEVROLET","MALIBU","IL","2009.0","NONE","PASSENGER","PERSONAL","E","PARKED",NULL,NULL,"0.0",NULL,NULL,NULL,NULL,NULL,NULL,NULL,NULL,NULL,NULL,NULL,NULL,NULL,"Y","Y",NULL,NULL,"TOTAL (ALL AREAS)",NULL,NULL,NULL,NULL,NULL,NULL,NULL,NULL,NULL,NULL,NULL,NULL,NULL,NULL,NULL,NULL,NULL,NULL,NULL,NULL,NULL,NULL,NULL,NULL,NULL,NULL,NULL,NULL,NULL,NULL,NULL,NULL,NULL
"943471","deaa5325fb1b294554170398248b1c08589c5c9c3d99f639b239b5282b7a97c20f12b8ddcfedbf612a4f4f09630d244879b7b82591b6b8c0253854a4a394b978","JD341214","08/22/2020 11:55:00 AM","2","DRIVER",NULL,"894328.0",NULL,"CHEVROLET","IMPALA","IL","2011.0","NONE","PASSENGER","PERSONAL","W","TURNING RIGHT",NULL,NULL,"1.0",NULL,NULL,NULL,NULL,NULL,NULL,NULL,NULL,NULL,NULL,NULL,NULL,NULL,NULL,"Y","Y",NULL,"TOTAL (ALL AREAS)",NULL,NULL,NULL,NULL,NULL,NULL,NULL,NULL,NULL,NULL,NULL,NULL,NULL,NULL,NULL,NULL,NULL,NULL,NULL,NULL,NULL,NULL,NULL,NULL,NULL,NULL,NULL,NULL,NULL,NULL,NULL,NULL,NULL
"943699","f34588c5d04f54c0d233d1939cc9357675b4f2eccb44802a677b891d37a36e1bf78be2f8320c579f1b17e03cee144535ceb53b9b038f3f7a6f207c0c76712a0a","JD341523","08/22/2020 04:59:00 PM","2","DRIVER",NULL,"894552.0",NULL,"TOYOTA","COROLLA","IL","2009.0","NONE","PASSENGER","PERSONAL","N","STRAIGHT AHEAD",NULL,NULL,"1.0",NULL,NULL,NULL,NULL,NULL,NULL,NULL,NULL,NULL,NULL,"Y","Y",NULL,NULL,NULL,NULL,NULL,"SIDE-LEFT",NULL,NULL,NULL,NULL,NULL,NULL,NULL,NULL,NULL,NULL,NULL,NULL,NULL,NULL,NULL,NULL,NULL,NULL,NULL,NULL,NULL,NULL,NULL,NULL,NULL,NULL,NULL,NULL,NULL,NULL,NULL,NULL,NULL
"943799","a7e7cddb77995ed2eaaaecd44210b47a2e394920120d3bd0a6dfe9b71e0a2cd7f8ad5db6e74a8188486342aa99f80a06604a0f30114420cc5d911b5c4506f404","JD341696","08/22/2020 02:39:00 PM","2","PARKED",NULL,"894635.0",NULL,"NISSAN","SENTRA","IL","2013.0","NONE","PASSENGER","NOT IN USE","W","PARKED",NULL,NULL,"0.0",NULL,NULL,NULL,NULL,NULL,NULL,NULL,NULL,"Y",NULL,NULL,NULL,NULL,NULL,NULL,NULL,NULL,"REAR-RIGHT",NULL,NULL,NULL,NULL,NULL,NULL,NULL,NULL,NULL,NULL,NULL,NULL,NULL,NULL,NULL,NULL,NULL,NULL,NULL,NULL,NULL,NULL,NULL,NULL,NULL,NULL,NULL,NULL,NULL,NULL,NULL,NULL,NULL
"944213","b3650b6c2d8b1e4a3dbedaa1851d627be9f1f509b64d11b674bb9cb3651e76a9eecbb9056bfac3eff10dffe9674789fd0673fe380c19fc194212c0585de7a568","JD342459","08/23/2020 02:00:00 PM","2","DRIVER",NULL,"895047.0",NULL,"VOLKSWAGEN","PASSAT","IL","2017.0","NONE","PASSENGER","PERSONAL","N","TURNING RIGHT",NULL,NULL,"1.0",NULL,NULL,NULL,NULL,NULL,NULL,NULL,NULL,"N","Y","Y",NULL,NULL,NULL,NULL,NULL,NULL,"SIDE-LEFT",NULL,NULL,NULL,NULL,NULL,NULL,NULL,NULL,NULL,NULL,NULL,NULL,NULL,NULL,NULL,NULL,NULL,NULL,NULL,NULL,NULL,NULL,NULL,NULL,NULL,NULL,NULL,NULL,NULL,NULL,NULL,NULL,NULL
"944301","4c8151f107a54997d84d9760ad71b357ecd1034cb728fec7ebb1119e8a8afcc6c585979afa9f87677ee31bc4fa5fdc898aca50eadac59f16080a101bd6477b91","JD342497","08/23/2020 02:53:00 PM","2","DRIVER",NULL,"895120.0",NULL,"TOYOTA","COROLLA","CO","2009.0","NONE","PASSENGER","PERSONAL","S","STRAIGHT AHEAD","Y",NULL,"1.0",NULL,"PRIVATE",NULL,NULL,"Y","Y","Y","Y",NULL,NULL,NULL,NULL,NULL,NULL,NULL,"Y",NULL,"FRONT",NULL,NULL,NULL,NULL,NULL,NULL,NULL,NULL,NULL,NULL,NULL,NULL,NULL,NULL,NULL,NULL,NULL,NULL,NULL,NULL,NULL,NULL,NULL,NULL,NULL,NULL,NULL,NULL,NULL,NULL,NULL,NULL,NULL
"944322","735adef9f47b8f5289909226f9f6609f34bd8a35e8fd80995bbdf1be3392af384c8ca7bd6f4510cf30aae68bac857bba359e90e7cb66e8ab9d8f7151279d07e6","JD342620","08/23/2020 05:00:00 PM","2","DRIVER","1.0","895150.0",NULL,"FORD","EXPLORER","IL","2018.0","UNKNOWN","SPORT UTILITY VEHICLE (SUV)","POLICE","E","PASSING/OVERTAKING",NULL,NULL,"2.0",NULL,NULL,NULL,NULL,NULL,NULL,"Y","Y",NULL,NULL,NULL,NULL,NULL,NULL,NULL,NULL,NULL,"SIDE-RIGHT",NULL,NULL,NULL,NULL,NULL,NULL,NULL,NULL,NULL,NULL,NULL,NULL,NULL,NULL,NULL,NULL,NULL,NULL,NULL,NULL,NULL,NULL,NULL,NULL,NULL,NULL,NULL,NULL,NULL,NULL,NULL,NULL,NULL
"944484","cd65059559285f5c5447dcfa44ec7ed501506d4d3488d46d51ce5dfeb70531e2de6b61c7452304a05190a2ba92a1d6ab5ce1f57df2b62d8a780253227236f25c","JD342895","08/23/2020 09:30:00 PM","1","DRIVER",NULL,"895288.0",NULL,"TOYOTA","YARIS","IL","2017.0","UNKNOWN","PASSENGER","PERSONAL","N","STRAIGHT AHEAD",NULL,NULL,"1.0",NULL,NULL,NULL,NULL,NULL,NULL,NULL,NULL,NULL,NULL,NULL,NULL,NULL,NULL,"Y",NULL,NULL,"UNDER CARRIAGE",NULL,NULL,NULL,NULL,NULL,NULL,NULL,NULL,NULL,NULL,NULL,NULL,NULL,NULL,NULL,NULL,NULL,NULL,NULL,NULL,NULL,NULL,NULL,NULL,NULL,NULL,NULL,NULL,NULL,NULL,NULL,NULL,NULL
"944503","ab32e56f0684db5245bd415cdbc0cd41cdc9f67573bf0987cf8c05329707e5223a6e3435bc94ea5a7c66f6e1437bddf70f28b049d7518cd140a6ed52641654e0","JD342695","08/23/2020 06:34:00 PM","1","DRIVER",NULL,"895305.0",NULL,"FORD","TRANSIT","IL","2012.0","BRAKES","VAN/MINI-VAN","PERSONAL","W","STRAIGHT AHEAD",NULL,NULL,"1.0",NULL,NULL,NULL,NULL,"Y",NULL,NULL,NULL,NULL,NULL,NULL,NULL,NULL,NULL,"Y","Y",NULL,"OTHER",NULL,NULL,NULL,NULL,NULL,NULL,NULL,NULL,NULL,NULL,NULL,NULL,NULL,NULL,NULL,NULL,NULL,NULL,NULL,NULL,NULL,NULL,NULL,NULL,NULL,NULL,NULL,NULL,NULL,NULL,NULL,NULL,NULL
"944607","7e987bbd891b6c491030964f77150cff950dc1d7bdf2f6738de25b4ec4b5d6ab2937b8d0fc895da2ba091440a1ad71405a26ed7c5c8568fb2e2bfa93b7a39e35","JD343133","08/24/2020 07:45:00 AM","2","DRIVER",NULL,"895410.0",NULL,"HYUNDAI","SONATA","IN","2013.0","NONE","PASSENGER","PERSONAL","N","ENTER FROM DRIVE/ALLEY","Y",NULL,"1.0",NULL,"PRIVATE TOW",NULL,NULL,"Y",NULL,NULL,NULL,NULL,NULL,NULL,"Y","Y","Y","Y","Y",NULL,"TOTAL (ALL AREAS)",NULL,NULL,NULL,NULL,NULL,NULL,NULL,NULL,NULL,NULL,NULL,NULL,NULL,NULL,NULL,NULL,NULL,NULL,NULL,NULL,NULL,NULL,NULL,NULL,NULL,NULL,NULL,NULL,NULL,NULL,NULL,NULL,NULL
"945156","04d47471c4ca5f140112a49183b708ece175fe9559e4d72e91b5a5e3a7143d06abb9e7b8a04d38ede554148f506eff96ff5b41328c7087d7b64db7478f025f0f","JD343032","08/24/2020 01:30:00 AM","3","PARKED",NULL,"895922.0",NULL,"HONDA","ACCORD","IL","2010.0","UNKNOWN","PASSENGER","PERSONAL","N","PARKED",NULL,NULL,"0.0",NULL,NULL,NULL,NULL,NULL,NULL,NULL,NULL,NULL,NULL,NULL,"Y","Y","Y","N",NULL,NULL,"FRONT-LEFT",NULL,NULL,NULL,NULL,NULL,NULL,NULL,NULL,NULL,NULL,NULL,NULL,NULL,NULL,NULL,NULL,NULL,NULL,NULL,NULL,NULL,NULL,NULL,NULL,NULL,NULL,NULL,NULL,NULL,NULL,NULL,NULL,NULL
"945186","ceda1513914b5a15ce8032fa8ec89b0d6a4faab1a3f843482bfb86c3488d2e69ad99a84acb94c8d00be43a1b004668f542de0912943fb3853042f9b27b9117fb","JD343560","08/24/2020 02:10:00 PM","2","DRIVER",NULL,"895941.0",NULL,"NISSAN","SENTRA","IL","2012.0","NONE","PASSENGER","PERSONAL","S","STRAIGHT AHEAD","Y",NULL,"1.0",NULL,NULL,NULL,NULL,"Y",NULL,NULL,NULL,NULL,NULL,NULL,NULL,NULL,NULL,NULL,NULL,NULL,"FRONT",NULL,NULL,NULL,NULL,NULL,NULL,NULL,NULL,NULL,NULL,NULL,NULL,NULL,NULL,NULL,NULL,NULL,NULL,NULL,NULL,NULL,NULL,NULL,NULL,NULL,NULL,NULL,NULL,NULL,NULL,NULL,NULL,NULL
"945742","f86c0e32872fde877dbd7f25b257eb1442f9c6f6131c35529c24854cdb0007c466bec57da22cc018a6781b0a608999fd3d5763273f83b10e21bf13ee76c9f466","JD345412","08/26/2020 02:50:00 AM","2","PARKED",NULL,"896477.0",NULL,"FORD","EDGE","IL","2013.0","NONE","PASSENGER","NOT IN USE","S","PARKED",NULL,NULL,"0.0",NULL,NULL,NULL,NULL,NULL,NULL,NULL,NULL,NULL,NULL,"Y","Y",NULL,NULL,NULL,NULL,NULL,"SIDE-LEFT",NULL,NULL,NULL,NULL,NULL,NULL,NULL,NULL,NULL,NULL,NULL,NULL,NULL,NULL,NULL,NULL,NULL,NULL,NULL,NULL,NULL,NULL,NULL,NULL,NULL,NULL,NULL,NULL,NULL,NULL,NULL,NULL,NULL
"945755","ac5513f6bd4263b511e5c2824891ff4da989154c6d6dd335d46a3ff35fc98eef5de4e1955eb3ca2185850c36b3cbaf139923e4cf7d05876c235fdd9419d3f395","JD345442","08/26/2020 04:00:00 AM","2","DRIVER",NULL,"896491.0",NULL,"INTERNATIONAL HARVESTER COMPANY","OTHER (EXPLAIN IN NARRATIVE)","IL","2018.0","NONE","OTHER","OTHER","N","SLOW/STOP IN TRAFFIC",NULL,NULL,"1.0",NULL,NULL,NULL,"Y",NULL,NULL,NULL,NULL,NULL,NULL,NULL,NULL,NULL,NULL,NULL,NULL,NULL,"REAR-LEFT",NULL,NULL,NULL,NULL,NULL,NULL,NULL,NULL,NULL,NULL,NULL,NULL,NULL,NULL,NULL,NULL,NULL,NULL,NULL,NULL,NULL,NULL,NULL,NULL,NULL,NULL,NULL,NULL,NULL,NULL,NULL,NULL,NULL
"945827","b6e34e6d4d58abf71ed07c88c401ec61c41c8c16327c475b90e8d587f7fff5f5a73808eb1e930cf8597f93b0ee32e3afb523ec2e1dfdd8900f493fd690fe210b","JD345561","08/26/2020 09:00:00 AM","2","DRIVER",NULL,"896569.0",NULL,"DODGE","RAM PROMASTER","IL","2015.0","NONE","UNKNOWN/NA","UNKNOWN/NA","E","SLOW/STOP IN TRAFFIC",NULL,NULL,"1.0",NULL,NULL,NULL,NULL,NULL,NULL,NULL,NULL,NULL,"Y",NULL,NULL,NULL,NULL,NULL,NULL,NULL,"REAR-LEFT",NULL,NULL,NULL,NULL,NULL,NULL,NULL,NULL,NULL,NULL,NULL,NULL,NULL,NULL,NULL,NULL,NULL,NULL,NULL,NULL,NULL,NULL,NULL,NULL,NULL,NULL,NULL,NULL,NULL,NULL,NULL,NULL,NULL
"945895","d399bef455ada35d03342b04f5782accba70466c0515017c8a1c8451204db678839dc3e61a128b64452e04dfc6a0a25873e3882cb1ccbda47325d55bf5013713","JD345735","08/22/2020 12:30:00 AM","2","DRIVER",NULL,"896633.0",NULL,"FORD","FUSION","IL","2009.0","NONE","PICKUP","PERSONAL","W","SLOW/STOP IN TRAFFIC",NULL,NULL,"1.0",NULL,NULL,NULL,NULL,NULL,NULL,NULL,NULL,NULL,NULL,"Y","Y","Y","Y","Y",NULL,NULL,"ROOF",NULL,NULL,NULL,NULL,NULL,NULL,NULL,NULL,NULL,NULL,NULL,NULL,NULL,NULL,NULL,NULL,NULL,NULL,NULL,NULL,NULL,NULL,NULL,NULL,NULL,NULL,NULL,NULL,NULL,NULL,NULL,NULL,NULL
"946008","ff2dfb6551cf8fa1d30325f8b7b6abd9d2a414338ec7d3b21f27163cadecc5555799458023c2d2ac90cbce36eb05c4c8979598dd162be2e8f685711bdda6e6ba","JD345927","08/26/2020 02:32:00 PM","1","DRIVER",NULL,"896725.0",NULL,"BMW","325I","IL","2011.0","UNKNOWN","PASSENGER","PERSONAL","NW","ENTERING TRAFFIC LANE FROM PARKING",NULL,NULL,"1.0",NULL,NULL,NULL,NULL,NULL,NULL,NULL,NULL,NULL,NULL,"Y","Y",NULL,NULL,NULL,NULL,NULL,"SIDE-LEFT",NULL,NULL,NULL,NULL,NULL,NULL,NULL,NULL,NULL,NULL,NULL,NULL,NULL,NULL,NULL,NULL,NULL,NULL,NULL,NULL,NULL,NULL,NULL,NULL,NULL,NULL,NULL,NULL,NULL,NULL,NULL,NULL,NULL