"CRASH_UNIT_ID","CRASH_RECORD_ID","RD_NO","CRASH_DATE","UNIT_NO","UNIT_TYPE","NUM_PASSENGERS","VEHICLE_ID","CMRC_VEH_I","MAKE","MODEL","LIC_PLATE_STATE","VEHICLE_YEAR","VEHICLE_DEFECT","VEHICLE_TYPE","VEHICLE_USE","TRAVEL_DIRECTION","MANEUVER","TOWED_I","FIRE_I","OCCUPANT_CNT","EXCEED_SPEED_LIMIT_I","TOWED_BY","TOWED_TO","AREA_00_I","AREA_01_I","AREA_02_I","AREA_03_I","AREA_04_I","AREA_05_I","AREA_06_I","AREA_07_I","AREA_08_I","AREA_09_I","AREA_10_I","AREA_11_I","AREA_12_I","AREA_99_I","FIRST_CONTACT_POINT","CMV_ID","USDOT_NO","CCMC_NO","ILCC_NO","COMMERCIAL_SRC","GVWR","CARRIER_NAME","CARRIER_STATE","CARRIER_CITY","HAZMAT_PLACARDS_I","HAZMAT_NAME","UN_NO","HAZMAT_PRESENT_I","HAZMAT_REPORT_I","HAZMAT_REPORT_NO","MCS_REPORT_I","MCS_REPORT_NO","HAZMAT_VIO_CAUSE_CRASH_I","MCS_VIO_CAUSE_CRASH_I","IDOT_PERMIT_NO","WIDE_LOAD_I","TRAILER1_WIDTH","TRAILER2_WIDTH","TRAILER1_LENGTH","TRAILER2_LENGTH","TOTAL_VEHICLE_LENGTH","AXLE_CNT","VEHICLE_CONFIG","CARGO_BODY_TYPE","LOAD_TYPE","HAZMAT_OUT_OF_SERVICE_I","MCS_OUT_OF_SERVICE_I","HAZMAT_CLASS"
"946286","f17dfa83110cb5cbd8cee87210667158839dffb17e9ed8afb7c52499204e9a537f50767d5c5acf60f9a22d1b9084b325c4b7d9e4da10fd68cd8e59608747b387","JD346416","08/26/2020 09:15:00 PM","2","DRIVER",NULL,"896981.0",NULL,"DODGE","CHARGER","IL","2020.0","UNKNOWN","PASSENGER","PERSONAL","E","OTHER",NULL,NULL,"1.0",NULL,NULL,NULL,NULL,NULL,NULL,NULL,NULL,NULL,NULL,NULL,NULL,NULL,NULL,NULL,"Y",NULL,"OTHER",NULL,NULL,NULL,NULL,NULL,NULL,NULL,NULL,NULL,NULL,NULL,NULL,NULL,NULL,NULL,NULL,NULL,NULL,NULL,NULL,NULL,NULL,NULL,NULL,NULL,NULL,NULL,NULL,NULL,NULL,NULL,NULL,NULL
"946315","d96d22e574ea5966519ed4c5b314815f24a0f4e70835765295a076a4dfb2ccc704bd1c4ae1e13c587b824d19080f4cc185bdb7e0671d374ad97d8ad178716808","JD346497","08/27/2020 12:04:00 AM","2","DRIVER",NULL,"897010.0",NULL,"TOYOTA","CAMRY","IL","2014.0","UNKNOWN","PASSENGER","PERSONAL","E","STRAIGHT AHEAD","Y",NULL,"1.0",NULL,"UNKNOWN","UNKNOWN",NULL,"Y",NULL,NULL,NULL,NULL,NULL,NULL,NULL,NULL,NULL,"Y","Y",NULL,"OTHER",NULL,NULL,NULL,NULL,NULL,NULL,NULL,NULL,NULL,NULL,NULL,NULL,NULL,NULL,NULL,NULL,NULL,NULL,NULL,NULL,NULL,NULL,NULL,NULL,NULL,NULL,NULL,NULL,NULL,NULL,NULL,NULL,NULL
"946853","22e2294fe644111d4130bef76b84f5f37c961ed3b6449430ed800cadac06703f1ad2631ee920da4d801c6dd9d9fe28ac30af19c74668b546f512dab42fb8bfe9","JD347472","08/18/2020 06:48:00 PM","2","DRIVER",NULL,"897538.0",NULL,"GENERAL MOTORS CORPORATION (GMC)","SIERRA","IL","2015.0","UNKNOWN","PASSENGER","PERSONAL","W","STRAIGHT AHEAD",NULL,NULL,"1.0",NULL,NULL,NULL,NULL,NULL,NULL,NULL,NULL,"Y","Y","Y",NULL,NULL,NULL,NULL,NULL,NULL,"REAR-LEFT",NULL,NULL,NULL,NULL,NULL,NULL,NULL,NULL,NULL,NULL,NULL,NULL,NULL,NULL,NULL,NULL,NULL,NULL,NULL,NULL,NULL,NULL,NULL,NULL,NULL,NULL,NULL,NULL,NULL,NULL,NULL,NULL,NULL
"946876","1371a5975800e0cb75783f7c6b4c9e222851875ad6c3cd46349d39272cd2f345388ce44c93d00d3269815dba3d68759dad6521a70b55b84fc0f9f914945024e8","JD347494","08/27/2020 05:15:00 PM","1","DRIVER",NULL,"897542.0","Y","INTERNATIONAL TRAILER CORPORATION","INTERNATIONAL TRAILER CORP.","IL","2020.0","UNKNOWN","OTHER","OTHER","W","TURNING LEFT",NULL,NULL,"1.0",NULL,NULL,NULL,NULL,NULL,NULL,NULL,NULL,NULL,NULL,NULL,NULL,NULL,NULL,"Y","Y",NULL,"TOTAL (ALL AREAS)","10609.0","435504","239415",NULL,"DRIVER","2.0","HAUL FOR HIRE","IL","CHICAGO RIDGE",NULL,NULL,NULL,"N","N",NULL,"N",NULL,"N","N","435504",NULL,"97-102",NULL,NULL,NULL,NULL,NULL,"SINGLE UNIT TRUCK, 2 AXLES, 6 TIRES","OTHER","UNKNOWN","N","N","MISCELLANEOUS"
"947264","66cbbcae18680a442d51b9ab8f54cb5dca6c2de703c95828e8f99cbeec7a50cf898cc7b5ed62e4f9a014bcbe3d0d4eb67b6681575cf4df513193d219e2fa2b38","JD348219","08/28/2020 01:30:00 PM","1","DRIVER",NULL,"897925.0",NULL,"TOYOTA","RAV4","IL","2018.0","NONE","SPORT UTILITY VEHICLE (SUV)","PERSONAL","UNKNOWN","STRAIGHT AHEAD",NULL,NULL,"1.0",NULL,NULL,NULL,NULL,NULL,NULL,"Y","Y",NULL,NULL,NULL,NULL,NULL,NULL,NULL,NULL,NULL,"SIDE-RIGHT",NULL,NULL,NULL,NULL,NULL,NULL,NULL,NULL,NULL,NULL,NULL,NULL,NULL,NULL,NULL,NULL,NULL,NULL,NULL,NULL,NULL,NULL,NULL,NULL,NULL,NULL,NULL,NULL,NULL,NULL,NULL,NULL,NULL
"947412","b0eace4ad3e4e2cfca9ab54c267f6315360dbae73c92d922926f617962fd0687a71fe5cfabda5b7f6382dbf3354c2bfe1c39003db50ba4f51538a2cec3912d0b","JD348440","08/28/2020 04:15:00 PM","2","DRIVER",NULL,"898058.0",NULL,"HONDA","CR-V","IL","2015.0","NONE","SPORT UTILITY VEHICLE (SUV)","PERSONAL","E","STRAIGHT AHEAD",NULL,NULL,"1.0",NULL,NULL,NULL,NULL,NULL,NULL,NULL,NULL,NULL,NULL,NULL,NULL,NULL,NULL,"Y","Y",NULL,"TOTAL (ALL AREAS)",NULL,NULL,NULL,NULL,NULL,NULL,NULL,NULL,NULL,NULL,NULL,NULL,NULL,NULL,NULL,NULL,NULL,NULL,NULL,NULL,NULL,NULL,NULL,NULL,NULL,NULL,NULL,NULL,NULL,NULL,NULL,NULL,NULL
"947518","bfa1e9702b5db8fbbd28c5c6078c78ea33413bb292eb5f5ddfdd9b2b312675b22185db188294ef2e5fefd460f5d61a4ba23cca3bb7b73faa1a859c05bcf27b7a","JD348553","08/28/2020 06:00:00 PM","1","DRIVER",NULL,"898164.0",NULL,"SUBARU","OUTBACK","IL","2014.0","NONE","PASSENGER","PERSONAL","N","STRAIGHT AHEAD","Y",NULL,"1.0",NULL,"CIVILIAN",NULL,NULL,"Y",NULL,NULL,NULL,NULL,NULL,NULL,NULL,NULL,NULL,"Y","Y",NULL,"OTHER",NULL,NULL,NULL,NULL,NULL,NULL,NULL,NULL,NULL,NULL,NULL,NULL,NULL,NULL,NULL,NULL,NULL,NULL,NULL,NULL,NULL,NULL,NULL,NULL,NULL,NULL,NULL,NULL,NULL,NULL,NULL,NULL,NULL
"947700","748d685495f9d80eb20e7699b1234326b25a9f8d987438474d35070830e7713f1090fcd682a150d3dcd8b1aba3c5689b9389dae1fd466d73c322c238208905c5","JD348744","08/28/2020 09:11:00 PM","3","PARKED",NULL,"898332.0",NULL,"BMW","OTHER (EXPLAIN IN NARRATIVE)","IL","2017.0","UNKNOWN","PASSENGER","PERSONAL","S","PARKED",NULL,NULL,"0.0",NULL,NULL,NULL,NULL,NULL,NULL,NULL,NULL,NULL,NULL,"Y","Y",NULL,NULL,NULL,NULL,NULL,"FRONT-LEFT",NULL,NULL,NULL,NULL,NULL,NULL,NULL,NULL,NULL,NULL,NULL,NULL,NULL,NULL,NULL,NULL,NULL,NULL,NULL,NULL,NULL,NULL,NULL,NULL,NULL,NULL,NULL,NULL,NULL,NULL,NULL,NULL,NULL
"947808","31ae40cc6c528c3e897e2ec72a2a1d1aaf8d854622158accda001939757927d49893e11a7122c5c4cdfd049c7151092cae3143beeeac1312d48c65f464e0e34c","JD349059","08/27/2020 10:00:00 AM","2","PARKED",NULL,"898433.0",NULL,"BMW","320I","IL","2016.0","NONE","PASSENGER","PERSONAL","S","PARKED",NULL,NULL,"0.0",NULL,NULL,NULL,NULL,NULL,NULL,NULL,NULL,NULL,NULL,"Y",NULL,NULL,NULL,NULL,NULL,NULL,"SIDE-LEFT",NULL,NULL,NULL,NULL,NULL,NULL,NULL,NULL,NULL,NULL,NULL,NULL,NULL,NULL,NULL,NULL,NULL,NULL,NULL,NULL,NULL,NULL,NULL,NULL,NULL,NULL,NULL,NULL,NULL,NULL,NULL,NULL,NULL
"948072","0cb7cc831afc5c12c5dfd6ccf5bc148d05092fdb50a7ac868aa7642e59b87d07ba9cb6fef0d9d27fd10c8a4c3738ca2a26523013105e3e467d092546e44a5638","JD349529","08/29/2020 03:09:00 PM","2","DRIVER","1.0","898683.0",NULL,"FORD","EDGE","IL","2013.0","NONE","SPORT UTILITY VEHICLE (SUV)","PERSONAL","N","STRAIGHT AHEAD","Y",NULL,"2.0",NULL,"unknown",NULL,NULL,NULL,NULL,NULL,NULL,"Y","Y",NULL,NULL,NULL,NULL,NULL,NULL,NULL,"REAR",NULL,NULL,NULL,NULL,NULL,NULL,NULL,NULL,NULL,NULL,NULL,NULL,NULL,NULL,NULL,NULL,NULL,NULL,NULL,NULL,NULL,NULL,NULL,NULL,NULL,NULL,NULL,NULL,NULL,NULL,NULL,NULL,NULL
"948217","f0dda445d8a44fae6b2fdc7b3a1984fad2d01c4e4337d133aff1acf30009efab83e8f401859b42ef1bdd0d64f7adf20307ad9c4b9e4ed42da038d5d594467338","JD341443","08/22/2020 03:16:00 PM","2","DRIVER","1.0","898816.0",NULL,"AUDI","Q3","IL","2020.0","UNKNOWN","SPORT UTILITY VEHICLE (SUV)","PERSONAL","W","STRAIGHT AHEAD",NULL,NULL,"2.0",NULL,NULL,NULL,NULL,NULL,NULL,NULL,NULL,"Y","Y","Y",NULL,NULL,NULL,NULL,NULL,NULL,"REAR-LEFT",NULL,NULL,NULL,NULL,NULL,NULL,NULL,NULL,NULL,NULL,NULL,NULL,NULL,NULL,NULL,NULL,NULL,NULL,NULL,NULL,NULL,NULL,NULL,NULL,NULL,NULL,NULL,NULL,NULL,NULL,NULL,NULL,NULL
"948510","8fe1f65f046eddad63d6e23d1b3a3197b2bef650682c31aafa40f595a278493e6a6aca5ff99e13cb08785fe3212bc8e12e99d01f5be92d0694556e6dd3fb81a3","JD349642","08/29/2020 04:35:00 PM","2","PARKED",NULL,"899124.0",NULL,"DODGE","JOURNEY","IL","2017.0","UNKNOWN","SPORT UTILITY VEHICLE (SUV)","UNKNOWN/NA","W","PARKED",NULL,NULL,"0.0",NULL,NULL,NULL,NULL,NULL,NULL,NULL,NULL,NULL,"Y","Y","Y",NULL,NULL,NULL,NULL,NULL,"SIDE-LEFT",NULL,NULL,NULL,NULL,NULL,NULL,NULL,NULL,NULL,NULL,NULL,NULL,NULL,NULL,NULL,NULL,NULL,NULL,NULL,NULL,NULL,NULL,NULL,NULL,NULL,NULL,NULL,NULL,NULL,NULL,NULL,NULL,NULL
"949044","787b8fe4a0d1238a43a3db01531c1c7a9eed949fde617e76933592c23e12e09859c96e3ddb0c313e20840cb05d33427685be300f7db25c36f83c7db32fb089b9","JD350953","08/30/2020 08:29:00 PM","2","DRIVER",NULL,"899620.0",NULL,"TOYOTA","OTHER (EXPLAIN IN NARRATIVE)","IL","2019.0","NONE","PASSENGER","PERSONAL","E","STRAIGHT AHEAD",NULL,NULL,"1.0",NULL,NULL,NULL,NULL,"Y","Y",NULL,NULL,NULL,NULL,NULL,NULL,NULL,NULL,NULL,NULL,NULL,"FRONT",NULL,NULL,NULL,NULL,NULL,NULL,NULL,NULL,NULL,NULL,NULL,NULL,NULL,NULL,NULL,NULL,NULL,NULL,NULL,NULL,NULL,NULL,NULL,NULL,NULL,NULL,NULL,NULL,NULL,NULL,NULL,NULL,NULL
"949386","fd64e23ddae0773e1b291a1ba832e1dadec81074fb68b7752b42d4a7686df1ed98fea73b06eb69d0b83304001eedd356d4fb5840d2e80055f5518a12a77ef8e0","JD351758","08/27/2020 03:30:00 PM","2","PARKED",NULL,"899928.0",NULL,"INFINITI","Q50","IL","2017.0","NONE","PASSENGER","NOT IN USE","S","PARKED",NULL,NULL,"0.0",NULL,NULL,NULL,NULL,NULL,NULL,NULL,NULL,NULL,NULL,"Y",NULL,NULL,NULL,NULL,NULL,NULL,"FRONT-LEFT",NULL,NULL,NULL,NULL,NULL,NULL,NULL,NULL,NULL,NULL,NULL,NULL,NULL,NULL,NULL,NULL,NULL,NULL,NULL,NULL,NULL,NULL,NULL,NULL,NULL,NULL,NULL,NULL,NULL,NULL,NULL,NULL,NULL
"949413","1fb91eac5e7dc5a445ccbfcc37ba3daedc455bfc4587c11494aab1e24d719d0559f77af847bc1e372b0bd2f16888b1464f2381bd385ba08e0c62b0909c9c76f7","JD351783","08/31/2020 03:47:00 PM","1","DRIVER",NULL,"899942.0",NULL,"CADILLAC","ATS","IL","2013.0","UNKNOWN","PASSENGER","PERSONAL","S","STRAIGHT AHEAD",NULL,NULL,"1.0",NULL,NULL,NULL,NULL,NULL,"Y",NULL,NULL,NULL,NULL,NULL,NULL,NULL,NULL,NULL,NULL,NULL,"SIDE-RIGHT",NULL,NULL,NULL,NULL,NULL,NULL,NULL,NULL,NULL,NULL,NULL,NULL,NULL,NULL,NULL,NULL,NULL,NULL,NULL,NULL,NULL,NULL,NULL,NULL,NULL,NULL,NULL,NULL,NULL,NULL,NULL,NULL,NULL
"949637","8319407fce32038ce492c0c6e7022bde3d57f9d7ba80ff5f0a73198a6c380d29ba29f157d5528d23e85a67f05578e283c38f83fd9c5c7fb8f78c28b6f5fe079b","JD252326","09/01/2020 12:40:00 AM","2","DRIVER",NULL,"900167.0",NULL,"MITSUBISHI","MIRAGE","IL","2018.0","NONE","PASSENGER","PERSONAL","S","STRAIGHT AHEAD",NULL,NULL,"1.0",NULL,NULL,NULL,NULL,NULL,NULL,NULL,NULL,NULL,"Y",NULL,NULL,NULL,NULL,NULL,NULL,NULL,"REAR-LEFT",NULL,NULL,NULL,NULL,NULL,NULL,NULL,NULL,NULL,NULL,NULL,NULL,NULL,NULL,NULL,NULL,NULL,NULL,NULL,NULL,NULL,NULL,NULL,NULL,NULL,NULL,NULL,NULL,NULL,NULL,NULL,NULL,NULL
"950123","eb8e017607ad4a5e0bbacae8729853de6884e10fbf0a97b16c22e505b8905c924374ccc612b237103222601c0aad8d99b82868cea8e887f26ea31563fa2e9506","JD353190","09/01/2020 05:53:00 PM","1","DRIVER",NULL,"900613.0",NULL,"TOYOTA","PRIUS","IL","2010.0","NONE","PASSENGER","PERSONAL","W","STRAIGHT AHEAD","Y",NULL,"1.0",NULL,"DRIVERS OWN PRIVATE COMPANY","UNK",NULL,"Y",NULL,NULL,NULL,NULL,NULL,NULL,NULL,NULL,NULL,"Y","Y",NULL,"OTHER",NULL,NULL,NULL,NULL,NULL,NULL,NULL,NULL,NULL,NULL,NULL,NULL,NULL,NULL,NULL,NULL,NULL,NULL,NULL,NULL,NULL,NULL,NULL,NULL,NULL,NULL,NULL,NULL,NULL,NULL,NULL,NULL,NULL
"950358","8f82f9da7eb2dac05c2d5fbe59c19298c9310c5dc011cdc846a6d04e7e5b30de1d5ae2d307dec7e6730db15220f2cb4e5582041efeb7e964dbbe2b178a1bef46","JD353625","09/02/2020 08:29:00 AM","2","DRIVER",NULL,"900857.0",NULL,"CHEVROLET","EQUINOX","IL","2014.0","NONE","PASSENGER","PERSONAL","E","STRAIGHT AHEAD","Y",NULL,"1.0",NULL,"progressive insurance","unknown",NULL,"Y",NULL,NULL,NULL,NULL,NULL,"Y",NULL,NULL,"Y","Y","Y",NULL,"TOTAL (ALL AREAS)",NULL,NULL,NULL,NULL,NULL,NULL,NULL,NULL,NULL,NULL,NULL,NULL,NULL,NULL,NULL,NULL,NULL,NULL,NULL,NULL,NULL,NULL,NULL,NULL,NULL,NULL,NULL,NULL,NULL,NULL,NULL,NULL,NULL
"950472","3962892aca2fc12b37ed7661f03b0a89034507888c1cf32477dd957f70ef9bc88ad3eeef84e130b83e9ebc84425f6477e9916e9d53c7553db1d1be00bf01c99a","JD353920","09/02/2020 01:00:00 PM","1","DRIVER",NULL,"900953.0",NULL,"CHEVROLET","OTHER (EXPLAIN IN NARRATIVE)","IL","2014.0","UNKNOWN","UNKNOWN/NA","UNKNOWN/NA","S","UNKNOWN/NA",NULL,NULL,"1.0",NULL,NULL,NULL,"Y",NULL,NULL,NULL,NULL,NULL,NULL,NULL,NULL,NULL,NULL,NULL,NULL,NULL,"OTHER",NULL,NULL,NULL,NULL,NULL,NULL,NULL,NULL,NULL,NULL,NULL,NULL,NULL,NULL,NULL,NULL,NULL,NULL,NULL,NULL,NULL,NULL,NULL,NULL,NULL,NULL,NULL,NULL,NULL,NULL,NULL,NULL,NULL
"950593","daec7399bafadff4b2370cb26c0461095b5871941a23028055dd31473f9c4f2ee4871922efe7e0564cce98690410b2a0fe74351f3b0a350c550e3aa7b388dc38","JD353960","09/02/2020 12:50:00 PM","2","DRIVER",NULL,"901107.0",NULL,"AUDI","OTHER (EXPLAIN IN NARRATIVE)","IL","2015.0","UNKNOWN","PASSENGER","UNKNOWN/NA","E","SLOW/STOP IN TRAFFIC",NULL,NULL,"1.0",NULL,NULL,NULL,NULL,NULL,NULL,NULL,NULL,NULL,"Y",NULL,NULL,NULL,NULL,NULL,NULL,NULL,"REAR-LEFT",NULL,NULL,NULL,NULL,NULL,NULL,NULL,NULL,NULL,NULL,NULL,NULL,NULL,NULL,NULL,NULL,NULL,NULL,NULL,NULL,NULL,NULL,NULL,NULL,NULL,NULL,NULL,NULL,NULL,NULL,NULL,NULL,NULL
"950679","7fc02e28a9d531f86227038acd405c512e38232b01f2d049d1fc84b851e3cf172edd3bd1778f3b8ed4c22d8ac079f9d422493242f3959dfb29e56f271e5a72a3","JD354194","09/02/2020 04:30:00 PM","1","DRIVER",NULL,"901154.0",NULL,"DODGE","RAM 1500 PU","NM","2014.0","UNKNOWN","PICKUP","PERSONAL","S","STRAIGHT AHEAD",NULL,NULL,"1.0",NULL,NULL,NULL,NULL,NULL,NULL,NULL,NULL,NULL,NULL,NULL,NULL,NULL,NULL,"Y","Y",NULL,"OTHER",NULL,NULL,NULL,NULL,NULL,NULL,NULL,NULL,NULL,NULL,NULL,NULL,NULL,NULL,NULL,NULL,NULL,NULL,NULL,NULL,NULL,NULL,NULL,NULL,NULL,NULL,NULL,NULL,NULL,NULL,NULL,NULL,NULL
"950795","4b77aa4cdfc5d4ca25c8379f544818b58bb572eafa98184eeeafa430d479b1a678eb0c727f9e1fea97097373a0d54348eb9137527f425b65f2745fb6feb07ed3","JD354320","09/02/2020 07:05:00 PM","2","DRIVER",NULL,"902374.0",NULL,"HYUNDAI","ELANTRA","IL","2017.0","NONE","PASSENGER","PERSONAL","E","STRAIGHT AHEAD","Y",NULL,"1.0",NULL,"private company","private shop",NULL,NULL,NULL,NULL,NULL,NULL,"Y",NULL,NULL,NULL,NULL,NULL,"Y",NULL,"REAR-LEFT",NULL,NULL,NULL,NULL,NULL,NULL,NULL,NULL,NULL,NULL,NULL,NULL,NULL,NULL,NULL,NULL,NULL,NULL,NULL,NULL,NULL,NULL,NULL,NULL,NULL,NULL,NULL,NULL,NULL,NULL,NULL,NULL,NULL
"950879","0d4be952c00783bb9352452656f7dd9d85cdb5662d902758867955114eaa8ea84f11d368efe3484712c3d0def688165cfd2849893f1a29ccea25cc72a4b7d549","JD354571","09/03/2020 12:11:00 AM","1","DRIVER",NULL,"901348.0",NULL,"CAN-AM","CAN-AM","IL","2020.0","UNKNOWN","MOTORCYCLE (OVER 150CC)","UNKNOWN/NA","UNKNOWN","UNKNOWN/NA",NULL,NULL,"1.0",NULL,NULL,NULL,NULL,NULL,NULL,NULL,NULL,NULL,NULL,NULL,NULL,NULL,NULL,NULL,NULL,NULL,"UNKNOWN",NULL,NULL,NULL,NULL,NULL,NULL,NULL,NULL,NULL,NULL,NULL,NULL,NULL,NULL,NULL,NULL,NULL,NULL,NULL,NULL,NULL,NULL,NULL,NULL,NULL,NULL,NULL,NULL,NULL,NULL,NULL,NULL,NULL
"951276","e8c3dabe5c568de3b868f98dc5c32f6e8ce178e91d9f431d63e6bfb596217c6d13cfa0629de86670916b421266b6d2ac7128d5a711c4068efa77ff63b3330a69","JD355277","09/03/2020 01:30:00 PM","2","PARKED",NULL,"901703.0",NULL,"FREIGHTLINER CORPORATION","FREIGHTLINER CORP.","IL","2010.0","UNKNOWN","OTHER","CONSTRUCTION/MAINTENANCE","S","PARKED",NULL,NULL,"0.0",NULL,NULL,NULL,NULL,NULL,NULL,NULL,NULL,NULL,"Y",NULL,NULL,NULL,NULL,NULL,NULL,NULL,"REAR-LEFT",NULL,NULL,NULL,NULL,NULL,NULL,NULL,NULL,NULL,NULL,NULL,NULL,NULL,NULL,NULL,NULL,NULL,NULL,NULL,NULL,NULL,NULL,NULL,NULL,NULL,NULL,NULL,NULL,NULL,NULL,NULL,NULL,NULL
"951513","b22a3365ece9638289b0e7f0f7caab9777ec41766c421f0335196c294fa5bbed2634ee63cee8f2a6ef9d29822fb17fe53e9a359456411dac1f66efbdbd89a7f6","JD355619","09/03/2020 09:40:00 PM","1","DRIVER",NULL,"901916.0",NULL,"VOLKSWAGEN","JETTA","IL","2015.0","UNKNOWN","PASSENGER","PERSONAL","N","OTHER",NULL,NULL,"1.0",NULL,NULL,NULL,NULL,NULL,NULL,"Y",NULL,NULL,NULL,NULL,NULL,NULL,NULL,NULL,NULL,NULL,"SIDE-RIGHT",NULL,NULL,NULL,NULL,NULL,NULL,NULL,NULL,NULL,NULL,NULL,NULL,NULL,NULL,NULL,NULL,NULL,NULL,NULL,NULL,NULL,NULL,NULL,NULL,NULL,NULL,NULL,NULL,NULL,NULL,NULL,NULL,NULL
"951608","0334b7c8ded61b391823ae51a5b9427d5afcb62ca78022c822cdfe2f1491755424108e0cc7c879b20498fe52c7f159a59987e396797e22d36982abe7ff4850e3","JD355042","09/03/2020 10:45:00 AM","2","PARKED",NULL,"902018.0",NULL,"CHEVROLET","MALIBU","IL","2009.0","BRAKES","PASSENGER","PERSONAL","S","PARKED",NULL,NULL,"0.0",NULL,NULL,NULL,NULL,NULL,NULL,NULL,NULL,"Y",NULL,NULL,NULL,NULL,NULL,"N",NULL,NULL,"REAR",NULL,NULL,NULL,NULL,NULL,NULL,NULL,NULL,NULL,NULL,NULL,NULL,NULL,NULL,NULL,NULL,NULL,NULL,NULL,NULL,NULL,NULL,NULL,NULL,NULL,NULL,NULL,NULL,NULL,NULL,NULL,NULL,NULL
"951701","17174655df635142fdb0a006868cdb442a331cfac476e3010050361d1ad8b7974685988ebea4651a6aefe98cf7138ca406ab3676604c40f202676862f3be39eb","JD355986","09/04/2020 09:55:00 AM","1","DRIVER",NULL,"902097.0",NULL,"LEXUS","RX450H","IL","2018.0","UNKNOWN","SPORT UTILITY VEHICLE (SUV)","UNKNOWN/NA","S","STRAIGHT AHEAD",NULL,NULL,"1.0",NULL,NULL,NULL,NULL,NULL,NULL,NULL,NULL,NULL,NULL,NULL,NULL,NULL,NULL,NULL,"Y","Y","OTHER",NULL,NULL,NULL,NULL,NULL,NULL,NULL,NULL,NULL,NULL,NULL,NULL,NULL,NULL,NULL,NULL,NULL,NULL,NULL,NULL,NULL,NULL,NULL,NULL,NULL,NULL,NULL,NULL,NULL,NULL,NULL,NULL,NULL
"951739","3df1a2c31412af7193880d75a833dc717fc20755bdb68364d282e306b340bc3c3c517674ebedf33def1d9715ecfd16673c36b50c466ec9dab0951a5e29667689","JD356028","09/04/2020 11:28:00 AM","1","DRIVER",NULL,"902136.0",NULL,"CHEVROLET","CRUZE","IL","2011.0","NONE","PASSENGER","PERSONAL","W","STRAIGHT AHEAD",NULL,NULL,"1.0",NULL,NULL,NULL,NULL,"Y",NULL,NULL,NULL,NULL,NULL,NULL,NULL,NULL,NULL,NULL,"Y",NULL,"FRONT",NULL,NULL,NULL,NULL,NULL,NULL,NULL,NULL,NULL,NULL,NULL,NULL,NULL,NULL,NULL,NULL,NULL,NULL,NULL,NULL,NULL,NULL,NULL,NULL,NULL,NULL,NULL,NULL,NULL,NULL,NULL,NULL,NULL
"952067","2152f7164445b0f73211907d12b4bd2b9a3a5be0a138290a5380d3babb839371709041de01e3e192ca7e40620129119bfd2839adf04d0816c298fe83f2244f20","JD356558","09/04/2020 06:50:00 PM","2","PARKED",NULL,"902460.0",NULL,"TOYOTA","SIENNA","IL","2013.0","NONE","VAN/MINI-VAN","NOT IN USE","N","PARKED",NULL,NULL,"0.0",NULL,NULL,NULL,NULL,NULL,NULL,NULL,NULL,NULL,NULL,NULL,NULL,NULL,NULL,NULL,NULL,NULL,"ROOF",NULL,NULL,NULL,NULL,NULL,NULL,NULL,NULL,NULL,NULL,NULL,NULL,NULL,NULL,NULL,NULL,NULL,NULL,NULL,NULL,NULL,NULL,NULL,NULL,NULL,NULL,NULL,NULL,NULL,NULL,NULL,NULL,NULL
"952420","965ec8f3aa3d5a4fb0e79e9b16b063846553b070fb8ed5993b1e17c952520a2d22d5e2d8a940608e1fb4ee1d51945a0e07e3cb0d63fb242bce7fb8eba735b1dd","JD357064","09/04/2020 02:30:00 PM","2","DRIVER",NULL,"902751.0",NULL,"CHEVROLET","EQUINOX","IL","2013.0","UNKNOWN","SPORT UTILITY VEHICLE (SUV)","PERSONAL","S","SLOW/STOP IN TRAFFIC",NULL,NULL,"1.0",NULL,NULL,NULL,NULL,NULL,NULL,NULL,NULL,NULL,"Y",NULL,NULL,NULL,NULL,NULL,"N",NULL,"REAR-LEFT",NULL,NULL,NULL,NULL,NULL,NULL,NULL,NULL,NULL,NULL,NULL,NULL,NULL,NULL,NULL,NULL,NULL,NULL,NULL,NULL,NULL,NULL,NULL,NULL,NULL,NULL,NULL,NULL,NULL,NULL,NULL,NULL,NULL
"952533","40b37d82782491589d1e21d5dc1e7fbc82c7f84ddff8d9325e650db0815c5022838f15ffe47e423bd9a73c98036fe2310afadb55233a1fef4573a5f8ccf3dc64","JD357292","09/05/2020 11:50:00 AM","1","DRIVER","1.0","902857.0",NULL,"JEEP","CHEROKEE","IL","2015.0","NONE","SPORT UTILITY VEHICLE (SUV)","PERSONAL","E","STRAIGHT AHEAD","Y",NULL,"2.0",NULL,NULL,NULL,NULL,"Y","Y",NULL,NULL,NULL,NULL,NULL,NULL,NULL,NULL,NULL,NULL,NULL,"FRONT",NULL,NULL,NULL,NULL,NULL,NULL,NULL,NULL,NULL,NULL,NULL,NULL,NULL,NULL,NULL,NULL,NULL,NULL,NULL,NULL,NULL,NULL,NULL,NULL,NULL,NULL,NULL,NULL,NULL,NULL,NULL,NULL,NULL