"CRASH_UNIT_ID","CRASH_RECORD_ID","RD_NO","CRASH_DATE","UNIT_NO","UNIT_TYPE","NUM_PASSENGERS","VEHICLE_ID","CMRC_VEH_I","MAKE","MODEL","LIC_PLATE_STATE","VEHICLE_YEAR","VEHICLE_DEFECT","VEHICLE_TYPE","VEHICLE_USE","TRAVEL_DIRECTION","MANEUVER","TOWED_I","FIRE_I","OCCUPANT_CNT","EXCEED_SPEED_LIMIT_I","TOWED_BY","TOWED_TO","AREA_00_I","AREA_01_I","AREA_02_I","AREA_03_I","AREA_04_I","AREA_05_I","AREA_06_I","AREA_07_I","AREA_08_I","AREA_09_I","AREA_10_I","AREA_11_I","AREA_12_I","AREA_99_I","FIRST_CONTACT_POINT","CMV_ID","USDOT_NO","CCMC_NO","ILCC_NO","COMMERCIAL_SRC","GVWR","CARRIER_NAME","CARRIER_STATE","CARRIER_CITY","HAZMAT_PLACARDS_I","HAZMAT_NAME","UN_NO","HAZMAT_PRESENT_I","HAZMAT_REPORT_I","HAZMAT_REPORT_NO","MCS_REPORT_I","MCS_REPORT_NO","HAZMAT_VIO_CAUSE_CRASH_I","MCS_VIO_CAUSE_CRASH_I","IDOT_PERMIT_NO","WIDE_LOAD_I","TRAILER1_WIDTH","TRAILER2_WIDTH","TRAILER1_LENGTH","TRAILER2_LENGTH","TOTAL_VEHICLE_LENGTH","AXLE_CNT","VEHICLE_CONFIG","CARGO_BODY_TYPE","LOAD_TYPE","HAZMAT_OUT_OF_SERVICE_I","MCS_OUT_OF_SERVICE_I","HAZMAT_CLASS"
"960094","ced15a2b205e5818d6ba513160e5629411a893adee0c745fa2dcc3619928c305cbbbd9344b0af99a937ff6c9719eb384e12b93cebebb2acf59907331147af7b5","JD370809","09/17/2020 06:19:00 PM","1","DRIVER",NULL,"909956.0",NULL,"DODGE","CHARGER","IL","2011.0","UNKNOWN","PASSENGER","PERSONAL","S","TURNING LEFT",NULL,NULL,"1.0",NULL,NULL,NULL,NULL,NULL,NULL,NULL,NULL,NULL,NULL,"Y",NULL,NULL,NULL,NULL,NULL,NULL,"SIDE-LEFT",NULL,NULL,NULL,NULL,NULL,NULL,NULL,NULL,NULL,NULL,NULL,NULL,NULL,NULL,NULL,NULL,NULL,NULL,NULL,NULL,NULL,NULL,NULL,NULL,NULL,NULL,NULL,NULL,NULL,NULL,NULL,NULL,NULL
"960368","4538800e1d6ed7922fdaf8e14f3048968ec1f4f861f1e6b181069a4a572b1bf538e87a993dc96defb74b931faf4c9c4362fb8c2cb53e7851b0f340c47c3ab499","JD371400","09/17/2020 09:15:00 PM","2","PARKED","1.0","910235.0",NULL,"CHRYSLER","TOWN & COUNTRY",NULL,"2013.0","NONE","VAN/MINI-VAN","COMMERCIAL - SINGLE UNIT","E","PARKED",NULL,NULL,"1.0",NULL,NULL,NULL,NULL,NULL,NULL,NULL,NULL,NULL,NULL,"Y",NULL,NULL,NULL,"Y",NULL,NULL,"SIDE-LEFT",NULL,NULL,NULL,NULL,NULL,NULL,NULL,NULL,NULL,NULL,NULL,NULL,NULL,NULL,NULL,NULL,NULL,NULL,NULL,NULL,NULL,NULL,NULL,NULL,NULL,NULL,NULL,NULL,NULL,NULL,NULL,NULL,NULL
"960571","45f1fdbde73e81b0a3be3ab499b7a13d2f408ab46cc4a6984d6201a884d72cdb302e60be3b5001294bb7907c93afe17cc438af7c4623d697d8f96b65d6fd2d63","JD371589","09/18/2020 04:10:00 PM","3","DRIVER","1.0","910414.0",NULL,"FORD","FUSION","IL","2014.0","UNKNOWN","PASSENGER","PERSONAL","S","STRAIGHT AHEAD",NULL,NULL,"2.0",NULL,NULL,NULL,NULL,NULL,NULL,NULL,NULL,NULL,"Y",NULL,NULL,NULL,NULL,NULL,NULL,NULL,"REAR-LEFT",NULL,NULL,NULL,NULL,NULL,NULL,NULL,NULL,NULL,NULL,NULL,NULL,NULL,NULL,NULL,NULL,NULL,NULL,NULL,NULL,NULL,NULL,NULL,NULL,NULL,NULL,NULL,NULL,NULL,NULL,NULL,NULL,NULL
"961101","c13968f14d94402f21b21b968f1a7a4407f79b24924d380f96f93dd4f9b9531f38212408339ed1428a1b6e570738ee5c37b92501e8afa8aac1e376150fcdba59","JD372440","09/18/2020 08:30:00 PM","2","PARKED",NULL,"910911.0",NULL,"NISSAN","ALTIMA","IL","2012.0","NONE","PASSENGER","PERSONAL","E","PARKED",NULL,NULL,"0.0",NULL,NULL,NULL,NULL,NULL,NULL,NULL,NULL,NULL,NULL,NULL,NULL,NULL,"Y","Y",NULL,NULL,"ROOF",NULL,NULL,NULL,NULL,NULL,NULL,NULL,NULL,NULL,NULL,NULL,NULL,NULL,NULL,NULL,NULL,NULL,NULL,NULL,NULL,NULL,NULL,NULL,NULL,NULL,NULL,NULL,NULL,NULL,NULL,NULL,NULL,NULL
"961267","81d67a472dfe879c1a089f287598774a454425af652176bb2d4bdd4d91a160e1358bf8c9d1f89c0b03d3a7797f07c3f0a3fccac4f2e4cddb0ca009a76e6c7458","JD372668","09/19/2020 04:30:00 PM","2","PARKED",NULL,"911050.0",NULL,"VOLKSWAGEN","JETTA","IL","2014.0","NONE","PASSENGER","PERSONAL","E","PARKED",NULL,NULL,"0.0",NULL,NULL,NULL,NULL,NULL,NULL,NULL,NULL,"Y","Y","Y",NULL,NULL,NULL,NULL,NULL,NULL,"REAR-LEFT",NULL,NULL,NULL,NULL,NULL,NULL,NULL,NULL,NULL,NULL,NULL,NULL,NULL,NULL,NULL,NULL,NULL,NULL,NULL,NULL,NULL,NULL,NULL,NULL,NULL,NULL,NULL,NULL,NULL,NULL,NULL,NULL,NULL
"961827","eda594c033070c8f2b59675a824961a708a948be40ce6a77d3606f5fc30bdd600a3589fccd1ef9c0b76fa4cc68cb63a15ae455f41c01bd75adac182fad2668f4","JD373516","09/20/2020 03:02:00 PM","2","DRIVER","1.0","911578.0",NULL,"CHEVROLET","CORVETTE","IL","2020.0","NONE","PASSENGER","PERSONAL","N","SLOW/STOP IN TRAFFIC",NULL,NULL,"2.0",NULL,NULL,NULL,NULL,NULL,NULL,NULL,NULL,"Y","Y","Y",NULL,NULL,NULL,NULL,NULL,NULL,"REAR-LEFT",NULL,NULL,NULL,NULL,NULL,NULL,NULL,NULL,NULL,NULL,NULL,NULL,NULL,NULL,NULL,NULL,NULL,NULL,NULL,NULL,NULL,NULL,NULL,NULL,NULL,NULL,NULL,NULL,NULL,NULL,NULL,NULL,NULL
"961999","c3592cda1787e269e4450cc27a091a3df12c77f7545316108b68142155a3ea8cc8ec26a138cd1ad44c8bfeecae7019902f6ea4d126320e4838b8a59a1bbcef9b","JD373852","09/18/2020 07:33:00 PM","2","DRIVER",NULL,"911731.0",NULL,"INFINITI","QX60","IL","2014.0","NONE","PASSENGER","PERSONAL","N","STRAIGHT AHEAD",NULL,NULL,"1.0",NULL,NULL,NULL,NULL,NULL,"Y","Y","Y",NULL,NULL,NULL,NULL,NULL,NULL,NULL,NULL,NULL,"SIDE-RIGHT",NULL,NULL,NULL,NULL,NULL,NULL,NULL,NULL,NULL,NULL,NULL,NULL,NULL,NULL,NULL,NULL,NULL,NULL,NULL,NULL,NULL,NULL,NULL,NULL,NULL,NULL,NULL,NULL,NULL,NULL,NULL,NULL,NULL
"962836","e6a52d9090b5761cf35606c891e88ae66dceb9a8754ffbaf958935d30b895f7dbce2d25b042abe7fa38b5701dea6a2e41bd214297f0c07d103b784271ea1609b","JD375315","09/22/2020 09:17:00 AM","2","PARKED",NULL,"912534.0",NULL,"CHEVROLET","CRUZE","IL","2014.0","NONE","PASSENGER","NOT IN USE","N","PARKED",NULL,NULL,"0.0",NULL,NULL,NULL,NULL,NULL,NULL,NULL,NULL,NULL,NULL,"Y",NULL,NULL,NULL,NULL,NULL,NULL,"SIDE-LEFT",NULL,NULL,NULL,NULL,NULL,NULL,NULL,NULL,NULL,NULL,NULL,NULL,NULL,NULL,NULL,NULL,NULL,NULL,NULL,NULL,NULL,NULL,NULL,NULL,NULL,NULL,NULL,NULL,NULL,NULL,NULL,NULL,NULL
"962848","ca31103a18280554e35ca7d916e69e3825bb091e21301758eeb176f97d95b4fd33537326d77f85c5f18ea7c9d3fabb2c0a49b48a1caaca9a95d7db0ee9438ceb","JD375352","09/21/2020 03:20:00 PM","2","DRIVER",NULL,"912550.0",NULL,"PORSCHE","PANAMERA","FL","2016.0","NONE","PASSENGER","PERSONAL","SE","TURNING RIGHT",NULL,NULL,"1.0",NULL,NULL,NULL,NULL,"N",NULL,NULL,NULL,NULL,NULL,NULL,NULL,NULL,NULL,"Y","N",NULL,"TOTAL (ALL AREAS)",NULL,NULL,NULL,NULL,NULL,NULL,NULL,NULL,NULL,NULL,NULL,NULL,NULL,NULL,NULL,NULL,NULL,NULL,NULL,NULL,NULL,NULL,NULL,NULL,NULL,NULL,NULL,NULL,NULL,NULL,NULL,NULL,NULL
"963102","cd9322ffbc871d09378f0df4b3fe21501d6426c5da1852ddae4330553109a4db61d145f7038f16642d4ee53a7b617956385952cec1d7c18de25024ade87be569","JD375809","09/22/2020 05:45:00 PM","1","DRIVER",NULL,"912782.0","Y","FREIGHTLINER CORPORATION","FREIGHTLINER CORP.","IL","2020.0","UNKNOWN","TRACTOR W/ SEMI-TRAILER","COMMERCIAL - MULTI-UNIT","N","STRAIGHT AHEAD",NULL,NULL,"1.0",NULL,NULL,NULL,NULL,NULL,NULL,NULL,NULL,NULL,NULL,NULL,NULL,NULL,NULL,NULL,NULL,NULL,NULL,"10760.0","1420767",NULL,NULL,"DRIVER","3.0","LTI TRUCKING SERVICES","MO","ST LOUIS",NULL,NULL,NULL,"N","N",NULL,NULL,NULL,"N","N",NULL,NULL,"0-96",NULL,"52.0",NULL,NULL,"2.0","TRACTOR/SEMI-TRAILER","VAN/ENCLOSED BOX","OTHER",NULL,"N",NULL
"963522","9f4fbae6c28b7ce8f167ce2d167784d60a159964dc999f327a62517a70987ae47e557dbaf59c61e77a286b54df6d03a59b2b801bcb14931b7187af06d55382f8","JD376764","09/23/2020 02:50:00 PM","2","DRIVER","1.0","913199.0",NULL,"FORD","ESCAPE","IL","2010.0","NONE","SPORT UTILITY VEHICLE (SUV)","PERSONAL","E","SLOW/STOP IN TRAFFIC",NULL,NULL,"2.0",NULL,NULL,NULL,NULL,NULL,NULL,NULL,NULL,NULL,"Y",NULL,NULL,NULL,NULL,NULL,NULL,NULL,"REAR",NULL,NULL,NULL,NULL,NULL,NULL,NULL,NULL,NULL,NULL,NULL,NULL,NULL,NULL,NULL,NULL,NULL,NULL,NULL,NULL,NULL,NULL,NULL,NULL,NULL,NULL,NULL,NULL,NULL,NULL,NULL,NULL,NULL
"963542","066f1c86fa3032118717c821ca7b0e27ef20ddb74be2aecc2b19cc63aa48b13507d0b7dac7c3c54bab61400fac5b5f0861ae2e3fd5fba09dc83e7d8d1bfba26a","JD376773","09/23/2020 02:00:00 PM","2","DRIVER",NULL,"913209.0",NULL,"FORD","ESCAPE","IL","2014.0","NONE","PASSENGER","PERSONAL","N","STRAIGHT AHEAD","Y",NULL,"1.0",NULL,"LAKEFRONT","BODY SHOP",NULL,"Y","Y",NULL,NULL,NULL,NULL,NULL,NULL,NULL,NULL,NULL,NULL,NULL,"FRONT",NULL,NULL,NULL,NULL,NULL,NULL,NULL,NULL,NULL,NULL,NULL,NULL,NULL,NULL,NULL,NULL,NULL,NULL,NULL,NULL,NULL,NULL,NULL,NULL,NULL,NULL,NULL,NULL,NULL,NULL,NULL,NULL,NULL
"963609","c34315cc5a38780dd0097aff5a824af95fafa604dcb89db6f89fd2f8877e7dd8cb48c2cd08a40660775e338375093ae068f11ff7b10a9bf87abda23e9a0da8db","JD376903","09/23/2020 05:00:00 PM","1","DRIVER",NULL,"913268.0",NULL,"FORD","FUSION","MO","2009.0","UNKNOWN","PASSENGER","UNKNOWN/NA","S","STRAIGHT AHEAD",NULL,NULL,"1.0",NULL,NULL,NULL,NULL,"Y",NULL,NULL,NULL,NULL,NULL,NULL,NULL,NULL,NULL,"Y","Y",NULL,"OTHER",NULL,NULL,NULL,NULL,NULL,NULL,NULL,NULL,NULL,NULL,NULL,NULL,NULL,NULL,NULL,NULL,NULL,NULL,NULL,NULL,NULL,NULL,NULL,NULL,NULL,NULL,NULL,NULL,NULL,NULL,NULL,NULL,NULL
"964157","d371644455e97c80772f800a058b25665eb7d207ffe9e01e320b773c66e5f045da3e4ca3c17caa277c6c8a6018fbe18382f3f315f31495c1a5756fbb44036289","JD377872","09/24/2020 03:20:00 PM","1","DRIVER",NULL,"913767.0",NULL,"PONTIAC","G6","IL","2008.0","UNKNOWN","PASSENGER","PERSONAL","S","TURNING RIGHT",NULL,NULL,"1.0",NULL,NULL,NULL,NULL,NULL,NULL,NULL,NULL,NULL,NULL,NULL,NULL,NULL,NULL,NULL,NULL,"Y","UNKNOWN",NULL,NULL,NULL,NULL,NULL,NULL,NULL,NULL,NULL,NULL,NULL,NULL,NULL,NULL,NULL,NULL,NULL,NULL,NULL,NULL,NULL,NULL,NULL,NULL,NULL,NULL,NULL,NULL,NULL,NULL,NULL,NULL,NULL
"964272","ff0bf69e0d1b15cd017cf6e380c5f18846d725b54cf5e5970d080ec2c29d9b36ad7aad6bc9deefbab1ecae77a11b781753a91531674a80995a97c0b90a918c85","JD377881","09/24/2020 03:15:00 PM","1","DRIVER",NULL,"913879.0",NULL,"DODGE","CALIBER","IL","2008.0","UNKNOWN","PASSENGER","UNKNOWN/NA","E","UNKNOWN/NA","Y",NULL,"1.0",NULL,"CITY OF CHICAGO",NULL,NULL,"Y",NULL,NULL,NULL,NULL,NULL,NULL,NULL,NULL,"N","Y","Y",NULL,"OTHER",NULL,NULL,NULL,NULL,NULL,NULL,NULL,NULL,NULL,NULL,NULL,NULL,NULL,NULL,NULL,NULL,NULL,NULL,NULL,NULL,NULL,NULL,NULL,NULL,NULL,NULL,NULL,NULL,NULL,NULL,NULL,NULL,NULL
"964352","461e9097bb0c2f050ddd47af65dcdb89f7af08ce17b1fe1465219019b2ca74de01cfb3f6363465421881169779db2dfbae88d93632256210fb8b2e970be66103","JD378118","09/24/2020 06:55:00 PM","1","DRIVER",NULL,"913947.0",NULL,"TOYOTA","COROLLA","IL","2015.0","NONE","PASSENGER","OTHER","W","STARTING IN TRAFFIC","Y",NULL,"1.0",NULL,"private tow by owner","unk",NULL,NULL,NULL,NULL,NULL,NULL,NULL,NULL,"Y","Y","Y","Y",NULL,NULL,"TOTAL (ALL AREAS)",NULL,NULL,NULL,NULL,NULL,NULL,NULL,NULL,NULL,NULL,NULL,NULL,NULL,NULL,NULL,NULL,NULL,NULL,NULL,NULL,NULL,NULL,NULL,NULL,NULL,NULL,NULL,NULL,NULL,NULL,NULL,NULL,NULL
"964507","2ba888c60a43d6911876fe8e72971bb3efc859eb089a94d054d2d077b46d1c82d90d0966a3921f3dc8715d1d58abe113ed5a11a78cef3c16eb44c2e84b2529ce","JD378483","09/25/2020 12:00:00 AM","2","PARKED",NULL,"914102.0",NULL,"KIA","SORENTO","IL","2014.0","UNKNOWN","PASSENGER","NOT IN USE","W","PARKED",NULL,NULL,"0.0",NULL,NULL,NULL,NULL,NULL,NULL,NULL,NULL,NULL,NULL,"Y",NULL,NULL,NULL,NULL,NULL,NULL,"SIDE-LEFT",NULL,NULL,NULL,NULL,NULL,NULL,NULL,NULL,NULL,NULL,NULL,NULL,NULL,NULL,NULL,NULL,NULL,NULL,NULL,NULL,NULL,NULL,NULL,NULL,NULL,NULL,NULL,NULL,NULL,NULL,NULL,NULL,NULL
"964965","2e5d767d53cfe44b925821e30a1b1954f735fe847cc906fd98655c1c9b493b998ffea8abdb6d03b31563a3b941d0ffc4bc57ad8cd1937937473c5140d2a5b88a","JD379204","09/25/2020 06:23:00 PM","1","DRIVER",NULL,"914518.0",NULL,"INFINITI","Q50","IL","2020.0","NONE","PASSENGER","PERSONAL","E","ENTERING TRAFFIC LANE FROM PARKING","Y",NULL,"1.0",NULL,"private",NULL,NULL,NULL,NULL,NULL,NULL,NULL,NULL,NULL,NULL,"Y","Y","Y","Y",NULL,"TOTAL (ALL AREAS)",NULL,NULL,NULL,NULL,NULL,NULL,NULL,NULL,NULL,NULL,NULL,NULL,NULL,NULL,NULL,NULL,NULL,NULL,NULL,NULL,NULL,NULL,NULL,NULL,NULL,NULL,NULL,NULL,NULL,NULL,NULL,NULL,NULL
"965014","65ef27142ac696a284280e545c044ec277133d2d5a15b148be4b6782bce12fa625a0fa99c19a6854450cd44bbb35f93a03d21d12d9a62e81642d67f576106a1e","JD379277","09/25/2020 07:01:00 PM","2","DRIVER",NULL,"914586.0",NULL,"FORD","ESCAPE","IN","2013.0","UNKNOWN","PASSENGER","PERSONAL","E","STRAIGHT AHEAD",NULL,NULL,"1.0",NULL,NULL,NULL,NULL,"Y",NULL,NULL,NULL,NULL,NULL,NULL,NULL,NULL,NULL,NULL,NULL,NULL,"FRONT",NULL,NULL,NULL,NULL,NULL,NULL,NULL,NULL,NULL,NULL,NULL,NULL,NULL,NULL,NULL,NULL,NULL,NULL,NULL,NULL,NULL,NULL,NULL,NULL,NULL,NULL,NULL,NULL,NULL,NULL,NULL,NULL,NULL
"965037","ffacda7b7752c7a54e2a1489882c579d9a939dc8affca052dbc481cf8ed6deb0df784cedd41a0f947c733a1a04a0bf64b01c63496dd2de3efacbaee8c01f619f","JD379316","09/25/2020 10:00:00 AM","1","DRIVER",NULL,"914594.0",NULL,"NISSAN","OTHER (EXPLAIN IN NARRATIVE)","IL","2019.0","UNKNOWN","UNKNOWN/NA","PERSONAL","N","SLOW/STOP IN TRAFFIC",NULL,NULL,"1.0",NULL,NULL,NULL,NULL,NULL,NULL,NULL,NULL,NULL,NULL,NULL,NULL,NULL,NULL,NULL,"Y",NULL,"OTHER",NULL,NULL,NULL,NULL,NULL,NULL,NULL,NULL,NULL,NULL,NULL,NULL,NULL,NULL,NULL,NULL,NULL,NULL,NULL,NULL,NULL,NULL,NULL,NULL,NULL,NULL,NULL,NULL,NULL,NULL,NULL,NULL,NULL
"965504","774073a4ecf28871d329a23d711a0075438bc6bf2e96e4dddaa4a0796bede8ca342ebca78d5e8e2b8e67eefbed917503c56c39204ce49f4ea2a5a714e0e37973","JD380117","09/24/2020 07:29:00 PM","1","DRIVER",NULL,"915044.0",NULL,"FORD","OTHER (EXPLAIN IN NARRATIVE)","IL","2016.0","UNKNOWN","SPORT UTILITY VEHICLE (SUV)","UNKNOWN/NA","S","PASSING/OVERTAKING",NULL,NULL,"1.0",NULL,NULL,NULL,NULL,NULL,NULL,NULL,NULL,NULL,NULL,NULL,"Y","Y","Y",NULL,NULL,NULL,"SIDE-RIGHT",NULL,NULL,NULL,NULL,NULL,NULL,NULL,NULL,NULL,NULL,NULL,NULL,NULL,NULL,NULL,NULL,NULL,NULL,NULL,NULL,NULL,NULL,NULL,NULL,NULL,NULL,NULL,NULL,NULL,NULL,NULL,NULL,NULL
"965512","8a785241fbb045b7b346c924fc3c802497250c25c1941bd8d324c398518ad9e7bbb04cf6c38c4d8faba6ed213a004c487b759db4cffaee2fcae70e781897f927","JD380001","09/26/2020 12:45:00 PM","1","DRIVER",NULL,"915061.0",NULL,"TESLA","MODEL 3","IL","2020.0","UNKNOWN","PASSENGER","PERSONAL","W","STRAIGHT AHEAD","Y",NULL,"1.0",NULL,NULL,NULL,NULL,"Y","Y","Y","Y",NULL,NULL,NULL,NULL,NULL,NULL,"Y","Y",NULL,"OTHER",NULL,NULL,NULL,NULL,NULL,NULL,NULL,NULL,NULL,NULL,NULL,NULL,NULL,NULL,NULL,NULL,NULL,NULL,NULL,NULL,NULL,NULL,NULL,NULL,NULL,NULL,NULL,NULL,NULL,NULL,NULL,NULL,NULL
"965601","53739ef6a8b09066e7cf293415b5954699cc214e8f1b7b682a0b1d6812698dd2da772da8dcd38965e230c9b28df7d365c4acc5658ad21897b38875e9ae8ea25c","JD380267","09/26/2020 04:25:00 PM","2","DRIVER","1.0","915135.0",NULL,"CHEVROLET","TRAX","IL","2019.0","NONE","SPORT UTILITY VEHICLE (SUV)","PERSONAL","W","STRAIGHT AHEAD",NULL,NULL,"2.0",NULL,NULL,NULL,NULL,NULL,NULL,NULL,NULL,NULL,NULL,NULL,NULL,"Y","Y","Y","Y",NULL,"TOTAL (ALL AREAS)",NULL,NULL,NULL,NULL,NULL,NULL,NULL,NULL,NULL,NULL,NULL,NULL,NULL,NULL,NULL,NULL,NULL,NULL,NULL,NULL,NULL,NULL,NULL,NULL,NULL,NULL,NULL,NULL,NULL,NULL,NULL,NULL,NULL
"965719","1d683b52b865d1cb45909402dd6b3db8eef0c831523b8d22d0ca98716c5b5f28fb09a4b2c972ff5d8d9cb41ec4eb8a536351b9e30a21583841d97bd36595185b","JD380447","09/26/2020 09:07:00 PM","2","DRIVER","1.0","915250.0",NULL,"NISSAN","ROGUE","IL","2011.0","UNKNOWN","PASSENGER","PERSONAL","S","STRAIGHT AHEAD",NULL,NULL,"2.0",NULL,NULL,NULL,NULL,NULL,NULL,NULL,NULL,NULL,"Y",NULL,NULL,NULL,NULL,NULL,NULL,NULL,"REAR-LEFT",NULL,NULL,NULL,NULL,NULL,NULL,NULL,NULL,NULL,NULL,NULL,NULL,NULL,NULL,NULL,NULL,NULL,NULL,NULL,NULL,NULL,NULL,NULL,NULL,NULL,NULL,NULL,NULL,NULL,NULL,NULL,NULL,NULL
"965852","d4106ea8abf23c49fafb89d5bc46cd206258013a8158efab10eafe627f6e315dae922ea8d13e484fe689f73995b6dde4637e148f92f212c79c21375b0cc14e07","JD380000","09/26/2020 09:00:00 AM","1","DRIVER",NULL,"915376.0",NULL,"CHEVROLET","OTHER (EXPLAIN IN NARRATIVE)","IL","2008.0","UNKNOWN","SPORT UTILITY VEHICLE (SUV)","PERSONAL","S","STRAIGHT AHEAD",NULL,NULL,"1.0",NULL,NULL,NULL,NULL,"Y",NULL,NULL,NULL,NULL,NULL,NULL,NULL,NULL,NULL,NULL,"Y",NULL,"FRONT",NULL,NULL,NULL,NULL,NULL,NULL,NULL,NULL,NULL,NULL,NULL,NULL,NULL,NULL,NULL,NULL,NULL,NULL,NULL,NULL,NULL,NULL,NULL,NULL,NULL,NULL,NULL,NULL,NULL,NULL,NULL,NULL,NULL
"965955","668bc87bbe9b59206d0e687517badfc90db08a7a390ad416efb5f0057fb5b6dbf4be3757e055a266708025e602ec77608e707b0347b456845448fd09cdac91c1","JD380818","09/27/2020 09:30:00 AM","2","DRIVER","1.0","915481.0",NULL,"FORD","EDGE","IL","2008.0","NONE","PASSENGER","PERSONAL","N","STRAIGHT AHEAD",NULL,NULL,"2.0",NULL,NULL,NULL,NULL,NULL,NULL,NULL,NULL,NULL,NULL,NULL,"Y","Y","Y",NULL,NULL,NULL,"ROOF",NULL,NULL,NULL,NULL,NULL,NULL,NULL,NULL,NULL,NULL,NULL,NULL,NULL,NULL,NULL,NULL,NULL,NULL,NULL,NULL,NULL,NULL,NULL,NULL,NULL,NULL,NULL,NULL,NULL,NULL,NULL,NULL,NULL
"966186","124d8f82229231addc07b3af9ca8ceb19d42c034ad793adefdb0c109d1b70a2488abb7cce4c9366fbe3749d8d1c3f365c496b78318040bf71ef7fe5fe88b6bff","JD381230","09/26/2020 03:15:00 PM","3","DRIVER",NULL,"915704.0",NULL,"DODGE","CARAVAN",NULL,"2016.0","NONE","PASSENGER","PERSONAL","S","STRAIGHT AHEAD",NULL,NULL,"1.0",NULL,NULL,NULL,NULL,NULL,NULL,NULL,NULL,NULL,"Y",NULL,NULL,NULL,NULL,NULL,NULL,NULL,"REAR-LEFT",NULL,NULL,NULL,NULL,NULL,NULL,NULL,NULL,NULL,NULL,NULL,NULL,NULL,NULL,NULL,NULL,NULL,NULL,NULL,NULL,NULL,NULL,NULL,NULL,NULL,NULL,NULL,NULL,NULL,NULL,NULL,NULL,NULL
"966206","1d3fc0366d44d4c712fb58e12f568cbf39b78e7d1b87f9c5010243584f446a6dc4abb17563fff2656845fe55397343df8fd078ad12671c539537b6314f4095e4","JD381255","09/27/2020 04:51:00 PM","1","DRIVER",NULL,"915710.0",NULL,"VOLVO","XC60","IL","2020.0","NONE","PASSENGER","PERSONAL","E","STRAIGHT AHEAD","Y",NULL,"1.0",NULL,"cook county towin","1648 n kolmar",NULL,"Y","Y","Y","Y",NULL,NULL,NULL,NULL,NULL,NULL,NULL,"Y",NULL,"FRONT",NULL,NULL,NULL,NULL,NULL,NULL,NULL,NULL,NULL,NULL,NULL,NULL,NULL,NULL,NULL,NULL,NULL,NULL,NULL,NULL,NULL,NULL,NULL,NULL,NULL,NULL,NULL,NULL,NULL,NULL,NULL,NULL,NULL
"966242","79787671b25fe48b202d048acb12afc21f80b1872aa01258cd95e11b7631450f04db8db2f723be1687c64aaefaa62d77ef2d54e8a7feb567b73863152e0882de","JD381277","09/27/2020 08:00:00 AM","2","DRIVER",NULL,"915755.0",NULL,"CHEVROLET","IMPALA","IL","2009.0","NONE","PASSENGER","PERSONAL","NW","OTHER",NULL,NULL,"1.0",NULL,NULL,NULL,NULL,NULL,NULL,NULL,NULL,"N",NULL,"Y",NULL,NULL,NULL,NULL,NULL,NULL,"SIDE-LEFT",NULL,NULL,NULL,NULL,NULL,NULL,NULL,NULL,NULL,NULL,NULL,NULL,NULL,NULL,NULL,NULL,NULL,NULL,NULL,NULL,NULL,NULL,NULL,NULL,NULL,NULL,NULL,NULL,NULL,NULL,NULL,NULL,NULL
"966734","054c34055e503bedd2f2dd781d360e5901cccddef27c76fec3d5a2b997407d9e1b07e0e33bcea60c1944453875e088c8e46b461c5049630f08f0c8d2a6fb9e77","JD382096","09/18/2020 05:25:00 PM","1","DRIVER",NULL,"916194.0",NULL,"FORD","ECONOLINE E250","IL","2013.0","UNKNOWN","VAN/MINI-VAN","PERSONAL","NW","STRAIGHT AHEAD",NULL,NULL,"1.0",NULL,NULL,NULL,NULL,NULL,NULL,NULL,NULL,NULL,NULL,NULL,NULL,NULL,NULL,NULL,"Y",NULL,"OTHER",NULL,NULL,NULL,NULL,NULL,NULL,NULL,NULL,NULL,NULL,NULL,NULL,NULL,NULL,NULL,NULL,NULL,NULL,NULL,NULL,NULL,NULL,NULL,NULL,NULL,NULL,NULL,NULL,NULL,NULL,NULL,NULL,NULL
"967411","5462b17ed272b8438a9ebf71a5889ceddff2090ad5d5345a4eeedb4172fdadff2516ae9e9d49f1f3ac12e9021ad79e153b34912d4f37cdb4929b06178b1e6235","JD383302","09/24/2020 10:00:00 PM","2","DRIVER",NULL,"916858.0",NULL,"TOYOTA","PRIUS",NULL,"2010.0","NONE","PASSENGER","PERSONAL","E","SLOW/STOP IN TRAFFIC",NULL,NULL,"1.0",NULL,NULL,NULL,NULL,NULL,NULL,NULL,NULL,NULL,"Y",NULL,NULL,NULL,NULL,NULL,NULL,NULL,"REAR-LEFT",NULL,NULL,NULL,NULL,NULL,NULL,NULL,NULL,NULL,NULL,NULL,NULL,NULL,NULL,NULL,NULL,NULL,NULL,NULL,NULL,NULL,NULL,NULL,NULL,NULL,NULL,NULL,NULL,NULL,NULL,NULL,NULL,NULL