"CRASH_UNIT_ID","CRASH_RECORD_ID","RD_NO","CRASH_DATE","UNIT_NO","UNIT_TYPE","NUM_PASSENGERS","VEHICLE_ID","CMRC_VEH_I","MAKE","MODEL","LIC_PLATE_STATE","VEHICLE_YEAR","VEHICLE_DEFECT","VEHICLE_TYPE","VEHICLE_USE","TRAVEL_DIRECTION","MANEUVER","TOWED_I","FIRE_I","OCCUPANT_CNT","EXCEED_SPEED_LIMIT_I","TOWED_BY","TOWED_TO","AREA_00_I","AREA_01_I","AREA_02_I","AREA_03_I","AREA_04_I","AREA_05_I","AREA_06_I","AREA_07_I","AREA_08_I","AREA_09_I","AREA_10_I","AREA_11_I","AREA_12_I","AREA_99_I","FIRST_CONTACT_POINT","CMV_ID","USDOT_NO","CCMC_NO","ILCC_NO","COMMERCIAL_SRC","GVWR","CARRIER_NAME","CARRIER_STATE","CARRIER_CITY","HAZMAT_PLACARDS_I","HAZMAT_NAME","UN_NO","HAZMAT_PRESENT_I","HAZMAT_REPORT_I","HAZMAT_REPORT_NO","MCS_REPORT_I","MCS_REPORT_NO","HAZMAT_VIO_CAUSE_CRASH_I","MCS_VIO_CAUSE_CRASH_I","IDOT_PERMIT_NO","WIDE_LOAD_I","TRAILER1_WIDTH","TRAILER2_WIDTH","TRAILER1_LENGTH","TRAILER2_LENGTH","TOTAL_VEHICLE_LENGTH","AXLE_CNT","VEHICLE_CONFIG","CARGO_BODY_TYPE","LOAD_TYPE","HAZMAT_OUT_OF_SERVICE_I","MCS_OUT_OF_SERVICE_I","HAZMAT_CLASS"
"1016413","9c9f4eccc9a14e1e753044d5ab02ad3bd0752ba9a4d882dadad93d92c4048bc2e0f3605cfb859c5e77535df01c423e092f8fa7e306e57343a7c6e80e7d72d389","JD472786","12/29/2020 04:28:00 PM","1","DRIVER",NULL,"963309.0",NULL,"BMW","OTHER (EXPLAIN IN NARRATIVE)","IL","2018.0","UNKNOWN","SPORT UTILITY VEHICLE (SUV)","PERSONAL","S","TURNING LEFT","Y",NULL,"1.0",NULL,"bmw","bmw dealer",NULL,"Y","Y","N",NULL,NULL,NULL,NULL,NULL,"N","Y","Y","Y",NULL,"TOTAL (ALL AREAS)",NULL,NULL,NULL,NULL,NULL,NULL,NULL,NULL,NULL,NULL,NULL,NULL,NULL,NULL,NULL,NULL,NULL,NULL,NULL,NULL,NULL,NULL,NULL,NULL,NULL,NULL,NULL,NULL,NULL,NULL,NULL,NULL,NULL
"1016517","7127e77714f27da184a7bb7bcf536511217dfc43ca130025c43a5e7b6a3bc9e59025d70a2ae07a1675a9b3713bb7b1337f57dcb1966084307911fa9918a86ac9","JD472882","12/29/2020 04:40:00 PM","2","DRIVER",NULL,"963443.0",NULL,"NISSAN","VERSA","IL","2012.0","NONE","PASSENGER","PERSONAL","E","SLOW/STOP IN TRAFFIC",NULL,NULL,"1.0",NULL,NULL,NULL,NULL,NULL,NULL,NULL,NULL,"Y","Y","Y",NULL,NULL,NULL,NULL,NULL,NULL,"REAR-LEFT",NULL,NULL,NULL,NULL,NULL,NULL,NULL,NULL,NULL,NULL,NULL,NULL,NULL,NULL,NULL,NULL,NULL,NULL,NULL,NULL,NULL,NULL,NULL,NULL,NULL,NULL,NULL,NULL,NULL,NULL,NULL,NULL,NULL
"1017072","92785e0bb64743e087750d131a3b7ff1df40368862cc6379e90456741e32226032d438b539ba730fcfadf43f02d4d86d9b8ef0f049e18497e8862158588d7761","JD473695","12/29/2020 06:00:00 PM","2","PARKED",NULL,"963955.0",NULL,"FORD","FIESTA","IL","2011.0","UNKNOWN","PASSENGER","PERSONAL","E","PARKED",NULL,NULL,"0.0",NULL,NULL,NULL,NULL,NULL,NULL,NULL,NULL,NULL,NULL,"Y","Y","Y","Y","Y",NULL,NULL,"ROOF",NULL,NULL,NULL,NULL,NULL,NULL,NULL,NULL,NULL,NULL,NULL,NULL,NULL,NULL,NULL,NULL,NULL,NULL,NULL,NULL,NULL,NULL,NULL,NULL,NULL,NULL,NULL,NULL,NULL,NULL,NULL,NULL,NULL
"1017092","118de0c80f025602497fdfbca0ed4d274e87ce5008ed457a2cf74d92c513753041e33b8a0705bd09202ca9357de65374884b2883bf20ba79cf501f777fe1aac9","JD473724","12/30/2020 03:05:00 PM","1","DRIVER",NULL,"963979.0",NULL,"CHEVROLET","COLORADO","WI","2018.0","NONE","VAN/MINI-VAN","PERSONAL","UNKNOWN","STRAIGHT AHEAD",NULL,NULL,"1.0",NULL,NULL,NULL,NULL,NULL,NULL,NULL,NULL,NULL,NULL,NULL,NULL,NULL,NULL,NULL,NULL,"Y","OTHER",NULL,NULL,NULL,NULL,NULL,NULL,NULL,NULL,NULL,NULL,NULL,NULL,NULL,NULL,NULL,NULL,NULL,NULL,NULL,NULL,NULL,NULL,NULL,NULL,NULL,NULL,NULL,NULL,NULL,NULL,NULL,NULL,NULL
"1017476","0ba172d92e663e7c461c67e9fbfed9df185f9830c67e2a34a86c37dc9e83b6d7a58c43c5edd7f4abfd790362d131f27334c686549fa1ef1805a4228ac192c37a","JD474405","12/31/2020 10:45:00 AM","2","PARKED",NULL,"964358.0",NULL,"TOYOTA","HIGHLANDER","IL","2009.0","UNKNOWN","PASSENGER","PERSONAL","N","PARKED",NULL,NULL,"0.0",NULL,NULL,NULL,NULL,NULL,NULL,NULL,NULL,NULL,NULL,"Y","Y",NULL,NULL,"Y",NULL,NULL,"SIDE-LEFT",NULL,NULL,NULL,NULL,NULL,NULL,NULL,NULL,NULL,NULL,NULL,NULL,NULL,NULL,NULL,NULL,NULL,NULL,NULL,NULL,NULL,NULL,NULL,NULL,NULL,NULL,NULL,NULL,NULL,NULL,NULL,NULL,NULL
"1017489","7e2408a9ab35166036fce2fe4220e668118b4dacebddb50a2beb90ca8ebdfa9f7a2c0580bbe0c698ad69a8496c2d692a474f85367394f991e870b926c64a6714","JD474447","12/31/2020 11:52:00 AM","1","DRIVER","1.0","966071.0",NULL,"GENERAL MOTORS CORPORATION (GMC)","TERRAIN","IL","2020.0","UNKNOWN","PASSENGER","PERSONAL","S","TURNING RIGHT",NULL,NULL,"2.0",NULL,NULL,NULL,NULL,"Y",NULL,NULL,NULL,NULL,NULL,NULL,NULL,NULL,NULL,"Y","Y",NULL,"OTHER",NULL,NULL,NULL,NULL,NULL,NULL,NULL,NULL,NULL,NULL,NULL,NULL,NULL,NULL,NULL,NULL,NULL,NULL,NULL,NULL,NULL,NULL,NULL,NULL,NULL,NULL,NULL,NULL,NULL,NULL,NULL,NULL,NULL
"1017705","48bd7691ee04c36ddedafd3e368cdeee738e3da196bef745d447263b16fed8a98ced21301959f6dd43e41994a14ca2de7e8c2cfef3b62ee748a8d12b430d4de8","JD474805","12/31/2020 06:08:00 PM","1","DRIVER",NULL,"964561.0",NULL,"CHEVROLET","OTHER (EXPLAIN IN NARRATIVE)","IL","2012.0","UNKNOWN","PASSENGER","PERSONAL","E","STRAIGHT AHEAD",NULL,NULL,"1.0",NULL,NULL,NULL,NULL,NULL,NULL,NULL,NULL,NULL,NULL,NULL,NULL,NULL,"Y","Y","Y",NULL,"TOTAL (ALL AREAS)",NULL,NULL,NULL,NULL,NULL,NULL,NULL,NULL,NULL,NULL,NULL,NULL,NULL,NULL,NULL,NULL,NULL,NULL,NULL,NULL,NULL,NULL,NULL,NULL,NULL,NULL,NULL,NULL,NULL,NULL,NULL,NULL,NULL
"1017868","ff4e779298d5e6a7315065cf578ad5c8cd8edb6894684791e0dbb3421bef38033b2b88ac5f3aedb8ac9d40949c6bd063302c04cca65acd77effc922d702348ee","JD475018","12/31/2020 10:42:00 PM","3","PARKED",NULL,"964730.0",NULL,"NISSAN","MURANO","IL","2010.0","NONE","SPORT UTILITY VEHICLE (SUV)","PERSONAL","W","PARKED",NULL,NULL,"0.0",NULL,NULL,NULL,NULL,"Y",NULL,NULL,NULL,"Y","Y","Y",NULL,NULL,NULL,"Y","Y",NULL,"REAR-LEFT",NULL,NULL,NULL,NULL,NULL,NULL,NULL,NULL,NULL,NULL,NULL,NULL,NULL,NULL,NULL,NULL,NULL,NULL,NULL,NULL,NULL,NULL,NULL,NULL,NULL,NULL,NULL,NULL,NULL,NULL,NULL,NULL,NULL
"1018091","43899340006513e1f4d5eb6ee1852421a02a6eb2f6042f20cd110ae96e4685e76e883c0ff75d2740a3341316f08a5fb14d37473834611a9e16626a59130d96db","JE100395","01/01/2021 03:00:00 AM","2","PARKED","1.0","964940.0",NULL,"FORD","ESCAPE","IL","2013.0","UNKNOWN","PASSENGER","UNKNOWN/NA","UNKNOWN","PARKED","Y",NULL,"1.0",NULL,"INSURANCE","UNKNOWN",NULL,NULL,NULL,NULL,NULL,NULL,NULL,NULL,NULL,NULL,NULL,"Y",NULL,NULL,"OTHER",NULL,NULL,NULL,NULL,NULL,NULL,NULL,NULL,NULL,NULL,NULL,NULL,NULL,NULL,NULL,NULL,NULL,NULL,NULL,NULL,NULL,NULL,NULL,NULL,NULL,NULL,NULL,NULL,NULL,NULL,NULL,NULL,NULL
"1018136","e7df275d3cf05539c49fe57ab4d3e4693d7d945e23d6a8007ce6d2b60301403f8b22797c6540a867debd5138c0a3096200c77e7741a30f2356bad0b66be9343e","JE100456","01/01/2021 11:45:00 AM","2","PARKED",NULL,"964982.0",NULL,"HYUNDAI","ELANTRA","IL","2016.0","NONE","PASSENGER","PERSONAL","N","PARKED",NULL,NULL,"0.0",NULL,NULL,NULL,NULL,NULL,NULL,NULL,NULL,NULL,NULL,NULL,NULL,NULL,NULL,NULL,"Y",NULL,"OTHER",NULL,NULL,NULL,NULL,NULL,NULL,NULL,NULL,NULL,NULL,NULL,NULL,NULL,NULL,NULL,NULL,NULL,NULL,NULL,NULL,NULL,NULL,NULL,NULL,NULL,NULL,NULL,NULL,NULL,NULL,NULL,NULL,NULL
"1018199","851786da157f72b88904bf2a754dadf46c766e110c0dd978c9ffa7391711b46d4d64b0c665843bb59359d045ee90c2901900e301bce5987dd06a9c43ac4a4c86","JE100607","12/30/2020 12:30:00 PM","1","DRIVER",NULL,"965047.0",NULL,"TOYOTA","RAV4","IL","2018.0","NONE","PASSENGER","PERSONAL","N","STRAIGHT AHEAD",NULL,NULL,"1.0",NULL,NULL,NULL,NULL,NULL,"N","N",NULL,NULL,NULL,NULL,NULL,"Y",NULL,NULL,NULL,NULL,"ROOF",NULL,NULL,NULL,NULL,NULL,NULL,NULL,NULL,NULL,NULL,NULL,NULL,NULL,NULL,NULL,NULL,NULL,NULL,NULL,NULL,NULL,NULL,NULL,NULL,NULL,NULL,NULL,NULL,NULL,NULL,NULL,NULL,NULL
"1018581","2c64ea32ce9faffebc2cef35bf015abd99a32c7d00e862d1c02e58f247f676387c6f03768947d6d7fc102c2cfb445ef8b9dcbac75091bc1fd283bb05b2f63b15","JE101236","01/02/2021 12:13:00 PM","2","DRIVER",NULL,"965419.0",NULL,"NISSAN","ROGUE","IL","2019.0","UNKNOWN","SPORT UTILITY VEHICLE (SUV)","PERSONAL","N","TURNING RIGHT","Y",NULL,"1.0",NULL,"OWNER",NULL,NULL,"Y",NULL,NULL,NULL,NULL,NULL,NULL,NULL,NULL,NULL,"Y","Y",NULL,"OTHER",NULL,NULL,NULL,NULL,NULL,NULL,NULL,NULL,NULL,NULL,NULL,NULL,NULL,NULL,NULL,NULL,NULL,NULL,NULL,NULL,NULL,NULL,NULL,NULL,NULL,NULL,NULL,NULL,NULL,NULL,NULL,NULL,NULL
"1018585","706ce1bcf9e453c233588d1db8f858137be609aa272387b4fa5962ec6847db399e968cc2e10ccd63a99064c8e4e996846733249ef04a5964ad3e25b866dad746","JE101242","01/02/2021 12:45:00 PM","2","DRIVER",NULL,"965420.0",NULL,"HONDA","ACCORD","IL","2014.0","NONE","PASSENGER","PERSONAL","SE","SLOW/STOP IN TRAFFIC",NULL,NULL,"1.0",NULL,NULL,NULL,NULL,NULL,NULL,NULL,NULL,NULL,NULL,NULL,"Y","Y","Y","Y",NULL,NULL,"TOTAL (ALL AREAS)",NULL,NULL,NULL,NULL,NULL,NULL,NULL,NULL,NULL,NULL,NULL,NULL,NULL,NULL,NULL,NULL,NULL,NULL,NULL,NULL,NULL,NULL,NULL,NULL,NULL,NULL,NULL,NULL,NULL,NULL,NULL,NULL,NULL
"1018699","4276f479165966befd07856094c2f61b6085db9715ecbf53ca72ae0582952c8e66955d116fe3a1a129aec27c5696fab39d6d7809e76365c683480a59599e6ce4","JE101416","01/02/2021 03:35:00 PM","1","DRIVER",NULL,"965516.0",NULL,"CHEVROLET","CRUZE","IL","2014.0","NONE","PASSENGER","PERSONAL","S","STRAIGHT AHEAD",NULL,NULL,"1.0",NULL,NULL,NULL,NULL,NULL,NULL,NULL,NULL,NULL,NULL,NULL,NULL,NULL,NULL,NULL,"Y",NULL,"OTHER",NULL,NULL,NULL,NULL,NULL,NULL,NULL,NULL,NULL,NULL,NULL,NULL,NULL,NULL,NULL,NULL,NULL,NULL,NULL,NULL,NULL,NULL,NULL,NULL,NULL,NULL,NULL,NULL,NULL,NULL,NULL,NULL,NULL
"1019636","242ae9cd136adb2864d0f37b41a20ba8dd44fbfae9c66aa331d0f8efb9467c2d9cacc24c8059de54aced08046afd32c11ee70a3d86fc98dc24e1c69c80cbe0a1","JE103323","01/04/2021 02:40:00 PM","2","DRIVER",NULL,"966416.0",NULL,"CHEVROLET","EQUINOX","IL","2014.0","NONE","PASSENGER","PERSONAL","E","STRAIGHT AHEAD",NULL,NULL,"1.0",NULL,NULL,NULL,NULL,"Y","Y",NULL,NULL,NULL,NULL,NULL,NULL,NULL,NULL,NULL,"Y",NULL,"FRONT",NULL,NULL,NULL,NULL,NULL,NULL,NULL,NULL,NULL,NULL,NULL,NULL,NULL,NULL,NULL,NULL,NULL,NULL,NULL,NULL,NULL,NULL,NULL,NULL,NULL,NULL,NULL,NULL,NULL,NULL,NULL,NULL,NULL
"1019880","93f8edbcc59cbde40d5a2d4951f925df71b2e66609d69c1bb905d525981144a7ad1381db8b5a09607190fbfa9f582a7b65a1e5a0940f4d56995a4bbcf8a20ebf","JE103812","01/05/2021 10:30:00 AM","2","DRIVER",NULL,"966665.0",NULL,"JEEP","RENEGADE","IL","2019.0","NONE","PASSENGER","PERSONAL","E","STRAIGHT AHEAD","Y",NULL,"1.0",NULL,"PRIVATE TOW",NULL,NULL,"Y","Y",NULL,NULL,NULL,NULL,NULL,NULL,NULL,NULL,NULL,NULL,NULL,"FRONT",NULL,NULL,NULL,NULL,NULL,NULL,NULL,NULL,NULL,NULL,NULL,NULL,NULL,NULL,NULL,NULL,NULL,NULL,NULL,NULL,NULL,NULL,NULL,NULL,NULL,NULL,NULL,NULL,NULL,NULL,NULL,NULL,NULL
"1019915","36a226c5baae22837411a4d4812f92e1947f4757872ff6e469e2723339d0f12e15a2986540a25e9c45ec1b9976707479de41b881ef3e25334ed7829ec1109124","JE103837","01/05/2021 12:05:00 AM","2","PARKED",NULL,"966682.0",NULL,"NISSAN","ALTIMA","IL","2013.0","NONE","PASSENGER","PERSONAL","UNKNOWN","PARKED",NULL,NULL,"0.0",NULL,NULL,NULL,NULL,NULL,NULL,NULL,NULL,"Y","Y","Y",NULL,NULL,NULL,NULL,NULL,NULL,"REAR-LEFT",NULL,NULL,NULL,NULL,NULL,NULL,NULL,NULL,NULL,NULL,NULL,NULL,NULL,NULL,NULL,NULL,NULL,NULL,NULL,NULL,NULL,NULL,NULL,NULL,NULL,NULL,NULL,NULL,NULL,NULL,NULL,NULL,NULL
"1020267","550e41e7d32fa3c19f5b54f22130a5cb6f392deea71ceb3e140a46aa9e63ed9a55b4d18fc14fb69521d52622819ed63deeda319029d75bc87eda55aba012ff69","JE104424","01/05/2021 07:30:00 PM","2","DRIVER","1.0","967018.0",NULL,"MAZDA","CX-9","IL","2008.0","NONE","PASSENGER","RIDESHARE SERVICE","W","STRAIGHT AHEAD",NULL,NULL,"2.0",NULL,NULL,NULL,NULL,NULL,NULL,"Y","Y",NULL,NULL,NULL,NULL,NULL,NULL,NULL,NULL,NULL,"SIDE-RIGHT",NULL,NULL,NULL,NULL,NULL,NULL,NULL,NULL,NULL,NULL,NULL,NULL,NULL,NULL,NULL,NULL,NULL,NULL,NULL,NULL,NULL,NULL,NULL,NULL,NULL,NULL,NULL,NULL,NULL,NULL,NULL,NULL,NULL
"1020308","d02dd73ec465e3213570ec5d76aa6a11490b45a6368bfc94b28679dc75f29393d5e0417cf6ab5fd7b8cd442c28a097f45cc1a136d8d4477980e4c9832e1adb75","JE104562","01/05/2021 10:30:00 PM","1","DRIVER",NULL,"967060.0",NULL,"HYUNDAI","ELANTRA","IL","2020.0","NONE","PASSENGER","PERSONAL","E","STRAIGHT AHEAD",NULL,NULL,"1.0",NULL,NULL,NULL,NULL,NULL,NULL,NULL,NULL,NULL,NULL,NULL,NULL,NULL,"Y",NULL,NULL,NULL,"ROOF",NULL,NULL,NULL,NULL,NULL,NULL,NULL,NULL,NULL,NULL,NULL,NULL,NULL,NULL,NULL,NULL,NULL,NULL,NULL,NULL,NULL,NULL,NULL,NULL,NULL,NULL,NULL,NULL,NULL,NULL,NULL,NULL,NULL
"1020333","76a147cbf563c734fab6351974c87b99b07df7ca70dc73d70f6c7acc9704eeb6af04e184d564ebd6465128fc25c7e6bb46a1db6a33eb948fa27eb647b66f82b1","JE104611","01/06/2021 12:25:00 AM","1","DRIVER",NULL,"967084.0",NULL,"NISSAN","ALTIMA","IL","2008.0","NONE","PASSENGER","PERSONAL","E","STRAIGHT AHEAD","Y",NULL,"1.0",NULL,"AIDEN'S TOWING & RECOVERY","7754 w BELMONT AVE 60634",NULL,"Y","Y",NULL,NULL,NULL,NULL,NULL,NULL,NULL,NULL,NULL,NULL,NULL,"FRONT",NULL,NULL,NULL,NULL,NULL,NULL,NULL,NULL,NULL,NULL,NULL,NULL,NULL,NULL,NULL,NULL,NULL,NULL,NULL,NULL,NULL,NULL,NULL,NULL,NULL,NULL,NULL,NULL,NULL,NULL,NULL,NULL,NULL
"1020512","6076b89ae45562c755d9ba2dd474b5f138c8106f1026872a813448b6dee2ea8afc3f9f8bbb7503bac523aac1103a1c04496014552c8d4106dff95323e28c3ad1","JE104996","01/06/2021 01:00:00 PM","2","DRIVER","1.0","967252.0",NULL,"CHEVROLET","EQUINOX","IL","2017.0","NONE","SPORT UTILITY VEHICLE (SUV)","PERSONAL","E","STRAIGHT AHEAD",NULL,NULL,"2.0",NULL,NULL,NULL,NULL,NULL,NULL,NULL,NULL,NULL,"Y",NULL,NULL,NULL,NULL,NULL,"Y",NULL,"REAR-LEFT",NULL,NULL,NULL,NULL,NULL,NULL,NULL,NULL,NULL,NULL,NULL,NULL,NULL,NULL,NULL,NULL,NULL,NULL,NULL,NULL,NULL,NULL,NULL,NULL,NULL,NULL,NULL,NULL,NULL,NULL,NULL,NULL,NULL
"1020584","b0bcedc2648e454b21f957f4affbd6d0127bcad63f20141490639f38adbab316d51128a726fb37362705c5a127542c54c1b869ed0128741d8844953c18d6228c","JE105162","01/06/2021 03:10:00 PM","2","DRIVER",NULL,"967328.0",NULL,"ACURA","RLX","IL","2021.0","NONE","SPORT UTILITY VEHICLE (SUV)","PERSONAL","N","STRAIGHT AHEAD",NULL,NULL,"1.0",NULL,NULL,NULL,NULL,NULL,NULL,"Y","Y",NULL,NULL,NULL,NULL,NULL,NULL,NULL,NULL,NULL,"SIDE-RIGHT",NULL,NULL,NULL,NULL,NULL,NULL,NULL,NULL,NULL,NULL,NULL,NULL,NULL,NULL,NULL,NULL,NULL,NULL,NULL,NULL,NULL,NULL,NULL,NULL,NULL,NULL,NULL,NULL,NULL,NULL,NULL,NULL,NULL
"1020659","422c0bd2271c19f0cc2c1d66d9062dc8929b295e7401358c932b9107f7652e9b1ec547ebe8440c9281319ed9a7bafed89400d90346d9380282a169cc4fba8d03","JE105294","01/06/2021 05:04:00 PM","1","DRIVER",NULL,"967390.0",NULL,"CHEVROLET","MALIBU",NULL,"2014.0","UNKNOWN","PASSENGER","PERSONAL","S","MERGING",NULL,NULL,"1.0",NULL,NULL,NULL,NULL,NULL,NULL,NULL,NULL,NULL,NULL,NULL,NULL,"Y","Y","Y",NULL,NULL,"TOTAL (ALL AREAS)",NULL,NULL,NULL,NULL,NULL,NULL,NULL,NULL,NULL,NULL,NULL,NULL,NULL,NULL,NULL,NULL,NULL,NULL,NULL,NULL,NULL,NULL,NULL,NULL,NULL,NULL,NULL,NULL,NULL,NULL,NULL,NULL,NULL
"1020662","8b36cdef3b6457f03d789aab0fd5d72218ebd4103e14db8cb1903b5ee27a0e99290d851d2a4ba0227b60e8e5161188a8ccbb86045fc24000d85282989e915702","JE105296","01/06/2021 04:15:00 PM","2","DRIVER",NULL,"967400.0",NULL,"NISSAN","MURANO","IL","2016.0","NONE","SPORT UTILITY VEHICLE (SUV)","PERSONAL","N","STRAIGHT AHEAD",NULL,NULL,"1.0",NULL,NULL,NULL,NULL,NULL,NULL,NULL,NULL,NULL,NULL,NULL,NULL,NULL,"Y","Y",NULL,NULL,"UNDER CARRIAGE",NULL,NULL,NULL,NULL,NULL,NULL,NULL,NULL,NULL,NULL,NULL,NULL,NULL,NULL,NULL,NULL,NULL,NULL,NULL,NULL,NULL,NULL,NULL,NULL,NULL,NULL,NULL,NULL,NULL,NULL,NULL,NULL,NULL
"1020718","968f68c517ed2966fb56ef49eab8d250b07bd83863789534178b894f1ab99c526a48e4b6e024aab0c694746403718514d200e457fda884a4304322e53a01ff67","JE105377","01/06/2021 05:45:00 PM","2","DRIVER",NULL,"967465.0",NULL,"MERCEDES-BENZ","E300","IL","2010.0","UNKNOWN","PASSENGER","UNKNOWN/NA","SW","BACKING",NULL,NULL,"1.0",NULL,NULL,NULL,NULL,NULL,NULL,NULL,NULL,NULL,NULL,NULL,"Y","Y",NULL,NULL,NULL,NULL,"ROOF",NULL,NULL,NULL,NULL,NULL,NULL,NULL,NULL,NULL,NULL,NULL,NULL,NULL,NULL,NULL,NULL,NULL,NULL,NULL,NULL,NULL,NULL,NULL,NULL,NULL,NULL,NULL,NULL,NULL,NULL,NULL,NULL,NULL
"1020858","8ca0d3f14047ead0e938fcb54c3533eaf733565a99c60874fb3ae60dac65f4ed7a046a204680b0147b2d55a26dc038416bdbb4577af46e755fe67070528006ac","JE105547","01/06/2021 11:55:00 PM","3","PARKED",NULL,"967594.0",NULL,"NISSAN","SENTRA","IL","2017.0","NONE","PASSENGER","NOT IN USE","W","PARKED",NULL,NULL,"0.0",NULL,NULL,NULL,NULL,"Y","Y",NULL,NULL,NULL,NULL,NULL,NULL,NULL,NULL,"Y","Y",NULL,"OTHER",NULL,NULL,NULL,NULL,NULL,NULL,NULL,NULL,NULL,NULL,NULL,NULL,NULL,NULL,NULL,NULL,NULL,NULL,NULL,NULL,NULL,NULL,NULL,NULL,NULL,NULL,NULL,NULL,NULL,NULL,NULL,NULL,NULL
"1021262","72ac10ff3a38ffe641187f0dae1f624a6fa94433e4a55d2c72fc3cdee96c286aada6bdd08b1f1870545e6b360fd9e5343efbeb7f0cda01d1a6d77512b613c303","JE106427","01/07/2021 10:15:00 PM","2","DRIVER","1.0","967987.0",NULL,"FORD","EXPLORER","IL","2014.0","NONE","PASSENGER","PERSONAL","S","STRAIGHT AHEAD",NULL,NULL,"2.0",NULL,NULL,NULL,NULL,NULL,"Y","Y","Y",NULL,NULL,NULL,NULL,NULL,"N",NULL,NULL,NULL,"SIDE-RIGHT",NULL,NULL,NULL,NULL,NULL,NULL,NULL,NULL,NULL,NULL,NULL,NULL,NULL,NULL,NULL,NULL,NULL,NULL,NULL,NULL,NULL,NULL,NULL,NULL,NULL,NULL,NULL,NULL,NULL,NULL,NULL,NULL,NULL
"1021649","91a2e66b7594a5682c4f97e49543de5fa9601d3c58d0a22f5ae64159e5ec6b4c4827eb499ea5421b0c5620914e53dec654fd6a4b5ce81fcc14929744bfa2a816","JE107246","01/06/2021 05:45:00 PM","2","PARKED",NULL,"968323.0",NULL,"CHEVROLET","IMPALA","IL","2015.0","UNKNOWN","PASSENGER","NOT IN USE","E","PARKED",NULL,NULL,"0.0",NULL,NULL,NULL,NULL,NULL,NULL,NULL,NULL,NULL,NULL,NULL,NULL,"Y","Y","Y",NULL,NULL,"ROOF",NULL,NULL,NULL,NULL,NULL,NULL,NULL,NULL,NULL,NULL,NULL,NULL,NULL,NULL,NULL,NULL,NULL,NULL,NULL,NULL,NULL,NULL,NULL,NULL,NULL,NULL,NULL,NULL,NULL,NULL,NULL,NULL,NULL
"1021831","48aebb3c284b2d5921730fe4aac1ca4653fa1972763766a52db63c606564098c7ee12d9e07788d4b901e0d9dc6865b23d8598defcbe5b3b9fb2c7c45816f18f4","JE107305","01/08/2021 04:30:00 PM","1","DRIVER",NULL,"968511.0",NULL,"CHEVROLET","IMPALA","IL","2018.0","UNKNOWN","PICKUP","PERSONAL","E","STRAIGHT AHEAD",NULL,NULL,"1.0",NULL,NULL,NULL,NULL,NULL,NULL,NULL,NULL,NULL,NULL,NULL,NULL,NULL,NULL,NULL,NULL,NULL,"OTHER",NULL,NULL,NULL,NULL,NULL,NULL,NULL,NULL,NULL,NULL,NULL,NULL,NULL,NULL,NULL,NULL,NULL,NULL,NULL,NULL,NULL,NULL,NULL,NULL,NULL,NULL,NULL,NULL,NULL,NULL,NULL,NULL,NULL
"1022055","d225a0f771bc4cd47bd9e24aef9aebb997ceb203b0ba0e0f494265c115d8493f93db89cfbe58146855d9e17ff3500cb382e5b464c0fb4e746313af7539e9175c","JE107991","01/09/2021 02:50:00 PM","2","DRIVER",NULL,"968726.0",NULL,"HONDA","CR-V","IL","2015.0","NONE","PASSENGER","PERSONAL","W","STRAIGHT AHEAD",NULL,NULL,"1.0",NULL,NULL,NULL,NULL,"Y","Y",NULL,NULL,NULL,NULL,NULL,NULL,NULL,NULL,NULL,NULL,NULL,"FRONT",NULL,NULL,NULL,NULL,NULL,NULL,NULL,NULL,NULL,NULL,NULL,NULL,NULL,NULL,NULL,NULL,NULL,NULL,NULL,NULL,NULL,NULL,NULL,NULL,NULL,NULL,NULL,NULL,NULL,NULL,NULL,NULL,NULL
"1022062","e739b0f938887e146af8e53633a86d83fb56943ff17fb2ab99ed89ff3e44b2b513692bd1675e5b82c067b59207324963a35d6c7f72e7c529ba977d0c171023d8","JE108008","01/09/2021 02:40:00 PM","1","DRIVER",NULL,"968730.0",NULL,"NISSAN","ALTIMA","IL","2010.0","NONE","PASSENGER","PERSONAL","W","ENTERING TRAFFIC LANE FROM PARKING",NULL,NULL,"1.0",NULL,NULL,NULL,NULL,NULL,NULL,NULL,NULL,NULL,NULL,NULL,NULL,NULL,NULL,NULL,"Y",NULL,"OTHER",NULL,NULL,NULL,NULL,NULL,NULL,NULL,NULL,NULL,NULL,NULL,NULL,NULL,NULL,NULL,NULL,NULL,NULL,NULL,NULL,NULL,NULL,NULL,NULL,NULL,NULL,NULL,NULL,NULL,NULL,NULL,NULL,NULL
"1022166","e5c648d407859e67b9bd8c31092986b0a5fa924f124685a922c6d0cd84ba7cae76c19c77a922e0863ff3d48c31a4d47ad08c43e31c7383895eb3b5811adf6018","JE108104","01/09/2021 03:35:00 PM","1","DRIVER","1.0","968832.0",NULL,"GENERAL MOTORS CORPORATION (GMC)","TERRAIN","IL","2012.0","NONE","PASSENGER","PERSONAL","E","STRAIGHT AHEAD",NULL,NULL,"2.0",NULL,NULL,NULL,NULL,NULL,NULL,NULL,NULL,NULL,NULL,NULL,NULL,NULL,NULL,NULL,"Y",NULL,"OTHER",NULL,NULL,NULL,NULL,NULL,NULL,NULL,NULL,NULL,NULL,NULL,NULL,NULL,NULL,NULL,NULL,NULL,NULL,NULL,NULL,NULL,NULL,NULL,NULL,NULL,NULL,NULL,NULL,NULL,NULL,NULL,NULL,NULL