"CRASH_UNIT_ID","CRASH_RECORD_ID","RD_NO","CRASH_DATE","UNIT_NO","UNIT_TYPE","NUM_PASSENGERS","VEHICLE_ID","CMRC_VEH_I","MAKE","MODEL","LIC_PLATE_STATE","VEHICLE_YEAR","VEHICLE_DEFECT","VEHICLE_TYPE","VEHICLE_USE","TRAVEL_DIRECTION","MANEUVER","TOWED_I","FIRE_I","OCCUPANT_CNT","EXCEED_SPEED_LIMIT_I","TOWED_BY","TOWED_TO","AREA_00_I","AREA_01_I","AREA_02_I","AREA_03_I","AREA_04_I","AREA_05_I","AREA_06_I","AREA_07_I","AREA_08_I","AREA_09_I","AREA_10_I","AREA_11_I","AREA_12_I","AREA_99_I","FIRST_CONTACT_POINT","CMV_ID","USDOT_NO","CCMC_NO","ILCC_NO","COMMERCIAL_SRC","GVWR","CARRIER_NAME","CARRIER_STATE","CARRIER_CITY","HAZMAT_PLACARDS_I","HAZMAT_NAME","UN_NO","HAZMAT_PRESENT_I","HAZMAT_REPORT_I","HAZMAT_REPORT_NO","MCS_REPORT_I","MCS_REPORT_NO","HAZMAT_VIO_CAUSE_CRASH_I","MCS_VIO_CAUSE_CRASH_I","IDOT_PERMIT_NO","WIDE_LOAD_I","TRAILER1_WIDTH","TRAILER2_WIDTH","TRAILER1_LENGTH","TRAILER2_LENGTH","TOTAL_VEHICLE_LENGTH","AXLE_CNT","VEHICLE_CONFIG","CARGO_BODY_TYPE","LOAD_TYPE","HAZMAT_OUT_OF_SERVICE_I","MCS_OUT_OF_SERVICE_I","HAZMAT_CLASS"
"1022181","369d0ee5e4bed5038a3ef4fefce0c480abc359c56bfb495052d8135c9c5161eff2cee6872680803c46437bf18f733fe584f3110671685951811b766e18773569","JE108189","01/09/2021 06:00:00 PM","2","DRIVER",NULL,"968842.0",NULL,"GENERAL MOTORS CORPORATION (GMC)","SAVANNAH","AZ","2019.0","NONE","VAN/MINI-VAN","OTHER","E","STRAIGHT AHEAD",NULL,NULL,"1.0",NULL,NULL,NULL,NULL,"Y",NULL,NULL,NULL,NULL,NULL,NULL,NULL,NULL,NULL,NULL,NULL,NULL,"FRONT",NULL,NULL,NULL,NULL,NULL,NULL,NULL,NULL,NULL,NULL,NULL,NULL,NULL,NULL,NULL,NULL,NULL,NULL,NULL,NULL,NULL,NULL,NULL,NULL,NULL,NULL,NULL,NULL,NULL,NULL,NULL,NULL,NULL
"1022340","20fc1549ffea2ccb77642cea80c9c6454f4abe61aad9e222382d3adb03565a53c5f96c09d969b51b337774a6e15fd61a7e993acfb502cbfdee78b5b359947df2","JE108536","01/10/2021 03:30:00 AM","2","DRIVER",NULL,"968996.0",NULL,"TOYOTA","RAV4","IL","2015.0","UNKNOWN","PASSENGER","UNKNOWN/NA","N","STRAIGHT AHEAD",NULL,NULL,"1.0",NULL,NULL,NULL,NULL,NULL,NULL,NULL,NULL,NULL,NULL,"Y",NULL,NULL,NULL,NULL,NULL,"N","REAR-LEFT",NULL,NULL,NULL,NULL,NULL,NULL,NULL,NULL,NULL,NULL,NULL,NULL,NULL,NULL,NULL,NULL,NULL,NULL,NULL,NULL,NULL,NULL,NULL,NULL,NULL,NULL,NULL,NULL,NULL,NULL,NULL,NULL,NULL
"1022747","54a7aa264bce2cc1dd4db71d4cd756841f310c9b9a4537c74c0e540fa7c99e679459c40ffa2110cecbed25830c711db331dc54c896239a10f915a7a6831453c0","JE109530","01/11/2021 11:00:00 AM","1","DRIVER",NULL,"969389.0",NULL,"HYUNDAI","SONATA","IL","2017.0","NONE","PASSENGER","PERSONAL","W","STRAIGHT AHEAD","Y",NULL,"1.0",NULL,"PRIVATE TOW",NULL,NULL,"Y",NULL,NULL,NULL,NULL,NULL,NULL,NULL,NULL,NULL,NULL,"Y",NULL,"FRONT",NULL,NULL,NULL,NULL,NULL,NULL,NULL,NULL,NULL,NULL,NULL,NULL,NULL,NULL,NULL,NULL,NULL,NULL,NULL,NULL,NULL,NULL,NULL,NULL,NULL,NULL,NULL,NULL,NULL,NULL,NULL,NULL,NULL
"1022883","8d53b18b57d91c5d0bfab71591f33d1af8dccd9d463a57fe384f80afb8199797d5e7d7f4b43807b7b88cbc0eb151923316d534870e65c0e1c6e7c9800cc5aed8","JE109833","01/11/2021 01:00:00 PM","1","DRIVER",NULL,"969556.0",NULL,"CHEVROLET","IMPALA","IL","2008.0","NONE","PASSENGER","PERSONAL","N","BACKING",NULL,NULL,"1.0",NULL,NULL,NULL,NULL,"Y","Y","Y",NULL,NULL,NULL,NULL,NULL,NULL,NULL,NULL,NULL,NULL,"FRONT",NULL,NULL,NULL,NULL,NULL,NULL,NULL,NULL,NULL,NULL,NULL,NULL,NULL,NULL,NULL,NULL,NULL,NULL,NULL,NULL,NULL,NULL,NULL,NULL,NULL,NULL,NULL,NULL,NULL,NULL,NULL,NULL,NULL
"1023014","791a3bd4d88de34b915cb52983903edd47294b48e692a7a8b7a31194b05e8760c67dae0ca6c5eb30409c249480d432391c200f83b29aefdce3453b2f090eaf77","JE106518","01/08/2021 01:35:00 AM","2","DRIVER",NULL,"969653.0",NULL,"NISSAN","ALTIMA","IL","2015.0","NONE","PASSENGER","PERSONAL","S","STRAIGHT AHEAD",NULL,NULL,"1.0",NULL,NULL,NULL,NULL,NULL,NULL,NULL,NULL,NULL,NULL,NULL,"Y","Y","Y",NULL,NULL,NULL,"ROOF",NULL,NULL,NULL,NULL,NULL,NULL,NULL,NULL,NULL,NULL,NULL,NULL,NULL,NULL,NULL,NULL,NULL,NULL,NULL,NULL,NULL,NULL,NULL,NULL,NULL,NULL,NULL,NULL,NULL,NULL,NULL,NULL,NULL
"1023074","8c1fded3530912aa52be9da1483afebbed1bae770dfb1156a9ddd944f5c5f10a880968ff5b8eda7e1d0585041103388c1dca28de580420d968fc48199eca2bbb","JE110194","01/11/2021 09:43:00 PM","1","DRIVER","3.0","969664.0","Y","KENWORTH MOTOR TRUCK COMPANY","KENWORTH MOTOR TRUCK CO.","GA","2016.0","NONE","TRACTOR W/ SEMI-TRAILER","COMMERCIAL - MULTI-UNIT","W","STRAIGHT AHEAD",NULL,NULL,"4.0",NULL,NULL,NULL,NULL,NULL,NULL,NULL,NULL,NULL,NULL,NULL,NULL,NULL,NULL,"Y","Y",NULL,"TOTAL (ALL AREAS)","11372.0","2440122",NULL,NULL,"SIDE OF TRUCK","3.0","MILKYWAY TRANSPORTATION LLC","GA","SNELLVILLE",NULL,NULL,NULL,"N","N",NULL,"N",NULL,"N","N","2440122",NULL,"97-102",NULL,"53.0",NULL,NULL,"5.0","TRACTOR/SEMI-TRAILER","VAN/ENCLOSED BOX","UNKNOWN","N","N","MISCELLANEOUS"
"1023181","70d24ee9d9d1266d9b45f2551084bab71b577c95975f41e05bf725d498b269cf11c590bab8b9b5bec314b99da17cdb6b0fcfe19e8ef1ba9abaa98f2534c7cda5","JE110442","01/11/2021 12:30:00 PM","2","DRIVER",NULL,"969769.0",NULL,"TOYOTA","TUNDRA","IL","2013.0","NONE","PICKUP","CONSTRUCTION/MAINTENANCE","N","STRAIGHT AHEAD",NULL,NULL,"1.0",NULL,NULL,NULL,NULL,NULL,NULL,NULL,NULL,NULL,NULL,NULL,NULL,"Y","Y",NULL,NULL,NULL,"ROOF",NULL,NULL,NULL,NULL,NULL,NULL,NULL,NULL,NULL,NULL,NULL,NULL,NULL,NULL,NULL,NULL,NULL,NULL,NULL,NULL,NULL,NULL,NULL,NULL,NULL,NULL,NULL,NULL,NULL,NULL,NULL,NULL,NULL
"1023775","53bb9aec03533195848d8ae6ab15dfc883f720cebfd2505d7af9f32f9cd0c8739e4b1a402cd39b804ca8c2b17c5058b1c28cf89a6bfc50ab718ccf02f259a0e5","JE111376","01/13/2021 08:10:00 AM","1","DRIVER",NULL,"970308.0",NULL,"CHEVROLET","VEGA","IL","2013.0","NONE","PASSENGER","PERSONAL","S","STRAIGHT AHEAD",NULL,NULL,"1.0",NULL,NULL,NULL,NULL,NULL,NULL,NULL,NULL,NULL,NULL,NULL,NULL,NULL,NULL,NULL,NULL,NULL,"OTHER",NULL,NULL,NULL,NULL,NULL,NULL,NULL,NULL,NULL,NULL,NULL,NULL,NULL,NULL,NULL,NULL,NULL,NULL,NULL,NULL,NULL,NULL,NULL,NULL,NULL,NULL,NULL,NULL,NULL,NULL,NULL,NULL,NULL
"1024134","059a8f8fd92afb323cc1ea67e7744101313dc831676515d0c689baa54f0b9779e7102f9680791b4bd5d4e4c025f6f0b7eb184403cd1e4d6682214fdc80eae8d4","JE112109","01/13/2021 10:00:00 PM","1","DRIVER",NULL,"970634.0",NULL,"JEEP","PATRIOT","IL","2014.0","UNKNOWN","SPORT UTILITY VEHICLE (SUV)","UNKNOWN/NA","W","BACKING",NULL,NULL,"1.0",NULL,NULL,NULL,NULL,NULL,NULL,NULL,NULL,NULL,"Y",NULL,NULL,NULL,NULL,NULL,NULL,NULL,"REAR-LEFT",NULL,NULL,NULL,NULL,NULL,NULL,NULL,NULL,NULL,NULL,NULL,NULL,NULL,NULL,NULL,NULL,NULL,NULL,NULL,NULL,NULL,NULL,NULL,NULL,NULL,NULL,NULL,NULL,NULL,NULL,NULL,NULL,NULL
"1024238","d81dedda3adf0f2edd56b909f6a169b39129ce69d41da6474c84ccf543b56fde22e902f136a247f3eb0b21957b51984cdcfda54181babf8d5a400ed66d7ace5f","JE112316","01/14/2021 09:50:00 AM","1","DRIVER",NULL,"970738.0",NULL,"BANTAM CRANE","BANTAM CRANE","IL","2016.0","UNKNOWN","OTHER","OTHER","N","OTHER",NULL,NULL,"1.0",NULL,NULL,NULL,"Y",NULL,NULL,NULL,NULL,NULL,NULL,NULL,NULL,NULL,NULL,NULL,NULL,NULL,"REAR-RIGHT",NULL,NULL,NULL,NULL,NULL,NULL,NULL,NULL,NULL,NULL,NULL,NULL,NULL,NULL,NULL,NULL,NULL,NULL,NULL,NULL,NULL,NULL,NULL,NULL,NULL,NULL,NULL,NULL,NULL,NULL,NULL,NULL,NULL
"1024760","75844a3b651d1f2fe75b39bec850b2ad02b64043ad7a6a9d6d13676b1f25f1542789e694cd1be2e38626021075dd289e74162b6ff60de9841c7c3c1c6c4df4ca","JE113181","01/15/2021 06:35:00 AM","1","DRIVER",NULL,"971231.0",NULL,"DODGE","CALIBER","IL","2009.0","TIRES","PASSENGER","PERSONAL","S","SKIDDING/CONTROL LOSS","Y",NULL,"1.0",NULL,NULL,NULL,NULL,NULL,NULL,NULL,NULL,"Y",NULL,"Y","Y","Y","Y","Y","Y",NULL,"TOTAL (ALL AREAS)",NULL,NULL,NULL,NULL,NULL,NULL,NULL,NULL,NULL,NULL,NULL,NULL,NULL,NULL,NULL,NULL,NULL,NULL,NULL,NULL,NULL,NULL,NULL,NULL,NULL,NULL,NULL,NULL,NULL,NULL,NULL,NULL,NULL
"1025581","ff32c0784631ca15216b0c21332707eedb57476e1c964b3402a445432afb2c1ba88ca27f45deadfdbb39e5b39af75271183b9b2a8ae326c1678a0078faf58666","JE114606","01/16/2021 01:14:00 PM","2","PARKED","1.0","972015.0",NULL,"HONDA","CIVIC","IL","2011.0","NONE","PASSENGER","NOT IN USE","S","PARKED IN TRAFFIC LANE",NULL,NULL,"1.0",NULL,NULL,NULL,NULL,NULL,NULL,NULL,NULL,NULL,NULL,NULL,NULL,NULL,NULL,NULL,"Y",NULL,"OTHER",NULL,NULL,NULL,NULL,NULL,NULL,NULL,NULL,NULL,NULL,NULL,NULL,NULL,NULL,NULL,NULL,NULL,NULL,NULL,NULL,NULL,NULL,NULL,NULL,NULL,NULL,NULL,NULL,NULL,NULL,NULL,NULL,NULL
"1025758","f5bbbbba7e6f089a6a2330d7d87720b44169f920082cdce251457661f17f539fbfdc68c6799c6021b95ac2587046f02f349d941a8b6d3aaf4bcfef5e17c56e0a","JE114810","01/16/2021 06:10:00 PM","1","DRIVER",NULL,"972194.0",NULL,"FORD","FUSION","IL","2012.0","UNKNOWN","PASSENGER","PERSONAL","S","TURNING LEFT","Y",NULL,"1.0",NULL,"private",NULL,NULL,NULL,NULL,"Y","Y","Y",NULL,NULL,NULL,NULL,NULL,NULL,NULL,NULL,"REAR-RIGHT",NULL,NULL,NULL,NULL,NULL,NULL,NULL,NULL,NULL,NULL,NULL,NULL,NULL,NULL,NULL,NULL,NULL,NULL,NULL,NULL,NULL,NULL,NULL,NULL,NULL,NULL,NULL,NULL,NULL,NULL,NULL,NULL,NULL
"1025817","130bd7e56274c824bab5d63c702328c937f484f279e8cf6e72c1c4cafb8b64a70b1d70fd3361a5ecc42b561195c0d4afcd83b47f1f9d3ba569392d8ad9f413c5","JE114873","01/16/2021 07:02:00 PM","2","DRIVER",NULL,"972253.0",NULL,"MAZDA","CX-3","IL","2015.0","UNKNOWN","PASSENGER","RIDESHARE SERVICE","W","STRAIGHT AHEAD",NULL,NULL,"1.0",NULL,NULL,NULL,NULL,NULL,NULL,NULL,NULL,NULL,"Y",NULL,NULL,NULL,NULL,NULL,NULL,NULL,"REAR-LEFT",NULL,NULL,NULL,NULL,NULL,NULL,NULL,NULL,NULL,NULL,NULL,NULL,NULL,NULL,NULL,NULL,NULL,NULL,NULL,NULL,NULL,NULL,NULL,NULL,NULL,NULL,NULL,NULL,NULL,NULL,NULL,NULL,NULL
"1025977","2922ee82390e2ad06e65b8ba8dffbf4604deeaaef2e330eab075df010a2dfc02c31750985b5a58770c3cf776145c2982fd081536729f2f8c938ae56f1442fbd8","JE114450","01/16/2021 11:40:00 AM","1","DRIVER",NULL,"972402.0",NULL,"FREIGHTLINER CORPORATION","FREIGHTLINER CORP.","IL","2011.0","NONE","OTHER","OTHER","W","STRAIGHT AHEAD",NULL,NULL,"1.0",NULL,NULL,NULL,"Y",NULL,NULL,NULL,NULL,NULL,NULL,NULL,NULL,NULL,NULL,NULL,NULL,NULL,"ROOF",NULL,NULL,NULL,NULL,NULL,NULL,NULL,NULL,NULL,NULL,NULL,NULL,NULL,NULL,NULL,NULL,NULL,NULL,NULL,NULL,NULL,NULL,NULL,NULL,NULL,NULL,NULL,NULL,NULL,NULL,NULL,NULL,NULL
"1026067","458be4d3cb1c31ce6dcdefe01c1a837f75375972b6c6fe5c71a4403ef016a22a9652d11b9cb5928ecefd0f1ba9621934f5330df4d4e50aad3dcd1bafbabcef8c","JE115424","01/16/2021 01:00:00 PM","2","PARKED",NULL,"972489.0",NULL,"FORD","FUSION","IL","2019.0","UNKNOWN","UNKNOWN/NA","UNKNOWN/NA","UNKNOWN","PARKED",NULL,NULL,"0.0",NULL,NULL,NULL,NULL,NULL,NULL,NULL,NULL,NULL,NULL,NULL,NULL,NULL,NULL,NULL,"Y",NULL,"OTHER",NULL,NULL,NULL,NULL,NULL,NULL,NULL,NULL,NULL,NULL,NULL,NULL,NULL,NULL,NULL,NULL,NULL,NULL,NULL,NULL,NULL,NULL,NULL,NULL,NULL,NULL,NULL,NULL,NULL,NULL,NULL,NULL,NULL
"1026238","5f45d5508eff931a330c591bbf96ed978351136961ba587f8025c57d5974af397c909c92113a84ea17c2781fb6d98b469f706fd1740e83b2ebae83ef3c78f79c","JE115693","01/17/2021 06:01:00 PM","2","PARKED",NULL,"972648.0",NULL,"FORD","TAURUS","IL","2011.0","UNKNOWN","PASSENGER","NOT IN USE","UNKNOWN","PARKED",NULL,NULL,"0.0",NULL,NULL,NULL,NULL,"Y",NULL,NULL,NULL,NULL,NULL,NULL,NULL,NULL,NULL,"Y","Y",NULL,"OTHER",NULL,NULL,NULL,NULL,NULL,NULL,NULL,NULL,NULL,NULL,NULL,NULL,NULL,NULL,NULL,NULL,NULL,NULL,NULL,NULL,NULL,NULL,NULL,NULL,NULL,NULL,NULL,NULL,NULL,NULL,NULL,NULL,NULL
"1026312","a5d8c1b2db4dc7e40882dfd2829b412eed00e4522eec2e045946c07a3a09bedc018eaf088f62cb64848e579d90d67c0501811f1c27fb41a219fa7d33b35fa212","JE115819","01/17/2021 09:45:00 PM","3","PARKED",NULL,"972727.0",NULL,"JEEP","RENEGADE","IL","2018.0","NONE","PASSENGER","PERSONAL","N","PARKED",NULL,NULL,"0.0",NULL,NULL,NULL,NULL,NULL,NULL,NULL,NULL,NULL,NULL,"Y",NULL,NULL,"Y","Y",NULL,NULL,"ROOF",NULL,NULL,NULL,NULL,NULL,NULL,NULL,NULL,NULL,NULL,NULL,NULL,NULL,NULL,NULL,NULL,NULL,NULL,NULL,NULL,NULL,NULL,NULL,NULL,NULL,NULL,NULL,NULL,NULL,NULL,NULL,NULL,NULL
"1026796","a3ea9063aa1be5128c5d32a06b004eaff1742bd2dade87fd41ada52bdb942fe86e142f75ea50550f6cf3026227f12508e476dd1a1227e258817315927b6a4aea","JE116869","01/19/2021 06:00:00 AM","2","PARKED",NULL,"973199.0",NULL,"BMW","OTHER (EXPLAIN IN NARRATIVE)","IL","2017.0","NONE","SPORT UTILITY VEHICLE (SUV)","PERSONAL","N","PARKED",NULL,NULL,"0.0",NULL,NULL,NULL,NULL,NULL,NULL,NULL,NULL,NULL,NULL,NULL,NULL,"Y",NULL,NULL,NULL,NULL,"ROOF",NULL,NULL,NULL,NULL,NULL,NULL,NULL,NULL,NULL,NULL,NULL,NULL,NULL,NULL,NULL,NULL,NULL,NULL,NULL,NULL,NULL,NULL,NULL,NULL,NULL,NULL,NULL,NULL,NULL,NULL,NULL,NULL,NULL
"1026900","e48ca151c03eaad564a6b6346053c70a99850d7125b3f20d97f3a8f89517f389fa43f472c36c506c3b2565ecb823b0c1d080bc771ccb0dbdcb1f6b4d77ac65df","JE117022","01/19/2021 11:46:00 AM","1","DRIVER",NULL,"973296.0",NULL,"CHEVROLET","CRUZE","IL","2012.0","NONE","SPORT UTILITY VEHICLE (SUV)","PERSONAL","SE","SKIDDING/CONTROL LOSS","Y",NULL,"1.0",NULL,"streets san","400 e lower wacker",NULL,"Y","Y",NULL,NULL,NULL,NULL,NULL,"Y",NULL,NULL,NULL,NULL,NULL,"FRONT-LEFT",NULL,NULL,NULL,NULL,NULL,NULL,NULL,NULL,NULL,NULL,NULL,NULL,NULL,NULL,NULL,NULL,NULL,NULL,NULL,NULL,NULL,NULL,NULL,NULL,NULL,NULL,NULL,NULL,NULL,NULL,NULL,NULL,NULL
"1027314","5334ac59322dbf19804f4816eca0f559de76cfdfb47c1af6be957f245584bfb96e6a81a2391204c2453145aaabb47033ab272227010e61089ddae1e3ab364987","JE117729","01/20/2021 07:02:00 AM","1","DRIVER",NULL,"973678.0",NULL,"FREIGHTLINER CORPORATION","OTHER (EXPLAIN IN NARRATIVE)","IL","2009.0","UNKNOWN","OTHER","OTHER","S","STRAIGHT AHEAD",NULL,NULL,"1.0",NULL,NULL,NULL,"Y",NULL,NULL,NULL,NULL,NULL,NULL,NULL,NULL,NULL,NULL,NULL,"Y",NULL,"UNKNOWN",NULL,NULL,NULL,NULL,NULL,NULL,NULL,NULL,NULL,NULL,NULL,NULL,NULL,NULL,NULL,NULL,NULL,NULL,NULL,NULL,NULL,NULL,NULL,NULL,NULL,NULL,NULL,NULL,NULL,NULL,NULL,NULL,NULL
"1027317","e94fefe401c73abc186418e63c58a927ba544ba65a6fe0dfc6ceb26edf4840c67e4949ddc58430ed4af76307a2a1941dc26223a002cd753b241b5bcdb18f5279","JE117759","01/20/2021 08:00:00 AM","1","DRIVER",NULL,"973683.0",NULL,"DODGE","RAM 2500 VAN","IL","2014.0","UNKNOWN","VAN/MINI-VAN","PERSONAL","S","STRAIGHT AHEAD",NULL,NULL,"1.0",NULL,NULL,NULL,"Y",NULL,NULL,NULL,NULL,NULL,NULL,NULL,NULL,NULL,NULL,NULL,NULL,NULL,"TOTAL (ALL AREAS)",NULL,NULL,NULL,NULL,NULL,NULL,NULL,NULL,NULL,NULL,NULL,NULL,NULL,NULL,NULL,NULL,NULL,NULL,NULL,NULL,NULL,NULL,NULL,NULL,NULL,NULL,NULL,NULL,NULL,NULL,NULL,NULL,NULL
"1027493","40d6b03f29807610b919db36b7a7469f39c9d31a4e694f993aa820073005a19ca2613f8dd39193a5f8cbd048c3156203bc035a2611f261553c85fefe360b4127","JE118137","01/20/2021 03:27:00 PM","2","DRIVER",NULL,"973877.0",NULL,"HONDA","ODYSSEY","IL","2011.0","NONE","VAN/MINI-VAN","PERSONAL","E","SLOW/STOP IN TRAFFIC",NULL,NULL,"1.0",NULL,NULL,NULL,NULL,NULL,NULL,NULL,NULL,NULL,NULL,"Y","Y",NULL,NULL,NULL,NULL,NULL,"SIDE-LEFT",NULL,NULL,NULL,NULL,NULL,NULL,NULL,NULL,NULL,NULL,NULL,NULL,NULL,NULL,NULL,NULL,NULL,NULL,NULL,NULL,NULL,NULL,NULL,NULL,NULL,NULL,NULL,NULL,NULL,NULL,NULL,NULL,NULL
"1027560","e27374ac33310c81dd561d9b009ebdb1bd42236220b54fb32ddbec1679789503603e94ec569fb88a6a7e2b3b232c5fc72c45e377aee9b8df1c25768d9e7fa3c7","JE118193","01/20/2021 03:20:00 PM","2","DRIVER","1.0","973925.0",NULL,"CHEVROLET","CRUZE","IL","2012.0","NONE","PASSENGER","PERSONAL","E","STRAIGHT AHEAD",NULL,NULL,"2.0",NULL,NULL,NULL,NULL,NULL,NULL,NULL,NULL,"Y",NULL,NULL,NULL,NULL,NULL,NULL,NULL,NULL,"REAR",NULL,NULL,NULL,NULL,NULL,NULL,NULL,NULL,NULL,NULL,NULL,NULL,NULL,NULL,NULL,NULL,NULL,NULL,NULL,NULL,NULL,NULL,NULL,NULL,NULL,NULL,NULL,NULL,NULL,NULL,NULL,NULL,NULL
"1027980","3efacec98511167b901bbaee2d8650c4ada37b8b9d792ccfbf8e59e6dd56b0ade529b786e21e39c096f27547bc03ec069a9b3b6af5e5a3d394fffd0977738d01","JE118888","01/21/2021 10:45:00 AM","2","DRIVER",NULL,"974311.0",NULL,"NISSAN","ROGUE","IL","2018.0","NONE","PASSENGER","PERSONAL","NW","STRAIGHT AHEAD",NULL,NULL,"1.0",NULL,NULL,NULL,NULL,NULL,NULL,NULL,NULL,NULL,"Y",NULL,NULL,NULL,NULL,NULL,NULL,NULL,"REAR-LEFT",NULL,NULL,NULL,NULL,NULL,NULL,NULL,NULL,NULL,NULL,NULL,NULL,NULL,NULL,NULL,NULL,NULL,NULL,NULL,NULL,NULL,NULL,NULL,NULL,NULL,NULL,NULL,NULL,NULL,NULL,NULL,NULL,NULL
"1028026","8824f7ee3443e0d4e6aedb8bfab8ef333cd08cff6b86e66b2a98173f6f36eeb6424bdd9f9a4b9af994adb3355a6240306488812b2785cd373d429fa974848db4","JE118930","01/21/2021 11:00:00 AM","2","DRIVER",NULL,"974352.0",NULL,"HYUNDAI","ELANTRA","IL","2019.0","UNKNOWN","PASSENGER","PERSONAL","W","STRAIGHT AHEAD",NULL,NULL,"1.0",NULL,NULL,NULL,NULL,NULL,NULL,NULL,NULL,NULL,NULL,NULL,NULL,NULL,"Y","Y",NULL,NULL,"TOTAL (ALL AREAS)",NULL,NULL,NULL,NULL,NULL,NULL,NULL,NULL,NULL,NULL,NULL,NULL,NULL,NULL,NULL,NULL,NULL,NULL,NULL,NULL,NULL,NULL,NULL,NULL,NULL,NULL,NULL,NULL,NULL,NULL,NULL,NULL,NULL
"1028265","e0344a89bf3cf6a8c940c17faf7649f1a0b30eab9f3bd74864a422badcba2b694766169bdf060d19491035d761f3e36031d0de21f70715806c40888103670482","JE119395","01/21/2021 01:36:00 PM","1","DRIVER",NULL,"974562.0",NULL,"TOYOTA","CAMRY","IL","2012.0","NONE","PASSENGER","PERSONAL","S","ENTERING TRAFFIC LANE FROM PARKING",NULL,NULL,"1.0",NULL,NULL,NULL,NULL,NULL,NULL,NULL,NULL,NULL,NULL,NULL,NULL,NULL,NULL,"Y",NULL,NULL,"TOTAL (ALL AREAS)",NULL,NULL,NULL,NULL,NULL,NULL,NULL,NULL,NULL,NULL,NULL,NULL,NULL,NULL,NULL,NULL,NULL,NULL,NULL,NULL,NULL,NULL,NULL,NULL,NULL,NULL,NULL,NULL,NULL,NULL,NULL,NULL,NULL
"1028506","f6b32242db7c84d56d1a10c9896d814d7aae6fb59e9baf7c2bf938d473360ecb813859329c2c05b332548c221b6af9d2e4fd21ea2de8c709f0164f48f1311f0f","JE119855","01/22/2021 09:25:00 AM","2","PARKED","1.0","974799.0",NULL,"NISSAN","SENTRA","IL","2015.0","UNKNOWN","PASSENGER","PERSONAL","W","PARKED",NULL,NULL,"1.0",NULL,NULL,NULL,NULL,NULL,NULL,NULL,NULL,NULL,NULL,"Y","Y",NULL,NULL,NULL,NULL,NULL,"FRONT-LEFT",NULL,NULL,NULL,NULL,NULL,NULL,NULL,NULL,NULL,NULL,NULL,NULL,NULL,NULL,NULL,NULL,NULL,NULL,NULL,NULL,NULL,NULL,NULL,NULL,NULL,NULL,NULL,NULL,NULL,NULL,NULL,NULL,NULL
"1028540","d0801ae41c485760df7b918507c944976ba5310373cd88291f47c13b4c88198ddb9fe740ddbd8d41edb7f4b779d5294262447468d62b03c18bf9970ffc958061","JE119996","01/22/2021 10:00:00 AM","2","DRIVER",NULL,"974836.0",NULL,"GENERAL MOTORS CORPORATION (GMC)","TERRAIN","IL","2014.0","NONE","SPORT UTILITY VEHICLE (SUV)","PERSONAL","S","BACKING",NULL,NULL,"1.0",NULL,NULL,NULL,NULL,NULL,NULL,NULL,NULL,NULL,"Y",NULL,NULL,NULL,NULL,NULL,NULL,NULL,"REAR-LEFT",NULL,NULL,NULL,NULL,NULL,NULL,NULL,NULL,NULL,NULL,NULL,NULL,NULL,NULL,NULL,NULL,NULL,NULL,NULL,NULL,NULL,NULL,NULL,NULL,NULL,NULL,NULL,NULL,NULL,NULL,NULL,NULL,NULL
"1028701","70bc0ba3a7907c80b31b709eace3d5b46a64173488882904e32c3ed2db3eb30cdc3f0a428cca4694c211168af561b414ca46d8845b9834b06b7325f6124ec7e2","JE120242","01/22/2021 03:09:00 PM","1","DRIVER",NULL,"974979.0",NULL,"GENERAL MOTORS CORPORATION (GMC)","OTHER (EXPLAIN IN NARRATIVE)","IL","2010.0","NONE","PASSENGER","PERSONAL","SE","LEAVING TRAFFIC LANE TO PARK",NULL,NULL,"1.0",NULL,NULL,NULL,NULL,"Y",NULL,NULL,NULL,NULL,NULL,NULL,"Y","Y",NULL,NULL,NULL,NULL,"FRONT",NULL,NULL,NULL,NULL,NULL,NULL,NULL,NULL,NULL,NULL,NULL,NULL,NULL,NULL,NULL,NULL,NULL,NULL,NULL,NULL,NULL,NULL,NULL,NULL,NULL,NULL,NULL,NULL,NULL,NULL,NULL,NULL,NULL
"1028892","e5a40ed428f464617fd790809895dc0c2a1946381ecfb12fc53aaec87c6020fd18557ad87ff5e0e5b87388a7ae41d498a261a440eb9b40f91d7d34d98c8619d2","JE120627","01/22/2021 07:13:00 PM","2","PARKED",NULL,"975169.0",NULL,"TOYOTA","RAV4","IL","2017.0","NONE","PASSENGER","PERSONAL","N","PARKED",NULL,NULL,"0.0",NULL,NULL,NULL,NULL,NULL,NULL,NULL,NULL,"Y","Y","Y",NULL,NULL,NULL,NULL,NULL,NULL,"REAR-LEFT",NULL,NULL,NULL,NULL,NULL,NULL,NULL,NULL,NULL,NULL,NULL,NULL,NULL,NULL,NULL,NULL,NULL,NULL,NULL,NULL,NULL,NULL,NULL,NULL,NULL,NULL,NULL,NULL,NULL,NULL,NULL,NULL,NULL