"CRASH_UNIT_ID","CRASH_RECORD_ID","RD_NO","CRASH_DATE","UNIT_NO","UNIT_TYPE","NUM_PASSENGERS","VEHICLE_ID","CMRC_VEH_I","MAKE","MODEL","LIC_PLATE_STATE","VEHICLE_YEAR","VEHICLE_DEFECT","VEHICLE_TYPE","VEHICLE_USE","TRAVEL_DIRECTION","MANEUVER","TOWED_I","FIRE_I","OCCUPANT_CNT","EXCEED_SPEED_LIMIT_I","TOWED_BY","TOWED_TO","AREA_00_I","AREA_01_I","AREA_02_I","AREA_03_I","AREA_04_I","AREA_05_I","AREA_06_I","AREA_07_I","AREA_08_I","AREA_09_I","AREA_10_I","AREA_11_I","AREA_12_I","AREA_99_I","FIRST_CONTACT_POINT","CMV_ID","USDOT_NO","CCMC_NO","ILCC_NO","COMMERCIAL_SRC","GVWR","CARRIER_NAME","CARRIER_STATE","CARRIER_CITY","HAZMAT_PLACARDS_I","HAZMAT_NAME","UN_NO","HAZMAT_PRESENT_I","HAZMAT_REPORT_I","HAZMAT_REPORT_NO","MCS_REPORT_I","MCS_REPORT_NO","HAZMAT_VIO_CAUSE_CRASH_I","MCS_VIO_CAUSE_CRASH_I","IDOT_PERMIT_NO","WIDE_LOAD_I","TRAILER1_WIDTH","TRAILER2_WIDTH","TRAILER1_LENGTH","TRAILER2_LENGTH","TOTAL_VEHICLE_LENGTH","AXLE_CNT","VEHICLE_CONFIG","CARGO_BODY_TYPE","LOAD_TYPE","HAZMAT_OUT_OF_SERVICE_I","MCS_OUT_OF_SERVICE_I","HAZMAT_CLASS"
"1029098","de6ee2709ed8cdeabae8f3c965c24c73a39696d96a2f1dae2c776f4fa4a4fb2f6cd9a0d94b41db1cca1f2011eac5089168173001281ef379162b40bcc8be07b8","JE120955","01/23/2021 10:05:00 AM","2","DRIVER","1.0","975361.0",NULL,"TOYOTA","COROLLA","IL","2017.0","NONE","PASSENGER","RIDESHARE SERVICE","E","STRAIGHT AHEAD",NULL,NULL,"2.0",NULL,NULL,NULL,NULL,NULL,NULL,NULL,NULL,NULL,"Y",NULL,NULL,NULL,NULL,NULL,NULL,NULL,"REAR-LEFT",NULL,NULL,NULL,NULL,NULL,NULL,NULL,NULL,NULL,NULL,NULL,NULL,NULL,NULL,NULL,NULL,NULL,NULL,NULL,NULL,NULL,NULL,NULL,NULL,NULL,NULL,NULL,NULL,NULL,NULL,NULL,NULL,NULL
"1029109","4f0b3ffcf2213ec58a959873e173f0f7f88288d8b1e154dc7e2ddb3ea9db0d66748951dd0dbf799145d0a824757f3ff83343dd3fc4fd7dfef5eacc57d686b3e6","JE120105","01/22/2021 01:30:00 PM","3","DRIVER",NULL,"975384.0",NULL,"RANGE ROVER OF NORTH AMERICA","RANGE ROVER OF NORTH AMERICA",NULL,"2013.0","NONE","PASSENGER","PERSONAL","E","SLOW/STOP IN TRAFFIC",NULL,NULL,"1.0",NULL,NULL,NULL,NULL,NULL,NULL,NULL,NULL,"Y","Y",NULL,NULL,NULL,NULL,NULL,NULL,NULL,"REAR-LEFT",NULL,NULL,NULL,NULL,NULL,NULL,NULL,NULL,NULL,NULL,NULL,NULL,NULL,NULL,NULL,NULL,NULL,NULL,NULL,NULL,NULL,NULL,NULL,NULL,NULL,NULL,NULL,NULL,NULL,NULL,NULL,NULL,NULL
"1029553","2b7196acc1f5ba5dfe1dc3d0752d2beed7e17883cb5a07a5c9397777512404d92984fa7f02d0728466b329ec3650f902d070a86b621106d7d39a338a736a6653","JE121064","01/23/2021 01:02:00 PM","4","PARKED",NULL,"975810.0",NULL,"HONDA","CIVIC","IL","2016.0","UNKNOWN","PASSENGER","PERSONAL","E","PARKED",NULL,NULL,"0.0",NULL,NULL,NULL,NULL,NULL,NULL,NULL,NULL,NULL,"Y",NULL,NULL,NULL,NULL,NULL,NULL,NULL,"REAR-LEFT",NULL,NULL,NULL,NULL,NULL,NULL,NULL,NULL,NULL,NULL,NULL,NULL,NULL,NULL,NULL,NULL,NULL,NULL,NULL,NULL,NULL,NULL,NULL,NULL,NULL,NULL,NULL,NULL,NULL,NULL,NULL,NULL,NULL
"1029938","3821747638ef122bbf844d331458e6f15e4ea990c78f9aaeb5efdf28a1176db99170e79905856ae0155369cfb5bcdb2d06c74bd6205415471a135e1a85242c8d","JE122521","01/25/2021 06:17:00 AM","2","PARKED",NULL,"976169.0",NULL,"CADILLAC","CTS","IL","2010.0","NONE","PASSENGER","OTHER","N","PARKED",NULL,NULL,"0.0",NULL,NULL,NULL,NULL,NULL,NULL,NULL,NULL,NULL,"Y","Y","Y",NULL,NULL,NULL,NULL,NULL,"FRONT-LEFT",NULL,NULL,NULL,NULL,NULL,NULL,NULL,NULL,NULL,NULL,NULL,NULL,NULL,NULL,NULL,NULL,NULL,NULL,NULL,NULL,NULL,NULL,NULL,NULL,NULL,NULL,NULL,NULL,NULL,NULL,NULL,NULL,NULL
"1030011","2a19f5c864191830b50163d37086287a259c5be8e9fff776e8eea0999382c69a0556b6c30f250a64026216886bd5f6ce7ab20788b4c9fa184549dcfb8aa04734","JE122668","01/25/2021 06:30:00 AM","2","DRIVERLESS",NULL,"976233.0",NULL,"DODGE","JOURNEY","IL","2016.0","UNKNOWN","PASSENGER","NOT IN USE","W","PARKED","Y",NULL,"0.0",NULL,"private tow","private tow",NULL,"Y",NULL,NULL,NULL,"Y",NULL,NULL,NULL,NULL,NULL,NULL,NULL,NULL,"REAR",NULL,NULL,NULL,NULL,NULL,NULL,NULL,NULL,NULL,NULL,NULL,NULL,NULL,NULL,NULL,NULL,NULL,NULL,NULL,NULL,NULL,NULL,NULL,NULL,NULL,NULL,NULL,NULL,NULL,NULL,NULL,NULL,NULL
"1030190","26597a518ced67c1108c16710531e7ddbe11078a75307b4ad1de1694481b885f2008a83477f32987c4aae74d53d0545986532427566143d035d1b36d887abc03","JE123031","01/25/2021 07:15:00 AM","2","DRIVER","1.0","976416.0",NULL,"CHEVROLET","MALIBU","IL","2013.0","NONE","PASSENGER","PERSONAL","N","STRAIGHT AHEAD",NULL,NULL,"2.0",NULL,NULL,NULL,NULL,"Y",NULL,NULL,NULL,NULL,NULL,NULL,NULL,NULL,NULL,"Y","Y",NULL,"OTHER",NULL,NULL,NULL,NULL,NULL,NULL,NULL,NULL,NULL,NULL,NULL,NULL,NULL,NULL,NULL,NULL,NULL,NULL,NULL,NULL,NULL,NULL,NULL,NULL,NULL,NULL,NULL,NULL,NULL,NULL,NULL,NULL,NULL
"1030993","0d912666df5036bc13cece678cc5aef3cc834411fefcc2ad215476a2648babfc717d0b93cd0fb20a5dfbf8bde9ddd7d39df3453ef6794d7fbecb4f232b136f4f","JE124559","01/27/2021 11:40:00 AM","1","DRIVER",NULL,"977185.0",NULL,"HYUNDAI","ELANTRA","IL","2011.0","NONE","PASSENGER","NOT IN USE","W","STRAIGHT AHEAD",NULL,NULL,"1.0",NULL,NULL,NULL,NULL,NULL,NULL,NULL,NULL,NULL,NULL,NULL,NULL,NULL,NULL,NULL,"Y",NULL,"OTHER",NULL,NULL,NULL,NULL,NULL,NULL,NULL,NULL,NULL,NULL,NULL,NULL,NULL,NULL,NULL,NULL,NULL,NULL,NULL,NULL,NULL,NULL,NULL,NULL,NULL,NULL,NULL,NULL,NULL,NULL,NULL,NULL,NULL
"1031198","64efddb491714d449e333bffbfb815c3656148ba824c53efaad09849989e553cfec6926595b6782378a2ef5a3d999780ad5c598352e86e5d4bea69b7748571bd","JE124973","01/26/2021 07:40:00 AM","2","DRIVER",NULL,"977407.0",NULL,"GENERAL MOTORS CORPORATION (GMC)","TERRAIN","IN","2021.0","NONE","SPORT UTILITY VEHICLE (SUV)","PERSONAL","E","SLOW/STOP IN TRAFFIC",NULL,NULL,"1.0",NULL,NULL,NULL,NULL,NULL,NULL,NULL,NULL,NULL,"Y",NULL,NULL,NULL,NULL,NULL,NULL,NULL,"REAR-LEFT",NULL,NULL,NULL,NULL,NULL,NULL,NULL,NULL,NULL,NULL,NULL,NULL,NULL,NULL,NULL,NULL,NULL,NULL,NULL,NULL,NULL,NULL,NULL,NULL,NULL,NULL,NULL,NULL,NULL,NULL,NULL,NULL,NULL
"1031555","18f3deb7423eb8d4334e97e1a56798b0e4705024366df836056bda107171ba4594e39f7d376302d4786f7019a1149149b42c9b17346f5f94f889c81ab38b7b32","JE124623","01/27/2021 12:30:00 PM","5","PARKED",NULL,"979191.0",NULL,"HYUNDAI","TUCSON","IL","2010.0","UNKNOWN","PASSENGER","COMMERCIAL - MULTI-UNIT","E","PARKED",NULL,NULL,"0.0",NULL,NULL,NULL,NULL,NULL,NULL,NULL,NULL,NULL,"Y",NULL,NULL,NULL,NULL,NULL,NULL,NULL,"REAR-LEFT",NULL,NULL,NULL,NULL,NULL,NULL,NULL,NULL,NULL,NULL,NULL,NULL,NULL,NULL,NULL,NULL,NULL,NULL,NULL,NULL,NULL,NULL,NULL,NULL,NULL,NULL,NULL,NULL,NULL,NULL,NULL,NULL,NULL
"1031560","24c5e080f8a56d0f37c292bda179ae2cbd5f9893e384c014a62e52dd8d65b99adb1cdd97d51e4bf0e3a93843e5487d558d8008fdbf503138f4d2ffb6494e0bdf","JE125442","01/28/2021 09:45:00 AM","1","DRIVER",NULL,"977740.0",NULL,"TOYOTA","OTHER (EXPLAIN IN NARRATIVE)","IL","2011.0","UNKNOWN","PASSENGER","PERSONAL","S","TURNING LEFT",NULL,NULL,"1.0",NULL,NULL,NULL,NULL,NULL,NULL,NULL,NULL,NULL,NULL,NULL,NULL,NULL,NULL,NULL,"Y",NULL,"OTHER",NULL,NULL,NULL,NULL,NULL,NULL,NULL,NULL,NULL,NULL,NULL,NULL,NULL,NULL,NULL,NULL,NULL,NULL,NULL,NULL,NULL,NULL,NULL,NULL,NULL,NULL,NULL,NULL,NULL,NULL,NULL,NULL,NULL
"1031599","7728523f440851ae9fdbdd76c587416736d00a68e309ed59535353f49e89312ffd6fb01c41e47143df5dcfec35b7a48e3c98463e59ce0bd5f9d047729734d728","JE125586","01/28/2021 12:17:00 PM","2","DRIVER",NULL,"977780.0",NULL,"DODGE","CHARGER","IL","2019.0","UNKNOWN","PASSENGER","PERSONAL","N","STRAIGHT AHEAD",NULL,NULL,"1.0",NULL,NULL,NULL,NULL,NULL,"Y","Y","Y",NULL,NULL,NULL,NULL,NULL,NULL,NULL,NULL,NULL,"SIDE-RIGHT",NULL,NULL,NULL,NULL,NULL,NULL,NULL,NULL,NULL,NULL,NULL,NULL,NULL,NULL,NULL,NULL,NULL,NULL,NULL,NULL,NULL,NULL,NULL,NULL,NULL,NULL,NULL,NULL,NULL,NULL,NULL,NULL,NULL
"1031612","34ddf8da7d2297d3f910ba0c1ed7f2bf1fd45b8992588638e91e7af584386e7977ccf2c197785eead239c5e4d54b4e68386ee37e4d11f6cac77fcbdb419f69c4","JE125552","01/28/2021 11:35:00 AM","3","DRIVER",NULL,"977805.0",NULL,"FORD","FUSION","IL","2020.0","NONE","PASSENGER","PERSONAL","S","STRAIGHT AHEAD",NULL,NULL,"1.0",NULL,NULL,NULL,NULL,NULL,NULL,NULL,NULL,NULL,NULL,"Y","Y","Y","Y",NULL,NULL,NULL,"ROOF",NULL,NULL,NULL,NULL,NULL,NULL,NULL,NULL,NULL,NULL,NULL,NULL,NULL,NULL,NULL,NULL,NULL,NULL,NULL,NULL,NULL,NULL,NULL,NULL,NULL,NULL,NULL,NULL,NULL,NULL,NULL,NULL,NULL
"1031859","5906a8a649fa2752646fcce019aa079acb478055cc409f73a24911b24e2c023e44d2e15b14638fe49372ec0e019b414a6c1da17aab2f2cb2debf4c0f87b29b97","JE126000","01/28/2021 06:30:00 PM","2","DRIVER",NULL,"978031.0",NULL,"CHEVROLET","CRUZE","IL","2015.0","NONE","PASSENGER","PERSONAL","E","STRAIGHT AHEAD",NULL,NULL,"1.0",NULL,NULL,NULL,NULL,NULL,"Y",NULL,NULL,NULL,NULL,NULL,NULL,NULL,NULL,NULL,NULL,NULL,"SIDE-RIGHT",NULL,NULL,NULL,NULL,NULL,NULL,NULL,NULL,NULL,NULL,NULL,NULL,NULL,NULL,NULL,NULL,NULL,NULL,NULL,NULL,NULL,NULL,NULL,NULL,NULL,NULL,NULL,NULL,NULL,NULL,NULL,NULL,NULL
"1032560","9fbc62f94789ff494060e81119f3b638f16febddc9d212d6279836f0cc95dfb6bfd583980d91037336688c0a503b86abd4ba7ee8648f11d35ed54da2a64d02af","JE127260","01/30/2021 05:01:00 AM","3","DRIVER",NULL,"979100.0",NULL,"CHEVROLET","IMPALA","IN","2009.0","NONE","PASSENGER","PERSONAL","E","STRAIGHT AHEAD",NULL,NULL,"1.0",NULL,NULL,NULL,NULL,NULL,NULL,NULL,NULL,NULL,NULL,"Y","Y",NULL,NULL,NULL,NULL,NULL,"SIDE-LEFT",NULL,NULL,NULL,NULL,NULL,NULL,NULL,NULL,NULL,NULL,NULL,NULL,NULL,NULL,NULL,NULL,NULL,NULL,NULL,NULL,NULL,NULL,NULL,NULL,NULL,NULL,NULL,NULL,NULL,NULL,NULL,NULL,NULL
"1032800","c7ce05a6b786c4bfa1938cef8adf498307a5dc9fd333f5e14167dd01ec633015aa412c4721bf447f68eb1d7449f7c4f618c75143bc7717d7f368f2c2a2938275","JE127719","01/30/2021 03:00:00 PM","1","DRIVER",NULL,"978940.0",NULL,"ACURA","ZDX","IL","2009.0","NONE","SPORT UTILITY VEHICLE (SUV)","PERSONAL","SW","TURNING LEFT",NULL,NULL,"1.0",NULL,NULL,NULL,NULL,"Y",NULL,NULL,NULL,NULL,NULL,NULL,NULL,NULL,NULL,NULL,NULL,NULL,"FRONT",NULL,NULL,NULL,NULL,NULL,NULL,NULL,NULL,NULL,NULL,NULL,NULL,NULL,NULL,NULL,NULL,NULL,NULL,NULL,NULL,NULL,NULL,NULL,NULL,NULL,NULL,NULL,NULL,NULL,NULL,NULL,NULL,NULL
"1033180","0cbc85d08c50aaeb00aff0d527eac8e7685709a32d0f22cc6d2ac21d8d5adb262b4890428282987338eae38413444ca9786af7a5f91b96aa15ab2f8720e90a33","JE128381","01/31/2021 01:14:00 PM","1","DRIVER","2.0","979318.0",NULL,"FORD","EXPLORER","IL","2017.0","NONE","PASSENGER","POLICE","N","BACKING",NULL,NULL,"3.0",NULL,NULL,NULL,NULL,NULL,NULL,NULL,NULL,NULL,NULL,"Y",NULL,NULL,NULL,NULL,NULL,NULL,"SIDE-LEFT",NULL,NULL,NULL,NULL,NULL,NULL,NULL,NULL,NULL,NULL,NULL,NULL,NULL,NULL,NULL,NULL,NULL,NULL,NULL,NULL,NULL,NULL,NULL,NULL,NULL,NULL,NULL,NULL,NULL,NULL,NULL,NULL,NULL
"1033191","4694d962545a6e6843b1eb063cfa5bd10f5d4e14b64171bfdae258d0748e94b0403dee250ca1f0436ca488a2fb5410ff89068ff67ba4587059887d3e99189d20","JE128399","01/31/2021 01:00:00 PM","2","PARKED",NULL,"979319.0",NULL,"TOYOTA","RAV4","IL","2016.0","UNKNOWN","PASSENGER","NOT IN USE","S","PARKED",NULL,NULL,"0.0",NULL,NULL,NULL,NULL,NULL,NULL,"Y","Y","Y",NULL,NULL,NULL,NULL,NULL,NULL,NULL,NULL,"REAR-RIGHT",NULL,NULL,NULL,NULL,NULL,NULL,NULL,NULL,NULL,NULL,NULL,NULL,NULL,NULL,NULL,NULL,NULL,NULL,NULL,NULL,NULL,NULL,NULL,NULL,NULL,NULL,NULL,NULL,NULL,NULL,NULL,NULL,NULL
"1033477","21e992d88182924b708e6c19e1eaaad5a082351fff690ef26ec925c7163b45817e41003fd6456c76fddaf30951581ab565fceace6af29543d5827bb397d1b1d5","JE128842","02/01/2021 07:40:00 AM","2","PARKED",NULL,"979590.0",NULL,"CHEVROLET","MALIBU","IL","2015.0","UNKNOWN","PASSENGER","PERSONAL","N","PARKED",NULL,NULL,"0.0",NULL,NULL,NULL,NULL,NULL,NULL,NULL,NULL,NULL,NULL,"Y","Y","Y","Y","Y",NULL,NULL,"FRONT-LEFT",NULL,NULL,NULL,NULL,NULL,NULL,NULL,NULL,NULL,NULL,NULL,NULL,NULL,NULL,NULL,NULL,NULL,NULL,NULL,NULL,NULL,NULL,NULL,NULL,NULL,NULL,NULL,NULL,NULL,NULL,NULL,NULL,NULL
"1033542","a87eeb7314f2eb507e1f95c1ac1032cd24aee27a599e0122f62d70c600ebbfccea8bd7eb5db43420366d02b1a686318ae5ddce0aa3fef668149e595ba0288680","JE128987","02/01/2021 09:45:00 AM","1","DRIVER",NULL,"979672.0",NULL,"INFINITI","QX50","IL","2018.0","UNKNOWN","SPORT UTILITY VEHICLE (SUV)","PERSONAL","W","TURNING LEFT",NULL,NULL,"1.0",NULL,NULL,NULL,NULL,"Y","Y",NULL,NULL,NULL,NULL,NULL,NULL,NULL,NULL,NULL,NULL,NULL,"SIDE-RIGHT",NULL,NULL,NULL,NULL,NULL,NULL,NULL,NULL,NULL,NULL,NULL,NULL,NULL,NULL,NULL,NULL,NULL,NULL,NULL,NULL,NULL,NULL,NULL,NULL,NULL,NULL,NULL,NULL,NULL,NULL,NULL,NULL,NULL
"1033573","a906a159a34b39ce3e14720099e8e8fbf5c46dcf0ff68abe951f570054155e1f669b7d66bd515d4757376ce40f0904ad6602a5389c44b53fba0c98c6154c2752","JE128881","02/01/2021 08:08:00 AM","1","DRIVER",NULL,"979674.0",NULL,"NISSAN","MAXIMA","IL","2013.0","UNKNOWN","PASSENGER","PERSONAL","S","TURNING RIGHT","Y",NULL,"1.0",NULL,"E & R","POUND 1",NULL,NULL,NULL,NULL,NULL,NULL,NULL,NULL,NULL,NULL,NULL,NULL,"Y",NULL,"OTHER",NULL,NULL,NULL,NULL,NULL,NULL,NULL,NULL,NULL,NULL,NULL,NULL,NULL,NULL,NULL,NULL,NULL,NULL,NULL,NULL,NULL,NULL,NULL,NULL,NULL,NULL,NULL,NULL,NULL,NULL,NULL,NULL,NULL
"1033613","b96c09e80290256657d5f00195e4c986d0a2f66fc155d12143c74b9c884383d08e27023ed0e9f733d3fb1c9dbaeef4fe81f07434e325040edbac6e0dcd91417e","JE129066","01/26/2021 02:00:00 PM","2","PARKED",NULL,"979708.0",NULL,"TOYOTA","COROLLA","IL","2017.0","NONE","PASSENGER","PERSONAL","N","PARKED",NULL,NULL,"0.0",NULL,NULL,NULL,NULL,NULL,NULL,NULL,NULL,NULL,NULL,"Y","Y",NULL,NULL,NULL,NULL,NULL,"SIDE-LEFT",NULL,NULL,NULL,NULL,NULL,NULL,NULL,NULL,NULL,NULL,NULL,NULL,NULL,NULL,NULL,NULL,NULL,NULL,NULL,NULL,NULL,NULL,NULL,NULL,NULL,NULL,NULL,NULL,NULL,NULL,NULL,NULL,NULL
"1033711","c1e7dc8ad14541c767ff82ac980ec14afc5a56a9bb306d14aeb1e5b0fbf4adafff8cd0a754340009e54146d8091fb36b26daef75e6f84210c36d0d83627dda6b","JE129088","02/01/2021 12:00:00 PM","2","DRIVER",NULL,"979808.0",NULL,"HONDA","CR-V","IL","2020.0","NONE","PASSENGER","PERSONAL","E","SLOW/STOP IN TRAFFIC",NULL,NULL,"1.0",NULL,NULL,NULL,NULL,NULL,NULL,NULL,NULL,NULL,NULL,NULL,NULL,NULL,NULL,"Y",NULL,NULL,"TOTAL (ALL AREAS)",NULL,NULL,NULL,NULL,NULL,NULL,NULL,NULL,NULL,NULL,NULL,NULL,NULL,NULL,NULL,NULL,NULL,NULL,NULL,NULL,NULL,NULL,NULL,NULL,NULL,NULL,NULL,NULL,NULL,NULL,NULL,NULL,NULL
"1034347","e4305c030acb4a1fc8fae896ccfb11ab2a847f5b9a97bc4abffe2e19bccb4b20f0972da7bf8a0ae064f888738736816ec94d53d69dd1d7873394df92388fd149","JE130177","02/02/2021 11:50:00 AM","1","DRIVER",NULL,"980401.0",NULL,"FREIGHTLINER CORPORATION","FREIGHTLINER CORP.","IL","2011.0","NONE","OTHER","CONSTRUCTION/MAINTENANCE","W","STRAIGHT AHEAD",NULL,NULL,"1.0",NULL,NULL,NULL,NULL,NULL,NULL,NULL,NULL,NULL,NULL,NULL,NULL,NULL,NULL,NULL,NULL,NULL,NULL,NULL,NULL,NULL,NULL,NULL,NULL,NULL,NULL,NULL,NULL,NULL,NULL,NULL,NULL,NULL,NULL,NULL,NULL,NULL,NULL,NULL,NULL,NULL,NULL,NULL,NULL,NULL,NULL,NULL,NULL,NULL,NULL,NULL
"1034348","171cb0e574436c97776fc082f358de8d5ccb603f3fbcdddddc29c213a1e8e3645ab25fe177b7dd915c6ccdb71d7cb543cec98081c07bb846e09ef3ebd78efa46","JE130194","02/02/2021 08:00:00 AM","1","DRIVER",NULL,"980402.0",NULL,"FREIGHTLINER CORPORATION","FREIGHTLINER CORP.","IL","2011.0","NONE","TRUCK - SINGLE UNIT","CONSTRUCTION/MAINTENANCE","W","STRAIGHT AHEAD",NULL,NULL,"1.0",NULL,NULL,NULL,NULL,NULL,NULL,NULL,NULL,NULL,NULL,NULL,NULL,"Y","Y","Y",NULL,NULL,"ROOF",NULL,NULL,NULL,NULL,NULL,NULL,NULL,NULL,NULL,NULL,NULL,NULL,NULL,NULL,NULL,NULL,NULL,NULL,NULL,NULL,NULL,NULL,NULL,NULL,NULL,NULL,NULL,NULL,NULL,NULL,NULL,NULL,NULL
"1034352","355085a1fa6f86198c4baa486c10d43ecd9bc43eeea46cad1db37962015b177ea35e17096e9809db489802b9c7533180f2381609830a9f04f3bb84b55359b671","JE130210","01/30/2021 03:00:00 PM","2","DRIVER",NULL,"980410.0",NULL,"PONTIAC","G6","IL","2010.0","NONE","PASSENGER","PERSONAL","S","STRAIGHT AHEAD",NULL,NULL,"1.0",NULL,NULL,NULL,NULL,NULL,NULL,NULL,NULL,NULL,"Y",NULL,NULL,NULL,NULL,NULL,NULL,NULL,"REAR-LEFT",NULL,NULL,NULL,NULL,NULL,NULL,NULL,NULL,NULL,NULL,NULL,NULL,NULL,NULL,NULL,NULL,NULL,NULL,NULL,NULL,NULL,NULL,NULL,NULL,NULL,NULL,NULL,NULL,NULL,NULL,NULL,NULL,NULL
"1034505","43a26d9de7a82fd7fd17b32f9cb4f6044073e7c6408dffee7cc70dfa50147f2987d5e010d272dac8c6bd36474f36dcbbf75551784488a1e5cdade6e972ad05b3","JE130506","01/27/2021 07:30:00 PM","2","DRIVER",NULL,"980544.0",NULL,"TOYOTA","CAMRY","IL","2009.0","NONE","PASSENGER","PERSONAL","E","STRAIGHT AHEAD",NULL,NULL,"1.0",NULL,NULL,NULL,NULL,"Y",NULL,NULL,NULL,NULL,NULL,NULL,NULL,NULL,NULL,"Y","Y",NULL,"OTHER",NULL,NULL,NULL,NULL,NULL,NULL,NULL,NULL,NULL,NULL,NULL,NULL,NULL,NULL,NULL,NULL,NULL,NULL,NULL,NULL,NULL,NULL,NULL,NULL,NULL,NULL,NULL,NULL,NULL,NULL,NULL,NULL,NULL
"1034521","381253c57fa884a67984abb934cac39ecc3105188b96e6da5a0a5618f5e01bcf9c8b5db98de9cf8df15536f557b2818576be0d0667796219071f299b9f0842f5","JE130455","02/02/2021 02:50:00 PM","2","DRIVER",NULL,"980562.0",NULL,"FORD","F650","IL","2016.0","UNKNOWN","TRUCK - SINGLE UNIT","OTHER","W","STRAIGHT AHEAD",NULL,NULL,"1.0",NULL,NULL,NULL,"N",NULL,NULL,NULL,NULL,NULL,NULL,"Y",NULL,NULL,NULL,NULL,NULL,NULL,"SIDE-LEFT",NULL,NULL,NULL,NULL,NULL,NULL,NULL,NULL,NULL,NULL,NULL,NULL,NULL,NULL,NULL,NULL,NULL,NULL,NULL,NULL,NULL,NULL,NULL,NULL,NULL,NULL,NULL,NULL,NULL,NULL,NULL,NULL,NULL
"1034849","3dcf7197312327d39f437cf7e844956a5c756530341d941b71f73f42fb62a4c82d9f7d33fd3c507cc6d54a6966fe2943b6f0a1439c121077d4851fa97af938ec","JE131017","02/01/2021 01:20:00 PM","1","DRIVER",NULL,"980881.0",NULL,"HONDA","CR-V","IL","2020.0","UNKNOWN","SPORT UTILITY VEHICLE (SUV)","UNKNOWN/NA","S","STRAIGHT AHEAD",NULL,NULL,"1.0",NULL,NULL,NULL,NULL,NULL,NULL,NULL,NULL,NULL,NULL,NULL,NULL,NULL,NULL,NULL,NULL,"Y","UNKNOWN",NULL,NULL,NULL,NULL,NULL,NULL,NULL,NULL,NULL,NULL,NULL,NULL,NULL,NULL,NULL,NULL,NULL,NULL,NULL,NULL,NULL,NULL,NULL,NULL,NULL,NULL,NULL,NULL,NULL,NULL,NULL,NULL,NULL
"1034931","77c8d95a0412629204e68bf69ffed079bc0abe5e0e1838fb6007010fd1dd60b4e0fe6805b2c51630430fbc7ea8a04ee3060ebeedbf677484830a53fc8793c3c4","JE131180","02/01/2021 11:00:00 AM","2","DRIVER",NULL,"980965.0",NULL,"HONDA","CR-V","IL","2018.0","NONE","SPORT UTILITY VEHICLE (SUV)","PERSONAL","E","STRAIGHT AHEAD",NULL,NULL,"1.0",NULL,NULL,NULL,NULL,NULL,NULL,NULL,NULL,NULL,NULL,NULL,NULL,NULL,NULL,"Y","Y",NULL,"TOTAL (ALL AREAS)",NULL,NULL,NULL,NULL,NULL,NULL,NULL,NULL,NULL,NULL,NULL,NULL,NULL,NULL,NULL,NULL,NULL,NULL,NULL,NULL,NULL,NULL,NULL,NULL,NULL,NULL,NULL,NULL,NULL,NULL,NULL,NULL,NULL
"1035735","88f14d44ae0acc2c041f46651e3fc50534ecbb885f7d52a3dee301ba4a3b4d499ff32b331890162c7a6c6a68e6809f386517bfa37bbe491dc617561f17c5fef0","JE132526","02/02/2021 05:20:00 PM","1","DRIVER",NULL,"981721.0",NULL,"CHEVROLET","IMPALA","IL","2016.0","NONE","PASSENGER","UNKNOWN/NA","S","STRAIGHT AHEAD",NULL,NULL,"1.0",NULL,NULL,NULL,NULL,NULL,NULL,NULL,NULL,NULL,NULL,NULL,NULL,NULL,NULL,NULL,NULL,NULL,"OTHER",NULL,NULL,NULL,NULL,NULL,NULL,NULL,NULL,NULL,NULL,NULL,NULL,NULL,NULL,NULL,NULL,NULL,NULL,NULL,NULL,NULL,NULL,NULL,NULL,NULL,NULL,NULL,NULL,NULL,NULL,NULL,NULL,NULL
"1035952","e3553cdc0a4c8e84c0e2a884784faecfe730237737d4ea2b47a86c28d0a06dd6c532bd4b9ef9efe4dae7b846a3c97871c5ac893564304afc62b05e4b13d572be","JE132793","02/04/2021 10:00:00 PM","3","PARKED",NULL,"981935.0",NULL,"JEEP","WRANGLER","IL","2019.0","NONE","SPORT UTILITY VEHICLE (SUV)","NOT IN USE","UNKNOWN","PARKED",NULL,NULL,"0.0",NULL,NULL,NULL,NULL,NULL,NULL,NULL,"Y","Y","Y","Y","Y",NULL,NULL,NULL,NULL,NULL,NULL,NULL,NULL,NULL,NULL,NULL,NULL,NULL,NULL,NULL,NULL,NULL,NULL,NULL,NULL,NULL,NULL,NULL,NULL,NULL,NULL,NULL,NULL,NULL,NULL,NULL,NULL,NULL,NULL,NULL,NULL,NULL,NULL,NULL
"1036238","a07bb21b7fa009ca8a09eac29933de19e20ec2b00e2a569b7f081d83e70c95682f985d5c0e27639a6e53db43639a3a305dfafaeda46184ef58de1829aa9cfb2a","JE133140","02/05/2021 11:00:00 AM","2","PARKED",NULL,"982243.0",NULL,"FORD","ESCAPE","IL","2012.0","NONE","PASSENGER","PERSONAL","E","PARKED",NULL,NULL,"0.0",NULL,NULL,NULL,NULL,NULL,NULL,NULL,NULL,NULL,NULL,NULL,NULL,"Y","Y","Y",NULL,NULL,"FRONT-RIGHT",NULL,NULL,NULL,NULL,NULL,NULL,NULL,NULL,NULL,NULL,NULL,NULL,NULL,NULL,NULL,NULL,NULL,NULL,NULL,NULL,NULL,NULL,NULL,NULL,NULL,NULL,NULL,NULL,NULL,NULL,NULL,NULL,NULL