"CRASH_UNIT_ID","CRASH_RECORD_ID","RD_NO","CRASH_DATE","UNIT_NO","UNIT_TYPE","NUM_PASSENGERS","VEHICLE_ID","CMRC_VEH_I","MAKE","MODEL","LIC_PLATE_STATE","VEHICLE_YEAR","VEHICLE_DEFECT","VEHICLE_TYPE","VEHICLE_USE","TRAVEL_DIRECTION","MANEUVER","TOWED_I","FIRE_I","OCCUPANT_CNT","EXCEED_SPEED_LIMIT_I","TOWED_BY","TOWED_TO","AREA_00_I","AREA_01_I","AREA_02_I","AREA_03_I","AREA_04_I","AREA_05_I","AREA_06_I","AREA_07_I","AREA_08_I","AREA_09_I","AREA_10_I","AREA_11_I","AREA_12_I","AREA_99_I","FIRST_CONTACT_POINT","CMV_ID","USDOT_NO","CCMC_NO","ILCC_NO","COMMERCIAL_SRC","GVWR","CARRIER_NAME","CARRIER_STATE","CARRIER_CITY","HAZMAT_PLACARDS_I","HAZMAT_NAME","UN_NO","HAZMAT_PRESENT_I","HAZMAT_REPORT_I","HAZMAT_REPORT_NO","MCS_REPORT_I","MCS_REPORT_NO","HAZMAT_VIO_CAUSE_CRASH_I","MCS_VIO_CAUSE_CRASH_I","IDOT_PERMIT_NO","WIDE_LOAD_I","TRAILER1_WIDTH","TRAILER2_WIDTH","TRAILER1_LENGTH","TRAILER2_LENGTH","TOTAL_VEHICLE_LENGTH","AXLE_CNT","VEHICLE_CONFIG","CARGO_BODY_TYPE","LOAD_TYPE","HAZMAT_OUT_OF_SERVICE_I","MCS_OUT_OF_SERVICE_I","HAZMAT_CLASS"
"1036463","47eed7c2f401f781d28111acd1348cb0044122700fe9c14932d32a8fc90ae0a6092d9a9b628cf6266a20040ae5eac6c367ed187443cbf4ea56c12cc3cc1fefbc","JE133546","02/04/2021 01:30:00 PM","2","DRIVER",NULL,"982428.0",NULL,"FORD","FUSION","IN","2014.0","NONE","PASSENGER","PERSONAL","E","STRAIGHT AHEAD","Y",NULL,"1.0",NULL,NULL,NULL,NULL,"Y","Y",NULL,NULL,NULL,NULL,NULL,NULL,NULL,"Y","Y","Y",NULL,"TOTAL (ALL AREAS)",NULL,NULL,NULL,NULL,NULL,NULL,NULL,NULL,NULL,NULL,NULL,NULL,NULL,NULL,NULL,NULL,NULL,NULL,NULL,NULL,NULL,NULL,NULL,NULL,NULL,NULL,NULL,NULL,NULL,NULL,NULL,NULL,NULL
"1036478","0c649339987358a34b242c8152524f99be734237250c5fad65c19c3c072f5358e146ff75d53f0d8c518c1729d88390e5a16656b0ee66942610c9adb61c3fb66e","JE133469","02/05/2021 03:29:00 PM","2","DRIVER",NULL,"982439.0",NULL,"BUICK","ENCLAVE","IL","2020.0","NONE","PASSENGER","PERSONAL","E","SLOW/STOP IN TRAFFIC",NULL,NULL,"1.0",NULL,NULL,NULL,NULL,NULL,NULL,NULL,NULL,NULL,"Y",NULL,NULL,NULL,NULL,NULL,NULL,NULL,"REAR-LEFT",NULL,NULL,NULL,NULL,NULL,NULL,NULL,NULL,NULL,NULL,NULL,NULL,NULL,NULL,NULL,NULL,NULL,NULL,NULL,NULL,NULL,NULL,NULL,NULL,NULL,NULL,NULL,NULL,NULL,NULL,NULL,NULL,NULL
"1036590","54e058bf789987d3d32893b75ed921d11984442f896f3fe02b2c5f91ba19dd4a49fb15c809db6697ad2bebbe1161396abb743c60b85c3dd2ffb4b101d4f384b3","JE133606","02/05/2021 06:05:00 PM","1","DRIVER",NULL,"982567.0",NULL,"TOYOTA","OTHER (EXPLAIN IN NARRATIVE)","IN","2015.0","UNKNOWN","PASSENGER","PERSONAL","E","ENTERING TRAFFIC LANE FROM PARKING",NULL,NULL,"1.0",NULL,NULL,NULL,NULL,NULL,NULL,NULL,NULL,NULL,NULL,NULL,NULL,NULL,"Y",NULL,NULL,NULL,"UNDER CARRIAGE",NULL,NULL,NULL,NULL,NULL,NULL,NULL,NULL,NULL,NULL,NULL,NULL,NULL,NULL,NULL,NULL,NULL,NULL,NULL,NULL,NULL,NULL,NULL,NULL,NULL,NULL,NULL,NULL,NULL,NULL,NULL,NULL,NULL
"1036695","83f0a136556b3a2472cc6c99104b7666003300599dfe7d6e13dc89538f9619b33bf4f8db15cf6357c13f166282b06551564f1f9d6b8fc4c8ede0490ddca2eb51","JE133745","02/05/2021 09:27:00 PM","1","DRIVER",NULL,"982669.0",NULL,"VOLKSWAGEN","PASSAT","IL","2012.0","UNKNOWN","PASSENGER","PERSONAL","N","PASSING/OVERTAKING","Y",NULL,"1.0",NULL,"CITY OF CHICAGO","701 N. SACRAMENTO",NULL,"Y",NULL,NULL,NULL,NULL,NULL,NULL,NULL,NULL,NULL,NULL,NULL,"N","FRONT-RIGHT",NULL,NULL,NULL,NULL,NULL,NULL,NULL,NULL,NULL,NULL,NULL,NULL,NULL,NULL,NULL,NULL,NULL,NULL,NULL,NULL,NULL,NULL,NULL,NULL,NULL,NULL,NULL,NULL,NULL,NULL,NULL,NULL,NULL
"1036864","99ab229895de09f5393ccadae38ebb9207ea66f267e041995a29e2433fa75068851d70381423c24a69a65b1152ca0a49a1a4be4a5399068b7de6ca9d02f4135f","JE134049","02/06/2021 03:00:00 AM","2","PARKED",NULL,"982861.0",NULL,"TOYOTA","PASEO","IL","2010.0","NONE","PASSENGER","NOT IN USE","E","PARKED",NULL,NULL,"0.0",NULL,NULL,NULL,NULL,NULL,NULL,NULL,NULL,"Y",NULL,NULL,NULL,NULL,NULL,NULL,NULL,NULL,"REAR",NULL,NULL,NULL,NULL,NULL,NULL,NULL,NULL,NULL,NULL,NULL,NULL,NULL,NULL,NULL,NULL,NULL,NULL,NULL,NULL,NULL,NULL,NULL,NULL,NULL,NULL,NULL,NULL,NULL,NULL,NULL,NULL,NULL
"1037029","f934e8670bf88f073b834358829ef7e78944d918633d684bc47b08bc81505d503428965944351aeaa6055a7b8d4346aa7de95420c528ce7f3d9bc8b2898653cd","JE134263","02/06/2021 01:05:00 PM","2","DRIVER",NULL,"982988.0",NULL,"JEEP","WRANGLER","IL","2018.0","UNKNOWN","SPORT UTILITY VEHICLE (SUV)","PERSONAL","W","SLOW/STOP IN TRAFFIC",NULL,NULL,"1.0",NULL,NULL,NULL,NULL,NULL,NULL,NULL,NULL,NULL,"Y",NULL,NULL,NULL,NULL,NULL,NULL,NULL,"REAR-LEFT",NULL,NULL,NULL,NULL,NULL,NULL,NULL,NULL,NULL,NULL,NULL,NULL,NULL,NULL,NULL,NULL,NULL,NULL,NULL,NULL,NULL,NULL,NULL,NULL,NULL,NULL,NULL,NULL,NULL,NULL,NULL,NULL,NULL
"1037115","c9fef824e2f4fecaf4de05f1cf80f1c131e56c3863a18760bd026d8a35af32d325305d374f3087bb80331bc0b5bd31cdb5acdf93ae38c4ee7eb86f3b4f8b3bdb","JE134373","02/06/2021 02:30:00 PM","2","DRIVER",NULL,"983071.0",NULL,"CHRYSLER","300","IL","2016.0","NONE","PASSENGER","PERSONAL","S","MERGING",NULL,NULL,"1.0",NULL,NULL,NULL,NULL,NULL,NULL,NULL,NULL,NULL,"Y","Y","Y",NULL,NULL,NULL,NULL,NULL,"SIDE-LEFT",NULL,NULL,NULL,NULL,NULL,NULL,NULL,NULL,NULL,NULL,NULL,NULL,NULL,NULL,NULL,NULL,NULL,NULL,NULL,NULL,NULL,NULL,NULL,NULL,NULL,NULL,NULL,NULL,NULL,NULL,NULL,NULL,NULL
"1037916","03194d637cb73f044218ed523b3ce40516801d75261f27b2e2f8ad88fc79a806adedaf947b8ff5d78ed85efc823dbf764fd474cba72c79a490e6bf9dcd333ccf","JE135309","02/07/2021 03:18:00 PM","1","DRIVER",NULL,"983810.0",NULL,"BMW","X3","IL","2016.0","NONE","PASSENGER","UNKNOWN/NA","E","STRAIGHT AHEAD",NULL,NULL,"1.0",NULL,NULL,NULL,NULL,NULL,NULL,NULL,NULL,NULL,NULL,NULL,NULL,"Y","Y","Y",NULL,NULL,"TOTAL (ALL AREAS)",NULL,NULL,NULL,NULL,NULL,NULL,NULL,NULL,NULL,NULL,NULL,NULL,NULL,NULL,NULL,NULL,NULL,NULL,NULL,NULL,NULL,NULL,NULL,NULL,NULL,NULL,NULL,NULL,NULL,NULL,NULL,NULL,NULL
"1037962","1f511b7437094c42521eb18b3bbb9063f39c90e737ad05ea07dacd7f677279d2753fa0645cf015b26f089d5a077d07a192415f28c3b3d4a7fbd835efa33b2110","JE135358","02/07/2021 04:45:00 PM","1","DRIVER",NULL,"983858.0",NULL,"NISSAN","ROGUE","IL","2016.0","NONE","PASSENGER","PERSONAL","N","STRAIGHT AHEAD",NULL,NULL,"1.0",NULL,NULL,NULL,NULL,"N",NULL,NULL,NULL,NULL,NULL,NULL,NULL,NULL,NULL,"N","Y",NULL,"OTHER",NULL,NULL,NULL,NULL,NULL,NULL,NULL,NULL,NULL,NULL,NULL,NULL,NULL,NULL,NULL,NULL,NULL,NULL,NULL,NULL,NULL,NULL,NULL,NULL,NULL,NULL,NULL,NULL,NULL,NULL,NULL,NULL,NULL
"1038094","271c89d952abfb94865268e3d96f7e059f18b7a765679c7023d56cfc1b6bc0da7f85654dbdacdf4a14aa9f3cfd254524dbc1e30d85946f7109f2c2143981441c","JE135498","02/07/2021 09:40:00 PM","1","DRIVER",NULL,"983991.0",NULL,"TOYOTA","RAV4","IL","2021.0","NONE","PASSENGER","PERSONAL","W","STRAIGHT AHEAD",NULL,NULL,"1.0",NULL,NULL,NULL,NULL,NULL,NULL,NULL,NULL,NULL,NULL,NULL,NULL,NULL,NULL,NULL,"Y",NULL,"OTHER",NULL,NULL,NULL,NULL,NULL,NULL,NULL,NULL,NULL,NULL,NULL,NULL,NULL,NULL,NULL,NULL,NULL,NULL,NULL,NULL,NULL,NULL,NULL,NULL,NULL,NULL,NULL,NULL,NULL,NULL,NULL,NULL,NULL
"1038269","087e86279f2f53b513026d35d3cac9de42c93bd12de690320286c74b219b4b703aaf7e4e7943e3c24306cecbe593b44ebf3f3433e4f1c563d9680151aa071e40","JE135727","02/08/2021 08:55:00 AM","2","PARKED",NULL,"984169.0",NULL,"CHEVROLET","MALIBU","IL","2015.0","NONE","PASSENGER","NOT IN USE","E","PARKED",NULL,NULL,"0.0",NULL,NULL,NULL,NULL,"Y",NULL,NULL,NULL,NULL,"Y",NULL,NULL,NULL,NULL,"Y","Y",NULL,"OTHER",NULL,NULL,NULL,NULL,NULL,NULL,NULL,NULL,NULL,NULL,NULL,NULL,NULL,NULL,NULL,NULL,NULL,NULL,NULL,NULL,NULL,NULL,NULL,NULL,NULL,NULL,NULL,NULL,NULL,NULL,NULL,NULL,NULL
"1038315","043313737af5b063242263f3159abf4dd90936d1005e97a6d4308d48e614954b137b4791d44765f0b41b3af9d2d7132419c8d1f122253b127676141e859a867c","JE135794","02/08/2021 10:15:00 AM","2","DRIVER",NULL,"984210.0",NULL,"NISSAN","ROGUE","IL","2014.0","NONE","PASSENGER","PERSONAL","N","STRAIGHT AHEAD",NULL,NULL,"1.0",NULL,NULL,NULL,NULL,NULL,NULL,NULL,NULL,"Y","Y",NULL,NULL,NULL,NULL,NULL,NULL,NULL,"REAR",NULL,NULL,NULL,NULL,NULL,NULL,NULL,NULL,NULL,NULL,NULL,NULL,NULL,NULL,NULL,NULL,NULL,NULL,NULL,NULL,NULL,NULL,NULL,NULL,NULL,NULL,NULL,NULL,NULL,NULL,NULL,NULL,NULL
"1038828","17316a707e0f0672c2192735279dff62df5b4f65d80029f9161e9595f6276e1329ffa912e72f73b603664f60615adba7c152ea8b419115f28ac93723fa2c2242","JE136384","02/07/2021 11:17:00 PM","1","DRIVER",NULL,"984711.0",NULL,"FORD","F150","IL","2014.0","UNKNOWN","OTHER","PERSONAL","W","OTHER",NULL,NULL,"1.0",NULL,NULL,NULL,NULL,NULL,NULL,NULL,NULL,NULL,NULL,NULL,NULL,NULL,NULL,NULL,NULL,NULL,"OTHER",NULL,NULL,NULL,NULL,NULL,NULL,NULL,NULL,NULL,NULL,NULL,NULL,NULL,NULL,NULL,NULL,NULL,NULL,NULL,NULL,NULL,NULL,NULL,NULL,NULL,NULL,NULL,NULL,NULL,NULL,NULL,NULL,NULL
"1038971","0c0fbe91d43d81c58811619f10e526d21667c2fe51e1e9416cdca45dba8cf8c3248d72d05f6251ac5bda9ed0046e6f6243ba4bc92f30255fff2a036b8fec7c6c","JE136605","02/09/2021 08:40:00 AM","2","PARKED",NULL,"984840.0",NULL,"FORD","ESCAPE","IL","2017.0","NONE","PASSENGER","NOT IN USE","E","PARKED",NULL,NULL,"0.0",NULL,NULL,NULL,NULL,NULL,NULL,NULL,NULL,"Y",NULL,NULL,NULL,NULL,NULL,NULL,NULL,NULL,"REAR",NULL,NULL,NULL,NULL,NULL,NULL,NULL,NULL,NULL,NULL,NULL,NULL,NULL,NULL,NULL,NULL,NULL,NULL,NULL,NULL,NULL,NULL,NULL,NULL,NULL,NULL,NULL,NULL,NULL,NULL,NULL,NULL,NULL
"1039249","d8666c07c89aedcbb25a3328c419c7cbf4aeb33346901cfa862fc143203979ed80b9536ff55a0a1a54e537b784b8fb1aa1fe010ca8cdc54def70c67482fe0b02","JE137037","02/09/2021 03:15:00 PM","1","DRIVER",NULL,"985113.0",NULL,"FREIGHTLINER CORPORATION","FREIGHTLINER CORP.","IL","2021.0","NONE","TRUCK - SINGLE UNIT","COMMERCIAL - SINGLE UNIT","N","STRAIGHT AHEAD",NULL,NULL,"1.0",NULL,NULL,NULL,"Y",NULL,NULL,NULL,NULL,NULL,NULL,NULL,NULL,NULL,NULL,NULL,NULL,NULL,"TOTAL (ALL AREAS)",NULL,NULL,NULL,NULL,NULL,NULL,NULL,NULL,NULL,NULL,NULL,NULL,NULL,NULL,NULL,NULL,NULL,NULL,NULL,NULL,NULL,NULL,NULL,NULL,NULL,NULL,NULL,NULL,NULL,NULL,NULL,NULL,NULL
"1039260","a4c6f1d88614bc40dd37a7af54a32a8a3dccdbedec88a220a7300db1964271c84f095369407b914710f307be1840c5a0cf3d236ad3904a9136b55f9f6333e578","JE137051","02/09/2021 03:13:00 PM","1","DRIVER",NULL,"985119.0",NULL,"TOYOTA","COROLLA","IL","2011.0","NONE","PASSENGER","PERSONAL","NW","TURNING LEFT","Y",NULL,"1.0",NULL,NULL,NULL,NULL,"Y",NULL,NULL,NULL,NULL,NULL,NULL,NULL,NULL,NULL,NULL,NULL,NULL,"FRONT",NULL,NULL,NULL,NULL,NULL,NULL,NULL,NULL,NULL,NULL,NULL,NULL,NULL,NULL,NULL,NULL,NULL,NULL,NULL,NULL,NULL,NULL,NULL,NULL,NULL,NULL,NULL,NULL,NULL,NULL,NULL,NULL,NULL
"1039317","93196c739963af83733c05f64c459c149fe4d13d283f32bca9092f29be24ff6224031b1a2ae6c8eb1dd822fad47cad016cc8f3f664555c172e57b1a180a414cc","JE137029","02/09/2021 03:24:00 PM","2","DRIVER",NULL,"985199.0",NULL,"DODGE","RAM 1500 PU","IL","2012.0","NONE","PICKUP","PERSONAL","E","SLOW/STOP IN TRAFFIC",NULL,NULL,"1.0",NULL,NULL,NULL,NULL,NULL,NULL,NULL,NULL,"Y","Y","Y","Y",NULL,NULL,NULL,NULL,NULL,"REAR-LEFT",NULL,NULL,NULL,NULL,NULL,NULL,NULL,NULL,NULL,NULL,NULL,NULL,NULL,NULL,NULL,NULL,NULL,NULL,NULL,NULL,NULL,NULL,NULL,NULL,NULL,NULL,NULL,NULL,NULL,NULL,NULL,NULL,NULL
"1039481","a20b79e3f7aeec5cf7728ff5aa4ac89e66b4e2e811af265cb17883468493bf43e26f7f313558b2dd49f02be60af47561036ea60d8b6fb84ee4a77e8574bdd2f3","JE137329","02/09/2021 07:22:00 PM","1","DRIVER",NULL,"985334.0",NULL,"NISSAN","SENTRA","IL","2017.0","UNKNOWN","PASSENGER","PERSONAL","N","STRAIGHT AHEAD",NULL,NULL,"1.0",NULL,NULL,NULL,NULL,NULL,NULL,NULL,NULL,NULL,NULL,NULL,NULL,NULL,NULL,NULL,"Y",NULL,"OTHER",NULL,NULL,NULL,NULL,NULL,NULL,NULL,NULL,NULL,NULL,NULL,NULL,NULL,NULL,NULL,NULL,NULL,NULL,NULL,NULL,NULL,NULL,NULL,NULL,NULL,NULL,NULL,NULL,NULL,NULL,NULL,NULL,NULL
"1039760","169cacd1ecbad3c1fe51e26123179d63123348a6d46ebbce33d6b7e6f09bc4f66f5f15462031b74d97483dfa816675d7a3c9b030fb31e306989731f7458d68e6","JE137743","02/10/2021 10:57:00 AM","3","PARKED",NULL,"985619.0",NULL,"DODGE","OTHER (EXPLAIN IN NARRATIVE)","IL","2011.0","NONE","PASSENGER","PERSONAL","N","PARKED",NULL,NULL,"0.0",NULL,NULL,NULL,NULL,NULL,NULL,NULL,NULL,NULL,"Y",NULL,NULL,NULL,"Y","Y","Y",NULL,"OTHER",NULL,NULL,NULL,NULL,NULL,NULL,NULL,NULL,NULL,NULL,NULL,NULL,NULL,NULL,NULL,NULL,NULL,NULL,NULL,NULL,NULL,NULL,NULL,NULL,NULL,NULL,NULL,NULL,NULL,NULL,NULL,NULL,NULL
"1039807","0f1de963ba130d8f60ea8f9e385f4f808826953e3308813a72d3ae77bc2bc167aa611b83fd8d6046953ced637a61dfdc1db5899d6ccfdacd28c4a76427e536ad","JE137812","02/10/2021 12:00:00 PM","1","DRIVER",NULL,"985648.0",NULL,"CHEVROLET","MALIBU","IL","2017.0","NONE","PASSENGER","PERSONAL","N","STRAIGHT AHEAD",NULL,NULL,"1.0",NULL,NULL,NULL,NULL,NULL,NULL,NULL,NULL,NULL,NULL,NULL,NULL,NULL,"Y","Y","Y",NULL,"TOTAL (ALL AREAS)",NULL,NULL,NULL,NULL,NULL,NULL,NULL,NULL,NULL,NULL,NULL,NULL,NULL,NULL,NULL,NULL,NULL,NULL,NULL,NULL,NULL,NULL,NULL,NULL,NULL,NULL,NULL,NULL,NULL,NULL,NULL,NULL,NULL
"1039809","05f6e1feaac9ab4f099afdb1a9b4a2cd3ccc8a93a3e86cb756d6a4926691dc8b30e5d0fb5d5fa6e2d826c04fa2f26a4d771ffa017a2e49ae08a0000832ed7042","JE137841","02/10/2021 12:22:00 PM","1","DRIVER",NULL,"985649.0",NULL,"CHEVROLET","CRUZE","IL","2017.0","NONE","PASSENGER","PERSONAL","S","TURNING RIGHT",NULL,NULL,"1.0",NULL,NULL,NULL,NULL,NULL,NULL,NULL,NULL,NULL,NULL,NULL,NULL,"Y","Y","Y",NULL,NULL,"ROOF",NULL,NULL,NULL,NULL,NULL,NULL,NULL,NULL,NULL,NULL,NULL,NULL,NULL,NULL,NULL,NULL,NULL,NULL,NULL,NULL,NULL,NULL,NULL,NULL,NULL,NULL,NULL,NULL,NULL,NULL,NULL,NULL,NULL
"1039900","0e8c2e572c71cafb99a3bf3ca5a473453290af3fa8b1518ea344d99e70607a6a61688e7fca4ae968eb605e7032a7a4413ef1995a295358044f841ca80e41fab4","JE137988","02/10/2021 02:50:00 PM","2","DRIVER",NULL,"985753.0",NULL,"CHEVROLET","IMPALA","IL","2016.0","NONE","PASSENGER","PERSONAL","W","STRAIGHT AHEAD","Y",NULL,"1.0",NULL,"private","private",NULL,NULL,NULL,NULL,NULL,NULL,NULL,NULL,"Y","Y","Y","Y",NULL,NULL,"UNDER CARRIAGE",NULL,NULL,NULL,NULL,NULL,NULL,NULL,NULL,NULL,NULL,NULL,NULL,NULL,NULL,NULL,NULL,NULL,NULL,NULL,NULL,NULL,NULL,NULL,NULL,NULL,NULL,NULL,NULL,NULL,NULL,NULL,NULL,NULL
"1040012","2971944475ca555ea4b4798b3bde57f579bb231015b3d484914061cf615b733b5f244e5e8b3929276e1401a77a2513662a58bf8ccf668a002a3c6515c4b9565a","JE138165","02/10/2021 01:10:00 PM","1","DRIVER",NULL,"985852.0",NULL,"BUICK","ENCLAVE","IL","2013.0","UNKNOWN","SPORT UTILITY VEHICLE (SUV)","UNKNOWN/NA","E","PASSING/OVERTAKING",NULL,NULL,"1.0",NULL,NULL,NULL,NULL,NULL,NULL,NULL,NULL,NULL,NULL,NULL,NULL,NULL,NULL,"Y",NULL,NULL,"TOTAL (ALL AREAS)",NULL,NULL,NULL,NULL,NULL,NULL,NULL,NULL,NULL,NULL,NULL,NULL,NULL,NULL,NULL,NULL,NULL,NULL,NULL,NULL,NULL,NULL,NULL,NULL,NULL,NULL,NULL,NULL,NULL,NULL,NULL,NULL,NULL
"1040249","28f772f0b4b4ce215826b2cb2526c6ec4b2eeb9f08fef59e0a76ce4da63cbaf40f2c9ccd16c37ac7e366da8dbe035937c945927ef8f556fc7b5e26e719182d58","JE138576","02/11/2021 06:45:00 AM","2","PARKED",NULL,"986082.0",NULL,"FORD","TAURUS","IL","2014.0","UNKNOWN","PASSENGER","NOT IN USE","W","PARKED","Y",NULL,"0.0",NULL,"NINO'S COMPLETE AUTO REPAIR","1425 N PULASKI RD",NULL,"Y","Y","Y","Y",NULL,NULL,NULL,NULL,NULL,NULL,NULL,NULL,NULL,"UNKNOWN",NULL,NULL,NULL,NULL,NULL,NULL,NULL,NULL,NULL,NULL,NULL,NULL,NULL,NULL,NULL,NULL,NULL,NULL,NULL,NULL,NULL,NULL,NULL,NULL,NULL,NULL,NULL,NULL,NULL,NULL,NULL,NULL,NULL
"1040261","dfbf0d268281c39ee71b5e7f0dd1d7d133ce49c8231ae06722dd826bf4e5afa0ebe6777aaeca6a4d6c3d74073dc910bb9115e5e510b350d172dffd1fcd834651","JE138539","02/11/2021 08:30:00 AM","1","DRIVER",NULL,"986099.0",NULL,"FORD","ESCAPE","FL","2020.0","NONE","PASSENGER","PERSONAL","E","STRAIGHT AHEAD","Y",NULL,"1.0",NULL,NULL,NULL,NULL,"Y","Y",NULL,NULL,NULL,NULL,NULL,NULL,NULL,"Y","Y","Y",NULL,"OTHER",NULL,NULL,NULL,NULL,NULL,NULL,NULL,NULL,NULL,NULL,NULL,NULL,NULL,NULL,NULL,NULL,NULL,NULL,NULL,NULL,NULL,NULL,NULL,NULL,NULL,NULL,NULL,NULL,NULL,NULL,NULL,NULL,NULL
"1040327","216799aa0feebb14f3cd17d99ebbd9a68bc48caf13921677c5730194b1de2c80a20d8645ce84f523eb3c8f13acbd6f3f0ee6acf0c5ae9e3cf8ba312ab8951c7e","JE138720","02/11/2021 08:00:00 AM","2","PARKED",NULL,"986156.0",NULL,"BMW","X3","IL","2019.0","NONE","PASSENGER","NOT IN USE","N","PARKED",NULL,NULL,"0.0",NULL,NULL,NULL,NULL,NULL,NULL,NULL,NULL,NULL,NULL,NULL,NULL,NULL,NULL,NULL,"Y",NULL,"OTHER",NULL,NULL,NULL,NULL,NULL,NULL,NULL,NULL,NULL,NULL,NULL,NULL,NULL,NULL,NULL,NULL,NULL,NULL,NULL,NULL,NULL,NULL,NULL,NULL,NULL,NULL,NULL,NULL,NULL,NULL,NULL,NULL,NULL
"1040659","c5337a6551428b4c6c294475a11b1d4b4d1f31747ceaec237de826b60d684bd047f8e7c11de7b3423c0ec98a4634ce0602bf78f26b8339295fa9704f31de7a65","JE139143","02/11/2021 06:20:00 PM","2","DRIVER","1.0","986496.0",NULL,"CHEVROLET","MALIBU","IL","2015.0","NONE","PASSENGER","PERSONAL","S","SLOW/STOP IN TRAFFIC",NULL,NULL,"2.0",NULL,NULL,NULL,NULL,NULL,NULL,NULL,NULL,"Y","Y","Y","N",NULL,NULL,NULL,NULL,NULL,"REAR-LEFT",NULL,NULL,NULL,NULL,NULL,NULL,NULL,NULL,NULL,NULL,NULL,NULL,NULL,NULL,NULL,NULL,NULL,NULL,NULL,NULL,NULL,NULL,NULL,NULL,NULL,NULL,NULL,NULL,NULL,NULL,NULL,NULL,NULL
"1040788","765fa5b2d195c9f1e301fbc7a1d945889f2ec825b01fa319fd3995dba417ec3162453df53520d52406a437be24d4e3befbb4b5e12447ff4729de6cb8915fa336","JE138776","02/05/2021 05:10:00 AM","2","DRIVER",NULL,"986613.0",NULL,"NISSAN","MAXIMA","IN","2009.0","UNKNOWN","PASSENGER","PERSONAL","SE","UNKNOWN/NA",NULL,NULL,"1.0",NULL,NULL,NULL,NULL,"Y",NULL,NULL,NULL,NULL,NULL,NULL,NULL,NULL,NULL,NULL,NULL,NULL,"FRONT-RIGHT",NULL,NULL,NULL,NULL,NULL,NULL,NULL,NULL,NULL,NULL,NULL,NULL,NULL,NULL,NULL,NULL,NULL,NULL,NULL,NULL,NULL,NULL,NULL,NULL,NULL,NULL,NULL,NULL,NULL,NULL,NULL,NULL,NULL
"1040885","3bdc648cc48d1cd4a59da445ea2886f58f1e0e91b5f29ec4d28827a14d5fddd2f150d27c02fb1e1739354ee2c5243a9f4d45fac707e3566f5ac4450a3ac8ed02","JE139600","02/12/2021 10:08:00 AM","1","DRIVER",NULL,"986763.0",NULL,"NISSAN","SENTRA","IL","2020.0","NONE","PASSENGER","PERSONAL","S","STRAIGHT AHEAD",NULL,NULL,"1.0",NULL,NULL,NULL,NULL,"Y",NULL,NULL,NULL,"Y",NULL,NULL,NULL,NULL,NULL,"Y","Y",NULL,"FRONT-LEFT",NULL,NULL,NULL,NULL,NULL,NULL,NULL,NULL,NULL,NULL,NULL,NULL,NULL,NULL,NULL,NULL,NULL,NULL,NULL,NULL,NULL,NULL,NULL,NULL,NULL,NULL,NULL,NULL,NULL,NULL,NULL,NULL,NULL
"1041074","36cca783637bb7e68a0d7f6dc06289c6d1ffdb8951b9ce180b68571faa74cca2670d9ddc74c61b5b9689f26c477a02f2fadcf00134dc992008d6495d81aab356","JE139830","02/12/2021 12:30:00 PM","1","DRIVER",NULL,"986893.0",NULL,"JAGUAR","XJ","IL","2016.0","NONE","PASSENGER","PERSONAL","W","OTHER",NULL,NULL,"1.0",NULL,NULL,NULL,NULL,NULL,NULL,NULL,NULL,NULL,NULL,NULL,NULL,NULL,NULL,NULL,"Y",NULL,"OTHER",NULL,NULL,NULL,NULL,NULL,NULL,NULL,NULL,NULL,NULL,NULL,NULL,NULL,NULL,NULL,NULL,NULL,NULL,NULL,NULL,NULL,NULL,NULL,NULL,NULL,NULL,NULL,NULL,NULL,NULL,NULL,NULL,NULL
"1041304","85aa734d7a28c3a82a11fa27b18c70e29692f10db1a4d806a14879c6915107a15641ba18c9f213644377731e159c0472822cd05dabdc597146d7365cb3d65462","JE140131","02/12/2021 05:36:00 PM","2","DRIVER",NULL,"987131.0",NULL,"MERCEDES-BENZ","GLA","IL","2018.0","NONE","PASSENGER","PERSONAL","N","SLOW/STOP IN TRAFFIC","Y",NULL,"1.0",NULL,"PRIVATE TOW",NULL,NULL,NULL,NULL,NULL,"Y","Y","Y","Y","Y",NULL,NULL,NULL,NULL,NULL,"REAR-LEFT",NULL,NULL,NULL,NULL,NULL,NULL,NULL,NULL,NULL,NULL,NULL,NULL,NULL,NULL,NULL,NULL,NULL,NULL,NULL,NULL,NULL,NULL,NULL,NULL,NULL,NULL,NULL,NULL,NULL,NULL,NULL,NULL,NULL
"1041581","f0d20e754dd8d9eaade308fdda33e26217deb12b63c2e123a7fe6eeab2fb51d4213a1ee81f7c91bba66b424ea74d25e801f48f0bc8041e67bcb6a6eaa153be2a","JE140577","02/13/2021 10:25:00 AM","2","DRIVER",NULL,"987389.0",NULL,"HONDA","ACCORD","IL","2009.0","NONE","PASSENGER","PERSONAL","E","STRAIGHT AHEAD",NULL,NULL,"1.0",NULL,NULL,NULL,NULL,"Y",NULL,NULL,NULL,NULL,NULL,NULL,NULL,NULL,NULL,NULL,NULL,NULL,"FRONT",NULL,NULL,NULL,NULL,NULL,NULL,NULL,NULL,NULL,NULL,NULL,NULL,NULL,NULL,NULL,NULL,NULL,NULL,NULL,NULL,NULL,NULL,NULL,NULL,NULL,NULL,NULL,NULL,NULL,NULL,NULL,NULL,NULL