"CRASH_UNIT_ID","CRASH_RECORD_ID","RD_NO","CRASH_DATE","UNIT_NO","UNIT_TYPE","NUM_PASSENGERS","VEHICLE_ID","CMRC_VEH_I","MAKE","MODEL","LIC_PLATE_STATE","VEHICLE_YEAR","VEHICLE_DEFECT","VEHICLE_TYPE","VEHICLE_USE","TRAVEL_DIRECTION","MANEUVER","TOWED_I","FIRE_I","OCCUPANT_CNT","EXCEED_SPEED_LIMIT_I","TOWED_BY","TOWED_TO","AREA_00_I","AREA_01_I","AREA_02_I","AREA_03_I","AREA_04_I","AREA_05_I","AREA_06_I","AREA_07_I","AREA_08_I","AREA_09_I","AREA_10_I","AREA_11_I","AREA_12_I","AREA_99_I","FIRST_CONTACT_POINT","CMV_ID","USDOT_NO","CCMC_NO","ILCC_NO","COMMERCIAL_SRC","GVWR","CARRIER_NAME","CARRIER_STATE","CARRIER_CITY","HAZMAT_PLACARDS_I","HAZMAT_NAME","UN_NO","HAZMAT_PRESENT_I","HAZMAT_REPORT_I","HAZMAT_REPORT_NO","MCS_REPORT_I","MCS_REPORT_NO","HAZMAT_VIO_CAUSE_CRASH_I","MCS_VIO_CAUSE_CRASH_I","IDOT_PERMIT_NO","WIDE_LOAD_I","TRAILER1_WIDTH","TRAILER2_WIDTH","TRAILER1_LENGTH","TRAILER2_LENGTH","TOTAL_VEHICLE_LENGTH","AXLE_CNT","VEHICLE_CONFIG","CARGO_BODY_TYPE","LOAD_TYPE","HAZMAT_OUT_OF_SERVICE_I","MCS_OUT_OF_SERVICE_I","HAZMAT_CLASS"
"1041607","b1da547f0e18161fbb0edf720a66672aa36e68f7e86b24c59b0efdbf129a0a9de1e1b2e99de52cd147b3b11a5a4fd3948bc96367dc3bf550d109c4b5c048115a","JE140613","02/13/2021 10:20:00 AM","2","DRIVER",NULL,"987416.0",NULL,"CHEVROLET","TRUCK",NULL,"2021.0","NONE","PASSENGER","PERSONAL","S","STRAIGHT AHEAD",NULL,NULL,"1.0",NULL,NULL,NULL,NULL,NULL,NULL,NULL,NULL,NULL,NULL,NULL,NULL,NULL,NULL,NULL,"Y",NULL,"OTHER",NULL,NULL,NULL,NULL,NULL,NULL,NULL,NULL,NULL,NULL,NULL,NULL,NULL,NULL,NULL,NULL,NULL,NULL,NULL,NULL,NULL,NULL,NULL,NULL,NULL,NULL,NULL,NULL,NULL,NULL,NULL,NULL,NULL
"1041628","d2e7a17754ccad2f6790b2ee345fc96f7335669318e26ac7351e74e630db74395e0d8175a561587531aa42ba931cec2a51d7fd16a2cec8aa80f55007f7488538","JE140649","02/13/2021 11:00:00 AM","1","DRIVER",NULL,"987425.0",NULL,"FORD","OTHER (EXPLAIN IN NARRATIVE)","IL","2009.0","UNKNOWN","PASSENGER","UNKNOWN/NA","S","PASSING/OVERTAKING",NULL,NULL,"1.0",NULL,NULL,NULL,NULL,NULL,NULL,NULL,NULL,NULL,NULL,NULL,NULL,NULL,NULL,NULL,NULL,"Y","UNKNOWN",NULL,NULL,NULL,NULL,NULL,NULL,NULL,NULL,NULL,NULL,NULL,NULL,NULL,NULL,NULL,NULL,NULL,NULL,NULL,NULL,NULL,NULL,NULL,NULL,NULL,NULL,NULL,NULL,NULL,NULL,NULL,NULL,NULL
"1042467","be35292990134c048feae193c45b15f26a96ec626220ad7972dc7fc33d1e9af3d7502f045795aabb1d91f18bf5a966e483c2a6bcc0840595234099a890db5aeb","JE141741","02/14/2021 03:41:00 PM","2","DRIVER",NULL,"988248.0",NULL,"GENERAL MOTORS CORPORATION (GMC)","SAVANNAH","AZ","2012.0","NONE","TRUCK - SINGLE UNIT","PERSONAL","S","SLOW/STOP IN TRAFFIC",NULL,NULL,"1.0",NULL,NULL,NULL,NULL,"Y","Y",NULL,NULL,NULL,NULL,NULL,NULL,NULL,NULL,NULL,NULL,NULL,"SIDE-RIGHT",NULL,NULL,NULL,NULL,NULL,NULL,NULL,NULL,NULL,NULL,NULL,NULL,NULL,NULL,NULL,NULL,NULL,NULL,NULL,NULL,NULL,NULL,NULL,NULL,NULL,NULL,NULL,NULL,NULL,NULL,NULL,NULL,NULL
"1042505","9c196686b1b4270e7a875169d0ae12f2aadef8d2d313d5b1277507bd91462e558e3585375481a90b9b124ebe48cea923dab2aac3769a8d32d758beb1b4c44898","JE141781","02/14/2021 05:40:00 PM","2","DRIVER",NULL,"988291.0",NULL,"FORD","FOCUS","IL","2011.0","NONE","PASSENGER","PERSONAL","N","STRAIGHT AHEAD","Y",NULL,"1.0",NULL,"PERSONAL TOW",NULL,NULL,NULL,NULL,NULL,"Y","Y","Y","Y","Y",NULL,NULL,NULL,NULL,NULL,"REAR-LEFT",NULL,NULL,NULL,NULL,NULL,NULL,NULL,NULL,NULL,NULL,NULL,NULL,NULL,NULL,NULL,NULL,NULL,NULL,NULL,NULL,NULL,NULL,NULL,NULL,NULL,NULL,NULL,NULL,NULL,NULL,NULL,NULL,NULL
"1042570","6517163398720c064b9b9b996ea84695824ad5a2c44e04b03f542eb3b1f74724d4e30c6cd8b348fe54bb261cc0c70dfaa0ef78bce4be529e00a4368903e00fd6","JE141880","02/14/2021 09:05:00 PM","1","DRIVER",NULL,"988349.0",NULL,"JEEP","CHEROKEE","IL","2016.0","NONE","PASSENGER","PERSONAL","N","STRAIGHT AHEAD","Y",NULL,"1.0",NULL,NULL,NULL,NULL,"Y",NULL,NULL,NULL,NULL,NULL,NULL,NULL,NULL,NULL,"Y","Y",NULL,"OTHER",NULL,NULL,NULL,NULL,NULL,NULL,NULL,NULL,NULL,NULL,NULL,NULL,NULL,NULL,NULL,NULL,NULL,NULL,NULL,NULL,NULL,NULL,NULL,NULL,NULL,NULL,NULL,NULL,NULL,NULL,NULL,NULL,NULL
"1042643","5baca7d1a212fe4da05e7c51c00ef6d78787cc00a92d0bea098333f8ef40be82acd8b449536d1f1b576b32e1e6e8c712c4356c1755e8c7acfcd4ca91f333277b","JE142020","02/15/2021 05:15:00 AM","2","PARKED",NULL,"988423.0",NULL,"BUICK","VERANO","IL","2016.0","NONE","PASSENGER","NOT IN USE","N","PARKED",NULL,NULL,"0.0",NULL,NULL,NULL,NULL,NULL,NULL,NULL,"Y","Y",NULL,NULL,NULL,NULL,NULL,NULL,NULL,NULL,"REAR-RIGHT",NULL,NULL,NULL,NULL,NULL,NULL,NULL,NULL,NULL,NULL,NULL,NULL,NULL,NULL,NULL,NULL,NULL,NULL,NULL,NULL,NULL,NULL,NULL,NULL,NULL,NULL,NULL,NULL,NULL,NULL,NULL,NULL,NULL
"1042809","89b29cbbe8d9595780c3a09a87462f50c1051666584ed5844efbb2ae222020f2fe83ad2eb3f7a1d1b2b54f928b10d9ad5cf132b11b3609fa70ff836b86f6229a","JE142270","02/15/2021 11:40:00 AM","1","DRIVER",NULL,"988588.0",NULL,"FREIGHTLINER CORPORATION","OTHER (EXPLAIN IN NARRATIVE)","IL","2012.0","NONE","TRACTOR W/ SEMI-TRAILER","PERSONAL","W","STRAIGHT AHEAD",NULL,NULL,"1.0",NULL,NULL,NULL,NULL,NULL,NULL,NULL,NULL,NULL,NULL,NULL,NULL,NULL,NULL,NULL,NULL,NULL,"NONE",NULL,NULL,NULL,NULL,NULL,NULL,NULL,NULL,NULL,NULL,NULL,NULL,NULL,NULL,NULL,NULL,NULL,NULL,NULL,NULL,NULL,NULL,NULL,NULL,NULL,NULL,NULL,NULL,NULL,NULL,NULL,NULL,NULL
"1042911","d2b477038c75015f6eaed5967d98d4ada6b72140c472a43161711cabfbacfd2270a19ec74643d89c061ccfe83519aa76c50035efecc3f8e2a77b42991cef0922","JE142369","02/15/2021 01:22:00 PM","1","DRIVER",NULL,"988677.0",NULL,"HYUNDAI","ELANTRA","VA","2018.0","UNKNOWN","PASSENGER","UNKNOWN/NA","W","SLOW/STOP IN TRAFFIC",NULL,NULL,"1.0",NULL,NULL,NULL,NULL,NULL,NULL,NULL,NULL,NULL,NULL,NULL,NULL,NULL,NULL,NULL,"Y",NULL,"OTHER",NULL,NULL,NULL,NULL,NULL,NULL,NULL,NULL,NULL,NULL,NULL,NULL,NULL,NULL,NULL,NULL,NULL,NULL,NULL,NULL,NULL,NULL,NULL,NULL,NULL,NULL,NULL,NULL,NULL,NULL,NULL,NULL,NULL
"1042936","e43b4396a680f78d886089fa6b54ea25bb02fd0f11c81a0a37dbb882ce5740115be3ae01e2a02cafe9778cc9736181a1ee952df14ef869a014db8d78f6e95016","JE142371","02/15/2021 01:28:00 PM","2","DRIVER",NULL,"988741.0",NULL,"HYUNDAI","SONATA","IL","2019.0","NONE","PASSENGER","PERSONAL","E","STRAIGHT AHEAD",NULL,NULL,"1.0",NULL,NULL,NULL,NULL,NULL,NULL,NULL,NULL,NULL,NULL,NULL,NULL,NULL,NULL,"Y",NULL,NULL,"TOTAL (ALL AREAS)",NULL,NULL,NULL,NULL,NULL,NULL,NULL,NULL,NULL,NULL,NULL,NULL,NULL,NULL,NULL,NULL,NULL,NULL,NULL,NULL,NULL,NULL,NULL,NULL,NULL,NULL,NULL,NULL,NULL,NULL,NULL,NULL,NULL
"1043107","e325f8a68e3a824d177517d83906fafccb8adb0cb634ae5ccaead596c2c5ab615aec36d45149abb4bd239743db662108df714b0faeb1b6103495a1c8d3cb30de","JE142610","02/15/2021 06:00:00 PM","2","DRIVER","1.0","988875.0",NULL,"TOYOTA","COROLLA","IL","2008.0","UNKNOWN","PASSENGER","PERSONAL","N","SLOW/STOP IN TRAFFIC",NULL,NULL,"2.0",NULL,NULL,NULL,NULL,NULL,NULL,NULL,NULL,NULL,"Y",NULL,NULL,NULL,NULL,NULL,NULL,NULL,"REAR-LEFT",NULL,NULL,NULL,NULL,NULL,NULL,NULL,NULL,NULL,NULL,NULL,NULL,NULL,NULL,NULL,NULL,NULL,NULL,NULL,NULL,NULL,NULL,NULL,NULL,NULL,NULL,NULL,NULL,NULL,NULL,NULL,NULL,NULL
"1043174","a9870f31a4279ef26e85c51d043bb2d321f3247036ca16af406270d1796010066c1cceff38714ef14d954e8b53ca50a5eb7d9312f39961bdeb16e43efe2efe80","JE142727","02/15/2021 09:30:00 PM","2","DRIVER","2.0","988942.0",NULL,"LEXUS","ES350",NULL,"2013.0","NONE","PASSENGER","PERSONAL","W","TURNING LEFT",NULL,NULL,"3.0",NULL,NULL,NULL,NULL,"Y","Y",NULL,NULL,NULL,NULL,NULL,NULL,NULL,NULL,NULL,NULL,NULL,"FRONT-RIGHT",NULL,NULL,NULL,NULL,NULL,NULL,NULL,NULL,NULL,NULL,NULL,NULL,NULL,NULL,NULL,NULL,NULL,NULL,NULL,NULL,NULL,NULL,NULL,NULL,NULL,NULL,NULL,NULL,NULL,NULL,NULL,NULL,NULL
"1043232","68b5bf0ce919c7b8c60117ac274f2fa3ed79d02f470194cacaeb9119c3bda458777d85bf5949bc3d869db22bae3c5f9e5f9ce32c3afb0a0a8ceecfe29f14c92d","JE140311","02/12/2021 11:28:00 PM","1","DRIVER",NULL,"989000.0",NULL,"ACURA","RLX","IL","2013.0","UNKNOWN","PASSENGER","UNKNOWN/NA","S","STRAIGHT AHEAD","Y",NULL,"1.0",NULL,NULL,NULL,NULL,NULL,NULL,NULL,NULL,NULL,"Y","Y","Y","Y","Y","Y","Y",NULL,"TOTAL (ALL AREAS)",NULL,NULL,NULL,NULL,NULL,NULL,NULL,NULL,NULL,NULL,NULL,NULL,NULL,NULL,NULL,NULL,NULL,NULL,NULL,NULL,NULL,NULL,NULL,NULL,NULL,NULL,NULL,NULL,NULL,NULL,NULL,NULL,NULL
"1043266","436d31c300d12ec1d2c62be0d5f0b3c2ac861052e74f6d456e73b158126e2e2317dee0f1916a281aec61f427ed891e447aa112091ced65d26602efd73e5b96f0","JE142872","02/16/2021 08:20:00 AM","1","DRIVER",NULL,"989037.0",NULL,"CHEVROLET","EXPRESS","IL","2017.0","NONE","TRUCK - SINGLE UNIT","CONSTRUCTION/MAINTENANCE","N","CHANGING LANES",NULL,NULL,"1.0",NULL,NULL,NULL,NULL,NULL,"Y","Y","Y",NULL,NULL,NULL,NULL,NULL,NULL,NULL,NULL,NULL,"SIDE-RIGHT",NULL,NULL,NULL,NULL,NULL,NULL,NULL,NULL,NULL,NULL,NULL,NULL,NULL,NULL,NULL,NULL,NULL,NULL,NULL,NULL,NULL,NULL,NULL,NULL,NULL,NULL,NULL,NULL,NULL,NULL,NULL,NULL,NULL
"1043291","350315d0bcd828d7932c60a219f90bc53175540085a367db266e6e220e70bfee7500e0f92a81d093be0c823bcc662a324486fdcd14e9c3e4f68cc4addbe24b04","JE142901","02/16/2021 09:30:00 AM","2","DRIVERLESS",NULL,"989061.0",NULL,"TOYOTA","CAMRY","IL","2012.0","UNKNOWN","UNKNOWN/NA","UNKNOWN/NA","W","PARKED",NULL,NULL,"0.0",NULL,NULL,NULL,NULL,NULL,NULL,NULL,NULL,NULL,NULL,NULL,NULL,NULL,"Y","Y","Y",NULL,"UNKNOWN",NULL,NULL,NULL,NULL,NULL,NULL,NULL,NULL,NULL,NULL,NULL,NULL,NULL,NULL,NULL,NULL,NULL,NULL,NULL,NULL,NULL,NULL,NULL,NULL,NULL,NULL,NULL,NULL,NULL,NULL,NULL,NULL,NULL
"1043303","f58512472a93955a4628b211c1fc3ba80c5f91428942f64c1cd7cb30a4517601ee745aaba49d61cc2cc943e8d990ed39655604bd5055b0f8b997a08705a994ea","JE142937","02/16/2021 10:45:00 AM","2","DRIVER",NULL,"989068.0",NULL,"NISSAN","ALTIMA","IL","2014.0","NONE","PASSENGER","PERSONAL","W","STRAIGHT AHEAD",NULL,NULL,"1.0",NULL,NULL,NULL,NULL,"Y","Y",NULL,NULL,NULL,NULL,NULL,NULL,NULL,NULL,NULL,"Y",NULL,"REAR",NULL,NULL,NULL,NULL,NULL,NULL,NULL,NULL,NULL,NULL,NULL,NULL,NULL,NULL,NULL,NULL,NULL,NULL,NULL,NULL,NULL,NULL,NULL,NULL,NULL,NULL,NULL,NULL,NULL,NULL,NULL,NULL,NULL
"1043567","6a06cc63c544624d69a9f82619087a230b3bfab961784bcf0efb7b9d4774a2d3352337c6fcfffa4a2b6cfbbdd6ca801ab4051d2fc2171c8e188603b1e99a3778","JE143243","02/16/2021 04:45:00 PM","2","DRIVER",NULL,"989321.0",NULL,"CHEVROLET","MALIBU","IL","2020.0","NONE","PASSENGER","PERSONAL","E","SLOW/STOP IN TRAFFIC",NULL,NULL,"1.0",NULL,NULL,NULL,NULL,"Y",NULL,NULL,NULL,NULL,NULL,NULL,NULL,NULL,NULL,"Y","Y",NULL,"OTHER",NULL,NULL,NULL,NULL,NULL,NULL,NULL,NULL,NULL,NULL,NULL,NULL,NULL,NULL,NULL,NULL,NULL,NULL,NULL,NULL,NULL,NULL,NULL,NULL,NULL,NULL,NULL,NULL,NULL,NULL,NULL,NULL,NULL
"1043908","dc165c8a681ec5e64ba3012e8dd37f0da102073e4e0b189de1b3e23e223e64f6c77ce7e86051137c394b4ced7d976d8febbb40fcf5825134839b2991b2d883f7","JE143725","02/17/2021 10:35:00 AM","1","DRIVER",NULL,"989664.0",NULL,"NISSAN","ALTIMA","IL","2015.0","NONE","PASSENGER","PERSONAL","N","LEAVING TRAFFIC LANE TO PARK",NULL,NULL,"1.0",NULL,NULL,NULL,NULL,NULL,NULL,NULL,NULL,NULL,NULL,NULL,NULL,NULL,NULL,"Y","Y",NULL,"TOTAL (ALL AREAS)",NULL,NULL,NULL,NULL,NULL,NULL,NULL,NULL,NULL,NULL,NULL,NULL,NULL,NULL,NULL,NULL,NULL,NULL,NULL,NULL,NULL,NULL,NULL,NULL,NULL,NULL,NULL,NULL,NULL,NULL,NULL,NULL,NULL
"1044111","79d312c8eb980ef68e7188c21038e7aff41f3bc30f1d3dc517c92466a5eab45c2d3b1464031b6ab681a2f744c613a48e9b9b164ab69950832800610d2d3919b1","JE144046","02/17/2021 03:50:00 PM","2","DRIVER",NULL,"989860.0",NULL,"BUICK","LACROSSE","IL","2012.0","NONE","PASSENGER","PERSONAL","W","STRAIGHT AHEAD",NULL,NULL,"1.0",NULL,NULL,NULL,NULL,NULL,NULL,NULL,NULL,NULL,NULL,NULL,NULL,"Y",NULL,NULL,NULL,NULL,"ROOF",NULL,NULL,NULL,NULL,NULL,NULL,NULL,NULL,NULL,NULL,NULL,NULL,NULL,NULL,NULL,NULL,NULL,NULL,NULL,NULL,NULL,NULL,NULL,NULL,NULL,NULL,NULL,NULL,NULL,NULL,NULL,NULL,NULL
"1044132","206d6506e78b6b260d3b966f98cee9e654da41f505bd2306d2e40641105bf5bad8c2d48e50bd8caeed52bc2f091eb1834f080f49589d6ef1ad68fda55df2077c","JE144061","02/17/2021 02:30:00 PM","1","DRIVER",NULL,"989874.0",NULL,"JEEP","CHEROKEE","IL","2015.0","NONE","SPORT UTILITY VEHICLE (SUV)","PERSONAL","N","STRAIGHT AHEAD",NULL,NULL,"1.0",NULL,NULL,NULL,NULL,NULL,NULL,NULL,NULL,NULL,NULL,NULL,NULL,NULL,NULL,NULL,NULL,NULL,"OTHER",NULL,NULL,NULL,NULL,NULL,NULL,NULL,NULL,NULL,NULL,NULL,NULL,NULL,NULL,NULL,NULL,NULL,NULL,NULL,NULL,NULL,NULL,NULL,NULL,NULL,NULL,NULL,NULL,NULL,NULL,NULL,NULL,NULL
"1044303","e9d854f8dbdcc1c39fd6ff6da2371e1026f019fed90524e70671b09734b92489df98ce6dadc8918e2ebdcb07673fd5c4e3ae2e3287fcac093b5ea6bcfcfbeaad","JE144233","02/17/2021 05:45:00 PM","2","DRIVER",NULL,"990061.0",NULL,"VOLKSWAGEN","JETTA",NULL,"2009.0","UNKNOWN","PASSENGER","PERSONAL","S","STRAIGHT AHEAD",NULL,NULL,"1.0",NULL,NULL,NULL,NULL,NULL,NULL,NULL,NULL,"Y","Y","Y",NULL,NULL,NULL,NULL,NULL,NULL,"REAR-LEFT",NULL,NULL,NULL,NULL,NULL,NULL,NULL,NULL,NULL,NULL,NULL,NULL,NULL,NULL,NULL,NULL,NULL,NULL,NULL,NULL,NULL,NULL,NULL,NULL,NULL,NULL,NULL,NULL,NULL,NULL,NULL,NULL,NULL
"1044516","743e697a64cde63c9d7e118a5866e2eace756680896932ea3ebde9d288a5c0161e90207235129e4cee672868270a720002b072e96be215107688c0f96ac83977","JE144493","02/18/2021 02:35:00 AM","2","DRIVER",NULL,"990231.0",NULL,"DODGE","OTHER (EXPLAIN IN NARRATIVE)","IL","2017.0","NONE","OTHER","TOW TRUCK","S","STRAIGHT AHEAD",NULL,NULL,"1.0",NULL,NULL,NULL,NULL,"Y",NULL,NULL,NULL,NULL,NULL,NULL,NULL,NULL,NULL,"Y","Y",NULL,"OTHER",NULL,NULL,NULL,NULL,NULL,NULL,NULL,NULL,NULL,NULL,NULL,NULL,NULL,NULL,NULL,NULL,NULL,NULL,NULL,NULL,NULL,NULL,NULL,NULL,NULL,NULL,NULL,NULL,NULL,NULL,NULL,NULL,NULL
"1044533","5d9f5e1238478fff69adf639d0550a66e032c57a038c870bceb4b796c8144d1aab0d6d7c6eac02d144e15035bdb9a213668f27a92e0a4f160202ff8b599a0281","JE143807","02/17/2021 07:20:00 AM","1","DRIVER",NULL,"990250.0",NULL,"CHEVROLET","OTHER (EXPLAIN IN NARRATIVE)","IL","2017.0","NONE","VAN/MINI-VAN","OTHER","N","BACKING",NULL,NULL,"1.0",NULL,NULL,NULL,NULL,NULL,NULL,NULL,NULL,NULL,"Y",NULL,NULL,NULL,NULL,NULL,NULL,NULL,"REAR-LEFT",NULL,NULL,NULL,NULL,NULL,NULL,NULL,NULL,NULL,NULL,NULL,NULL,NULL,NULL,NULL,NULL,NULL,NULL,NULL,NULL,NULL,NULL,NULL,NULL,NULL,NULL,NULL,NULL,NULL,NULL,NULL,NULL,NULL
"1044979","6e0f3ac2f59a6cb8ffd6fd7429be138f0acf17686c8af38b284e0b717ce5ab9e13761d897f9da1e94761870c965437e5a5200a1ad1c84e752ad75179586d72d6","JE130680","02/02/2021 06:52:00 PM","1","DRIVER","1.0","990673.0",NULL,"FORD","EXPLORER","IL","2017.0","NONE","PASSENGER","POLICE","S","PASSING/OVERTAKING","Y",NULL,"2.0",NULL,NULL,NULL,NULL,NULL,NULL,"Y","Y",NULL,NULL,NULL,NULL,NULL,NULL,NULL,NULL,NULL,"SIDE-RIGHT",NULL,NULL,NULL,NULL,NULL,NULL,NULL,NULL,NULL,NULL,NULL,NULL,NULL,NULL,NULL,NULL,NULL,NULL,NULL,NULL,NULL,NULL,NULL,NULL,NULL,NULL,NULL,NULL,NULL,NULL,NULL,NULL,NULL
"1045161","353b2ee1b0d4d9ce7216dcf9652addb086d8b58305534e2a7091415d375e81d5106671db9ca0d64b9343b924b554ba586e61e0680241bed616a0838e0553a500","JE145341","02/14/2021 08:30:00 PM","2","DRIVER",NULL,"990881.0",NULL,"CHEVROLET","MALIBU","IL","2014.0","UNKNOWN","PASSENGER","PERSONAL","E","BACKING",NULL,NULL,"1.0",NULL,NULL,NULL,"Y",NULL,NULL,NULL,NULL,NULL,NULL,NULL,NULL,NULL,NULL,NULL,NULL,NULL,"NONE",NULL,NULL,NULL,NULL,NULL,NULL,NULL,NULL,NULL,NULL,NULL,NULL,NULL,NULL,NULL,NULL,NULL,NULL,NULL,NULL,NULL,NULL,NULL,NULL,NULL,NULL,NULL,NULL,NULL,NULL,NULL,NULL,NULL
"1045326","5b7ccf56f3332a74ca4e43fb429d619189a0f1dbb4c88e82a9bb9233367fdb44df5fbce5d889d105f0c8987d7baed62bf40045ccd3495f6eb41f674f1f35513d","JE145660","02/12/2021 10:15:00 AM","2","PARKED",NULL,"991021.0",NULL,"TESLA","MODEL S","IL","2016.0","NONE","PASSENGER","PERSONAL","W","PARKED",NULL,NULL,"0.0",NULL,NULL,NULL,NULL,NULL,NULL,NULL,NULL,NULL,NULL,"Y",NULL,NULL,NULL,NULL,NULL,NULL,"FRONT-LEFT",NULL,NULL,NULL,NULL,NULL,NULL,NULL,NULL,NULL,NULL,NULL,NULL,NULL,NULL,NULL,NULL,NULL,NULL,NULL,NULL,NULL,NULL,NULL,NULL,NULL,NULL,NULL,NULL,NULL,NULL,NULL,NULL,NULL
"1045743","c65f15750d978631e700b709b9c24f48c8a033fd77a695ef0608f4d378801674f5ca5a89f0df3d56d54b7d6986d12c11eaa5d528eadee1337a750eaca79dbb84","JE146031","02/19/2021 01:30:00 PM","3","DRIVER",NULL,"991433.0",NULL,"TOYOTA","CAMRY","IL","2012.0","NONE","PASSENGER","PERSONAL","N","STRAIGHT AHEAD",NULL,NULL,"1.0",NULL,NULL,NULL,NULL,NULL,NULL,NULL,NULL,NULL,"Y","Y",NULL,NULL,NULL,NULL,NULL,NULL,"SIDE-LEFT",NULL,NULL,NULL,NULL,NULL,NULL,NULL,NULL,NULL,NULL,NULL,NULL,NULL,NULL,NULL,NULL,NULL,NULL,NULL,NULL,NULL,NULL,NULL,NULL,NULL,NULL,NULL,NULL,NULL,NULL,NULL,NULL,NULL
"1045800","967fc8a6ea1423ae2d57b95c4af8ee063f23effdab5033ea3dad8e5fe316cfe99489bbdac0435f4f79a39469dc592445e67d328348ea27d4e07ed3431de2a935","JE146291","02/19/2021 06:00:00 PM","2","DRIVER","1.0","991482.0",NULL,"LINCOLN","MKZ","IL","2017.0","UNKNOWN","PASSENGER","UNKNOWN/NA","N","SLOW/STOP IN TRAFFIC",NULL,NULL,"2.0",NULL,NULL,NULL,NULL,NULL,NULL,NULL,NULL,NULL,"Y",NULL,NULL,NULL,NULL,NULL,NULL,NULL,"REAR-LEFT",NULL,NULL,NULL,NULL,NULL,NULL,NULL,NULL,NULL,NULL,NULL,NULL,NULL,NULL,NULL,NULL,NULL,NULL,NULL,NULL,NULL,NULL,NULL,NULL,NULL,NULL,NULL,NULL,NULL,NULL,NULL,NULL,NULL
"1045809","8bd06a656ab20be4ea70a5825a049ee59b8c0311535645905e070e95ef70698d6bdf1c2917f94d5ba3c966ae5f7181955b86e60c2983b53873c74cb6695aeb61","JE146299","02/14/2021 11:00:00 AM","1","DRIVER",NULL,"991491.0",NULL,"JEEP","COMPASS","IL","2018.0","NONE","PASSENGER","PERSONAL","S","STRAIGHT AHEAD",NULL,NULL,"1.0",NULL,NULL,NULL,NULL,NULL,NULL,NULL,NULL,NULL,NULL,NULL,NULL,NULL,NULL,NULL,NULL,"Y","OTHER",NULL,NULL,NULL,NULL,NULL,NULL,NULL,NULL,NULL,NULL,NULL,NULL,NULL,NULL,NULL,NULL,NULL,NULL,NULL,NULL,NULL,NULL,NULL,NULL,NULL,NULL,NULL,NULL,NULL,NULL,NULL,NULL,NULL
"1046241","a78b4ae74d3f9cfb20ba0b54aa004e38d4466c2d07a81707b6d4ce6a5cad8a7c105400f234ba4b01794c0f05dfe829688a8f6a365a1f56c849716f631e5188f7","JE146818","02/19/2021 11:10:00 PM","2","DRIVER",NULL,"991915.0",NULL,"TOYOTA","FJ CRUISER","IL","2009.0","NONE","SPORT UTILITY VEHICLE (SUV)","PERSONAL","UNKNOWN","STRAIGHT AHEAD",NULL,NULL,"1.0",NULL,NULL,NULL,NULL,NULL,NULL,NULL,NULL,NULL,"Y",NULL,NULL,NULL,NULL,NULL,NULL,NULL,"REAR-LEFT",NULL,NULL,NULL,NULL,NULL,NULL,NULL,NULL,NULL,NULL,NULL,NULL,NULL,NULL,NULL,NULL,NULL,NULL,NULL,NULL,NULL,NULL,NULL,NULL,NULL,NULL,NULL,NULL,NULL,NULL,NULL,NULL,NULL
"1046746","1ba9f1ee66d4655ad8466404ff86bf62dc764f40a2f5694cd8913e0bc0eadca463cd15fc24385e5d06d2e1536ab6ce79f09beb1ed4490790a330a53b1c611d0d","JE147394","02/20/2021 09:15:00 PM","1","DRIVER",NULL,"992398.0",NULL,"CHEVROLET","SILVERADO","IL","2015.0","UNKNOWN","PICKUP","UNKNOWN/NA","UNKNOWN","UNKNOWN/NA","Y",NULL,"3.0",NULL,"CITY OF CHICAGO",NULL,NULL,NULL,NULL,NULL,NULL,NULL,NULL,NULL,NULL,NULL,NULL,NULL,NULL,NULL,NULL,NULL,NULL,NULL,NULL,NULL,NULL,NULL,NULL,NULL,NULL,NULL,NULL,NULL,NULL,NULL,NULL,NULL,NULL,NULL,NULL,NULL,NULL,NULL,NULL,NULL,NULL,NULL,NULL,NULL,NULL,NULL,NULL,NULL
"1047060","86af4ac90b4455837b94d95a23aa897ca6342fa01e4dacdf9f4f5f4a8c6194ae2f03fcd5b2038bc325207d07a0ec2317d3a9b2160de4d9247f21f901ddb10fe1","JE147874","02/21/2021 01:10:00 PM","1","DRIVER",NULL,"992708.0","Y","THOMAS BUILT BUS COMPANY","THOMAS BUILT BUS CO.","IL","2016.0","NONE","BUS OVER 15 PASS.","CTA","W","STRAIGHT AHEAD",NULL,NULL,"1.0",NULL,NULL,NULL,NULL,NULL,NULL,NULL,NULL,NULL,NULL,NULL,NULL,NULL,"Y",NULL,NULL,NULL,"UNDER CARRIAGE","11651.0",NULL,NULL,NULL,NULL,NULL,"PACE","IL","ARLINGTON HEIGHTS",NULL,NULL,NULL,"N","N",NULL,"N",NULL,"N","N",NULL,NULL,NULL,NULL,NULL,NULL,NULL,NULL,"BUS","BUS","UNKNOWN","N","N",NULL
"1047100","29476c336dd40333e06d5892e8b2cf99d226bead1c00ce4f8b295335207441fd9fab9700efc1e890285760de370a65ae0c7a03de2ee873840f1fa6f204c28187","JE147972","02/17/2021 08:00:00 AM","2","PARKED",NULL,"992749.0",NULL,"NISSAN","ALTIMA","IL","2015.0","UNKNOWN","PASSENGER","NOT IN USE","W","PARKED",NULL,NULL,"0.0",NULL,NULL,NULL,NULL,NULL,NULL,NULL,NULL,NULL,NULL,NULL,NULL,NULL,"Y","Y",NULL,NULL,"ROOF",NULL,NULL,NULL,NULL,NULL,NULL,NULL,NULL,NULL,NULL,NULL,NULL,NULL,NULL,NULL,NULL,NULL,NULL,NULL,NULL,NULL,NULL,NULL,NULL,NULL,NULL,NULL,NULL,NULL,NULL,NULL,NULL,NULL