"CRASH_UNIT_ID","CRASH_RECORD_ID","RD_NO","CRASH_DATE","UNIT_NO","UNIT_TYPE","NUM_PASSENGERS","VEHICLE_ID","CMRC_VEH_I","MAKE","MODEL","LIC_PLATE_STATE","VEHICLE_YEAR","VEHICLE_DEFECT","VEHICLE_TYPE","VEHICLE_USE","TRAVEL_DIRECTION","MANEUVER","TOWED_I","FIRE_I","OCCUPANT_CNT","EXCEED_SPEED_LIMIT_I","TOWED_BY","TOWED_TO","AREA_00_I","AREA_01_I","AREA_02_I","AREA_03_I","AREA_04_I","AREA_05_I","AREA_06_I","AREA_07_I","AREA_08_I","AREA_09_I","AREA_10_I","AREA_11_I","AREA_12_I","AREA_99_I","FIRST_CONTACT_POINT","CMV_ID","USDOT_NO","CCMC_NO","ILCC_NO","COMMERCIAL_SRC","GVWR","CARRIER_NAME","CARRIER_STATE","CARRIER_CITY","HAZMAT_PLACARDS_I","HAZMAT_NAME","UN_NO","HAZMAT_PRESENT_I","HAZMAT_REPORT_I","HAZMAT_REPORT_NO","MCS_REPORT_I","MCS_REPORT_NO","HAZMAT_VIO_CAUSE_CRASH_I","MCS_VIO_CAUSE_CRASH_I","IDOT_PERMIT_NO","WIDE_LOAD_I","TRAILER1_WIDTH","TRAILER2_WIDTH","TRAILER1_LENGTH","TRAILER2_LENGTH","TOTAL_VEHICLE_LENGTH","AXLE_CNT","VEHICLE_CONFIG","CARGO_BODY_TYPE","LOAD_TYPE","HAZMAT_OUT_OF_SERVICE_I","MCS_OUT_OF_SERVICE_I","HAZMAT_CLASS"
"1047407","7d9fa59394a775fcc629c95c0f53cca73a77b8f61728e5fb78e44fba3780e6aae0de819f0730a7c5e1d57ec95357baafdf903382e31eab721a399ac31c7bc55f","JE148438","02/22/2021 08:00:00 AM","2","DRIVER",NULL,"993052.0",NULL,"FORD","TRANSIT","IL","2019.0","NONE","VAN/MINI-VAN","OTHER","W","STRAIGHT AHEAD",NULL,NULL,"1.0",NULL,NULL,NULL,NULL,NULL,NULL,NULL,NULL,NULL,NULL,NULL,NULL,NULL,"Y",NULL,NULL,NULL,"ROOF",NULL,NULL,NULL,NULL,NULL,NULL,NULL,NULL,NULL,NULL,NULL,NULL,NULL,NULL,NULL,NULL,NULL,NULL,NULL,NULL,NULL,NULL,NULL,NULL,NULL,NULL,NULL,NULL,NULL,NULL,NULL,NULL,NULL
"1047424","6ea7cd4244a0df0583345434e2155d329303df548b07c7b37a7ef40e58f4f23874e1c4a49518053bc0056b605e6954a3c55e5dd40312b9775dfaa5f8d653b24b","JE148454","02/22/2021 08:15:00 AM","1","DRIVER",NULL,"993068.0",NULL,"FREIGHTLINER CORPORATION","FREIGHTLINER CORP.","IL","2017.0","UNKNOWN","TRUCK - SINGLE UNIT","OTHER","W","STRAIGHT AHEAD",NULL,NULL,"1.0",NULL,NULL,NULL,NULL,NULL,NULL,NULL,NULL,NULL,NULL,NULL,NULL,NULL,NULL,NULL,"Y",NULL,"OTHER",NULL,NULL,NULL,NULL,NULL,NULL,NULL,NULL,NULL,NULL,NULL,NULL,NULL,NULL,NULL,NULL,NULL,NULL,NULL,NULL,NULL,NULL,NULL,NULL,NULL,NULL,NULL,NULL,NULL,NULL,NULL,NULL,NULL
"1047429","3c4632892d7f6dfb871d97f38dc2e909251b4272cff7230d98efb24ce371945ac066b0bbddca478880358ea79a61237746e5b892ccc60a9d1c625d89b118c584","JE148489","02/22/2021 09:00:00 AM","2","PARKED",NULL,"993077.0",NULL,"HONDA","ACCORD","IL","2017.0","NONE","PASSENGER","PERSONAL","S","PARKED",NULL,NULL,"0.0",NULL,NULL,NULL,NULL,NULL,NULL,NULL,NULL,NULL,NULL,NULL,NULL,"Y",NULL,NULL,NULL,NULL,NULL,NULL,NULL,NULL,NULL,NULL,NULL,NULL,NULL,NULL,NULL,NULL,NULL,NULL,NULL,NULL,NULL,NULL,NULL,NULL,NULL,NULL,NULL,NULL,NULL,NULL,NULL,NULL,NULL,NULL,NULL,NULL,NULL,NULL
"1047748","536dc37adb9012eae68203e3e9af147703a0a7951f5814f698bf9efe85bd8fe2a7f564a242ea971c7b647c53f0a47aad0f4fe880165ac8601a054e7cce8bd488","JE148916","02/22/2021 02:20:00 PM","1","DRIVER",NULL,"993385.0",NULL,"FORD","F150","IL","2015.0","UNKNOWN","PICKUP","UNKNOWN/NA","N","TURNING RIGHT",NULL,NULL,"1.0",NULL,NULL,NULL,NULL,NULL,NULL,NULL,NULL,NULL,NULL,NULL,NULL,NULL,NULL,NULL,NULL,NULL,"REAR",NULL,NULL,NULL,NULL,NULL,NULL,NULL,NULL,NULL,NULL,NULL,NULL,NULL,NULL,NULL,NULL,NULL,NULL,NULL,NULL,NULL,NULL,NULL,NULL,NULL,NULL,NULL,NULL,NULL,NULL,NULL,NULL,NULL
"1047911","e2db1aa4f602d9646dcbc8a004beedfc8311fd0161995bbb3db507da8d0cb8919453b44fbd841f40b226023fed6c027733610bb4188bb96ed8fa9870e94efb2e","JE149105","02/22/2021 04:00:00 PM","2","DRIVER",NULL,"993550.0",NULL,"NISSAN","ROGUE","IL","2015.0","NONE","SPORT UTILITY VEHICLE (SUV)","PERSONAL","E","STRAIGHT AHEAD",NULL,NULL,"1.0",NULL,NULL,NULL,NULL,NULL,NULL,NULL,NULL,NULL,NULL,"Y","Y",NULL,NULL,NULL,NULL,NULL,"FRONT-LEFT",NULL,NULL,NULL,NULL,NULL,NULL,NULL,NULL,NULL,NULL,NULL,NULL,NULL,NULL,NULL,NULL,NULL,NULL,NULL,NULL,NULL,NULL,NULL,NULL,NULL,NULL,NULL,NULL,NULL,NULL,NULL,NULL,NULL
"1048435","9ee87a323b858ed9992795de6cf510ff9c1b7456bbf7ab4e226c9a6ff17f7ba8d450be3ec0cca9f06aa6e188401d8657b66cc9312dbd7a60b261c49aa9cef5fd","JE149996","02/23/2021 12:30:00 PM","1","DRIVER",NULL,"994064.0",NULL,"SUBARU","FORESTER","NY","2015.0","NONE","PASSENGER","PERSONAL","E","BACKING",NULL,NULL,"1.0",NULL,NULL,NULL,NULL,NULL,NULL,NULL,NULL,NULL,NULL,"Y",NULL,NULL,NULL,NULL,NULL,NULL,"SIDE-LEFT",NULL,NULL,NULL,NULL,NULL,NULL,NULL,NULL,NULL,NULL,NULL,NULL,NULL,NULL,NULL,NULL,NULL,NULL,NULL,NULL,NULL,NULL,NULL,NULL,NULL,NULL,NULL,NULL,NULL,NULL,NULL,NULL,NULL
"1048634","edbc787778e8e575350b914aa31422005525676cdd55b95b861590eac28768293124ef703207d2bcd796a0970cb844413bb1119441099b22df2dd0995f66a65a","JE150255","02/23/2021 06:00:00 PM","2","DRIVER",NULL,"994243.0",NULL,"FORD","EXPLORER","IL","2018.0","NONE","PASSENGER","PERSONAL","N","STRAIGHT AHEAD","Y",NULL,"1.0",NULL,"PRIVATE TOW",NULL,NULL,NULL,NULL,NULL,NULL,NULL,NULL,NULL,"Y","Y","Y",NULL,NULL,NULL,"ROOF",NULL,NULL,NULL,NULL,NULL,NULL,NULL,NULL,NULL,NULL,NULL,NULL,NULL,NULL,NULL,NULL,NULL,NULL,NULL,NULL,NULL,NULL,NULL,NULL,NULL,NULL,NULL,NULL,NULL,NULL,NULL,NULL,NULL
"1048904","b8e395fd8001d68538f487ed75d6edf164413c27be0854e6fe652ff33beab085aec02b35aa45395f590ccaef0ad4a4b423a07e787a7b67e6fa993cfab47c4e28","JE150953","02/24/2021 10:18:00 AM","2","DRIVER",NULL,"994504.0","N","PETERBILT MOTORS COMPANY (DIVISION OF PACCAR, INC.)","PETERBILT MOTORS CO., DIVISION PACCAR, INC.","IN","2019.0","NONE","TRACTOR W/ SEMI-TRAILER","OTHER","N","STRAIGHT AHEAD",NULL,NULL,"1.0",NULL,NULL,NULL,NULL,NULL,"Y","Y",NULL,NULL,NULL,NULL,NULL,NULL,NULL,NULL,NULL,NULL,"UNDER CARRIAGE",NULL,NULL,NULL,NULL,NULL,NULL,NULL,NULL,NULL,NULL,NULL,NULL,NULL,NULL,NULL,NULL,NULL,NULL,NULL,NULL,NULL,NULL,NULL,NULL,NULL,NULL,NULL,NULL,NULL,NULL,NULL,NULL,NULL
"1048966","c1e3a6c38d6d30dea63ba9558ed98595f9ae9c1eca595ab14fd9b9a1d38d1a6d029a4edb87ff2b47f153b288b00254dc7666ad9163a933000c93741044345ce8","JE151004","02/24/2021 01:53:00 PM","2","DRIVER",NULL,"994575.0",NULL,"CHRYSLER","OTHER (EXPLAIN IN NARRATIVE)","IL","2015.0","NONE","PASSENGER","PERSONAL","E","STRAIGHT AHEAD","Y",NULL,"1.0",NULL,NULL,NULL,NULL,NULL,NULL,NULL,NULL,NULL,NULL,NULL,NULL,NULL,"Y","Y",NULL,NULL,"OTHER",NULL,NULL,NULL,NULL,NULL,NULL,NULL,NULL,NULL,NULL,NULL,NULL,NULL,NULL,NULL,NULL,NULL,NULL,NULL,NULL,NULL,NULL,NULL,NULL,NULL,NULL,NULL,NULL,NULL,NULL,NULL,NULL,NULL
"1049215","7e2039790e990028bf3bca284fe0ce0a3acc29d0d5361b3d654fad31dd8791bea4483de6c80a2f0a4e34019813c09ac20103a0a80929fed8143a5e32fc81647e","JE151385","02/24/2021 09:17:00 PM","3","PARKED",NULL,"994803.0",NULL,"NISSAN","PATHFINDER","IL","2015.0","NONE","SPORT UTILITY VEHICLE (SUV)","NOT IN USE","W","PARKED","Y",NULL,"0.0",NULL,"OWNER",NULL,NULL,"Y",NULL,NULL,"Y","Y","Y","Y","Y",NULL,NULL,"Y","Y",NULL,"REAR-LEFT",NULL,NULL,NULL,NULL,NULL,NULL,NULL,NULL,NULL,NULL,NULL,NULL,NULL,NULL,NULL,NULL,NULL,NULL,NULL,NULL,NULL,NULL,NULL,NULL,NULL,NULL,NULL,NULL,NULL,NULL,NULL,NULL,NULL
"1049671","81bc0c2c98a2815c1dca01beae0958fb914976a3c959a7cc275c867c5f169a3077b59f69ee0699c4e7add3c8b628d6800cc76dede1976e7a57d2ad5c175908da","JE152355","02/25/2021 07:12:00 PM","2","DRIVER",NULL,"995255.0",NULL,"HONDA","ACCORD","IL","2009.0","NONE","PASSENGER","PERSONAL","E","STRAIGHT AHEAD","N",NULL,"1.0",NULL,NULL,NULL,NULL,"Y",NULL,NULL,NULL,NULL,NULL,NULL,NULL,NULL,NULL,"Y","Y",NULL,"TOTAL (ALL AREAS)",NULL,NULL,NULL,NULL,NULL,NULL,NULL,NULL,NULL,NULL,NULL,NULL,NULL,NULL,NULL,NULL,NULL,NULL,NULL,NULL,NULL,NULL,NULL,NULL,NULL,NULL,NULL,NULL,NULL,NULL,NULL,NULL,NULL
"1049782","ba4569fbd82ca8c40b21373852288294fc44e8a7b314bfa9fdf6ec437ac2fc2e981db8f787a5d3d623cec7dcf72d4d1e1831405611586e184e67262ff01bdeb8","JD152609","02/26/2021 03:55:00 AM","2","DRIVER",NULL,"995363.0","N","FORD","F250","IL","2010.0","NONE","PICKUP","OTHER","S","STRAIGHT AHEAD",NULL,NULL,"1.0",NULL,NULL,NULL,NULL,"Y",NULL,NULL,NULL,NULL,NULL,NULL,NULL,NULL,NULL,"Y","Y",NULL,"OTHER",NULL,NULL,NULL,NULL,NULL,NULL,NULL,NULL,NULL,NULL,NULL,NULL,NULL,NULL,NULL,NULL,NULL,NULL,NULL,NULL,NULL,NULL,NULL,NULL,NULL,NULL,NULL,NULL,NULL,NULL,NULL,NULL,NULL
"1049962","78212ad3b2f97aaf9f36ea3cc66657b1ee72f47ee05eb5b79c1c73a8cb47fd67ffccdc1a3cc519d962d930c8749134ea6a67778d8399aabb02d00bc5c08f56ab","JE152945","02/25/2021 04:00:00 PM","1","DRIVER",NULL,"995536.0","N","ISUZU","OTHER (EXPLAIN IN NARRATIVE)","IL","2018.0","UNKNOWN","VAN/MINI-VAN","OTHER","E","STRAIGHT AHEAD",NULL,NULL,"1.0",NULL,NULL,NULL,NULL,"Y","Y",NULL,NULL,NULL,NULL,NULL,NULL,NULL,NULL,NULL,NULL,NULL,"ROOF",NULL,NULL,NULL,NULL,NULL,NULL,NULL,NULL,NULL,NULL,NULL,NULL,NULL,NULL,NULL,NULL,NULL,NULL,NULL,NULL,NULL,NULL,NULL,NULL,NULL,NULL,NULL,NULL,NULL,NULL,NULL,NULL,NULL
"1049996","b1c39b3677e4afac77780c1901fca3ba6b1ebe4c882a0e997317e65ee14cc6c232d92463577fea015040a9d37b55275156dc29be3055c8dec96ba41a389d20a4","JE152988","02/26/2021 02:00:00 PM","2","DRIVER",NULL,"995574.0",NULL,"SUBARU","OTHER (EXPLAIN IN NARRATIVE)","IL","2013.0","NONE","PASSENGER","PERSONAL","W","STRAIGHT AHEAD","Y",NULL,"1.0",NULL,"private tow",NULL,NULL,NULL,NULL,NULL,NULL,NULL,NULL,NULL,NULL,NULL,"Y","Y","Y",NULL,"TOTAL (ALL AREAS)",NULL,NULL,NULL,NULL,NULL,NULL,NULL,NULL,NULL,NULL,NULL,NULL,NULL,NULL,NULL,NULL,NULL,NULL,NULL,NULL,NULL,NULL,NULL,NULL,NULL,NULL,NULL,NULL,NULL,NULL,NULL,NULL,NULL
"1050062","04c75ff6e198a404e21c4cbb9a5800b7e48eff4be9e3ea06c59577ef28b41231ee02e9e247a478929fdf37afeb901f44e3d63430f4e473ac72df5c6cb40e66db","JE153078","02/26/2021 01:31:00 PM","2","PARKED",NULL,"995635.0",NULL,"HONDA","HR-V","IL","2020.0","NONE","SPORT UTILITY VEHICLE (SUV)","PERSONAL","W","PARKED",NULL,NULL,"0.0",NULL,NULL,NULL,NULL,NULL,NULL,NULL,NULL,NULL,NULL,"Y",NULL,NULL,NULL,NULL,"Y",NULL,"FRONT-LEFT",NULL,NULL,NULL,NULL,NULL,NULL,NULL,NULL,NULL,NULL,NULL,NULL,NULL,NULL,NULL,NULL,NULL,NULL,NULL,NULL,NULL,NULL,NULL,NULL,NULL,NULL,NULL,NULL,NULL,NULL,NULL,NULL,NULL
"1050973","6b472cbfa109631cccc1a65d81c3fdf9b81203a0da96bd01068e2c7ba4f8cd85bf647543297f3fdd889d8f8f286987395ccfc24261f18e15fed49be35f0b2bff","JE154469","02/27/2021 07:00:00 PM","2","DRIVER",NULL,"996493.0",NULL,"MERCEDES-BENZ","OTHER (EXPLAIN IN NARRATIVE)","IL","2016.0","NONE","PASSENGER","PERSONAL","E","TURNING LEFT",NULL,NULL,"1.0",NULL,NULL,NULL,NULL,NULL,NULL,NULL,NULL,NULL,NULL,"Y","Y","Y",NULL,NULL,NULL,NULL,"UNKNOWN",NULL,NULL,NULL,NULL,NULL,NULL,NULL,NULL,NULL,NULL,NULL,NULL,NULL,NULL,NULL,NULL,NULL,NULL,NULL,NULL,NULL,NULL,NULL,NULL,NULL,NULL,NULL,NULL,NULL,NULL,NULL,NULL,NULL
"1051070","be674611b04aae8631a5cfb1ea0547a3fc52655a1da6dc1d5ebd957d14c50a8869ffefd60ceb362e72da4525b7e14da3ca67e832e1d6cbe8f8b9443451dea500","JE154634","02/28/2021 12:59:00 AM","2","DRIVER",NULL,"996596.0",NULL,"NISSAN","OTHER (EXPLAIN IN NARRATIVE)","IL","2018.0","UNKNOWN","PASSENGER","PERSONAL","N","STRAIGHT AHEAD",NULL,NULL,"1.0",NULL,NULL,NULL,NULL,NULL,NULL,NULL,NULL,"Y","Y","Y",NULL,NULL,NULL,NULL,NULL,"Y","REAR-LEFT",NULL,NULL,NULL,NULL,NULL,NULL,NULL,NULL,NULL,NULL,NULL,NULL,NULL,NULL,NULL,NULL,NULL,NULL,NULL,NULL,NULL,NULL,NULL,NULL,NULL,NULL,NULL,NULL,NULL,NULL,NULL,NULL,NULL
"1051206","81b9760f8d9c73aa8256be938831008a62f44dab073a9e13dba36a7dde33b9c29ff39ce9884964225b348fd7618ee00a39d2b9cfe42055687e70eac8de85d43c","JE154911","02/28/2021 10:40:00 AM","3","PARKED",NULL,"996726.0",NULL,"NISSAN","SENTRA","IL","2012.0","UNKNOWN","PASSENGER","NOT IN USE","E","PARKED",NULL,NULL,"0.0",NULL,NULL,NULL,NULL,NULL,NULL,NULL,NULL,NULL,"Y",NULL,NULL,NULL,NULL,NULL,NULL,NULL,"REAR-LEFT",NULL,NULL,NULL,NULL,NULL,NULL,NULL,NULL,NULL,NULL,NULL,NULL,NULL,NULL,NULL,NULL,NULL,NULL,NULL,NULL,NULL,NULL,NULL,NULL,NULL,NULL,NULL,NULL,NULL,NULL,NULL,NULL,NULL
"1051215","9771f70eed2e164ebd7d5f6eccfe96c9966a7283ccc4683cf31c0a1ab7ac00a4c2a29beb30cc1b9e4bc747cac0c9c72f2e6b939bf9fea387187e23793eb442ac","JE154932","02/28/2021 10:40:00 AM","2","DRIVER",NULL,"996741.0",NULL,"HONDA","CR-V","IL","2019.0","NONE","SPORT UTILITY VEHICLE (SUV)","PERSONAL","W","SLOW/STOP IN TRAFFIC",NULL,NULL,"1.0",NULL,NULL,NULL,NULL,NULL,NULL,NULL,NULL,NULL,NULL,NULL,NULL,NULL,NULL,NULL,"Y",NULL,"OTHER",NULL,NULL,NULL,NULL,NULL,NULL,NULL,NULL,NULL,NULL,NULL,NULL,NULL,NULL,NULL,NULL,NULL,NULL,NULL,NULL,NULL,NULL,NULL,NULL,NULL,NULL,NULL,NULL,NULL,NULL,NULL,NULL,NULL
"1051294","b0b5eca5bef5835e6dc03678f0d9a765cb0a60d0332491f1ee3e812bd2b9eca0be5679490b27b288d29334b899c89a8c512a475a8f32e403395dad28f68de404","JE151025","02/24/2021 02:07:00 PM","1","DRIVER",NULL,"996793.0",NULL,"GENERAL MOTORS CORPORATION (GMC)","TERRAIN","IL","2020.0","NONE","SPORT UTILITY VEHICLE (SUV)","UNKNOWN/NA","N","STRAIGHT AHEAD","Y",NULL,"1.0",NULL,NULL,NULL,NULL,NULL,NULL,NULL,"Y",NULL,NULL,NULL,NULL,NULL,NULL,NULL,NULL,NULL,"SIDE-RIGHT",NULL,NULL,NULL,NULL,NULL,NULL,NULL,NULL,NULL,NULL,NULL,NULL,NULL,NULL,NULL,NULL,NULL,NULL,NULL,NULL,NULL,NULL,NULL,NULL,NULL,NULL,NULL,NULL,NULL,NULL,NULL,NULL,NULL
"1051356","2206a4826cf44da83d2d756c61440697a0846de54bc90c091f8e038ba821257b72285d7c7d433a7675ae335cc013be8a47c733b917dbb6da321660b31b24e266","JE155153","02/28/2021 02:15:00 PM","1","DRIVER",NULL,"996866.0",NULL,"FORD","EXPLORER","IL","2017.0","UNKNOWN","SPORT UTILITY VEHICLE (SUV)","PERSONAL","N","STRAIGHT AHEAD",NULL,NULL,"1.0",NULL,NULL,NULL,NULL,NULL,NULL,NULL,NULL,NULL,NULL,NULL,NULL,"Y",NULL,NULL,NULL,NULL,"ROOF",NULL,NULL,NULL,NULL,NULL,NULL,NULL,NULL,NULL,NULL,NULL,NULL,NULL,NULL,NULL,NULL,NULL,NULL,NULL,NULL,NULL,NULL,NULL,NULL,NULL,NULL,NULL,NULL,NULL,NULL,NULL,NULL,NULL
"1051701","0e80634f9cafb3c88d28df9d77ecd746d45f03f24f423b6f1a37f2ef4ff277500272430823177ee77ec84c9e76835ed69d91642518c5c9b425dc7c9c7df48299","JE155784","02/26/2021 04:15:00 PM","1","DRIVER",NULL,"997204.0",NULL,"BUICK","LACROSSE","IL","2012.0","UNKNOWN","PASSENGER","PERSONAL","N","STRAIGHT AHEAD",NULL,NULL,"1.0",NULL,NULL,NULL,NULL,NULL,NULL,NULL,NULL,NULL,NULL,NULL,NULL,NULL,NULL,NULL,NULL,"Y","OTHER",NULL,NULL,NULL,NULL,NULL,NULL,NULL,NULL,NULL,NULL,NULL,NULL,NULL,NULL,NULL,NULL,NULL,NULL,NULL,NULL,NULL,NULL,NULL,NULL,NULL,NULL,NULL,NULL,NULL,NULL,NULL,NULL,NULL
"1052170","88372d30cc9bf6cbf050d25f8e6a942a8cffbd2a3bec8621fe4ed526bdac43b639063afd8d5ac67c76ff977863b1b07fa5d1f0da695b1357b46bebb009f71d53","JE156617","02/26/2021 01:03:00 PM","1","DRIVER",NULL,"997643.0",NULL,"NISSAN","VERSA","IL","2018.0","NONE","PASSENGER","PERSONAL","N","STRAIGHT AHEAD",NULL,NULL,"1.0",NULL,NULL,NULL,NULL,"Y",NULL,NULL,NULL,NULL,NULL,NULL,NULL,NULL,NULL,NULL,"Y",NULL,"FRONT",NULL,NULL,NULL,NULL,NULL,NULL,NULL,NULL,NULL,NULL,NULL,NULL,NULL,NULL,NULL,NULL,NULL,NULL,NULL,NULL,NULL,NULL,NULL,NULL,NULL,NULL,NULL,NULL,NULL,NULL,NULL,NULL,NULL
"1052180","602894dfc552e521aa2eb61be1a26c2a79d67d305d0fc990cbf03bf080aa1c3fa2b47f4a8eaaa8a29afd2f75f4a9efaf21a6ef3926b1672b850d3006a6cd6332","JE156623","03/02/2021 09:05:00 AM","2","DRIVER",NULL,"997658.0",NULL,"NEW FLYER","OTHER (EXPLAIN IN NARRATIVE)","IL","2008.0","NONE","BUS OVER 15 PASS.","CTA","S","SLOW/STOP IN TRAFFIC",NULL,NULL,"1.0",NULL,NULL,NULL,NULL,NULL,NULL,NULL,NULL,NULL,NULL,NULL,NULL,NULL,NULL,NULL,NULL,"Y",NULL,NULL,NULL,NULL,NULL,NULL,NULL,NULL,NULL,NULL,NULL,NULL,NULL,NULL,NULL,NULL,NULL,NULL,NULL,NULL,NULL,NULL,NULL,NULL,NULL,NULL,NULL,NULL,NULL,NULL,NULL,NULL,NULL,NULL
"1052204","0776a6b2cdb140760d6e78150c4703f7f2d0e21e3abd1d954117329dda7b4232ec152e64d05bb181d92be7c5bc0fc2178c3332a9eebc8c576ca001adb8678f9e","JE156703","03/02/2021 09:30:00 AM","2","DRIVER",NULL,"997674.0",NULL,"CHEVROLET","CRUZE","IL","2015.0","UNKNOWN","PASSENGER","PERSONAL","N","STRAIGHT AHEAD",NULL,NULL,"1.0",NULL,NULL,NULL,NULL,NULL,NULL,NULL,NULL,NULL,NULL,"Y",NULL,NULL,NULL,NULL,NULL,NULL,"SIDE-LEFT",NULL,NULL,NULL,NULL,NULL,NULL,NULL,NULL,NULL,NULL,NULL,NULL,NULL,NULL,NULL,NULL,NULL,NULL,NULL,NULL,NULL,NULL,NULL,NULL,NULL,NULL,NULL,NULL,NULL,NULL,NULL,NULL,NULL
"1052385","04fb5c9f6968c89e8bd4e30d1f894575a549463e8ca496aa79bc55e83aab2c988063d440a163d70bd9514bce94ca8c9e248a4d65f1e12c919067ce1ffdc9ccf2","JE157110","03/02/2021 01:00:00 PM","2","DRIVER",NULL,"997850.0",NULL,"HONDA","CIVIC","IL","2015.0","NONE","PASSENGER","PERSONAL","S","STRAIGHT AHEAD",NULL,NULL,"1.0",NULL,NULL,NULL,NULL,NULL,NULL,NULL,NULL,NULL,"Y",NULL,NULL,NULL,NULL,NULL,NULL,NULL,"REAR-LEFT",NULL,NULL,NULL,NULL,NULL,NULL,NULL,NULL,NULL,NULL,NULL,NULL,NULL,NULL,NULL,NULL,NULL,NULL,NULL,NULL,NULL,NULL,NULL,NULL,NULL,NULL,NULL,NULL,NULL,NULL,NULL,NULL,NULL
"1052548","584cfc5e96c1d3b81f57d40c42791c1303848c70e34969b866df067093fa8e3437fcc6241875e67c3275330c63b58c918abcd515e3bf38666d0aa926018b563b","JE157360","03/02/2021 08:44:00 PM","1","DRIVER",NULL,"998000.0",NULL,"MERCEDES-BENZ","GLE",NULL,"2017.0","NONE","PASSENGER","PERSONAL","E","BACKING",NULL,NULL,"1.0",NULL,NULL,NULL,NULL,NULL,NULL,NULL,NULL,"Y",NULL,NULL,NULL,NULL,NULL,NULL,NULL,NULL,"REAR",NULL,NULL,NULL,NULL,NULL,NULL,NULL,NULL,NULL,NULL,NULL,NULL,NULL,NULL,NULL,NULL,NULL,NULL,NULL,NULL,NULL,NULL,NULL,NULL,NULL,NULL,NULL,NULL,NULL,NULL,NULL,NULL,NULL
"1052817","7166bf19982b169fa1b78ef0f87e507ee79e288d4d7f6c9969f9e0f17f0dedc1ea2332d9ae27dd36538c9a856befe3306399bb1a3753fddf47daf5e3a6de23d6","JE157884","03/03/2021 12:21:00 PM","3","DRIVER",NULL,"998276.0",NULL,"INFINITI","M45","IL","2009.0","UNKNOWN","PASSENGER","PERSONAL","S","STRAIGHT AHEAD",NULL,NULL,"1.0",NULL,NULL,NULL,NULL,NULL,NULL,"Y","Y","Y",NULL,"Y","Y",NULL,NULL,NULL,NULL,NULL,"REAR",NULL,NULL,NULL,NULL,NULL,NULL,NULL,NULL,NULL,NULL,NULL,NULL,NULL,NULL,NULL,NULL,NULL,NULL,NULL,NULL,NULL,NULL,NULL,NULL,NULL,NULL,NULL,NULL,NULL,NULL,NULL,NULL,NULL
"1053138","26e348546eab6b929d1c2f3fddf7a6042f01e2e7980229ec6727b66d3c866c10fa35607a6e7d0a9caa1d2c20f914e54a52a3c9c850476abfafc67eadbae54a00","JE158416","03/03/2021 08:00:00 PM","2","DRIVER",NULL,"998572.0","Y","NEW FLYER","OTHER (EXPLAIN IN NARRATIVE)","IL","2009.0","NONE","BUS OVER 15 PASS.","CTA","W","STRAIGHT AHEAD",NULL,NULL,"1.0",NULL,NULL,NULL,NULL,NULL,NULL,NULL,NULL,NULL,NULL,NULL,NULL,NULL,NULL,"Y",NULL,NULL,"TOTAL (ALL AREAS)","11729.0",NULL,NULL,NULL,"DRIVER","3.0","CHICAGO TRANSIT AUTHORITY  4196--FIRM OWNED","IL","CHICAGO",NULL,NULL,NULL,NULL,NULL,NULL,NULL,NULL,NULL,NULL,NULL,NULL,NULL,NULL,NULL,NULL,"40.0","2.0","BUS","BUS",NULL,NULL,NULL,NULL
"1053143","9ab65f675cc83e75e35e9bd4c55c30835200cae15b8efba9d4997a8e428d205077f99ad8a91d74e4535cf3cd8d82f1f2db8f36994a7339f25fe1ba885e3197ef","JE158305","03/03/2021 06:09:00 PM","1","DRIVER",NULL,"998584.0",NULL,"MERCEDES-BENZ","E300","IL","2019.0","NONE","PASSENGER","PERSONAL","N","STRAIGHT AHEAD",NULL,NULL,"1.0",NULL,NULL,NULL,NULL,NULL,NULL,NULL,NULL,NULL,NULL,NULL,NULL,"Y","Y","Y","Y",NULL,"UNKNOWN",NULL,NULL,NULL,NULL,NULL,NULL,NULL,NULL,NULL,NULL,NULL,NULL,NULL,NULL,NULL,NULL,NULL,NULL,NULL,NULL,NULL,NULL,NULL,NULL,NULL,NULL,NULL,NULL,NULL,NULL,NULL,NULL,NULL
"1053290","50486609b94d7a17937f33c4b427a31af14228411a90efbf41b14411f81d2cc368b2f909e4dc59ba4f90ffd632dd6896755a20bd6b4ed4dfcf3f8d6ecb70915a","JE158733","03/04/2021 08:30:00 AM","2","DRIVER",NULL,"998721.0",NULL,"NISSAN","MAXIMA","IL","2017.0","NONE","PASSENGER","PERSONAL","UNKNOWN","OTHER",NULL,NULL,"1.0",NULL,NULL,NULL,NULL,NULL,"Y","Y","Y","Y",NULL,NULL,NULL,NULL,NULL,NULL,NULL,NULL,"SIDE-RIGHT",NULL,NULL,NULL,NULL,NULL,NULL,NULL,NULL,NULL,NULL,NULL,NULL,NULL,NULL,NULL,NULL,NULL,NULL,NULL,NULL,NULL,NULL,NULL,NULL,NULL,NULL,NULL,NULL,NULL,NULL,NULL,NULL,NULL