"CRASH_UNIT_ID","CRASH_RECORD_ID","RD_NO","CRASH_DATE","UNIT_NO","UNIT_TYPE","NUM_PASSENGERS","VEHICLE_ID","CMRC_VEH_I","MAKE","MODEL","LIC_PLATE_STATE","VEHICLE_YEAR","VEHICLE_DEFECT","VEHICLE_TYPE","VEHICLE_USE","TRAVEL_DIRECTION","MANEUVER","TOWED_I","FIRE_I","OCCUPANT_CNT","EXCEED_SPEED_LIMIT_I","TOWED_BY","TOWED_TO","AREA_00_I","AREA_01_I","AREA_02_I","AREA_03_I","AREA_04_I","AREA_05_I","AREA_06_I","AREA_07_I","AREA_08_I","AREA_09_I","AREA_10_I","AREA_11_I","AREA_12_I","AREA_99_I","FIRST_CONTACT_POINT","CMV_ID","USDOT_NO","CCMC_NO","ILCC_NO","COMMERCIAL_SRC","GVWR","CARRIER_NAME","CARRIER_STATE","CARRIER_CITY","HAZMAT_PLACARDS_I","HAZMAT_NAME","UN_NO","HAZMAT_PRESENT_I","HAZMAT_REPORT_I","HAZMAT_REPORT_NO","MCS_REPORT_I","MCS_REPORT_NO","HAZMAT_VIO_CAUSE_CRASH_I","MCS_VIO_CAUSE_CRASH_I","IDOT_PERMIT_NO","WIDE_LOAD_I","TRAILER1_WIDTH","TRAILER2_WIDTH","TRAILER1_LENGTH","TRAILER2_LENGTH","TOTAL_VEHICLE_LENGTH","AXLE_CNT","VEHICLE_CONFIG","CARGO_BODY_TYPE","LOAD_TYPE","HAZMAT_OUT_OF_SERVICE_I","MCS_OUT_OF_SERVICE_I","HAZMAT_CLASS"
"1066791","cc6abce07831074ea5fe0f1b3f04443fbd7997cfe2ff6826673c7037fd09404a8a8cd6a75244c2771fb185a5b8905c388202da48ee661921a77791073a3bb92a","JE183112","03/29/2021 12:05:00 PM","1","DRIVER","1.0","1011718.0","Y","KENWORTH MOTOR TRUCK COMPANY","KENWORTH MOTOR TRUCK CO.","IA","2017.0","UNKNOWN","TRACTOR W/ SEMI-TRAILER","COMMERCIAL - MULTI-UNIT","W","BACKING",NULL,NULL,"2.0",NULL,NULL,NULL,NULL,NULL,NULL,NULL,NULL,NULL,"Y",NULL,NULL,NULL,NULL,NULL,NULL,"Y","REAR-LEFT","11872.0","2098183.0",NULL,NULL,"SIDE OF TRUCK",NULL,"J&T MOTOR FREIGHT LLC","IA","HUBBARD",NULL,NULL,NULL,NULL,NULL,NULL,NULL,NULL,NULL,NULL,NULL,NULL,NULL,NULL,NULL,NULL,NULL,NULL,"TRACTOR/SEMI-TRAILER","VAN/ENCLOSED BOX",NULL,NULL,NULL,NULL
"1066811","c141c28990f313e1154d4db38afc616745a86a9a6bc18abfeb5d925fd3ccb19795c8e287b4fb0e44b6530eded9b35ec35ce9e21273ab4639a0f39c9e4951c781","JE183209","03/29/2021 11:14:00 AM","2","DRIVER",NULL,"1011759.0",NULL,"INFINITI","FX35","IL","2009.0","NONE","PASSENGER","PERSONAL","N","SLOW/STOP IN TRAFFIC",NULL,NULL,"1.0",NULL,NULL,NULL,"Y",NULL,NULL,NULL,NULL,NULL,NULL,NULL,NULL,NULL,NULL,NULL,NULL,NULL,"REAR-LEFT",NULL,NULL,NULL,NULL,NULL,NULL,NULL,NULL,NULL,NULL,NULL,NULL,NULL,NULL,NULL,NULL,NULL,NULL,NULL,NULL,NULL,NULL,NULL,NULL,NULL,NULL,NULL,NULL,NULL,NULL,NULL,NULL,NULL
"1066827","afda4821b2ec53b30ef178b8e6327c034f326ea2130f1c1c56b5d42f2e322a72eb81e5ccf881b473933014f275e07ea37f13232fd1995da53683bc9b343f010e","JE183207","03/29/2021 01:50:00 PM","1","DRIVER","1.0","1011770.0",NULL,"HONDA","CIVIC","IL","2014.0","NONE","PASSENGER","DRIVER EDUCATION","E","CHANGING LANES",NULL,NULL,"2.0",NULL,NULL,NULL,NULL,NULL,NULL,NULL,NULL,NULL,NULL,NULL,NULL,NULL,"Y","Y",NULL,NULL,"TOTAL (ALL AREAS)",NULL,NULL,NULL,NULL,NULL,NULL,NULL,NULL,NULL,NULL,NULL,NULL,NULL,NULL,NULL,NULL,NULL,NULL,NULL,NULL,NULL,NULL,NULL,NULL,NULL,NULL,NULL,NULL,NULL,NULL,NULL,NULL,NULL
"1067301","7bd0c952ac4fe887177c95d70d55a913afade808890f82f0253ba17b8c96bf2f868cf4517d33ff8c228f02d058d8b77133144115660120a65635985cbacd7dd0","JE183962","03/30/2021 08:35:00 AM","2","DRIVER",NULL,"1012203.0",NULL,"TOYOTA","OTHER (EXPLAIN IN NARRATIVE)","IL","2021.0","NONE","PASSENGER","PERSONAL","E","STRAIGHT AHEAD",NULL,NULL,"1.0",NULL,NULL,NULL,NULL,"Y","Y","Y","Y","Y",NULL,NULL,NULL,NULL,NULL,NULL,NULL,NULL,"SIDE-RIGHT",NULL,NULL,NULL,NULL,NULL,NULL,NULL,NULL,NULL,NULL,NULL,NULL,NULL,NULL,NULL,NULL,NULL,NULL,NULL,NULL,NULL,NULL,NULL,NULL,NULL,NULL,NULL,NULL,NULL,NULL,NULL,NULL,NULL
"1067536","27595b66cd57c7f65978b0939639e212ff20b6ae4c02d0f321809fd29d1db5c5634130f91a96755da1293b84d1d548f30e094f1820289a10564d439b1951e788","JE179720","03/25/2021 07:24:00 PM","2","DRIVER","1.0","1012423.0",NULL,"NISSAN","ROGUE","IL","2018.0","UNKNOWN","SPORT UTILITY VEHICLE (SUV)","PERSONAL","N","STRAIGHT AHEAD","Y",NULL,"2.0",NULL,"private",NULL,NULL,"Y","Y","Y","Y",NULL,NULL,NULL,NULL,NULL,NULL,NULL,"Y",NULL,"FRONT",NULL,NULL,NULL,NULL,NULL,NULL,NULL,NULL,NULL,NULL,NULL,NULL,NULL,NULL,NULL,NULL,NULL,NULL,NULL,NULL,NULL,NULL,NULL,NULL,NULL,NULL,NULL,NULL,NULL,NULL,NULL,NULL,NULL
"1067569","3c0cab4f6bb83e7e5becbd27c1e5180d3f1b9141e9f6f98d08ac54efac05016ecfaaf27978c874c2ac1385926e7d76ab81b62152c11dc0ea2c519345ea6f43f7","JE184506","03/29/2021 03:05:00 PM","2","DRIVER",NULL,"1012453.0",NULL,"CHEVROLET","EQUINOX","IL","2011.0","NONE","PASSENGER","PERSONAL","W","STRAIGHT AHEAD",NULL,NULL,"1.0",NULL,NULL,NULL,NULL,NULL,"Y","Y","Y",NULL,NULL,NULL,NULL,NULL,NULL,NULL,NULL,NULL,"SIDE-RIGHT",NULL,NULL,NULL,NULL,NULL,NULL,NULL,NULL,NULL,NULL,NULL,NULL,NULL,NULL,NULL,NULL,NULL,NULL,NULL,NULL,NULL,NULL,NULL,NULL,NULL,NULL,NULL,NULL,NULL,NULL,NULL,NULL,NULL
"1067659","59c7029a6fdc2a7b72076c74c3e414223fc545dce7ec971bade0b81993f256ac9b9174618416e7359e5b44a50cd42e392ba99578e85faeadce38cb90d2e5068a","JE184625","03/30/2021 05:15:00 PM","2","DRIVER",NULL,"1012552.0",NULL,"ACURA","TLX","IL","2009.0","UNKNOWN","PASSENGER","PERSONAL","E","STRAIGHT AHEAD",NULL,NULL,"1.0",NULL,NULL,NULL,NULL,NULL,NULL,NULL,NULL,"Y","Y","Y",NULL,NULL,NULL,NULL,NULL,NULL,"REAR-LEFT",NULL,NULL,NULL,NULL,NULL,NULL,NULL,NULL,NULL,NULL,NULL,NULL,NULL,NULL,NULL,NULL,NULL,NULL,NULL,NULL,NULL,NULL,NULL,NULL,NULL,NULL,NULL,NULL,NULL,NULL,NULL,NULL,NULL
"1068401","057c4412bdb3cf6d64a3d0410df6ea253bda6e49ca19d2b8950c40b97484fee7f8b928e2f0478f636432c54a176886c2182ee2c9bf4512cfd78c950c7a2076a0","JE185889","04/01/2021 05:16:00 AM","2","DRIVER",NULL,"1013243.0",NULL,"CHEVROLET","TRAX","IL","2019.0","NONE","PASSENGER","PERSONAL","N","STRAIGHT AHEAD",NULL,NULL,"1.0",NULL,NULL,NULL,NULL,NULL,NULL,NULL,NULL,NULL,NULL,"Y","Y","Y","Y","Y",NULL,"Y","UNKNOWN",NULL,NULL,NULL,NULL,NULL,NULL,NULL,NULL,NULL,NULL,NULL,NULL,NULL,NULL,NULL,NULL,NULL,NULL,NULL,NULL,NULL,NULL,NULL,NULL,NULL,NULL,NULL,NULL,NULL,NULL,NULL,NULL,NULL
"1068502","77d21f0a0632f7e0bf972a2517f4721172a44d3d30f37a0719467fb7f386c3de35742455f2807c7945137ba4e0b2c7b78d47462eec3f2f24cc06c345f769cbe5","JE186097","04/01/2021 11:15:00 AM","2","DRIVER",NULL,"1013349.0",NULL,"MERCEDES-BENZ","C350","IL","2009.0","NONE","PASSENGER","PERSONAL","E","TURNING RIGHT","Y",NULL,"1.0",NULL,"city of chicago","701 n sacramento",NULL,NULL,NULL,NULL,NULL,NULL,NULL,NULL,NULL,"Y","Y","Y",NULL,NULL,"ROOF",NULL,NULL,NULL,NULL,NULL,NULL,NULL,NULL,NULL,NULL,NULL,NULL,NULL,NULL,NULL,NULL,NULL,NULL,NULL,NULL,NULL,NULL,NULL,NULL,NULL,NULL,NULL,NULL,NULL,NULL,NULL,NULL,NULL
"1068925","d23f1bf558aa80855360be892345011fee22a15e53308e0e3fd1916543588e042fd7e73030c9f515dc9aafd20e9e64f144d6abf117473168826ea044ff207698","JE186703","04/01/2021 01:00:00 PM","2","DRIVER",NULL,"1013727.0",NULL,"BMW","OTHER (EXPLAIN IN NARRATIVE)","IL","2012.0","UNKNOWN","PASSENGER","PERSONAL","S","TURNING LEFT",NULL,NULL,"1.0",NULL,NULL,NULL,NULL,"Y","Y",NULL,NULL,NULL,NULL,NULL,NULL,NULL,NULL,NULL,NULL,NULL,"FRONT",NULL,NULL,NULL,NULL,NULL,NULL,NULL,NULL,NULL,NULL,NULL,NULL,NULL,NULL,NULL,NULL,NULL,NULL,NULL,NULL,NULL,NULL,NULL,NULL,NULL,NULL,NULL,NULL,NULL,NULL,NULL,NULL,NULL
"1069267","e1b7ddb7f18aa350508c5b5f16819e252d69d0b6d9369ed4121c9388e96ee8131a5943cb48a012234c4301941aba6ba528205b314e7907871756081346113a86","JE187271","04/02/2021 01:49:00 PM","1","DRIVER",NULL,"1014008.0",NULL,"MAZDA","CX-5",NULL,"2016.0","UNKNOWN","PASSENGER","PERSONAL","S","SKIDDING/CONTROL LOSS","Y",NULL,"1.0",NULL,NULL,NULL,NULL,NULL,NULL,NULL,NULL,NULL,NULL,NULL,NULL,NULL,NULL,"Y","Y",NULL,"TOTAL (ALL AREAS)",NULL,NULL,NULL,NULL,NULL,NULL,NULL,NULL,NULL,NULL,NULL,NULL,NULL,NULL,NULL,NULL,NULL,NULL,NULL,NULL,NULL,NULL,NULL,NULL,NULL,NULL,NULL,NULL,NULL,NULL,NULL,NULL,NULL
"1069892","2c341b00760acd94d0f85fe1241bb50dc5814992d29d091a10a0cc0c7aa3f6e894efa1c6dfc308e549878cb59e6debe528987b0a1b6262db930c111873717e5a","JE188240","04/03/2021 01:45:00 PM","2","DRIVER",NULL,"1014608.0",NULL,"JEEP","COMPASS","IL","2016.0","NONE","PASSENGER","PERSONAL","W","STRAIGHT AHEAD",NULL,NULL,"1.0",NULL,NULL,NULL,NULL,NULL,NULL,NULL,NULL,NULL,"Y","Y","Y","N",NULL,"N",NULL,NULL,"FRONT-LEFT",NULL,NULL,NULL,NULL,NULL,NULL,NULL,NULL,NULL,NULL,NULL,NULL,NULL,NULL,NULL,NULL,NULL,NULL,NULL,NULL,NULL,NULL,NULL,NULL,NULL,NULL,NULL,NULL,NULL,NULL,NULL,NULL,NULL
"1070014","e4793bf6210abfd1ae644843a1976ff59b5ab945d288b233383eee7cd5aa91e75272aa2abc898a6ea9882bb850f5434a0fa55e1c2d2f7e7bdb0b2dc5d5d5f9ab","JE188415","04/03/2021 01:30:00 PM","1","DRIVER",NULL,"1014742.0",NULL,"CHEVROLET","OTHER (EXPLAIN IN NARRATIVE)","IL","2016.0","NONE","PASSENGER","PERSONAL","W","STRAIGHT AHEAD",NULL,NULL,"1.0",NULL,NULL,NULL,NULL,"Y",NULL,NULL,NULL,NULL,NULL,NULL,NULL,NULL,NULL,NULL,NULL,NULL,"FRONT",NULL,NULL,NULL,NULL,NULL,NULL,NULL,NULL,NULL,NULL,NULL,NULL,NULL,NULL,NULL,NULL,NULL,NULL,NULL,NULL,NULL,NULL,NULL,NULL,NULL,NULL,NULL,NULL,NULL,NULL,NULL,NULL,NULL
"1070378","92889cc456155fa5604b43c28aeea76031750fe30a63c927c33e039c2c73d39726e42e44dee2f0ac58ba2ce00da4c9043eac498520c7aa18dc9fbfcd2093c271","JE188893","04/04/2021 02:20:00 AM","1","DRIVER",NULL,"1015058.0",NULL,"HONDA","CIVIC","IL","2008.0","TIRES","PASSENGER","PERSONAL","W","UNKNOWN/NA","Y",NULL,"1.0",NULL,"andres towing","2643 haymond st river grove",NULL,"Y","Y","Y","Y",NULL,NULL,NULL,NULL,NULL,NULL,NULL,NULL,NULL,"SIDE-RIGHT",NULL,NULL,NULL,NULL,NULL,NULL,NULL,NULL,NULL,NULL,NULL,NULL,NULL,NULL,NULL,NULL,NULL,NULL,NULL,NULL,NULL,NULL,NULL,NULL,NULL,NULL,NULL,NULL,NULL,NULL,NULL,NULL,NULL
"1070473","c011e8f3e112413f0c8f0b8942dde4e0b9d475cb03d61b3d123695dac54b84701321f3cba6bd723689443416cdf6622eac27a79db0136127b720a91cd099455c","JE189048","04/04/2021 09:55:00 AM","1","DRIVER",NULL,"1015160.0",NULL,"INFINITI","OTHER (EXPLAIN IN NARRATIVE)","IL","2018.0","UNKNOWN","PASSENGER","PERSONAL","W","UNKNOWN/NA",NULL,NULL,"1.0",NULL,NULL,NULL,NULL,NULL,NULL,NULL,"Y","Y",NULL,NULL,NULL,NULL,NULL,NULL,NULL,NULL,"REAR",NULL,NULL,NULL,NULL,NULL,NULL,NULL,NULL,NULL,NULL,NULL,NULL,NULL,NULL,NULL,NULL,NULL,NULL,NULL,NULL,NULL,NULL,NULL,NULL,NULL,NULL,NULL,NULL,NULL,NULL,NULL,NULL,NULL
"1070951","f5a6d79504a63ee91d29297181a9115b9c3f39a9e2dcb6561cbddd649e5aebdcdd58e0c74546e15314eceb08ca3f04d47ed23894f18c828fadacd097ed5ee992","JE189785","04/05/2021 02:30:00 AM","1","DRIVER",NULL,"1015610.0",NULL,"DODGE","JOURNEY","IL","2015.0","NONE","VAN/MINI-VAN","PERSONAL","E","STRAIGHT AHEAD","Y",NULL,"1.0",NULL,"e&r","poUnd 2",NULL,"Y","Y",NULL,NULL,NULL,NULL,NULL,NULL,NULL,NULL,NULL,"Y",NULL,"FRONT",NULL,NULL,NULL,NULL,NULL,NULL,NULL,NULL,NULL,NULL,NULL,NULL,NULL,NULL,NULL,NULL,NULL,NULL,NULL,NULL,NULL,NULL,NULL,NULL,NULL,NULL,NULL,NULL,NULL,NULL,NULL,NULL,NULL
"1071044","63b50a80ba547f5129258424843fe7d02d787384276f0730c0ac0083f7d5e91d1c20d34457ef8c2a3a2342b95e3fa070d1eb4e3c4ccf8719fd5692896289e4ad","JE189960","04/05/2021 10:09:00 AM","2","DRIVER",NULL,"1015712.0",NULL,"FORD","F250","IL","2014.0","NONE","PICKUP","CONSTRUCTION/MAINTENANCE","S","STRAIGHT AHEAD",NULL,NULL,"1.0",NULL,NULL,NULL,NULL,NULL,NULL,NULL,NULL,NULL,NULL,NULL,NULL,"Y","Y",NULL,NULL,NULL,"ROOF",NULL,NULL,NULL,NULL,NULL,NULL,NULL,NULL,NULL,NULL,NULL,NULL,NULL,NULL,NULL,NULL,NULL,NULL,NULL,NULL,NULL,NULL,NULL,NULL,NULL,NULL,NULL,NULL,NULL,NULL,NULL,NULL,NULL
"1071740","3cc4da2b5b88111e9ef886919364d9e831607c9824b32e92053f8519eeb15623bd198a0659452ec2edbcd4a7d6107db8100986d7882cc220ad5e1517b5ba52a0","JE191155","04/04/2021 03:00:00 PM","1","DRIVER",NULL,"1016371.0",NULL,"FORD","FOCUS","IL","2018.0","NONE","PASSENGER","RIDESHARE SERVICE","SE","BACKING",NULL,NULL,"1.0",NULL,NULL,NULL,NULL,"Y","Y","Y",NULL,NULL,NULL,NULL,NULL,NULL,NULL,NULL,NULL,NULL,"FRONT-RIGHT",NULL,NULL,NULL,NULL,NULL,NULL,NULL,NULL,NULL,NULL,NULL,NULL,NULL,NULL,NULL,NULL,NULL,NULL,NULL,NULL,NULL,NULL,NULL,NULL,NULL,NULL,NULL,NULL,NULL,NULL,NULL,NULL,NULL
"1071994","dcf5695ea470618f082f21ce896cd2fa94e0d8600d281ef439f5cafbbc1eda36a19ff98fd947d2e30aaa28f2caa3efc1438f675740d56505cbfe1607955b6ead","JE191503","04/06/2021 05:43:00 PM","3","PARKED",NULL,"1016659.0",NULL,"MAZDA","MAZDA3","IL","2013.0","NONE","PASSENGER","PERSONAL","N","PARKED",NULL,NULL,"0.0",NULL,NULL,NULL,NULL,"Y","Y","Y","Y","Y",NULL,NULL,NULL,NULL,NULL,NULL,NULL,NULL,"REAR-RIGHT",NULL,NULL,NULL,NULL,NULL,NULL,NULL,NULL,NULL,NULL,NULL,NULL,NULL,NULL,NULL,NULL,NULL,NULL,NULL,NULL,NULL,NULL,NULL,NULL,NULL,NULL,NULL,NULL,NULL,NULL,NULL,NULL,NULL
"1072172","604e73ac3cc5b1f6ea77b858795111a365edd2ea3c967eb865a3b3bbdfbe4c2b3cbdb2c91d2ed3e50df556aa3e9e32c17dfed5806d3c538a5cb0b945ce9fb21a","JE191929","04/07/2021 05:05:00 AM","3","PARKED",NULL,"1016795.0",NULL,"NISSAN","ALTIMA","IL","2018.0","NONE","PASSENGER","NOT IN USE","E","PARKED",NULL,NULL,"0.0",NULL,NULL,NULL,NULL,NULL,NULL,NULL,NULL,NULL,"Y","Y","Y","Y",NULL,NULL,NULL,NULL,"FRONT-LEFT",NULL,NULL,NULL,NULL,NULL,NULL,NULL,NULL,NULL,NULL,NULL,NULL,NULL,NULL,NULL,NULL,NULL,NULL,NULL,NULL,NULL,NULL,NULL,NULL,NULL,NULL,NULL,NULL,NULL,NULL,NULL,NULL,NULL
"1072246","60366c6743a23237c7a126f294f3fba97f9a2f2b18e316722b2116a331cbe42fac837b7687b73d3db38f4f20820306437c1582b4beb6ad128a8a3a5c906e2c24","JE188566","04/03/2021 05:09:00 PM","1","DRIVER",NULL,"1016859.0",NULL,"MAZDA","CX-9","IL","2008.0","UNKNOWN","UNKNOWN/NA","UNKNOWN/NA","S","STRAIGHT AHEAD",NULL,NULL,"1.0",NULL,NULL,NULL,NULL,NULL,NULL,NULL,NULL,NULL,NULL,NULL,NULL,NULL,NULL,NULL,NULL,"Y","OTHER",NULL,NULL,NULL,NULL,NULL,NULL,NULL,NULL,NULL,NULL,NULL,NULL,NULL,NULL,NULL,NULL,NULL,NULL,NULL,NULL,NULL,NULL,NULL,NULL,NULL,NULL,NULL,NULL,NULL,NULL,NULL,NULL,NULL
"1072434","58783fd4ef0707e52bbf2e2b79d1a14d98e4b3259e7035820596cc62b7b0aa656cde35a71917e8c46f8b57a8f0a794c6bd158a72e74c5ef0f2fce408e85eada4","JE192453","04/07/2021 02:40:00 PM","2","PARKED",NULL,"1017073.0",NULL,"HONDA","CIVIC","IL","2015.0","UNKNOWN","PASSENGER","NOT IN USE","UNKNOWN","PARKED",NULL,NULL,"0.0",NULL,NULL,NULL,NULL,NULL,NULL,NULL,NULL,NULL,NULL,"Y","Y",NULL,NULL,NULL,NULL,NULL,"SIDE-LEFT",NULL,NULL,NULL,NULL,NULL,NULL,NULL,NULL,NULL,NULL,NULL,NULL,NULL,NULL,NULL,NULL,NULL,NULL,NULL,NULL,NULL,NULL,NULL,NULL,NULL,NULL,NULL,NULL,NULL,NULL,NULL,NULL,NULL
"1072452","5df776e72ebad32d4451aef616ea4780e22f8724873eff7b59712fa6de3b250a69e07a1062ee1cb12ca5d0c237bd6175cfa710cccf5955004f9151644c1526c3","JE192504","04/07/2021 03:25:00 PM","2","DRIVER",NULL,"1017066.0",NULL,"BMW","745I","IL","2020.0","NONE","PASSENGER","PERSONAL","N","STARTING IN TRAFFIC",NULL,NULL,"1.0",NULL,NULL,NULL,NULL,NULL,NULL,NULL,NULL,NULL,"Y","N",NULL,NULL,NULL,NULL,NULL,NULL,"REAR-LEFT",NULL,NULL,NULL,NULL,NULL,NULL,NULL,NULL,NULL,NULL,NULL,NULL,NULL,NULL,NULL,NULL,NULL,NULL,NULL,NULL,NULL,NULL,NULL,NULL,NULL,NULL,NULL,NULL,NULL,NULL,NULL,NULL,NULL
"1073074","22e5fe4a3663af8b8f62b180df512c4c924579a104d02f45382d396cbc9f66bf7871ca4691e640edc0d728df7befc972e263843dfb5e5945eede491a6a7fe2e5","JE193691","04/08/2021 04:47:00 PM","1","DRIVER",NULL,"1017667.0",NULL,"HYUNDAI","SANTA FE","IL","2020.0","NONE","PASSENGER","PERSONAL","N","STRAIGHT AHEAD",NULL,NULL,"1.0",NULL,NULL,NULL,NULL,"Y","Y","Y",NULL,NULL,NULL,NULL,NULL,NULL,NULL,NULL,NULL,NULL,"FRONT",NULL,NULL,NULL,NULL,NULL,NULL,NULL,NULL,NULL,NULL,NULL,NULL,NULL,NULL,NULL,NULL,NULL,NULL,NULL,NULL,NULL,NULL,NULL,NULL,NULL,NULL,NULL,NULL,NULL,NULL,NULL,NULL,NULL
"1073102","aa19c7baeee33485bcb962b94bd194576cae3335d752ce8c34b94ef495584352149ccbb1ca93d0c012392b4fec2182c763710528bd2e5cdef664a9246eceeb36","JE193692","04/08/2021 06:22:00 PM","1","DRIVER",NULL,"1017694.0",NULL,"CHEVROLET","CRUZE","IL","2018.0","NONE","PASSENGER","PERSONAL","SW","STRAIGHT AHEAD",NULL,NULL,"1.0",NULL,NULL,NULL,NULL,NULL,NULL,NULL,NULL,NULL,NULL,NULL,NULL,NULL,NULL,NULL,"Y",NULL,"OTHER",NULL,NULL,NULL,NULL,NULL,NULL,NULL,NULL,NULL,NULL,NULL,NULL,NULL,NULL,NULL,NULL,NULL,NULL,NULL,NULL,NULL,NULL,NULL,NULL,NULL,NULL,NULL,NULL,NULL,NULL,NULL,NULL,NULL
"1073322","c9b877c61dadbef08b8dfd6c09eab1a2d422622eb1e4a148d04a44eb6a03ada65b0575fe8d4d09bb9e72c37076239ca6dd810b6c7c988792e2a4c278df8cab19","JE194102","04/09/2021 08:48:00 AM","2","DRIVER",NULL,"1017910.0",NULL,"TOYOTA","OTHER (EXPLAIN IN NARRATIVE)","IL","2010.0","NONE","PASSENGER","PERSONAL","E","STRAIGHT AHEAD","Y",NULL,"1.0",NULL,"PRIVATE","UNKNOWN",NULL,NULL,NULL,NULL,NULL,NULL,NULL,NULL,NULL,NULL,NULL,"Y",NULL,NULL,"TOTAL (ALL AREAS)",NULL,NULL,NULL,NULL,NULL,NULL,NULL,NULL,NULL,NULL,NULL,NULL,NULL,NULL,NULL,NULL,NULL,NULL,NULL,NULL,NULL,NULL,NULL,NULL,NULL,NULL,NULL,NULL,NULL,NULL,NULL,NULL,NULL
"1073384","b95f99bbd06dc3305faa0cd36edf5c3c0c78594e281ec19c6fce8ddc690a69c38c397641c4b86df39dbae710f0d5464c97926157022417596425a85b9ace2c39","JE194265","04/09/2021 11:15:00 AM","2","DRIVER",NULL,"1017971.0",NULL,"DODGE","CARAVAN","IL","2019.0","UNKNOWN","VAN/MINI-VAN","OTHER","E","STRAIGHT AHEAD",NULL,NULL,"1.0",NULL,NULL,NULL,NULL,NULL,NULL,NULL,"Y","Y",NULL,NULL,NULL,NULL,NULL,NULL,NULL,NULL,"REAR",NULL,NULL,NULL,NULL,NULL,NULL,NULL,NULL,NULL,NULL,NULL,NULL,NULL,NULL,NULL,NULL,NULL,NULL,NULL,NULL,NULL,NULL,NULL,NULL,NULL,NULL,NULL,NULL,NULL,NULL,NULL,NULL,NULL
"1073522","ce19549d5df266d681230df916a1c66b1f934f7a53dc7bf20a4c04a9745b19e144a80955130520069597e09ecbd513905b8aafcd941f5162b00409b95c79f698","JE194469","04/09/2021 12:35:00 PM","2","DRIVER",NULL,"1018110.0",NULL,"CHEVROLET","EQUINOX","IL","2012.0","NONE","SPORT UTILITY VEHICLE (SUV)","PERSONAL","N","STRAIGHT AHEAD",NULL,NULL,"1.0",NULL,NULL,NULL,NULL,NULL,NULL,NULL,NULL,NULL,NULL,NULL,NULL,NULL,NULL,"Y",NULL,NULL,"TOTAL (ALL AREAS)",NULL,NULL,NULL,NULL,NULL,NULL,NULL,NULL,NULL,NULL,NULL,NULL,NULL,NULL,NULL,NULL,NULL,NULL,NULL,NULL,NULL,NULL,NULL,NULL,NULL,NULL,NULL,NULL,NULL,NULL,NULL,NULL,NULL
"1073972","fce82ef801b6bd1eb35e44f0478158065cad94248b5e9dc9bb3b1aad4304d973b14b35265e52af39d89e4f640911c2791ac3988e5b449f09c5a21396e40873a0","JE195189","04/09/2021 12:18:00 PM","1","DRIVER",NULL,"1018540.0",NULL,"JEEP","COMPASS","IL","2015.0","UNKNOWN","PASSENGER","UNKNOWN/NA","UNKNOWN","BACKING",NULL,NULL,"1.0",NULL,NULL,NULL,NULL,NULL,NULL,NULL,NULL,NULL,NULL,"Y",NULL,NULL,NULL,NULL,NULL,NULL,"SIDE-LEFT",NULL,NULL,NULL,NULL,NULL,NULL,NULL,NULL,NULL,NULL,NULL,NULL,NULL,NULL,NULL,NULL,NULL,NULL,NULL,NULL,NULL,NULL,NULL,NULL,NULL,NULL,NULL,NULL,NULL,NULL,NULL,NULL,NULL
"1074085","7ce8364d9a7eb9e3982278ac1ce5823764a12827585017769d02a7e821103cc3927793664ae54316fe8e5b2172e979cd8746322eca52ce4981b9d2ef478983de","JE195392","04/10/2021 01:05:00 PM","1","DRIVER","1.0","1020691.0",NULL,"TOYOTA","CAMRY","MN","2017.0","NONE","PASSENGER","PERSONAL","E","STRAIGHT AHEAD","Y",NULL,"2.0",NULL,NULL,NULL,NULL,NULL,NULL,NULL,NULL,NULL,NULL,NULL,NULL,NULL,NULL,"Y",NULL,NULL,"TOTAL (ALL AREAS)",NULL,NULL,NULL,NULL,NULL,NULL,NULL,NULL,NULL,NULL,NULL,NULL,NULL,NULL,NULL,NULL,NULL,NULL,NULL,NULL,NULL,NULL,NULL,NULL,NULL,NULL,NULL,NULL,NULL,NULL,NULL,NULL,NULL
"1074565","602bc5a741152bdc199e1db6d908a35c7546b64fc0ee8a670f196a1c92634b14a231da8debdb846f2bfe43d183b0033679a2fa3b8f5d6c24056b9412d2909d86","JE196086","04/10/2021 09:15:00 PM","1","DRIVER",NULL,"1019078.0",NULL,"VOLKSWAGEN","TIGUAN","IL","2020.0","UNKNOWN","PASSENGER","PERSONAL","N","STRAIGHT AHEAD",NULL,NULL,"1.0",NULL,NULL,NULL,NULL,NULL,NULL,NULL,NULL,NULL,NULL,NULL,NULL,NULL,NULL,NULL,"Y",NULL,"FRONT",NULL,NULL,NULL,NULL,NULL,NULL,NULL,NULL,NULL,NULL,NULL,NULL,NULL,NULL,NULL,NULL,NULL,NULL,NULL,NULL,NULL,NULL,NULL,NULL,NULL,NULL,NULL,NULL,NULL,NULL,NULL,NULL,NULL
"1074894","40f84d3170ff2bca6cc9cd426eaad9f1e3d09f113239062809f2af9438ff0b215c63aeea4475de39d44109ab8ac0bebd60d88dc68664a437ff8b978807d8aca6","JE196599","04/11/2021 07:55:00 PM","2","DRIVER","2.0","1019403.0",NULL,"FORD","FIESTA","IL","2011.0","NONE","PASSENGER","PERSONAL","S","TURNING LEFT","Y",NULL,"3.0",NULL,"PRIVATE",NULL,NULL,"Y",NULL,NULL,NULL,NULL,NULL,NULL,NULL,NULL,NULL,NULL,NULL,NULL,"FRONT",NULL,NULL,NULL,NULL,NULL,NULL,NULL,NULL,NULL,NULL,NULL,NULL,NULL,NULL,NULL,NULL,NULL,NULL,NULL,NULL,NULL,NULL,NULL,NULL,NULL,NULL,NULL,NULL,NULL,NULL,NULL,NULL,NULL