"CRASH_UNIT_ID","CRASH_RECORD_ID","RD_NO","CRASH_DATE","UNIT_NO","UNIT_TYPE","NUM_PASSENGERS","VEHICLE_ID","CMRC_VEH_I","MAKE","MODEL","LIC_PLATE_STATE","VEHICLE_YEAR","VEHICLE_DEFECT","VEHICLE_TYPE","VEHICLE_USE","TRAVEL_DIRECTION","MANEUVER","TOWED_I","FIRE_I","OCCUPANT_CNT","EXCEED_SPEED_LIMIT_I","TOWED_BY","TOWED_TO","AREA_00_I","AREA_01_I","AREA_02_I","AREA_03_I","AREA_04_I","AREA_05_I","AREA_06_I","AREA_07_I","AREA_08_I","AREA_09_I","AREA_10_I","AREA_11_I","AREA_12_I","AREA_99_I","FIRST_CONTACT_POINT","CMV_ID","USDOT_NO","CCMC_NO","ILCC_NO","COMMERCIAL_SRC","GVWR","CARRIER_NAME","CARRIER_STATE","CARRIER_CITY","HAZMAT_PLACARDS_I","HAZMAT_NAME","UN_NO","HAZMAT_PRESENT_I","HAZMAT_REPORT_I","HAZMAT_REPORT_NO","MCS_REPORT_I","MCS_REPORT_NO","HAZMAT_VIO_CAUSE_CRASH_I","MCS_VIO_CAUSE_CRASH_I","IDOT_PERMIT_NO","WIDE_LOAD_I","TRAILER1_WIDTH","TRAILER2_WIDTH","TRAILER1_LENGTH","TRAILER2_LENGTH","TOTAL_VEHICLE_LENGTH","AXLE_CNT","VEHICLE_CONFIG","CARGO_BODY_TYPE","LOAD_TYPE","HAZMAT_OUT_OF_SERVICE_I","MCS_OUT_OF_SERVICE_I","HAZMAT_CLASS"
"1075389","1572e54214a9fa5f310814bcafad712bc2fba87b9f05d4e8bbfe83a3fdfe1888692011b4246783600e174771e2de974edfdc12727c5d21480a57656e82e01658","JE197473","04/12/2021 04:45:00 PM","2","DRIVER",NULL,"1019939.0",NULL,"BMW","X5","IL","2015.0","NONE","PASSENGER","PERSONAL","SW","TURNING LEFT",NULL,NULL,"1.0",NULL,NULL,NULL,NULL,NULL,NULL,NULL,NULL,"Y",NULL,NULL,NULL,NULL,NULL,NULL,NULL,NULL,"REAR",NULL,NULL,NULL,NULL,NULL,NULL,NULL,NULL,NULL,NULL,NULL,NULL,NULL,NULL,NULL,NULL,NULL,NULL,NULL,NULL,NULL,NULL,NULL,NULL,NULL,NULL,NULL,NULL,NULL,NULL,NULL,NULL,NULL
"1075946","53bac78e2e304cf6696893260eb1e6f5d05bf0ac1131e77d8788db7d2417def7d1df67d5d27947a639d57f46e0590372c893363ce7bb62294ee5f9909168e649","JE198472","04/12/2021 09:20:00 PM","2","DRIVER",NULL,"1020454.0",NULL,"HONDA","CIVIC","IL","2016.0","NONE","PASSENGER","PERSONAL","N","STRAIGHT AHEAD",NULL,NULL,"1.0",NULL,NULL,NULL,NULL,NULL,NULL,NULL,NULL,NULL,NULL,NULL,"Y","Y","Y",NULL,NULL,NULL,"ROOF",NULL,NULL,NULL,NULL,NULL,NULL,NULL,NULL,NULL,NULL,NULL,NULL,NULL,NULL,NULL,NULL,NULL,NULL,NULL,NULL,NULL,NULL,NULL,NULL,NULL,NULL,NULL,NULL,NULL,NULL,NULL,NULL,NULL
"1076220","8afc32caa9dda5f0ffbbd735eeb7697a5d153e1dee785f707239615931e066b9af58e5a99d119c8e63a92c69c361af39f56eab3b699dd2ab3dd6a2f798a09b19","JE197835","04/13/2021 01:43:00 AM","2","PARKED",NULL,"1020640.0",NULL,"TOYOTA","OTHER (EXPLAIN IN NARRATIVE)","IL","2009.0","NONE","PASSENGER","UNKNOWN/NA","S","PARKED IN TRAFFIC LANE",NULL,NULL,"0.0",NULL,NULL,NULL,NULL,NULL,NULL,NULL,NULL,NULL,"N","Y","Y",NULL,NULL,"Y","Y",NULL,"REAR-RIGHT",NULL,NULL,NULL,NULL,NULL,NULL,NULL,NULL,NULL,NULL,NULL,NULL,NULL,NULL,NULL,NULL,NULL,NULL,NULL,NULL,NULL,NULL,NULL,NULL,NULL,NULL,NULL,NULL,NULL,NULL,NULL,NULL,NULL
"1076454","841d0477e290bf7f59085d0b214ae1cb46f69b5fa5f2258107d69e7c709433b602528497e752abc35ed72c1d35c5b520bbf3ea5d66461b7e5fab3bb684a489cc","JE199190","04/14/2021 12:30:00 PM","2","DRIVER",NULL,"1020870.0",NULL,"TOYOTA","COROLLA","IL","2012.0","UNKNOWN","PASSENGER","NOT IN USE","E","PASSING/OVERTAKING",NULL,NULL,"1.0",NULL,NULL,NULL,NULL,NULL,NULL,"Y","Y",NULL,NULL,NULL,NULL,NULL,NULL,NULL,NULL,NULL,"SIDE-RIGHT",NULL,NULL,NULL,NULL,NULL,NULL,NULL,NULL,NULL,NULL,NULL,NULL,NULL,NULL,NULL,NULL,NULL,NULL,NULL,NULL,NULL,NULL,NULL,NULL,NULL,NULL,NULL,NULL,NULL,NULL,NULL,NULL,NULL
"1076563","95957da575f3463b7d472ca2b98075e3653f64991ed69db05c20d31503b514a6315f8ef3ef64feaf17b026804c520c6aa56d85637ba724b34d8b8df9a6147351","JE199448","04/14/2021 03:10:00 PM","1","DRIVER",NULL,"1020968.0",NULL,"CADILLAC","CT4","IL","2020.0","NONE","PASSENGER","PERSONAL","S","BACKING",NULL,NULL,"1.0",NULL,NULL,NULL,NULL,NULL,NULL,NULL,NULL,NULL,"Y",NULL,NULL,NULL,NULL,NULL,NULL,NULL,"REAR-LEFT",NULL,NULL,NULL,NULL,NULL,NULL,NULL,NULL,NULL,NULL,NULL,NULL,NULL,NULL,NULL,NULL,NULL,NULL,NULL,NULL,NULL,NULL,NULL,NULL,NULL,NULL,NULL,NULL,NULL,NULL,NULL,NULL,NULL
"1076699","b77c0b44319afcfb73f58066bf346dbb39992b05a191565cb3181999eb31c80dd6c4a126eb18a519928969c6f2cdccd7fbbdf5b4a786192a88f1067a4b07feb5","JE199657","04/14/2021 08:50:00 PM","1","DRIVER","1.0","1021098.0",NULL,"DODGE","RAM 1500 PU","IL","2008.0","UNKNOWN","PICKUP","UNKNOWN/NA","S","STRAIGHT AHEAD","Y",NULL,"2.0",NULL,"police","10300 S Doty",NULL,NULL,NULL,NULL,NULL,NULL,NULL,NULL,NULL,NULL,"Y","Y","Y",NULL,"TOTAL (ALL AREAS)",NULL,NULL,NULL,NULL,NULL,NULL,NULL,NULL,NULL,NULL,NULL,NULL,NULL,NULL,NULL,NULL,NULL,NULL,NULL,NULL,NULL,NULL,NULL,NULL,NULL,NULL,NULL,NULL,NULL,NULL,NULL,NULL,NULL
"1076958","7fe28ab1aee6301d8e3c03fcd2577e6ee4c858f5f17d662543c7bb4221282e3f83deba3a5ae401799e42a4f9ca1c92ab7be0818ae1de2afc11d41439809112d9","JE200246","04/15/2021 02:20:00 PM","1","DRIVER",NULL,"1021345.0",NULL,"CHEVROLET","OTHER (EXPLAIN IN NARRATIVE)","IL","2020.0","UNKNOWN","PASSENGER","PERSONAL","S","ENTERING TRAFFIC LANE FROM PARKING",NULL,NULL,"1.0",NULL,NULL,NULL,NULL,NULL,NULL,NULL,NULL,NULL,NULL,NULL,NULL,NULL,NULL,NULL,NULL,NULL,"TOTAL (ALL AREAS)",NULL,NULL,NULL,NULL,NULL,NULL,NULL,NULL,NULL,NULL,NULL,NULL,NULL,NULL,NULL,NULL,NULL,NULL,NULL,NULL,NULL,NULL,NULL,NULL,NULL,NULL,NULL,NULL,NULL,NULL,NULL,NULL,NULL
"1077035","5c8d1d88db7a04e9b9c0aa888276c9179f009791b22af63b980973932dc6490e86b04ea7df889640508720fca436d904cafc4bd04b750f57d7629ab1d495a9a8","JE200371","04/15/2021 03:45:00 PM","2","DRIVER",NULL,"1021420.0",NULL,"DODGE","NITRO","IL","2010.0","NONE","VAN/MINI-VAN","UNKNOWN/NA","E","UNKNOWN/NA",NULL,NULL,"1.0",NULL,NULL,NULL,NULL,NULL,NULL,NULL,NULL,NULL,"Y",NULL,NULL,NULL,NULL,NULL,NULL,NULL,"REAR-LEFT",NULL,NULL,NULL,NULL,NULL,NULL,NULL,NULL,NULL,NULL,NULL,NULL,NULL,NULL,NULL,NULL,NULL,NULL,NULL,NULL,NULL,NULL,NULL,NULL,NULL,NULL,NULL,NULL,NULL,NULL,NULL,NULL,NULL
"1077374","c9bbfb8cc71c4f8880536498d522f02f9ddbd12573e7bd9c81954214a3c9d51c0f8ef8a4c1ec3df1d7b50b2db9540457b76c1f830cfe9543162380f16e4c6ca0","JE200974","04/16/2021 10:30:00 AM","2","DRIVER",NULL,"1021747.0",NULL,"MAZDA","MAZDA3","IL","2009.0","UNKNOWN","PASSENGER","PERSONAL","N","STRAIGHT AHEAD","Y",NULL,"1.0",NULL,"private by owner",NULL,NULL,NULL,NULL,NULL,NULL,NULL,NULL,NULL,NULL,NULL,NULL,"Y",NULL,NULL,"TOTAL (ALL AREAS)",NULL,NULL,NULL,NULL,NULL,NULL,NULL,NULL,NULL,NULL,NULL,NULL,NULL,NULL,NULL,NULL,NULL,NULL,NULL,NULL,NULL,NULL,NULL,NULL,NULL,NULL,NULL,NULL,NULL,NULL,NULL,NULL,NULL
"1077412","f42678e2590860002bda67c27ba771a363f8677e0cd07a9b93a2f20b8b5f2c912de570e939afc48776fc6303736fa8598088faf990c1dbf1698c603dc0ede01f","JE201107","04/16/2021 01:00:00 AM","2","PARKED",NULL,"1021784.0",NULL,"CHEVROLET","TRAX","IL","2020.0","NONE","SPORT UTILITY VEHICLE (SUV)","PERSONAL","S","PARKED",NULL,NULL,"0.0",NULL,NULL,NULL,NULL,"Y","Y",NULL,NULL,NULL,NULL,NULL,NULL,NULL,NULL,NULL,NULL,NULL,"FRONT",NULL,NULL,NULL,NULL,NULL,NULL,NULL,NULL,NULL,NULL,NULL,NULL,NULL,NULL,NULL,NULL,NULL,NULL,NULL,NULL,NULL,NULL,NULL,NULL,NULL,NULL,NULL,NULL,NULL,NULL,NULL,NULL,NULL
"1078454","daca32fcf7d2009d07b02de25c9c71f94108d5bdbc7c3810f302f72bea6360825e66d03c3f1914e1dd427387a6b22c1b75ffaca5561ab946ea33816226b5d00e","JE202492","04/17/2021 10:45:00 PM","1","DRIVER",NULL,"1022763.0",NULL,"JEEP","GRAND CHEROKEE","IL","2015.0","NONE","PASSENGER","PERSONAL","S","STRAIGHT AHEAD",NULL,NULL,"1.0",NULL,NULL,NULL,NULL,NULL,NULL,NULL,NULL,NULL,NULL,NULL,NULL,NULL,NULL,NULL,"Y",NULL,"OTHER",NULL,NULL,NULL,NULL,NULL,NULL,NULL,NULL,NULL,NULL,NULL,NULL,NULL,NULL,NULL,NULL,NULL,NULL,NULL,NULL,NULL,NULL,NULL,NULL,NULL,NULL,NULL,NULL,NULL,NULL,NULL,NULL,NULL
"1078656","0c67275d09d98380b67f139b5a995936f86f825134f27fb96b15dfe6d6b3b33f188cad3745eb15b645810dc367099a8089d4811b77d94c9ca78da26aa8664d49","JE203007","04/18/2021 02:15:00 PM","1","DRIVER","1.0","1022958.0",NULL,"JEEP","GRAND CHEROKEE","MS","2011.0","UNKNOWN","SPORT UTILITY VEHICLE (SUV)","PERSONAL","N","STRAIGHT AHEAD",NULL,NULL,"2.0",NULL,NULL,NULL,NULL,NULL,NULL,NULL,NULL,NULL,NULL,NULL,NULL,NULL,NULL,NULL,"Y",NULL,"OTHER",NULL,NULL,NULL,NULL,NULL,NULL,NULL,NULL,NULL,NULL,NULL,NULL,NULL,NULL,NULL,NULL,NULL,NULL,NULL,NULL,NULL,NULL,NULL,NULL,NULL,NULL,NULL,NULL,NULL,NULL,NULL,NULL,NULL
"1078744","3d1365853778fc7891c01ca14655e9c5f8867a3cad3692eb02433e7b9c1722770b4c8ed5696d718024cd4186a77c16aa23fdb11de3d4e2bd46a1ee0c64f05538","JE203101","04/18/2021 04:04:00 PM","2","DRIVER","2.0","1023052.0",NULL,"KIA","RIO / K2","IL","2014.0","UNKNOWN","PASSENGER","PERSONAL","E","SLOW/STOP IN TRAFFIC",NULL,NULL,"3.0",NULL,NULL,NULL,NULL,NULL,NULL,NULL,NULL,"Y","Y","Y",NULL,NULL,NULL,NULL,NULL,NULL,"REAR-LEFT",NULL,NULL,NULL,NULL,NULL,NULL,NULL,NULL,NULL,NULL,NULL,NULL,NULL,NULL,NULL,NULL,NULL,NULL,NULL,NULL,NULL,NULL,NULL,NULL,NULL,NULL,NULL,NULL,NULL,NULL,NULL,NULL,NULL
"1079197","51e6294f36d6ea80912565a37b3afef46f126ae7b30d1f6c20580a95af87b3a81db86e3d236bbc20cfcd9de2657a6fd6ddfc659e5918f8049e06450b8cdfed88","JE203924","04/19/2021 01:44:00 PM","1","DRIVER",NULL,"1023488.0",NULL,"NISSAN","OTHER (EXPLAIN IN NARRATIVE)","IL","2019.0","NONE","PASSENGER","PERSONAL","S","STRAIGHT AHEAD",NULL,NULL,"1.0",NULL,NULL,NULL,NULL,"Y",NULL,NULL,NULL,NULL,NULL,NULL,NULL,NULL,NULL,NULL,NULL,NULL,"FRONT",NULL,NULL,NULL,NULL,NULL,NULL,NULL,NULL,NULL,NULL,NULL,NULL,NULL,NULL,NULL,NULL,NULL,NULL,NULL,NULL,NULL,NULL,NULL,NULL,NULL,NULL,NULL,NULL,NULL,NULL,NULL,NULL,NULL
"1079506","6fb27f5b73b8d06c26cbb1bd3ed210d61ddde146e0a8cd8add219dc98d8714397a09850467938d550eaefac747faa070f8ac1c9bcf54b46d08a85df7fba62218","JE204336","04/19/2021 08:50:00 PM","1","DRIVER",NULL,"1023791.0",NULL,"DODGE","OTHER (EXPLAIN IN NARRATIVE)","IL","2020.0","UNKNOWN","PASSENGER","UNKNOWN/NA","S","STRAIGHT AHEAD",NULL,NULL,"1.0",NULL,NULL,NULL,NULL,NULL,NULL,NULL,NULL,NULL,NULL,NULL,NULL,NULL,NULL,NULL,"Y",NULL,"OTHER",NULL,NULL,NULL,NULL,NULL,NULL,NULL,NULL,NULL,NULL,NULL,NULL,NULL,NULL,NULL,NULL,NULL,NULL,NULL,NULL,NULL,NULL,NULL,NULL,NULL,NULL,NULL,NULL,NULL,NULL,NULL,NULL,NULL
"1079675","bfd4b06ff9e17a795fd2432a4fbb078753b2423dd4f59e29164c4ece45f860c560bbcfe0d5a941a86e9ef448496fbf0bac31a6c775631b11a453fd81d2700d03","JE204648","04/20/2021 10:31:00 AM","1","DRIVER",NULL,"1023955.0",NULL,"DODGE","JOURNEY","IL","2018.0","NONE","SPORT UTILITY VEHICLE (SUV)","PERSONAL","N","TURNING LEFT",NULL,NULL,"1.0",NULL,NULL,NULL,NULL,NULL,NULL,NULL,NULL,NULL,NULL,NULL,NULL,NULL,NULL,NULL,NULL,NULL,"TOTAL (ALL AREAS)",NULL,NULL,NULL,NULL,NULL,NULL,NULL,NULL,NULL,NULL,NULL,NULL,NULL,NULL,NULL,NULL,NULL,NULL,NULL,NULL,NULL,NULL,NULL,NULL,NULL,NULL,NULL,NULL,NULL,NULL,NULL,NULL,NULL
"1079690","1fcb9cc6a5b54230a74805458f721e18edcfc2f477c0a99c4b921d13b956e5f60a325bd01f844028f7e8db632f6b4e9f1ffb4ee6234790c626eda6eddcae167f","JE204790","04/20/2021 08:00:00 AM","1","DRIVER",NULL,"1023962.0",NULL,"JEEP","COMPASS","IL","2019.0","NONE","SPORT UTILITY VEHICLE (SUV)","PERSONAL","E","TURNING RIGHT",NULL,NULL,"1.0",NULL,NULL,NULL,NULL,NULL,"Y",NULL,NULL,NULL,NULL,NULL,NULL,NULL,NULL,NULL,NULL,NULL,"SIDE-RIGHT",NULL,NULL,NULL,NULL,NULL,NULL,NULL,NULL,NULL,NULL,NULL,NULL,NULL,NULL,NULL,NULL,NULL,NULL,NULL,NULL,NULL,NULL,NULL,NULL,NULL,NULL,NULL,NULL,NULL,NULL,NULL,NULL,NULL
"1079747","ad3df60ae1654e1c575f10b84f0446f039e4a7eb7eb78c4d5e1a6a65fc4f814fa2c3e82fa59ee78518c3964e9166f3c4eddd76b65983be413e91d4a441970d39","JE204875","04/20/2021 02:00:00 PM","2","DRIVER",NULL,"1024029.0",NULL,"TOYOTA","TACOMA","IL","2019.0","UNKNOWN","PICKUP","PERSONAL","N","STRAIGHT AHEAD",NULL,NULL,"1.0",NULL,NULL,NULL,NULL,NULL,NULL,NULL,NULL,NULL,NULL,"Y",NULL,NULL,NULL,NULL,NULL,NULL,"SIDE-LEFT",NULL,NULL,NULL,NULL,NULL,NULL,NULL,NULL,NULL,NULL,NULL,NULL,NULL,NULL,NULL,NULL,NULL,NULL,NULL,NULL,NULL,NULL,NULL,NULL,NULL,NULL,NULL,NULL,NULL,NULL,NULL,NULL,NULL
"1079823","6cbce2dd0854342de8d9723cc32b2f162d0890ee9fc9ba94420bedbcd07a06f4419375ad41c2a50ce739c43accd7dc6c672d45eeb06455d3ef80c3f8d080a3bc","JE204965","04/20/2021 03:59:00 PM","1","DRIVER",NULL,"1024090.0",NULL,"CADILLAC","OTHER (EXPLAIN IN NARRATIVE)","IL","2010.0","NONE","PASSENGER","PERSONAL","N","BACKING",NULL,NULL,"1.0",NULL,NULL,NULL,NULL,NULL,NULL,NULL,NULL,NULL,NULL,NULL,NULL,NULL,NULL,NULL,NULL,"Y","REAR-LEFT",NULL,NULL,NULL,NULL,NULL,NULL,NULL,NULL,NULL,NULL,NULL,NULL,NULL,NULL,NULL,NULL,NULL,NULL,NULL,NULL,NULL,NULL,NULL,NULL,NULL,NULL,NULL,NULL,NULL,NULL,NULL,NULL,NULL
"1079937","d2696fe31bf4a28f9fedfc7f74959ae3e1b8ae8a2f7f794cd310155230f9bfc54bec5066b67273c0b75c6586893c2e7760dab7fc64f62cd2bf9705720f771c73","JE205107","04/20/2021 05:10:00 PM","2","DRIVER","2.0","1024191.0","Y","FORD","VAN","IL","2017.0","UNKNOWN","VAN/MINI-VAN","AMBULANCE","N","TURNING RIGHT",NULL,NULL,"3.0",NULL,NULL,NULL,NULL,"Y","Y",NULL,NULL,NULL,NULL,NULL,NULL,NULL,NULL,NULL,NULL,NULL,"FRONT-RIGHT","11996.0",NULL,NULL,NULL,NULL,NULL,"LIFELINE AMBULANCE","IL","SKOKIE",NULL,NULL,NULL,"N","N",NULL,"N",NULL,"N","U",NULL,NULL,NULL,NULL,NULL,NULL,NULL,NULL,NULL,NULL,NULL,"N","N",NULL
"1080042","91780c3f1adc7063329946c04c74fb8d8d8c5f56776fffd4b465bdc1319be465d3e115f8beaa3768d7e930c36e3b266da7bc80ef41c5f5d5bf5dda9f7722bf49","JE205264","04/20/2021 09:55:00 PM","1","DRIVER","1.0","1024302.0",NULL,"JEEP","PATRIOT","IL","2016.0","UNKNOWN","PASSENGER","PERSONAL","S","UNKNOWN/NA",NULL,NULL,"2.0",NULL,NULL,NULL,NULL,NULL,NULL,NULL,NULL,NULL,NULL,"Y",NULL,NULL,NULL,NULL,NULL,NULL,"SIDE-LEFT",NULL,NULL,NULL,NULL,NULL,NULL,NULL,NULL,NULL,NULL,NULL,NULL,NULL,NULL,NULL,NULL,NULL,NULL,NULL,NULL,NULL,NULL,NULL,NULL,NULL,NULL,NULL,NULL,NULL,NULL,NULL,NULL,NULL
"1080096","47227ad99d60bce45a1bcbfe1532b47fc200fbd2d0aea41c80f98ebbaf855a1ffa218d9eec801d139f0fe39e905554fbfd6a2317d747d8b7523559aed5313fe7","JE205355","04/21/2021 01:55:00 AM","1","DRIVER",NULL,"1024344.0",NULL,"DODGE","CHARGER","IL","2014.0","UNKNOWN","PASSENGER","PERSONAL","S","STRAIGHT AHEAD","Y",NULL,"1.0",NULL,"CITY OF CHICAGO","DOTY",NULL,"Y",NULL,NULL,NULL,NULL,NULL,NULL,NULL,NULL,NULL,"N","Y",NULL,"FRONT",NULL,NULL,NULL,NULL,NULL,NULL,NULL,NULL,NULL,NULL,NULL,NULL,NULL,NULL,NULL,NULL,NULL,NULL,NULL,NULL,NULL,NULL,NULL,NULL,NULL,NULL,NULL,NULL,NULL,NULL,NULL,NULL,NULL
"1080181","2de4f89f908c55db79f10bc4cb183aaccd6b962d34f87f96f3638ce475986fb997572b0692cc160720a73427a4e7e1a307694a65ecbb547bf5428460f070be9d","JE204995","04/20/2021 04:15:00 PM","4","PARKED",NULL,"1024431.0",NULL,"ACURA","ZDX","IL","2009.0","NONE","PASSENGER","NOT IN USE","W","PARKED","Y",NULL,"0.0",NULL,"PRIVATE",NULL,NULL,NULL,NULL,NULL,NULL,"Y","Y","Y",NULL,NULL,NULL,NULL,NULL,NULL,"REAR-LEFT",NULL,NULL,NULL,NULL,NULL,NULL,NULL,NULL,NULL,NULL,NULL,NULL,NULL,NULL,NULL,NULL,NULL,NULL,NULL,NULL,NULL,NULL,NULL,NULL,NULL,NULL,NULL,NULL,NULL,NULL,NULL,NULL,NULL
"1080282","c234e84a90d4caa86d4463b07f40a269903c597165e91e92674ba2be47ed8ff931b4a7905217136b7a64659b8eef96c9f59675bdf372716a2a21b23409eb74c8","JE205718","04/21/2021 01:06:00 PM","2","PARKED",NULL,"1024529.0",NULL,"DODGE","OTHER (EXPLAIN IN NARRATIVE)","IL","2021.0","NONE","VAN/MINI-VAN","PERSONAL","N","PARKED",NULL,NULL,"0.0",NULL,NULL,NULL,NULL,NULL,NULL,NULL,NULL,NULL,NULL,NULL,NULL,NULL,NULL,"Y",NULL,NULL,"TOTAL (ALL AREAS)",NULL,NULL,NULL,NULL,NULL,NULL,NULL,NULL,NULL,NULL,NULL,NULL,NULL,NULL,NULL,NULL,NULL,NULL,NULL,NULL,NULL,NULL,NULL,NULL,NULL,NULL,NULL,NULL,NULL,NULL,NULL,NULL,NULL
"1080351","9d6b6c11490af7b15ac0e1b5bd05f86c1c06bf393232a67c9ca791d6f0e1e72aae9e18b7e733a0911966d1b8ff2614736e48749eba670c8580dd79386960c4ae","JE205307","04/20/2021 06:40:00 PM","2","DRIVER",NULL,"1024601.0",NULL,"JEEP","RENEGADE","IL","2019.0","NONE","PASSENGER","PERSONAL","N","STRAIGHT AHEAD",NULL,NULL,"1.0",NULL,NULL,NULL,NULL,"Y","Y","Y","Y","Y",NULL,NULL,NULL,NULL,NULL,"Y","Y",NULL,"OTHER",NULL,NULL,NULL,NULL,NULL,NULL,NULL,NULL,NULL,NULL,NULL,NULL,NULL,NULL,NULL,NULL,NULL,NULL,NULL,NULL,NULL,NULL,NULL,NULL,NULL,NULL,NULL,NULL,NULL,NULL,NULL,NULL,NULL
"1080836","08944f29072ffd17590144f0aaf05368fbd9c2b3414b006e73419ce49cc28ed3aecd5e3dba4aad5f63bcc8a40b62cd0cea5ae61a86f7e3f3eec25d30ac8039d1","JE206695","04/22/2021 01:30:00 PM","2","DRIVER","1.0","1025066.0",NULL,"CHEVROLET","CRUZE","IL","2015.0","NONE","PASSENGER","PERSONAL","W","STRAIGHT AHEAD",NULL,NULL,"2.0",NULL,NULL,NULL,NULL,"Y",NULL,NULL,NULL,NULL,NULL,NULL,NULL,"Y","Y","Y","Y",NULL,"TOTAL (ALL AREAS)",NULL,NULL,NULL,NULL,NULL,NULL,NULL,NULL,NULL,NULL,NULL,NULL,NULL,NULL,NULL,NULL,NULL,NULL,NULL,NULL,NULL,NULL,NULL,NULL,NULL,NULL,NULL,NULL,NULL,NULL,NULL,NULL,NULL
"1080869","2061412628e9bcf5869ada181cd62ad99595eb32ab22a033e19d8ee4d8b224a366eb3c35890c00a0d195bae760671cd8d3c4be8abf502f5dcbb2d251c12f5548","JE206774","04/22/2021 02:50:00 PM","1","DRIVER",NULL,"1025097.0",NULL,"JEEP","WRANGLER","IL","2016.0","NONE","SPORT UTILITY VEHICLE (SUV)","PERSONAL","N","STRAIGHT AHEAD",NULL,NULL,"1.0",NULL,NULL,NULL,NULL,NULL,NULL,NULL,NULL,NULL,NULL,NULL,NULL,NULL,NULL,NULL,"Y",NULL,"OTHER",NULL,NULL,NULL,NULL,NULL,NULL,NULL,NULL,NULL,NULL,NULL,NULL,NULL,NULL,NULL,NULL,NULL,NULL,NULL,NULL,NULL,NULL,NULL,NULL,NULL,NULL,NULL,NULL,NULL,NULL,NULL,NULL,NULL
"1080935","3a5da1fb57c03fa8eeaea9bcad96f0472fc58da99348b278248cbcb52831b390a2b33b15cabe57be6a088bd7fb081f41db33f441edfe8f0389da1ef8f894c817","JE206890","04/22/2021 03:22:00 PM","1","DRIVER",NULL,"1025152.0",NULL,"LEXUS","OTHER (EXPLAIN IN NARRATIVE)","IL","2008.0","UNKNOWN","PASSENGER","PERSONAL","E","STRAIGHT AHEAD",NULL,NULL,"1.0",NULL,NULL,NULL,NULL,NULL,NULL,NULL,NULL,NULL,NULL,NULL,NULL,NULL,NULL,NULL,"Y",NULL,"OTHER",NULL,NULL,NULL,NULL,NULL,NULL,NULL,NULL,NULL,NULL,NULL,NULL,NULL,NULL,NULL,NULL,NULL,NULL,NULL,NULL,NULL,NULL,NULL,NULL,NULL,NULL,NULL,NULL,NULL,NULL,NULL,NULL,NULL
"1080940","45d84578f761df14b71aa1ea95417221d27cbf341c4cdc2dbb24a3f216bfda93b673d116f504533d52fe78bb6e430f1c86dba966e6ea16e8ed3e1850fcf1b1cc","JE206849","04/22/2021 04:00:00 PM","1","DRIVER",NULL,"1025159.0",NULL,"ACURA","TLX","IL","2020.0","UNKNOWN","SPORT UTILITY VEHICLE (SUV)","PERSONAL","W","CHANGING LANES",NULL,NULL,"1.0",NULL,NULL,NULL,NULL,NULL,NULL,NULL,NULL,NULL,NULL,NULL,"Y",NULL,NULL,NULL,NULL,NULL,"FRONT-LEFT",NULL,NULL,NULL,NULL,NULL,NULL,NULL,NULL,NULL,NULL,NULL,NULL,NULL,NULL,NULL,NULL,NULL,NULL,NULL,NULL,NULL,NULL,NULL,NULL,NULL,NULL,NULL,NULL,NULL,NULL,NULL,NULL,NULL
"1080949","3646a6d6dbf4684bf7ddbe4a6e2098fa7f7f948954ee135ab2f738f4f1c52576e940426727907958000d8dcbb8b5e61cef648b1a3df946a6ebbda24499d87cc7","JE206872","04/22/2021 02:30:00 PM","2","PARKED",NULL,"1025161.0",NULL,"NISSAN","ROGUE","IL","2011.0","NONE","SPORT UTILITY VEHICLE (SUV)","PERSONAL","UNKNOWN","PARKED",NULL,NULL,"0.0",NULL,NULL,NULL,NULL,"Y",NULL,NULL,NULL,NULL,NULL,NULL,NULL,NULL,NULL,NULL,NULL,NULL,"FRONT",NULL,NULL,NULL,NULL,NULL,NULL,NULL,NULL,NULL,NULL,NULL,NULL,NULL,NULL,NULL,NULL,NULL,NULL,NULL,NULL,NULL,NULL,NULL,NULL,NULL,NULL,NULL,NULL,NULL,NULL,NULL,NULL,NULL
"1081337","1d64b57048295e45ce47cf503e6575affc677606b5ea05a6d4df909a06efdcebd3ee9d7d8ca5593196041d3c3e400a324ecc2e174ceb83bb4cb68fb8477a6743","JE207504","04/23/2021 08:45:00 AM","1","DRIVER",NULL,"1025542.0",NULL,"HYUNDAI","ELANTRA","IL","2013.0","UNKNOWN","PASSENGER","PERSONAL","S","STRAIGHT AHEAD",NULL,NULL,"1.0",NULL,NULL,NULL,NULL,NULL,NULL,NULL,NULL,NULL,NULL,NULL,NULL,NULL,NULL,NULL,"Y",NULL,"OTHER",NULL,NULL,NULL,NULL,NULL,NULL,NULL,NULL,NULL,NULL,NULL,NULL,NULL,NULL,NULL,NULL,NULL,NULL,NULL,NULL,NULL,NULL,NULL,NULL,NULL,NULL,NULL,NULL,NULL,NULL,NULL,NULL,NULL