"CRASH_UNIT_ID","CRASH_RECORD_ID","RD_NO","CRASH_DATE","UNIT_NO","UNIT_TYPE","NUM_PASSENGERS","VEHICLE_ID","CMRC_VEH_I","MAKE","MODEL","LIC_PLATE_STATE","VEHICLE_YEAR","VEHICLE_DEFECT","VEHICLE_TYPE","VEHICLE_USE","TRAVEL_DIRECTION","MANEUVER","TOWED_I","FIRE_I","OCCUPANT_CNT","EXCEED_SPEED_LIMIT_I","TOWED_BY","TOWED_TO","AREA_00_I","AREA_01_I","AREA_02_I","AREA_03_I","AREA_04_I","AREA_05_I","AREA_06_I","AREA_07_I","AREA_08_I","AREA_09_I","AREA_10_I","AREA_11_I","AREA_12_I","AREA_99_I","FIRST_CONTACT_POINT","CMV_ID","USDOT_NO","CCMC_NO","ILCC_NO","COMMERCIAL_SRC","GVWR","CARRIER_NAME","CARRIER_STATE","CARRIER_CITY","HAZMAT_PLACARDS_I","HAZMAT_NAME","UN_NO","HAZMAT_PRESENT_I","HAZMAT_REPORT_I","HAZMAT_REPORT_NO","MCS_REPORT_I","MCS_REPORT_NO","HAZMAT_VIO_CAUSE_CRASH_I","MCS_VIO_CAUSE_CRASH_I","IDOT_PERMIT_NO","WIDE_LOAD_I","TRAILER1_WIDTH","TRAILER2_WIDTH","TRAILER1_LENGTH","TRAILER2_LENGTH","TOTAL_VEHICLE_LENGTH","AXLE_CNT","VEHICLE_CONFIG","CARGO_BODY_TYPE","LOAD_TYPE","HAZMAT_OUT_OF_SERVICE_I","MCS_OUT_OF_SERVICE_I","HAZMAT_CLASS"
"1087584","fcec46080553c9f1217b123b67f0d78f5c2cd3e5d4897f592bc85bd262a214b0a563e24c9dafac0cb93dda10f1d14cc61299e746c2eb48797f9d24e761d81925","JE217733","05/03/2021 12:10:00 AM","2","DRIVER",NULL,"1031506.0",NULL,"CHEVROLET","IMPALA","IL","2009.0","UNKNOWN","PASSENGER","PERSONAL","S","STRAIGHT AHEAD",NULL,NULL,"1.0",NULL,NULL,NULL,NULL,"Y","Y",NULL,NULL,NULL,NULL,NULL,NULL,NULL,"N","N",NULL,NULL,"FRONT-RIGHT",NULL,NULL,NULL,NULL,NULL,NULL,NULL,NULL,NULL,NULL,NULL,NULL,NULL,NULL,NULL,NULL,NULL,NULL,NULL,NULL,NULL,NULL,NULL,NULL,NULL,NULL,NULL,NULL,NULL,NULL,NULL,NULL,NULL
"1087607","962588e7ffc80ed7bce7fbb55074bcf3a30ffd48498c0af85621d07e9b8af2032cca607a1f2623a21d545be915ab6fb67432f9f2b5f76fd8a411326ebf1f324d","JE217725","05/02/2021 11:45:00 PM","2","DRIVER",NULL,"1031524.0",NULL,"DODGE","DURANGO",NULL,"2016.0","NONE","PASSENGER","PERSONAL","E","STRAIGHT AHEAD",NULL,NULL,"1.0",NULL,NULL,NULL,NULL,NULL,NULL,NULL,NULL,NULL,"Y",NULL,NULL,NULL,NULL,NULL,NULL,NULL,"REAR-LEFT",NULL,NULL,NULL,NULL,NULL,NULL,NULL,NULL,NULL,NULL,NULL,NULL,NULL,NULL,NULL,NULL,NULL,NULL,NULL,NULL,NULL,NULL,NULL,NULL,NULL,NULL,NULL,NULL,NULL,NULL,NULL,NULL,NULL
"1088123","83440effaf00c4386b0f3b4b884e6f3c653f23343d791a1062dc09aa5820f833e77056cc117840063f45b8617a5f194810a58fab331780f0ffbe5ed7333899cc","JE218492","05/03/2021 04:21:00 PM","2","DRIVER","1.0","1032032.0",NULL,"VOLKSWAGEN","GOLF","IL","2019.0","NONE","PASSENGER","PERSONAL","N","SLOW/STOP IN TRAFFIC",NULL,NULL,"2.0",NULL,NULL,NULL,NULL,NULL,NULL,NULL,NULL,NULL,"Y",NULL,NULL,NULL,NULL,NULL,"Y",NULL,"REAR-LEFT",NULL,NULL,NULL,NULL,NULL,NULL,NULL,NULL,NULL,NULL,NULL,NULL,NULL,NULL,NULL,NULL,NULL,NULL,NULL,NULL,NULL,NULL,NULL,NULL,NULL,NULL,NULL,NULL,NULL,NULL,NULL,NULL,NULL
"1088685","46f0d0da8174481dacc61b413ef2ef76486a7766e4db2e8ecda8eed1d52daa2061e60ed3121847c69dd68486f8ff646ee3449ff5ea071a12766b73dc68965a2d","JE219512","05/04/2021 02:50:00 PM","2","DRIVER",NULL,"1032585.0",NULL,"DODGE","AVENGER","IL","2009.0","NONE","PASSENGER","PERSONAL","S","STRAIGHT AHEAD",NULL,NULL,"1.0",NULL,NULL,NULL,NULL,NULL,NULL,NULL,NULL,NULL,NULL,NULL,NULL,NULL,NULL,"Y",NULL,NULL,"TOTAL (ALL AREAS)",NULL,NULL,NULL,NULL,NULL,NULL,NULL,NULL,NULL,NULL,NULL,NULL,NULL,NULL,NULL,NULL,NULL,NULL,NULL,NULL,NULL,NULL,NULL,NULL,NULL,NULL,NULL,NULL,NULL,NULL,NULL,NULL,NULL
"1088952","9fa9b02cb52b5b23594e838b92599449433bc74b256c19ddeda190899d25ebdac7979b9cb5f78dfb68a1ee8c468846641df58542af8b22686fbeb8f233a8c5e0","JE219951","04/27/2021 04:48:00 PM","1","DRIVER",NULL,"1032825.0",NULL,"KIA","RIO / K2","IL","2016.0","UNKNOWN","PASSENGER","UNKNOWN/NA","W","UNKNOWN/NA",NULL,NULL,"1.0",NULL,NULL,NULL,NULL,NULL,NULL,NULL,NULL,NULL,NULL,NULL,NULL,NULL,NULL,NULL,NULL,"Y","OTHER",NULL,NULL,NULL,NULL,NULL,NULL,NULL,NULL,NULL,NULL,NULL,NULL,NULL,NULL,NULL,NULL,NULL,NULL,NULL,NULL,NULL,NULL,NULL,NULL,NULL,NULL,NULL,NULL,NULL,NULL,NULL,NULL,NULL
"1089234","ef09087a5399fbb2f4c4cf9418d51a21edaa0ae38494899068a5a2d84793293d787e6e89410e88f61b63da2e18203b23d9ec615517a975d766f578f0b1e576eb","JE220476","05/05/2021 01:45:00 PM","1","DRIVER",NULL,"1033094.0",NULL,"NISSAN","ALTIMA","IL","2008.0","BRAKES","PASSENGER","PERSONAL","E","STRAIGHT AHEAD","Y",NULL,"1.0",NULL,NULL,NULL,NULL,NULL,NULL,NULL,NULL,NULL,NULL,NULL,NULL,NULL,NULL,NULL,"Y",NULL,"OTHER",NULL,NULL,NULL,NULL,NULL,NULL,NULL,NULL,NULL,NULL,NULL,NULL,NULL,NULL,NULL,NULL,NULL,NULL,NULL,NULL,NULL,NULL,NULL,NULL,NULL,NULL,NULL,NULL,NULL,NULL,NULL,NULL,NULL
"1089386","26f877b2bd2d015f599609e6d55434865fbc74849f17a5ce21ae44398a7e8e4f93eb7f77af20cb71ca29bfd3f6a613ef8e8fb37575f3ee37961f4b7154e48d7f","JE220691","05/05/2021 04:31:00 PM","2","DRIVER",NULL,"1033241.0",NULL,"FORD","EDGE","IL","2017.0","NONE","SPORT UTILITY VEHICLE (SUV)","PERSONAL","N","STRAIGHT AHEAD",NULL,NULL,"1.0",NULL,NULL,NULL,NULL,NULL,NULL,NULL,NULL,NULL,"Y",NULL,NULL,NULL,NULL,NULL,NULL,NULL,"REAR-LEFT",NULL,NULL,NULL,NULL,NULL,NULL,NULL,NULL,NULL,NULL,NULL,NULL,NULL,NULL,NULL,NULL,NULL,NULL,NULL,NULL,NULL,NULL,NULL,NULL,NULL,NULL,NULL,NULL,NULL,NULL,NULL,NULL,NULL
"1089471","6e052883b9cf69c9274561121ddb4b9ca8b256168304a5ee013e6779e725f155011f66c2eedef51cf3ef63bf6f25858788f9422827efa62dfc52d0eb5bf036a2","JE220828","05/02/2021 02:05:00 PM","1","DRIVER",NULL,"1033321.0",NULL,"DODGE","CHARGER","IL","2019.0","UNKNOWN","PASSENGER","UNKNOWN/NA","UNKNOWN","OTHER",NULL,NULL,"1.0",NULL,NULL,NULL,NULL,"Y",NULL,NULL,NULL,NULL,NULL,NULL,NULL,NULL,NULL,NULL,NULL,NULL,"FRONT",NULL,NULL,NULL,NULL,NULL,NULL,NULL,NULL,NULL,NULL,NULL,NULL,NULL,NULL,NULL,NULL,NULL,NULL,NULL,NULL,NULL,NULL,NULL,NULL,NULL,NULL,NULL,NULL,NULL,NULL,NULL,NULL,NULL
"1089564","8fcd169f32607349f74581e2485b8ea96c65ebb5da7b15a2cac94863379e6364dfe495771dd875575855a6aac58ab02ec435a1e256e2f6f37349605c41f85d6e","JE220920","05/05/2021 07:35:00 PM","1","DRIVER",NULL,"1033407.0",NULL,"MAZDA","MAZDA6","IL","2015.0","UNKNOWN","PASSENGER","UNKNOWN/NA","W","UNKNOWN/NA",NULL,NULL,"1.0",NULL,NULL,NULL,NULL,NULL,NULL,NULL,NULL,NULL,NULL,NULL,NULL,NULL,NULL,NULL,"Y",NULL,"OTHER",NULL,NULL,NULL,NULL,NULL,NULL,NULL,NULL,NULL,NULL,NULL,NULL,NULL,NULL,NULL,NULL,NULL,NULL,NULL,NULL,NULL,NULL,NULL,NULL,NULL,NULL,NULL,NULL,NULL,NULL,NULL,NULL,NULL
"1089725","296c7281638efde4616f4eeb66c177b54684adff95008ebf558da2e848ee1d4ca3d7683fc66e8ac5d554e6ad77344b9db1d1379cf979b9514f9acbd23e27704c","JE221189","05/06/2021 04:26:00 AM","3","PARKED",NULL,"1033552.0",NULL,"BUICK","ENCLAVE","IL","2010.0","NONE","PASSENGER","PERSONAL","E","PARKED",NULL,NULL,"0.0",NULL,NULL,NULL,NULL,NULL,NULL,NULL,NULL,NULL,"Y","Y",NULL,NULL,NULL,NULL,NULL,NULL,"SIDE-LEFT",NULL,NULL,NULL,NULL,NULL,NULL,NULL,NULL,NULL,NULL,NULL,NULL,NULL,NULL,NULL,NULL,NULL,NULL,NULL,NULL,NULL,NULL,NULL,NULL,NULL,NULL,NULL,NULL,NULL,NULL,NULL,NULL,NULL
"1090108","1de8adf37ccfae8f9a28f66b97ccfbe181183afc463710f8a51cb3e173edcca4d835f206dbb5a1c4a82a9b64abcda09a8e9726b57ba490d4592b82d4d0255f43","JE221806","05/06/2021 12:30:00 AM","2","DRIVER",NULL,"1033906.0",NULL,"HONDA","CIVIC","IL","2021.0","NONE","PASSENGER","PERSONAL","N","STRAIGHT AHEAD",NULL,NULL,"1.0",NULL,NULL,NULL,NULL,NULL,NULL,NULL,NULL,"Y","Y","Y",NULL,NULL,NULL,NULL,NULL,NULL,"REAR-LEFT",NULL,NULL,NULL,NULL,NULL,NULL,NULL,NULL,NULL,NULL,NULL,NULL,NULL,NULL,NULL,NULL,NULL,NULL,NULL,NULL,NULL,NULL,NULL,NULL,NULL,NULL,NULL,NULL,NULL,NULL,NULL,NULL,NULL
"1090481","eef48aed6b4f5434a59e3b5df7a6ad9b8ba1f91e3fac59e4a5ab4e98e5608b05cbd6f1b7a0f403942eca53110527070cce7fe0542468538d35b517d2691ea11e","JE222391","05/04/2021 06:00:00 PM","1","DRIVER",NULL,"1034279.0",NULL,"HONDA","ODYSSEY","IL","2020.0","NONE","VAN/MINI-VAN","PERSONAL","S","STRAIGHT AHEAD",NULL,NULL,"1.0",NULL,NULL,NULL,"Y",NULL,NULL,NULL,NULL,NULL,NULL,NULL,NULL,NULL,NULL,NULL,NULL,NULL,"OTHER",NULL,NULL,NULL,NULL,NULL,NULL,NULL,NULL,NULL,NULL,NULL,NULL,NULL,NULL,NULL,NULL,NULL,NULL,NULL,NULL,NULL,NULL,NULL,NULL,NULL,NULL,NULL,NULL,NULL,NULL,NULL,NULL,NULL
"1090552","75e95fcfdf19c03a35a61bbae0a2f459c2912d617d0df219d8f60f2b9536eedf9852c51061339f49d5ecdc192dee3a73c17c83a57cf8d8f844119ade78a490f0","JE222506","05/07/2021 11:45:00 AM","2","DRIVER",NULL,"1034335.0",NULL,"TOYOTA","COROLLA","IL","2011.0","NONE","PASSENGER","PERSONAL","N","STRAIGHT AHEAD",NULL,NULL,"1.0",NULL,NULL,NULL,NULL,NULL,NULL,NULL,NULL,NULL,NULL,NULL,NULL,"Y",NULL,NULL,NULL,NULL,"ROOF",NULL,NULL,NULL,NULL,NULL,NULL,NULL,NULL,NULL,NULL,NULL,NULL,NULL,NULL,NULL,NULL,NULL,NULL,NULL,NULL,NULL,NULL,NULL,NULL,NULL,NULL,NULL,NULL,NULL,NULL,NULL,NULL,NULL
"1090696","d77878fab615e6098e797324a243901053c55ed0298da574d8df007bff62e977f28ebce03be74a7be5bef21aa49a6ddc1991c86110a0f4de276613cdfc436ede","JE222753","05/07/2021 03:00:00 PM","1","DRIVER",NULL,"1034478.0",NULL,"FORD","OTHER (EXPLAIN IN NARRATIVE)","IL","2009.0","UNKNOWN","PICKUP","UNKNOWN/NA","W","PASSING/OVERTAKING",NULL,NULL,"1.0",NULL,NULL,NULL,NULL,NULL,NULL,NULL,NULL,NULL,NULL,NULL,NULL,NULL,NULL,NULL,NULL,"Y","OTHER",NULL,NULL,NULL,NULL,NULL,NULL,NULL,NULL,NULL,NULL,NULL,NULL,NULL,NULL,NULL,NULL,NULL,NULL,NULL,NULL,NULL,NULL,NULL,NULL,NULL,NULL,NULL,NULL,NULL,NULL,NULL,NULL,NULL
"1091015","c2892724c49fa752dab737a06b46dc0160e7767cec846c5b1e5d19b5b987cb8b8d73d61b605a3b7a25ddca225d4838242f93ae324521f34b700aa93efc8868ee","JE223150","05/07/2021 02:42:00 PM","2","DRIVER",NULL,"1034793.0",NULL,"SUBARU","CROSSTREK","IL","2021.0","NONE","PASSENGER","PERSONAL","N","SLOW/STOP IN TRAFFIC",NULL,NULL,"1.0",NULL,NULL,NULL,NULL,NULL,NULL,NULL,NULL,NULL,"Y",NULL,NULL,NULL,NULL,NULL,NULL,NULL,"REAR-LEFT",NULL,NULL,NULL,NULL,NULL,NULL,NULL,NULL,NULL,NULL,NULL,NULL,NULL,NULL,NULL,NULL,NULL,NULL,NULL,NULL,NULL,NULL,NULL,NULL,NULL,NULL,NULL,NULL,NULL,NULL,NULL,NULL,NULL
"1091136","dd46f28af1f730fb9af7e088b500c8501ebe81ab28269f822c314fbb4a153f4336ec1dcd0c8ce32bcc27b83f9d2123e7bae4822539c240edf6dea91fe064dac9","JE223304","05/08/2021 01:30:00 AM","3","PARKED",NULL,"1034905.0",NULL,"MERCEDES-BENZ","300 SERIES","IL","2010.0","NONE","PASSENGER","PERSONAL","N","PARKED",NULL,NULL,"0.0",NULL,NULL,NULL,NULL,"Y",NULL,NULL,NULL,"Y","Y","Y",NULL,NULL,NULL,"Y","Y",NULL,"OTHER",NULL,NULL,NULL,NULL,NULL,NULL,NULL,NULL,NULL,NULL,NULL,NULL,NULL,NULL,NULL,NULL,NULL,NULL,NULL,NULL,NULL,NULL,NULL,NULL,NULL,NULL,NULL,NULL,NULL,NULL,NULL,NULL,NULL
"1091558","8594b455da528991128123c198374c0e6a68af53fef23c5928b76404dc4ebf6491cfb371748e71b3fa6e46085b13f48ceb566085b7fd71202f00e9c86b879c6a","JE223900","05/08/2021 05:20:00 PM","2","DRIVER",NULL,"1035310.0",NULL,"TOYOTA","YARIS","IL","2008.0","NONE","PASSENGER","PERSONAL","S","TURNING LEFT","Y",NULL,"1.0",NULL,NULL,NULL,NULL,NULL,NULL,NULL,NULL,"Y","Y","Y",NULL,NULL,NULL,NULL,NULL,NULL,"REAR-LEFT",NULL,NULL,NULL,NULL,NULL,NULL,NULL,NULL,NULL,NULL,NULL,NULL,NULL,NULL,NULL,NULL,NULL,NULL,NULL,NULL,NULL,NULL,NULL,NULL,NULL,NULL,NULL,NULL,NULL,NULL,NULL,NULL,NULL
"1091699","906fa2fa8297d39c6d0d5bc84d9e20b9a7e48cb95daddb2422b9e90c2760f83b71575239fa3c55024dfaead63b99ce980fa5f7689735116cd4686ec8812e6663","JE224156","05/08/2021 10:37:00 PM","2","DRIVER",NULL,"1035449.0",NULL,"CHEVROLET","TRAVERSE","IL","2014.0","UNKNOWN","PASSENGER","PERSONAL","E","STRAIGHT AHEAD",NULL,NULL,"1.0",NULL,NULL,NULL,NULL,NULL,NULL,"Y","Y",NULL,NULL,NULL,NULL,NULL,NULL,NULL,NULL,NULL,"NONE",NULL,NULL,NULL,NULL,NULL,NULL,NULL,NULL,NULL,NULL,NULL,NULL,NULL,NULL,NULL,NULL,NULL,NULL,NULL,NULL,NULL,NULL,NULL,NULL,NULL,NULL,NULL,NULL,NULL,NULL,NULL,NULL,NULL
"1091905","9b3d7693288494104ce3c4b83fad51c36e661e551bdd82826bbf8edb812e9fe71ec31edf7a7e511590b1571f00c1eeb6b373a586294318e49e9128dc43ee9f0e","JE224402","05/09/2021 08:15:00 AM","1","DRIVER",NULL,"1035646.0",NULL,"KIA","SPORTAGE","IL","2016.0","UNKNOWN","SPORT UTILITY VEHICLE (SUV)","PERSONAL","N","STRAIGHT AHEAD","Y",NULL,"1.0",NULL,NULL,NULL,NULL,"Y","Y",NULL,NULL,NULL,NULL,NULL,NULL,NULL,"Y","Y","Y",NULL,"OTHER",NULL,NULL,NULL,NULL,NULL,NULL,NULL,NULL,NULL,NULL,NULL,NULL,NULL,NULL,NULL,NULL,NULL,NULL,NULL,NULL,NULL,NULL,NULL,NULL,NULL,NULL,NULL,NULL,NULL,NULL,NULL,NULL,NULL
"1092332","372a87089530f3b9eba0363e73c44399a0f415e25b4feb51c48e69ae6746be1788e0174bf0428b366b4c8e25999906ba1819688279ad85dd358f23838525cb3f","JE225055","05/09/2021 09:30:00 PM","1","DRIVER",NULL,"1036055.0",NULL,"CHEVROLET","EQUINOX","IL","2012.0","NONE","PASSENGER","PERSONAL","E","TURNING RIGHT","Y",NULL,"1.0",NULL,"PRIVATE TOW    ATI",NULL,NULL,NULL,NULL,NULL,NULL,NULL,NULL,NULL,NULL,NULL,NULL,"Y",NULL,NULL,"TOTAL (ALL AREAS)",NULL,NULL,NULL,NULL,NULL,NULL,NULL,NULL,NULL,NULL,NULL,NULL,NULL,NULL,NULL,NULL,NULL,NULL,NULL,NULL,NULL,NULL,NULL,NULL,NULL,NULL,NULL,NULL,NULL,NULL,NULL,NULL,NULL
"1092480","bd0a8307347161282530b13dc002c8ff37ee9d94beef5357923185fcfeb816852d59521ee53fbda00a36267eecf4e87ae69c38f56280ee86ff8705e7e325c009","JE224626","05/09/2021 01:10:00 PM","1","DRIVER",NULL,"1036204.0",NULL,"UNKNOWN","OTHER (EXPLAIN IN NARRATIVE)","IL","2013.0","NONE","SPORT UTILITY VEHICLE (SUV)","PERSONAL","N","PASSING/OVERTAKING",NULL,NULL,"1.0",NULL,NULL,NULL,NULL,"Y",NULL,NULL,NULL,NULL,NULL,NULL,NULL,NULL,NULL,"Y","Y",NULL,"OTHER",NULL,NULL,NULL,NULL,NULL,NULL,NULL,NULL,NULL,NULL,NULL,NULL,NULL,NULL,NULL,NULL,NULL,NULL,NULL,NULL,NULL,NULL,NULL,NULL,NULL,NULL,NULL,NULL,NULL,NULL,NULL,NULL,NULL
"1092817","43bd3cd9d68fb3bd30a5867c1d4452e74590ed953852cbda08208a9e2e339b27671cd94c6fb767aab9a90dd625da3a8682dfd00489e944e8a9cf02346a36aef7","JE225875","04/30/2021 02:53:00 PM","2","PARKED",NULL,"1036512.0",NULL,"NISSAN","SENTRA","IL","2017.0","NONE","PASSENGER","NOT IN USE","E","PARKED",NULL,NULL,"0.0",NULL,NULL,NULL,NULL,NULL,NULL,NULL,NULL,NULL,NULL,NULL,NULL,NULL,NULL,NULL,"Y",NULL,"OTHER",NULL,NULL,NULL,NULL,NULL,NULL,NULL,NULL,NULL,NULL,NULL,NULL,NULL,NULL,NULL,NULL,NULL,NULL,NULL,NULL,NULL,NULL,NULL,NULL,NULL,NULL,NULL,NULL,NULL,NULL,NULL,NULL,NULL
"1093242","c75ad51eb6a87074e5c5107006479cb4f250b894c2dad3ae294010c470b497d2dc1ef1ecb48d064f17e47d13deb55d81134699982a1a51c673a17e965723bc9d","JE226627","05/11/2021 12:06:00 PM","2","DRIVER",NULL,"1036920.0",NULL,"TOYOTA","CAMRY","IL","2015.0","NONE","PASSENGER","PERSONAL","W","SLOW/STOP IN TRAFFIC",NULL,NULL,"1.0",NULL,NULL,NULL,NULL,NULL,NULL,NULL,NULL,"Y","Y","N",NULL,NULL,NULL,NULL,NULL,NULL,"REAR-LEFT",NULL,NULL,NULL,NULL,NULL,NULL,NULL,NULL,NULL,NULL,NULL,NULL,NULL,NULL,NULL,NULL,NULL,NULL,NULL,NULL,NULL,NULL,NULL,NULL,NULL,NULL,NULL,NULL,NULL,NULL,NULL,NULL,NULL
"1094788","57800982f225fcbf4d2ef2e21c48068e85b9e150b980ec854b75ed9df891cce39339289b995c5f64218e66bdaa28ed8dbcbaf318f5918d74c851ddaae74779ff","JE229103","05/13/2021 04:20:00 PM","2","DRIVER",NULL,"1038392.0",NULL,"CHEVROLET","IMPALA","IL","2010.0","NONE","PASSENGER","PERSONAL","E","STRAIGHT AHEAD",NULL,NULL,"1.0",NULL,NULL,NULL,NULL,NULL,NULL,NULL,NULL,NULL,"Y","Y",NULL,NULL,NULL,NULL,"Y",NULL,"REAR-LEFT",NULL,NULL,NULL,NULL,NULL,NULL,NULL,NULL,NULL,NULL,NULL,NULL,NULL,NULL,NULL,NULL,NULL,NULL,NULL,NULL,NULL,NULL,NULL,NULL,NULL,NULL,NULL,NULL,NULL,NULL,NULL,NULL,NULL
"1094823","0e4cb13cbb8804c653819984dbc0ad957dfb4e0b6f763f689d35aa944dce5a86af0688d50f27041e9436a6490b2247ea358ab61b2564b384eac9497925f72230","JE229080","05/13/2021 05:06:00 PM","1","DRIVER","1.0","1038429.0",NULL,"BMW","5 SERIES","IL","2011.0","UNKNOWN","PASSENGER","PERSONAL","S","STRAIGHT AHEAD","Y",NULL,"2.0",NULL,"Private",NULL,NULL,NULL,NULL,NULL,NULL,NULL,NULL,NULL,NULL,NULL,NULL,NULL,NULL,NULL,"OTHER",NULL,NULL,NULL,NULL,NULL,NULL,NULL,NULL,NULL,NULL,NULL,NULL,NULL,NULL,NULL,NULL,NULL,NULL,NULL,NULL,NULL,NULL,NULL,NULL,NULL,NULL,NULL,NULL,NULL,NULL,NULL,NULL,NULL
"1094892","c589c94a1b999154a3ef9b067d6050b8cbae3e0cbf8a2dca6e7ef2eede764f4c96c7226e1432dd62438921c9eda4356d3bd59c5c30344e8193ff2f583e5e766e","JE229210","05/13/2021 07:00:00 PM","3","PARKED",NULL,"1038515.0",NULL,"VOLKSWAGEN","ATLAS","IL","2020.0","UNKNOWN","SPORT UTILITY VEHICLE (SUV)","PERSONAL","N","PARKED",NULL,NULL,"0.0",NULL,NULL,NULL,NULL,NULL,"Y","Y",NULL,NULL,NULL,NULL,NULL,NULL,NULL,NULL,NULL,NULL,"SIDE-RIGHT",NULL,NULL,NULL,NULL,NULL,NULL,NULL,NULL,NULL,NULL,NULL,NULL,NULL,NULL,NULL,NULL,NULL,NULL,NULL,NULL,NULL,NULL,NULL,NULL,NULL,NULL,NULL,NULL,NULL,NULL,NULL,NULL,NULL
"1094925","f92fc1ec6796b4957a1ad9e29b17ea7b7fa74f90536e7d9a72c55720d4556ba65b71393591bbb373392ba13945e482134a37c46df876b4ff61a6f8e153180a68","JE229255","05/13/2021 05:45:00 PM","1","DRIVER",NULL,"1038529.0",NULL,"MAZDA","CX-5","IL","2015.0","NONE","PASSENGER","PERSONAL","S","STRAIGHT AHEAD",NULL,NULL,"1.0",NULL,NULL,NULL,NULL,"Y",NULL,NULL,NULL,NULL,NULL,"Y","Y",NULL,NULL,"N",NULL,NULL,"FRONT",NULL,NULL,NULL,NULL,NULL,NULL,NULL,NULL,NULL,NULL,NULL,NULL,NULL,NULL,NULL,NULL,NULL,NULL,NULL,NULL,NULL,NULL,NULL,NULL,NULL,NULL,NULL,NULL,NULL,NULL,NULL,NULL,NULL
"1095542","86bedfd9deab4685ab8d7791d070a31004d5b5bf2b150c8e1863ee5c2a8d51de20add09b7e45fd0e3f6640591f34e84cfb169fbe4b63ee0e39fa8e752de77e99","JE230256","05/14/2021 06:30:00 PM","2","DRIVER","1.0","1039131.0",NULL,"SCION","XB","IL","2013.0","NONE","PASSENGER","PERSONAL","SE","STRAIGHT AHEAD",NULL,NULL,"2.0",NULL,NULL,NULL,NULL,NULL,NULL,NULL,NULL,NULL,NULL,"Y","Y","Y","Y","Y",NULL,NULL,"ROOF",NULL,NULL,NULL,NULL,NULL,NULL,NULL,NULL,NULL,NULL,NULL,NULL,NULL,NULL,NULL,NULL,NULL,NULL,NULL,NULL,NULL,NULL,NULL,NULL,NULL,NULL,NULL,NULL,NULL,NULL,NULL,NULL,NULL
"1095753","a5fa4692f74259f7607aed370a9dac0f4accdad6a22478eaaf04824fbf24fa158d1cf9dad1bf9dc27c1c48a2aeb878e385e8ee5e0d5d7e3865269725c13a548e","JE230559","05/15/2021 01:18:00 AM","1","DRIVER",NULL,"1039317.0",NULL,"HONDA","ACCORD","IL","2018.0","UNKNOWN","PASSENGER","PERSONAL","S","STRAIGHT AHEAD","Y",NULL,"1.0",NULL,"private tow","private tow",NULL,"Y","Y",NULL,NULL,NULL,NULL,NULL,NULL,NULL,NULL,NULL,NULL,NULL,"FRONT",NULL,NULL,NULL,NULL,NULL,NULL,NULL,NULL,NULL,NULL,NULL,NULL,NULL,NULL,NULL,NULL,NULL,NULL,NULL,NULL,NULL,NULL,NULL,NULL,NULL,NULL,NULL,NULL,NULL,NULL,NULL,NULL,NULL
"1095876","c8972572e6005e1bce91138465607298054ae0eafd6aa5c95d0a059b4b2ab91dcd6f140a855ba38b388b6afcc1fd7f288ff4b358e97b39fe4fd91f671ca5ef55","JE230773","05/15/2021 09:23:00 AM","2","DRIVER",NULL,"1039439.0",NULL,"GENERAL MOTORS CORPORATION (GMC)","TERRAIN","IL","2014.0","NONE","PASSENGER","PERSONAL","W","TURNING LEFT","Y",NULL,"1.0",NULL,NULL,NULL,NULL,NULL,NULL,NULL,NULL,NULL,NULL,"Y","Y",NULL,NULL,NULL,NULL,NULL,"FRONT-LEFT",NULL,NULL,NULL,NULL,NULL,NULL,NULL,NULL,NULL,NULL,NULL,NULL,NULL,NULL,NULL,NULL,NULL,NULL,NULL,NULL,NULL,NULL,NULL,NULL,NULL,NULL,NULL,NULL,NULL,NULL,NULL,NULL,NULL
"1096009","7d6d1f345fbffefe2acefcea3549c91a80dd092d4a5209bde2f2acd666013b384a4a29835369bddc1069df8138e824d57f34632be46962fb56088521a5e0c5ee","JE230874","05/15/2021 09:00:00 AM","2","DRIVER",NULL,"1039574.0",NULL,"NISSAN","VERSA","IL","2018.0","NONE","PASSENGER","PERSONAL","W","TURNING LEFT","Y",NULL,"1.0",NULL,"yogis tires and recovery",NULL,NULL,NULL,NULL,NULL,"Y",NULL,NULL,NULL,NULL,NULL,NULL,NULL,NULL,NULL,"REAR-RIGHT",NULL,NULL,NULL,NULL,NULL,NULL,NULL,NULL,NULL,NULL,NULL,NULL,NULL,NULL,NULL,NULL,NULL,NULL,NULL,NULL,NULL,NULL,NULL,NULL,NULL,NULL,NULL,NULL,NULL,NULL,NULL,NULL,NULL