"CRASH_UNIT_ID","CRASH_RECORD_ID","RD_NO","CRASH_DATE","UNIT_NO","UNIT_TYPE","NUM_PASSENGERS","VEHICLE_ID","CMRC_VEH_I","MAKE","MODEL","LIC_PLATE_STATE","VEHICLE_YEAR","VEHICLE_DEFECT","VEHICLE_TYPE","VEHICLE_USE","TRAVEL_DIRECTION","MANEUVER","TOWED_I","FIRE_I","OCCUPANT_CNT","EXCEED_SPEED_LIMIT_I","TOWED_BY","TOWED_TO","AREA_00_I","AREA_01_I","AREA_02_I","AREA_03_I","AREA_04_I","AREA_05_I","AREA_06_I","AREA_07_I","AREA_08_I","AREA_09_I","AREA_10_I","AREA_11_I","AREA_12_I","AREA_99_I","FIRST_CONTACT_POINT","CMV_ID","USDOT_NO","CCMC_NO","ILCC_NO","COMMERCIAL_SRC","GVWR","CARRIER_NAME","CARRIER_STATE","CARRIER_CITY","HAZMAT_PLACARDS_I","HAZMAT_NAME","UN_NO","HAZMAT_PRESENT_I","HAZMAT_REPORT_I","HAZMAT_REPORT_NO","MCS_REPORT_I","MCS_REPORT_NO","HAZMAT_VIO_CAUSE_CRASH_I","MCS_VIO_CAUSE_CRASH_I","IDOT_PERMIT_NO","WIDE_LOAD_I","TRAILER1_WIDTH","TRAILER2_WIDTH","TRAILER1_LENGTH","TRAILER2_LENGTH","TOTAL_VEHICLE_LENGTH","AXLE_CNT","VEHICLE_CONFIG","CARGO_BODY_TYPE","LOAD_TYPE","HAZMAT_OUT_OF_SERVICE_I","MCS_OUT_OF_SERVICE_I","HAZMAT_CLASS"
"1096154","d9eeacb2b4756a9e80550b28687c23288d65924be8195273ed4cddb9b37d31d5c03c83504df95f72c21cf8f9f21f25bff44632862ac33a6e5e099d4a865ae859","JE231234","05/15/2021 05:25:00 PM","1","DRIVER","2.0","1039708.0",NULL,"HONDA","ACCORD","IL","2011.0","UNKNOWN","PASSENGER","PERSONAL","W","CHANGING LANES",NULL,NULL,"3.0",NULL,NULL,NULL,NULL,NULL,NULL,NULL,NULL,NULL,NULL,NULL,NULL,NULL,NULL,"Y",NULL,NULL,"TOTAL (ALL AREAS)",NULL,NULL,NULL,NULL,NULL,NULL,NULL,NULL,NULL,NULL,NULL,NULL,NULL,NULL,NULL,NULL,NULL,NULL,NULL,NULL,NULL,NULL,NULL,NULL,NULL,NULL,NULL,NULL,NULL,NULL,NULL,NULL,NULL
"1096304","890b4cbb9cfe12e7fcc99573166d2a83ef721f56e8d9922db105a4853278fd264409ec80a346fe979ebbad2eac81df17b0c997bdb7658c452f9b840730bd2693","JE231540","05/16/2021 12:15:00 AM","2","DRIVER",NULL,"1039857.0",NULL,"FORD","ESCAPE","IL","2018.0","UNKNOWN","PASSENGER","PERSONAL","N","STRAIGHT AHEAD",NULL,NULL,"1.0",NULL,NULL,NULL,NULL,"Y",NULL,NULL,NULL,NULL,NULL,NULL,NULL,NULL,NULL,"Y","Y",NULL,"OTHER",NULL,NULL,NULL,NULL,NULL,NULL,NULL,NULL,NULL,NULL,NULL,NULL,NULL,NULL,NULL,NULL,NULL,NULL,NULL,NULL,NULL,NULL,NULL,NULL,NULL,NULL,NULL,NULL,NULL,NULL,NULL,NULL,NULL
"1096340","9df16b455c07e7ae0b5ba15db93dd06e8c701527bb9441cf6cae6c6983458733a654996554e5c9046bfaff69d26b3f281866c6840292199da2f03574f724a00f","JE231585","05/16/2021 01:48:00 AM","1","DRIVER",NULL,"1039890.0",NULL,"MERCURY","MILAN","IL","2010.0","UNKNOWN","PASSENGER","PERSONAL","W","STRAIGHT AHEAD","Y",NULL,"1.0",NULL,NULL,NULL,NULL,"Y",NULL,NULL,NULL,NULL,NULL,NULL,NULL,NULL,NULL,"Y","Y",NULL,"OTHER",NULL,NULL,NULL,NULL,NULL,NULL,NULL,NULL,NULL,NULL,NULL,NULL,NULL,NULL,NULL,NULL,NULL,NULL,NULL,NULL,NULL,NULL,NULL,NULL,NULL,NULL,NULL,NULL,NULL,NULL,NULL,NULL,NULL
"1096343","9df16b455c07e7ae0b5ba15db93dd06e8c701527bb9441cf6cae6c6983458733a654996554e5c9046bfaff69d26b3f281866c6840292199da2f03574f724a00f","JE231585","05/16/2021 01:48:00 AM","4","PARKED",NULL,"1039895.0",NULL,"FORD","TAURUS","IL","2008.0","UNKNOWN","PASSENGER","UNKNOWN/NA","W","PARKED",NULL,NULL,"0.0",NULL,NULL,NULL,NULL,NULL,NULL,NULL,NULL,NULL,"Y",NULL,NULL,NULL,NULL,NULL,NULL,NULL,"REAR-LEFT",NULL,NULL,NULL,NULL,NULL,NULL,NULL,NULL,NULL,NULL,NULL,NULL,NULL,NULL,NULL,NULL,NULL,NULL,NULL,NULL,NULL,NULL,NULL,NULL,NULL,NULL,NULL,NULL,NULL,NULL,NULL,NULL,NULL
"1096429","1257f78750f3f18440de1f75e1a4ffb73de614f16c1dd32179b3ed911b2dc115a44f956e2fe6755073a3ae600e4ef3fe08b739b7c8bcf83c91c01253a779e090","JE231758","05/16/2021 08:30:00 AM","1","DRIVER",NULL,"1039974.0",NULL,"TOYOTA","COROLLA","IL","2016.0","UNKNOWN","PASSENGER","PERSONAL","S","ENTERING TRAFFIC LANE FROM PARKING",NULL,NULL,"1.0",NULL,NULL,NULL,NULL,NULL,NULL,NULL,NULL,NULL,NULL,NULL,NULL,NULL,NULL,"Y",NULL,NULL,"TOTAL (ALL AREAS)",NULL,NULL,NULL,NULL,NULL,NULL,NULL,NULL,NULL,NULL,NULL,NULL,NULL,NULL,NULL,NULL,NULL,NULL,NULL,NULL,NULL,NULL,NULL,NULL,NULL,NULL,NULL,NULL,NULL,NULL,NULL,NULL,NULL
"1096511","91cb20174b84dd745059b0354356840d10b453f6ee861d0903ef6b268cb60041c100ae91526f3f47faeb6b3dbcc0665788cfe8293bc1a9cd61d1dfe072211f4c","JE231253","05/15/2021 05:00:00 PM","1","DRIVER",NULL,"1040049.0",NULL,"FORD","FOCUS","OH","2018.0","NONE","PASSENGER","OTHER","E","CHANGING LANES",NULL,NULL,"1.0",NULL,NULL,NULL,NULL,NULL,NULL,NULL,NULL,NULL,NULL,"Y",NULL,NULL,NULL,NULL,NULL,NULL,"FRONT-LEFT",NULL,NULL,NULL,NULL,NULL,NULL,NULL,NULL,NULL,NULL,NULL,NULL,NULL,NULL,NULL,NULL,NULL,NULL,NULL,NULL,NULL,NULL,NULL,NULL,NULL,NULL,NULL,NULL,NULL,NULL,NULL,NULL,NULL
"1096886","ec36871473112780b534a4cfa2fa4e998d075223effa93451782fd581f30855fcd90202b3b36927fa18745ae3ec122cf503320126bbeb56b58681be95d2120dd","JE232506","05/17/2021 12:10:00 AM","2","DRIVER",NULL,"1040414.0",NULL,"FORD","ESCAPE","IL","2012.0","NONE","PASSENGER","PERSONAL","E","TURNING RIGHT",NULL,NULL,"1.0",NULL,NULL,NULL,NULL,NULL,NULL,NULL,NULL,NULL,NULL,NULL,NULL,"Y","Y","Y",NULL,NULL,"UNDER CARRIAGE",NULL,NULL,NULL,NULL,NULL,NULL,NULL,NULL,NULL,NULL,NULL,NULL,NULL,NULL,NULL,NULL,NULL,NULL,NULL,NULL,NULL,NULL,NULL,NULL,NULL,NULL,NULL,NULL,NULL,NULL,NULL,NULL,NULL
"1097033","b35f815a5e0801274c04a7582385a9bb7f5fb4b4ffd8f51016cf507f7b487e099c1b9fb89ef5f99bc41a1047444f8872989e7b3114c23a7f8dd2df760a8a8e66","JE232772","05/17/2021 09:00:00 AM","1","DRIVER",NULL,"1040555.0",NULL,"CHEVROLET","MALIBU","IL","2012.0","UNKNOWN","PASSENGER","PERSONAL","N","STRAIGHT AHEAD",NULL,NULL,"1.0",NULL,NULL,NULL,NULL,NULL,NULL,NULL,NULL,NULL,NULL,NULL,NULL,NULL,NULL,NULL,NULL,NULL,"UNKNOWN",NULL,NULL,NULL,NULL,NULL,NULL,NULL,NULL,NULL,NULL,NULL,NULL,NULL,NULL,NULL,NULL,NULL,NULL,NULL,NULL,NULL,NULL,NULL,NULL,NULL,NULL,NULL,NULL,NULL,NULL,NULL,NULL,NULL
"1097064","d2f1ab6412c46757b1cc4b954726e5f0bf1c6761757a2e145c8ad2622990a9c2c43046f01a272d318c043833cb964c59666072388b9df43a0035b02964baeb1b","JE232836","05/17/2021 09:23:00 AM","1","DRIVER",NULL,"1040585.0",NULL,"FORD","F150","IL","2017.0","NONE","PICKUP","OTHER","N","STRAIGHT AHEAD",NULL,NULL,"1.0",NULL,NULL,NULL,NULL,NULL,NULL,NULL,NULL,NULL,NULL,NULL,NULL,NULL,NULL,NULL,"Y",NULL,"OTHER",NULL,NULL,NULL,NULL,NULL,NULL,NULL,NULL,NULL,NULL,NULL,NULL,NULL,NULL,NULL,NULL,NULL,NULL,NULL,NULL,NULL,NULL,NULL,NULL,NULL,NULL,NULL,NULL,NULL,NULL,NULL,NULL,NULL
"1097166","b75d4cc169bb644d4e90584c8ade6be362f584b8176816f114f8c4c0719e10365359f144e8aef0b8e48c6aab50738627b069295bcbea7af7baece5380663e64c","JE232982","05/12/2021 05:45:00 PM","2","PARKED",NULL,"1040684.0",NULL,"CHEVROLET","SILVERADO","IL","2015.0","NONE","PICKUP","PERSONAL","W","PARKED",NULL,NULL,"0.0",NULL,NULL,NULL,NULL,NULL,NULL,"Y",NULL,NULL,NULL,NULL,NULL,NULL,NULL,NULL,NULL,NULL,"SIDE-RIGHT",NULL,NULL,NULL,NULL,NULL,NULL,NULL,NULL,NULL,NULL,NULL,NULL,NULL,NULL,NULL,NULL,NULL,NULL,NULL,NULL,NULL,NULL,NULL,NULL,NULL,NULL,NULL,NULL,NULL,NULL,NULL,NULL,NULL
"1097518","b44bbaa47d7371454f434bf3c73dfa38380f3938fc8447f35fe7ae2d48efeaca3e4159c8463b9e6bd9d2bf9532e8ca43ec54fc1a9878771009c2ea9e1fd7184c","JE233528","05/17/2021 08:17:00 PM","2","DRIVER",NULL,"1041011.0",NULL,"CHEVROLET","OTHER (EXPLAIN IN NARRATIVE)","IL","2014.0","UNKNOWN","SPORT UTILITY VEHICLE (SUV)","UNKNOWN/NA","N","SLOW/STOP IN TRAFFIC","Y",NULL,"1.0",NULL,"CITY OF CHICAGO",NULL,NULL,NULL,NULL,NULL,NULL,NULL,NULL,NULL,NULL,NULL,"Y",NULL,NULL,NULL,"TOTAL (ALL AREAS)",NULL,NULL,NULL,NULL,NULL,NULL,NULL,NULL,NULL,NULL,NULL,NULL,NULL,NULL,NULL,NULL,NULL,NULL,NULL,NULL,NULL,NULL,NULL,NULL,NULL,NULL,NULL,NULL,NULL,NULL,NULL,NULL,NULL
"1097707","26861f4fe2f41a029a93aa30852fc35f62321aee158377ee9fb17d789c8390a95bf4133cb5e6ad9a6b9d3ffe6fa0ea44791ba9c60ade00a49e98b7b252c10948","JE234019","05/18/2021 11:34:00 AM","2","DRIVER","1.0","1041199.0",NULL,"HONDA","CIVIC","IL","2017.0","NONE","PASSENGER","PERSONAL","S","STRAIGHT AHEAD","N",NULL,"2.0",NULL,NULL,NULL,NULL,NULL,"Y","Y","Y",NULL,NULL,NULL,NULL,NULL,NULL,NULL,NULL,NULL,"SIDE-RIGHT",NULL,NULL,NULL,NULL,NULL,NULL,NULL,NULL,NULL,NULL,NULL,NULL,NULL,NULL,NULL,NULL,NULL,NULL,NULL,NULL,NULL,NULL,NULL,NULL,NULL,NULL,NULL,NULL,NULL,NULL,NULL,NULL,NULL
"1097723","5e83226b7178658122b8b5b029af9cce776a5d1bda556dd6ac08ac35df1db194ab8ec78db6bf67c13d7b74be0986eeae8cc649ce2b64fbf8c092d1d616f87a65","JE234130","05/18/2021 01:00:00 PM","1","DRIVER",NULL,"1041211.0",NULL,"GENERAL MOTORS CORPORATION (GMC)","OTHER (EXPLAIN IN NARRATIVE)","IL","2009.0","UNKNOWN","UNKNOWN/NA","PERSONAL","W","STRAIGHT AHEAD",NULL,NULL,"1.0",NULL,NULL,NULL,NULL,NULL,NULL,NULL,NULL,NULL,"Y","Y","Y","Y",NULL,NULL,NULL,NULL,"SIDE-LEFT",NULL,NULL,NULL,NULL,NULL,NULL,NULL,NULL,NULL,NULL,NULL,NULL,NULL,NULL,NULL,NULL,NULL,NULL,NULL,NULL,NULL,NULL,NULL,NULL,NULL,NULL,NULL,NULL,NULL,NULL,NULL,NULL,NULL
"1097758","d09a666b07a10fc5f243c3c17724567ebc68a1dc1db8e6372e922c50391a855bd9c9a8e48e867a49e4182482c9029cd5e2a03b84da17343cce61b9e2300cbf81","JE234150","05/18/2021 01:15:00 PM","2","PARKED",NULL,"1041244.0",NULL,"CHEVROLET","MALIBU","IL","2020.0","NONE","PASSENGER","PERSONAL","UNKNOWN","PARKED",NULL,NULL,"0.0",NULL,NULL,NULL,NULL,NULL,NULL,NULL,NULL,NULL,NULL,NULL,"Y","Y",NULL,NULL,NULL,NULL,"ROOF",NULL,NULL,NULL,NULL,NULL,NULL,NULL,NULL,NULL,NULL,NULL,NULL,NULL,NULL,NULL,NULL,NULL,NULL,NULL,NULL,NULL,NULL,NULL,NULL,NULL,NULL,NULL,NULL,NULL,NULL,NULL,NULL,NULL
"1098015","5f816a12f30ea2140987ac1f4a493fcaa2f09607da21b09c09f5255bf14f7816599d0dfa122e038d8b375e3915aa6e73136d440de6837a4a1bf6d9c5b0720569","JE234521","05/18/2021 06:15:00 PM","1","DRIVER",NULL,"1041500.0",NULL,"JEEP","CHEROKEE","IL","2016.0","NONE","SPORT UTILITY VEHICLE (SUV)","PERSONAL","W","STRAIGHT AHEAD",NULL,NULL,"1.0",NULL,NULL,NULL,"Y",NULL,NULL,NULL,NULL,NULL,NULL,NULL,NULL,NULL,NULL,NULL,NULL,NULL,"OTHER",NULL,NULL,NULL,NULL,NULL,NULL,NULL,NULL,NULL,NULL,NULL,NULL,NULL,NULL,NULL,NULL,NULL,NULL,NULL,NULL,NULL,NULL,NULL,NULL,NULL,NULL,NULL,NULL,NULL,NULL,NULL,NULL,NULL
"1098441","ea35cf109f59d82501d4887f79704c01cd1c9361ac5a2d0b695cce5558bd94dbe7f5f5f59a2115d569ff7d129030a67a9e39c70426e422e78d9e3879596f43eb","JE235345","05/19/2021 01:45:00 PM","2","DRIVER","1.0","1041898.0",NULL,"JEEP","COMPASS","IL","2021.0","NONE","PASSENGER","PERSONAL","E","STRAIGHT AHEAD",NULL,NULL,"2.0",NULL,NULL,NULL,NULL,NULL,NULL,NULL,NULL,NULL,NULL,NULL,NULL,NULL,NULL,"Y",NULL,NULL,"TOTAL (ALL AREAS)",NULL,NULL,NULL,NULL,NULL,NULL,NULL,NULL,NULL,NULL,NULL,NULL,NULL,NULL,NULL,NULL,NULL,NULL,NULL,NULL,NULL,NULL,NULL,NULL,NULL,NULL,NULL,NULL,NULL,NULL,NULL,NULL,NULL
"1098637","729e8f7311f720defd9d263aed445b68472b73d94abf76bd57947a1487f05f32822430b9043f47637ace6a95217f0ddbee9c4d966332f6adeb06e3ba91e7aaa5","JE235300","05/19/2021 01:45:00 PM","2","DRIVER",NULL,"1042085.0",NULL,"TOYOTA","CAMRY",NULL,"2014.0","NONE","PASSENGER","PERSONAL","W","STRAIGHT AHEAD",NULL,NULL,"1.0",NULL,NULL,NULL,NULL,NULL,NULL,NULL,NULL,NULL,NULL,"Y",NULL,NULL,NULL,NULL,NULL,NULL,"FRONT-LEFT",NULL,NULL,NULL,NULL,NULL,NULL,NULL,NULL,NULL,NULL,NULL,NULL,NULL,NULL,NULL,NULL,NULL,NULL,NULL,NULL,NULL,NULL,NULL,NULL,NULL,NULL,NULL,NULL,NULL,NULL,NULL,NULL,NULL
"1098774","f4f2565d9c5cd6e443ebd3c806d6066ca561a20eab276a0d3af0a4bb9afd21252d31715d21a7d126352d286af1176c6f4ba6caa64902205af7c47188bfbbdca2","JE235842","05/19/2021 11:05:00 PM","1","DRIVER",NULL,"1042212.0",NULL,"HYUNDAI","ELANTRA","IL","2013.0","NONE","PASSENGER","PERSONAL","N","SKIDDING/CONTROL LOSS",NULL,NULL,"1.0",NULL,NULL,NULL,NULL,"Y",NULL,NULL,NULL,NULL,NULL,NULL,NULL,NULL,NULL,"N","N",NULL,"FRONT",NULL,NULL,NULL,NULL,NULL,NULL,NULL,NULL,NULL,NULL,NULL,NULL,NULL,NULL,NULL,NULL,NULL,NULL,NULL,NULL,NULL,NULL,NULL,NULL,NULL,NULL,NULL,NULL,NULL,NULL,NULL,NULL,NULL
"1098876","8e477069b59e848714b6c64f073d818f15f291b905f4db44543b84a0e4b9e193beee7dfdf8418822a808a6793b399ed53c3be2a75cf29e2cf90b8b31a814b281","JE236085","05/20/2021 08:40:00 AM","2","DRIVER",NULL,"1042312.0",NULL,"FORD","OTHER (EXPLAIN IN NARRATIVE)","IL","2020.0","NONE","BUS UP TO 15 PASS.","OTHER","W","STARTING IN TRAFFIC",NULL,NULL,"1.0",NULL,NULL,NULL,NULL,NULL,NULL,NULL,NULL,NULL,NULL,NULL,NULL,NULL,NULL,NULL,NULL,NULL,"SIDE-RIGHT",NULL,NULL,NULL,NULL,NULL,NULL,NULL,NULL,NULL,NULL,NULL,NULL,NULL,NULL,NULL,NULL,NULL,NULL,NULL,NULL,NULL,NULL,NULL,NULL,NULL,NULL,NULL,NULL,NULL,NULL,NULL,NULL,NULL
"1099036","b08fe746e05b1394701dcc4ac87cab908f3da6cbe2468ffec00008a1c87e7f6ee2523c92336983386238a3b4a8beab4931bb67d2e709aa475e43ec73024cca01","JE236462","05/19/2021 07:58:00 PM","2","DRIVER",NULL,"1042471.0",NULL,"BMW","3 SERIES","IL","2014.0","NONE","PASSENGER","PERSONAL","E","SLOW/STOP IN TRAFFIC",NULL,NULL,"1.0",NULL,NULL,NULL,NULL,NULL,NULL,NULL,NULL,NULL,NULL,NULL,NULL,NULL,NULL,NULL,NULL,NULL,"REAR-LEFT",NULL,NULL,NULL,NULL,NULL,NULL,NULL,NULL,NULL,NULL,NULL,NULL,NULL,NULL,NULL,NULL,NULL,NULL,NULL,NULL,NULL,NULL,NULL,NULL,NULL,NULL,NULL,NULL,NULL,NULL,NULL,NULL,NULL
"1099052","d10abc53a039b4cc6262507a7a4e7c73121120d0f3e001046405618a2e103defd544200158567a5ce54b6b3a2d40bb6c51ba6f58aa79ddd03c61d4d8db1b5a14","JE236493","05/20/2021 03:40:00 PM","1","DRIVER",NULL,"1042486.0",NULL,"HYUNDAI","ELANTRA","IL","2017.0","NONE","PASSENGER","PERSONAL","E","U-TURN",NULL,NULL,"1.0",NULL,NULL,NULL,NULL,NULL,NULL,NULL,NULL,NULL,NULL,NULL,NULL,NULL,NULL,"Y",NULL,NULL,"TOTAL (ALL AREAS)",NULL,NULL,NULL,NULL,NULL,NULL,NULL,NULL,NULL,NULL,NULL,NULL,NULL,NULL,NULL,NULL,NULL,NULL,NULL,NULL,NULL,NULL,NULL,NULL,NULL,NULL,NULL,NULL,NULL,NULL,NULL,NULL,NULL
"1099215","0af6bea771868ee189508e2de9f30e718271fb8e9d1cca2c6d8256f5c1c5f62b6dcfa80232cb101239f78f7a8acbf5c57bed59caaa2d541b55824b443beff0db","JE236672","05/20/2021 06:00:00 PM","1","DRIVER",NULL,"1042632.0",NULL,"CHEVROLET","EQUINOX","IL","2014.0","UNKNOWN","PASSENGER","PERSONAL","SE","TURNING LEFT",NULL,NULL,"1.0",NULL,NULL,NULL,NULL,"Y","Y",NULL,NULL,NULL,NULL,NULL,NULL,NULL,NULL,NULL,"Y",NULL,"FRONT",NULL,NULL,NULL,NULL,NULL,NULL,NULL,NULL,NULL,NULL,NULL,NULL,NULL,NULL,NULL,NULL,NULL,NULL,NULL,NULL,NULL,NULL,NULL,NULL,NULL,NULL,NULL,NULL,NULL,NULL,NULL,NULL,NULL
"1099648","25e31faee240278f6856c180fc5342f87a0472f00b2217c998c357f5963d3b10ec8c16accb8646ef73b23ae3efe1d6a2ced97ad2dd5aaa332831685034dec517","JE237448","05/21/2021 12:00:00 PM","2","PARKED","1.0","1043064.0",NULL,"KIA","OTHER (EXPLAIN IN NARRATIVE)","TX","2019.0","NONE","PASSENGER","PERSONAL","E","PARKED",NULL,NULL,"1.0",NULL,NULL,NULL,NULL,NULL,NULL,NULL,NULL,NULL,NULL,NULL,NULL,NULL,NULL,NULL,NULL,NULL,"OTHER",NULL,NULL,NULL,NULL,NULL,NULL,NULL,NULL,NULL,NULL,NULL,NULL,NULL,NULL,NULL,NULL,NULL,NULL,NULL,NULL,NULL,NULL,NULL,NULL,NULL,NULL,NULL,NULL,NULL,NULL,NULL,NULL,NULL
"1099819","7200237b4cf704cadfb12ccf46c3a632320a452edb565fa497b4e56a59141a18070e7dd25141fad93a38baab9dd9555c158398ef3d2f8e5a808fe3d7002207a6","JE237603","05/21/2021 02:18:00 PM","2","DRIVER",NULL,"1043242.0",NULL,"CHEVROLET","EQUINOX","IL","2011.0","UNKNOWN","PASSENGER","PERSONAL","W","STRAIGHT AHEAD",NULL,NULL,"1.0",NULL,NULL,NULL,NULL,"Y",NULL,NULL,NULL,"Y","Y","Y",NULL,NULL,NULL,"Y","Y",NULL,"OTHER",NULL,NULL,NULL,NULL,NULL,NULL,NULL,NULL,NULL,NULL,NULL,NULL,NULL,NULL,NULL,NULL,NULL,NULL,NULL,NULL,NULL,NULL,NULL,NULL,NULL,NULL,NULL,NULL,NULL,NULL,NULL,NULL,NULL
"1099934","2bceee9744414d281bde521929ce68ce0aedb0467e983d4597295fbf60d655eebe27dc68b411353cea39e2225d5336d5768c5426230f11228090b8d7d79d5979","JE237790","05/21/2021 04:03:00 PM","2","PARKED",NULL,"1043331.0",NULL,"NOVA BUS","OTHER (EXPLAIN IN NARRATIVE)","IL","2014.0","NONE","BUS OVER 15 PASS.","UNKNOWN/NA","E","PARKED",NULL,NULL,"0.0",NULL,NULL,NULL,NULL,NULL,NULL,NULL,NULL,NULL,NULL,NULL,NULL,NULL,"Y","Y",NULL,NULL,"TOTAL (ALL AREAS)",NULL,NULL,NULL,NULL,NULL,NULL,NULL,NULL,NULL,NULL,NULL,NULL,NULL,NULL,NULL,NULL,NULL,NULL,NULL,NULL,NULL,NULL,NULL,NULL,NULL,NULL,NULL,NULL,NULL,NULL,NULL,NULL,NULL
"1100141","216ec07718182f1917ac5a6b442ef8bd3ef297163e52bf549a93d30055d321cbc3ed408d00dcf2396516e3cd77196e08449741a5e9ab4e114e2f42e17cff147a","JE228398","05/13/2021 02:40:00 AM","2","DRIVER",NULL,"1043516.0",NULL,"KIA","OPTIMA / K5","IL","2014.0","NONE","PASSENGER","PERSONAL","E","STRAIGHT AHEAD",NULL,NULL,"1.0",NULL,NULL,NULL,NULL,NULL,NULL,NULL,NULL,NULL,NULL,NULL,NULL,NULL,"Y","Y",NULL,NULL,"TOTAL (ALL AREAS)",NULL,NULL,NULL,NULL,NULL,NULL,NULL,NULL,NULL,NULL,NULL,NULL,NULL,NULL,NULL,NULL,NULL,NULL,NULL,NULL,NULL,NULL,NULL,NULL,NULL,NULL,NULL,NULL,NULL,NULL,NULL,NULL,NULL
"1100250","222284be8ac5cdfb9e1ad9c67dbf08e280218b8742f12961258a18016bed8c4e495c44f2dc0244f77255f1820cf8cbd732ce75a565654415907d3473ba50e24f","JE238227","05/22/2021 01:05:00 AM","1","DRIVER",NULL,"1043613.0",NULL,"CHRYSLER","300","IL","2014.0","UNKNOWN","PASSENGER","PERSONAL","W","TURNING RIGHT",NULL,NULL,"1.0",NULL,NULL,NULL,NULL,"Y",NULL,NULL,NULL,NULL,NULL,NULL,NULL,NULL,NULL,"Y","Y",NULL,"TOTAL (ALL AREAS)",NULL,NULL,NULL,NULL,NULL,NULL,NULL,NULL,NULL,NULL,NULL,NULL,NULL,NULL,NULL,NULL,NULL,NULL,NULL,NULL,NULL,NULL,NULL,NULL,NULL,NULL,NULL,NULL,NULL,NULL,NULL,NULL,NULL
"1100378","f70d33e0dbb0399ffe671524424e18d4a3f59f73d9ed0385ffbe5da336092542ded7f81af7b911ca4ddebf58040dbdee4a416985c5cb778bf208bdd57bce34c7","JE238390","05/22/2021 07:13:00 AM","2","DRIVER",NULL,"1043747.0",NULL,"TOYOTA","COROLLA","IL","2014.0","NONE","PASSENGER","UNKNOWN/NA","S","SLOW/STOP IN TRAFFIC",NULL,NULL,"1.0",NULL,NULL,NULL,NULL,NULL,NULL,NULL,NULL,NULL,"Y",NULL,NULL,NULL,NULL,NULL,NULL,NULL,"REAR-LEFT",NULL,NULL,NULL,NULL,NULL,NULL,NULL,NULL,NULL,NULL,NULL,NULL,NULL,NULL,NULL,NULL,NULL,NULL,NULL,NULL,NULL,NULL,NULL,NULL,NULL,NULL,NULL,NULL,NULL,NULL,NULL,NULL,NULL
"1100411","07a3cdc65329a979854b4b08168190658cb8b76f82ca218e529863b54f5d3cadcf63ed2f83a397dcbb15b0b3b82a96ab939bb282fb0aa0ed6ff7a83bf86d202a","JE238501","05/21/2021 10:00:00 PM","2","PARKED",NULL,"1043786.0",NULL,"MITSUBISHI","OUTLANDER","IL","2019.0","NONE","SPORT UTILITY VEHICLE (SUV)","PERSONAL","S","PARKED",NULL,NULL,"0.0",NULL,NULL,NULL,NULL,NULL,NULL,NULL,NULL,NULL,NULL,"Y","Y","Y","Y","Y",NULL,NULL,"SIDE-LEFT",NULL,NULL,NULL,NULL,NULL,NULL,NULL,NULL,NULL,NULL,NULL,NULL,NULL,NULL,NULL,NULL,NULL,NULL,NULL,NULL,NULL,NULL,NULL,NULL,NULL,NULL,NULL,NULL,NULL,NULL,NULL,NULL,NULL
"1100413","7059df154f1e8bdf00ba04133b6e3daa8376ace7ea95f8a40be2b7ca20e3fe4a00de852dcae308caea6796c96e88b2a9003f8bc8f5d006482c95e9a51c8eae37","JE238472","05/22/2021 09:40:00 AM","2","DRIVER",NULL,"1043778.0",NULL,"NISSAN","ALTIMA","IL","2014.0","NONE","PASSENGER","PERSONAL","NE","TURNING LEFT",NULL,NULL,"1.0",NULL,NULL,NULL,NULL,NULL,NULL,NULL,NULL,"Y","Y","Y",NULL,NULL,NULL,NULL,NULL,NULL,"SIDE-LEFT",NULL,NULL,NULL,NULL,NULL,NULL,NULL,NULL,NULL,NULL,NULL,NULL,NULL,NULL,NULL,NULL,NULL,NULL,NULL,NULL,NULL,NULL,NULL,NULL,NULL,NULL,NULL,NULL,NULL,NULL,NULL,NULL,NULL
"1100636","318fe9e8fdea29881b5b26e01ffdbda20d433ba4b59a257c373082a2e5979764117a7bfc16af1d6e1fd36ce6022e744fd9d7e51396aa90dca2c90f412eb154fd","JE238837","05/21/2021 11:30:00 PM","2","DRIVER",NULL,"1044485.0",NULL,"TOYOTA","COROLLA","IL","2013.0","NONE","PASSENGER","PERSONAL","W","STRAIGHT AHEAD",NULL,NULL,"1.0",NULL,NULL,NULL,NULL,NULL,NULL,NULL,NULL,"Y","Y","Y",NULL,NULL,NULL,NULL,NULL,NULL,"REAR-LEFT",NULL,NULL,NULL,NULL,NULL,NULL,NULL,NULL,NULL,NULL,NULL,NULL,NULL,NULL,NULL,NULL,NULL,NULL,NULL,NULL,NULL,NULL,NULL,NULL,NULL,NULL,NULL,NULL,NULL,NULL,NULL,NULL,NULL
"1100988","f114fc69b680a339c5552a46023d935e536dac80aecbec9e59e54d93daedd29e6a9e638ae80acd6c825522d5e468e52711c39d83a754c708bd16c23807159045","JE239350","05/22/2021 11:00:00 PM","2","DRIVER",NULL,"1044328.0",NULL,"GENERAL MOTORS CORPORATION (GMC)","TERRAIN","IL","2021.0","NONE","PASSENGER","PERSONAL","N","STRAIGHT AHEAD",NULL,NULL,"1.0",NULL,NULL,NULL,NULL,NULL,NULL,NULL,NULL,NULL,NULL,NULL,NULL,"Y","Y",NULL,NULL,NULL,"ROOF",NULL,NULL,NULL,NULL,NULL,NULL,NULL,NULL,NULL,NULL,NULL,NULL,NULL,NULL,NULL,NULL,NULL,NULL,NULL,NULL,NULL,NULL,NULL,NULL,NULL,NULL,NULL,NULL,NULL,NULL,NULL,NULL,NULL