"CRASH_UNIT_ID","CRASH_RECORD_ID","RD_NO","CRASH_DATE","UNIT_NO","UNIT_TYPE","NUM_PASSENGERS","VEHICLE_ID","CMRC_VEH_I","MAKE","MODEL","LIC_PLATE_STATE","VEHICLE_YEAR","VEHICLE_DEFECT","VEHICLE_TYPE","VEHICLE_USE","TRAVEL_DIRECTION","MANEUVER","TOWED_I","FIRE_I","OCCUPANT_CNT","EXCEED_SPEED_LIMIT_I","TOWED_BY","TOWED_TO","AREA_00_I","AREA_01_I","AREA_02_I","AREA_03_I","AREA_04_I","AREA_05_I","AREA_06_I","AREA_07_I","AREA_08_I","AREA_09_I","AREA_10_I","AREA_11_I","AREA_12_I","AREA_99_I","FIRST_CONTACT_POINT","CMV_ID","USDOT_NO","CCMC_NO","ILCC_NO","COMMERCIAL_SRC","GVWR","CARRIER_NAME","CARRIER_STATE","CARRIER_CITY","HAZMAT_PLACARDS_I","HAZMAT_NAME","UN_NO","HAZMAT_PRESENT_I","HAZMAT_REPORT_I","HAZMAT_REPORT_NO","MCS_REPORT_I","MCS_REPORT_NO","HAZMAT_VIO_CAUSE_CRASH_I","MCS_VIO_CAUSE_CRASH_I","IDOT_PERMIT_NO","WIDE_LOAD_I","TRAILER1_WIDTH","TRAILER2_WIDTH","TRAILER1_LENGTH","TRAILER2_LENGTH","TOTAL_VEHICLE_LENGTH","AXLE_CNT","VEHICLE_CONFIG","CARGO_BODY_TYPE","LOAD_TYPE","HAZMAT_OUT_OF_SERVICE_I","MCS_OUT_OF_SERVICE_I","HAZMAT_CLASS"
"1101323","083a9d34b7e6d23e3cc28e6e0b45a938fab241f129d8c15ad298615f757c2651dbf7991ec6509ab3f5955998f5aa269945c0d6d47fe9aee33ab2326f274d06b2","JE239900","05/16/2021 09:30:00 PM","1","DRIVER","1.0","1044650.0",NULL,"NISSAN","ALTIMA","IL","2015.0","OTHER","PASSENGER","UNKNOWN/NA","S","UNKNOWN/NA",NULL,NULL,"2.0",NULL,NULL,NULL,NULL,NULL,NULL,NULL,NULL,NULL,NULL,NULL,NULL,NULL,NULL,NULL,NULL,"Y","OTHER",NULL,NULL,NULL,NULL,NULL,NULL,NULL,NULL,NULL,NULL,NULL,NULL,NULL,NULL,NULL,NULL,NULL,NULL,NULL,NULL,NULL,NULL,NULL,NULL,NULL,NULL,NULL,NULL,NULL,NULL,NULL,NULL,NULL
"1101754","2568ad466d44a5d11b673651aa52705e4d69ae183a4d56e30e335bf914380ceb016620c9bfd9de8842e6c88281c1eb1082689be065a91cc81b25d68edfe2a0cc","JE240708","05/24/2021 07:30:00 AM","2","DRIVER",NULL,"1045080.0",NULL,"CHEVROLET","TRAVERSE",NULL,"2010.0","NONE","PASSENGER","PERSONAL","W","STRAIGHT AHEAD",NULL,NULL,"1.0",NULL,NULL,NULL,NULL,NULL,NULL,NULL,NULL,NULL,NULL,"Y","Y",NULL,NULL,NULL,NULL,NULL,"FRONT-LEFT",NULL,NULL,NULL,NULL,NULL,NULL,NULL,NULL,NULL,NULL,NULL,NULL,NULL,NULL,NULL,NULL,NULL,NULL,NULL,NULL,NULL,NULL,NULL,NULL,NULL,NULL,NULL,NULL,NULL,NULL,NULL,NULL,NULL
"1101828","cdd0198c8695a3649e197c16cb531010c71a06590976813b5744fea01fbef3be41420d176a30f328f832693474db115fda0b8ccc7e63d5f89c71cdaf8fe45224","JE237779","05/21/2021 04:20:00 AM","2","DRIVER",NULL,"1045161.0",NULL,"MAZDA","CX-5","IL","2015.0","NONE","PASSENGER","PERSONAL","W","PASSING/OVERTAKING",NULL,NULL,"1.0",NULL,NULL,NULL,NULL,NULL,NULL,NULL,NULL,"Y","Y","Y",NULL,NULL,NULL,NULL,NULL,NULL,"REAR-LEFT",NULL,NULL,NULL,NULL,NULL,NULL,NULL,NULL,NULL,NULL,NULL,NULL,NULL,NULL,NULL,NULL,NULL,NULL,NULL,NULL,NULL,NULL,NULL,NULL,NULL,NULL,NULL,NULL,NULL,NULL,NULL,NULL,NULL
"1102074","754c37d9be1048be08961b12fea780477ba8fb925acf6a9efbbe72c3208216f50c46c829656863c954ac78ac8bde2fc7263fdddf0460f6fe92c1fc525af871ec","JE241250","05/24/2021 03:30:00 PM","1","DRIVER",NULL,"1045372.0",NULL,"TOYOTA","CAMRY","IL","2009.0","UNKNOWN","PASSENGER","PERSONAL","W","STRAIGHT AHEAD",NULL,NULL,"1.0",NULL,NULL,NULL,NULL,NULL,NULL,NULL,NULL,NULL,NULL,NULL,NULL,NULL,NULL,NULL,"Y",NULL,"OTHER",NULL,NULL,NULL,NULL,NULL,NULL,NULL,NULL,NULL,NULL,NULL,NULL,NULL,NULL,NULL,NULL,NULL,NULL,NULL,NULL,NULL,NULL,NULL,NULL,NULL,NULL,NULL,NULL,NULL,NULL,NULL,NULL,NULL
"1102093","210a3338e67dfc892e9bc1a1b86591db405b11b3b1c0fec152520e37cd5963959a0f547d0e3d20464f3f4e49837d66708206b1d07a9535b9d2aea81c1559427a","JE241284","05/24/2021 03:30:00 PM","2","DRIVER",NULL,"1045396.0",NULL,"INFINITI","QX60","IL","2015.0","NONE","SPORT UTILITY VEHICLE (SUV)","PERSONAL","W","STRAIGHT AHEAD",NULL,NULL,"1.0",NULL,NULL,NULL,NULL,NULL,NULL,NULL,NULL,NULL,NULL,NULL,NULL,NULL,NULL,NULL,"Y",NULL,"OTHER",NULL,NULL,NULL,NULL,NULL,NULL,NULL,NULL,NULL,NULL,NULL,NULL,NULL,NULL,NULL,NULL,NULL,NULL,NULL,NULL,NULL,NULL,NULL,NULL,NULL,NULL,NULL,NULL,NULL,NULL,NULL,NULL,NULL
"1102483","7cbce32cb98ea0c8533e1114c22171f8314e5f0c95490432fde3d3d730429927d33cf38699837e33c071b2fe565b2abf69e37167790fbc476cf423219ca8cb38","JE241821","05/25/2021 01:03:00 AM","1","DRIVER",NULL,"1045771.0",NULL,"SUZUKI","SX4","IL","2012.0","UNKNOWN","PASSENGER","PERSONAL","SW","ENTERING TRAFFIC LANE FROM PARKING","Y",NULL,"1.0",NULL,"PRIVATE TOW",NULL,NULL,"Y",NULL,NULL,NULL,NULL,NULL,NULL,NULL,NULL,NULL,"Y","Y",NULL,"OTHER",NULL,NULL,NULL,NULL,NULL,NULL,NULL,NULL,NULL,NULL,NULL,NULL,NULL,NULL,NULL,NULL,NULL,NULL,NULL,NULL,NULL,NULL,NULL,NULL,NULL,NULL,NULL,NULL,NULL,NULL,NULL,NULL,NULL
"1102491","a766fa6961ad05eb0d19ab097d9a0a00b1a6eb3acdb38c7a1139de9e5a08b23c341565883e7e93d170e17315ecdeba89ee81eb8a87d361020400936da52af39a","JE241849","05/25/2021 02:30:00 AM","1","DRIVER",NULL,"1045781.0",NULL,"INFINITI","G37","IL","2009.0","UNKNOWN","PASSENGER","UNKNOWN/NA","S","UNKNOWN/NA","Y",NULL,"1.0",NULL,"city tow","pound 2",NULL,"Y",NULL,NULL,NULL,NULL,NULL,NULL,NULL,NULL,"Y","Y","Y",NULL,"TOTAL (ALL AREAS)",NULL,NULL,NULL,NULL,NULL,NULL,NULL,NULL,NULL,NULL,NULL,NULL,NULL,NULL,NULL,NULL,NULL,NULL,NULL,NULL,NULL,NULL,NULL,NULL,NULL,NULL,NULL,NULL,NULL,NULL,NULL,NULL,NULL
"1102576","1e3b18b8579c5f3015fd0e09c52672c9ff7b435a36f3e057c766bebc9e4a14cb977ef170fc64b3649f702a356a596d3bc19ede5ff5f3bad504a88b3028bdca0c","JE242016","05/25/2021 08:25:00 AM","2","DRIVER",NULL,"1045868.0",NULL,"MERCEDES-BENZ","SPRINTER",NULL,"2017.0","UNKNOWN","VAN/MINI-VAN","OTHER","N","STRAIGHT AHEAD",NULL,NULL,"1.0",NULL,NULL,NULL,NULL,NULL,NULL,NULL,NULL,NULL,"Y",NULL,NULL,NULL,NULL,NULL,NULL,NULL,"REAR-LEFT",NULL,NULL,NULL,NULL,NULL,NULL,NULL,NULL,NULL,NULL,NULL,NULL,NULL,NULL,NULL,NULL,NULL,NULL,NULL,NULL,NULL,NULL,NULL,NULL,NULL,NULL,NULL,NULL,NULL,NULL,NULL,NULL,NULL
"1102710","0718bc8905a2d26ca1d598189d2c6530806ed13a4763190e4b634b81cb4f27db41be36500cb9ffd6180383b29945e3ba27be673f6524b644fd94337a0ec98637","JE242301","05/24/2021 07:25:00 PM","2","DRIVER",NULL,"1045999.0",NULL,"FORD","ESCAPE","IL","2019.0","NONE","SPORT UTILITY VEHICLE (SUV)","UNKNOWN/NA","N","STRAIGHT AHEAD",NULL,NULL,"1.0",NULL,NULL,NULL,NULL,NULL,NULL,NULL,NULL,NULL,"Y",NULL,NULL,NULL,NULL,NULL,NULL,NULL,"REAR-LEFT",NULL,NULL,NULL,NULL,NULL,NULL,NULL,NULL,NULL,NULL,NULL,NULL,NULL,NULL,NULL,NULL,NULL,NULL,NULL,NULL,NULL,NULL,NULL,NULL,NULL,NULL,NULL,NULL,NULL,NULL,NULL,NULL,NULL
"1102785","70490e58d9ca650636a114de46c0c848147a719b0f98291d65e955ae2b66a8cd3e8b5575edf40f9a4b0b40cf327684a205c71dda82a7938b2752b88d19c2fac9","JE242324","05/25/2021 12:45:00 PM","1","DRIVER",NULL,"1046060.0",NULL,"CHEVROLET","IMPALA","IL","2015.0","UNKNOWN","PASSENGER","PERSONAL","S","UNKNOWN/NA",NULL,NULL,"1.0",NULL,NULL,NULL,NULL,"Y",NULL,NULL,NULL,NULL,NULL,NULL,NULL,NULL,NULL,"Y","Y",NULL,"OTHER",NULL,NULL,NULL,NULL,NULL,NULL,NULL,NULL,NULL,NULL,NULL,NULL,NULL,NULL,NULL,NULL,NULL,NULL,NULL,NULL,NULL,NULL,NULL,NULL,NULL,NULL,NULL,NULL,NULL,NULL,NULL,NULL,NULL
"1102874","13fc0542f7897af005850433cac9583d0b6f40580eb662d3d7dd0ac998a64f1f511d8ab3a74450df1f2051b4ebfadbff4e67e1876c1ad7cba9b76d04dfca8fde","JE242504","05/25/2021 01:30:00 PM","1","DRIVER",NULL,"1046151.0","Y","NAVISTAR","NAVISTAR","IN","2021.0","UNKNOWN","SINGLE UNIT TRUCK WITH TRAILER","COMMERCIAL - SINGLE UNIT","SE","TURNING RIGHT",NULL,NULL,"1.0",NULL,NULL,NULL,NULL,NULL,NULL,NULL,"Y",NULL,NULL,NULL,NULL,NULL,NULL,NULL,NULL,NULL,"REAR","12199.0","80806.0",NULL,NULL,"DRIVER","3.0","JB HUNT","IN","NOBLESVILLE",NULL,NULL,NULL,"N","N",NULL,NULL,NULL,"N","N",NULL,NULL,NULL,NULL,NULL,NULL,NULL,NULL,"TRACTOR/SEMI-TRAILER","VAN/ENCLOSED BOX","UNKNOWN","N","N",NULL
"1102880","b2374222bf7ccfe5b883cd1743a1840cc67fb8f66f2204035f4a4674850efc449eec005b843af2c5a049a1c08c742b568a19755385928512d844306430f24afa","JE242539","05/25/2021 01:00:00 PM","2","PARKED",NULL,"1046162.0",NULL,"DODGE","JOURNEY","IL","2018.0","UNKNOWN","PASSENGER","PERSONAL","E","PARKED",NULL,NULL,"0.0",NULL,NULL,NULL,NULL,NULL,NULL,NULL,NULL,NULL,NULL,NULL,NULL,"Y","Y","Y",NULL,NULL,"UNDER CARRIAGE",NULL,NULL,NULL,NULL,NULL,NULL,NULL,NULL,NULL,NULL,NULL,NULL,NULL,NULL,NULL,NULL,NULL,NULL,NULL,NULL,NULL,NULL,NULL,NULL,NULL,NULL,NULL,NULL,NULL,NULL,NULL,NULL,NULL
"1103006","f26702f4a3d7c593c9840f6054b4ef063440f8fd3a1a9fe8e18657d0faa4979763f3b1f0b72d33092597b81c3fa79491344bb44b970bafc93659ce6e4774aae4","JE242722","05/24/2021 10:45:00 PM","1","DRIVER",NULL,"1046266.0",NULL,"MERCEDES-BENZ","S-CLASS","IL","2014.0","UNKNOWN","PASSENGER","PERSONAL","W","TURNING RIGHT",NULL,NULL,"1.0",NULL,NULL,NULL,NULL,NULL,NULL,NULL,NULL,NULL,NULL,"Y",NULL,NULL,NULL,"Y",NULL,NULL,NULL,NULL,NULL,NULL,NULL,NULL,NULL,NULL,NULL,NULL,NULL,NULL,NULL,NULL,NULL,NULL,NULL,NULL,NULL,NULL,NULL,NULL,NULL,NULL,NULL,NULL,NULL,NULL,NULL,NULL,NULL,NULL,NULL,NULL
"1103236","470ac6914f8466824717a450ca4705f7ffd812637ea9a1b724eb52189efea336f31132eb47d3b76e0c56a935e8727489f7b2fd45e68900cdd6846413d58ef48d","JE242957","05/25/2021 08:05:00 PM","2","DRIVER",NULL,"1046492.0",NULL,"BMW","750IL","IL","2008.0","UNKNOWN","PASSENGER","PERSONAL","E","STRAIGHT AHEAD","Y",NULL,"1.0",NULL,"EVANS TOWING","6600 S KING DR",NULL,NULL,NULL,NULL,NULL,NULL,NULL,"Y","Y","Y",NULL,NULL,NULL,NULL,"SIDE-LEFT",NULL,NULL,NULL,NULL,NULL,NULL,NULL,NULL,NULL,NULL,NULL,NULL,NULL,NULL,NULL,NULL,NULL,NULL,NULL,NULL,NULL,NULL,NULL,NULL,NULL,NULL,NULL,NULL,NULL,NULL,NULL,NULL,NULL
"1103322","a017e8e1c44f8caa949dc7627760cc876aace4041be0c78f66d5f07cd2c06f9adf605a0b4368afb8917d31ee7f8d12e806cf11561f6cb7c8717d19a38edce762","JE243231","05/26/2021 08:20:00 AM","2","DRIVER",NULL,"1046598.0",NULL,"TOYOTA","CAMRY","IL","2013.0","UNKNOWN","PASSENGER","PERSONAL","N","STRAIGHT AHEAD",NULL,NULL,"1.0",NULL,NULL,NULL,NULL,NULL,NULL,NULL,"Y","Y",NULL,NULL,NULL,NULL,NULL,NULL,NULL,NULL,"REAR",NULL,NULL,NULL,NULL,NULL,NULL,NULL,NULL,NULL,NULL,NULL,NULL,NULL,NULL,NULL,NULL,NULL,NULL,NULL,NULL,NULL,NULL,NULL,NULL,NULL,NULL,NULL,NULL,NULL,NULL,NULL,NULL,NULL
"1103451","de444bdce9af44cd1232df3638a7e54e6060ae02fcb0e64d1567245b435cb094e15c03f426560948fae2cef8c5f3075872434ec8a2e2d6b0570823a834ad3481","JE243449","05/26/2021 12:00:00 PM","2","DRIVER",NULL,"1046704.0",NULL,"FORD","OTHER (EXPLAIN IN NARRATIVE)","IL","2018.0","NONE","TRUCK - SINGLE UNIT","OTHER","E","STRAIGHT AHEAD",NULL,NULL,"1.0",NULL,NULL,NULL,NULL,"Y","Y",NULL,NULL,NULL,NULL,NULL,NULL,NULL,NULL,NULL,NULL,NULL,"FRONT",NULL,NULL,NULL,NULL,NULL,NULL,NULL,NULL,NULL,NULL,NULL,NULL,NULL,NULL,NULL,NULL,NULL,NULL,NULL,NULL,NULL,NULL,NULL,NULL,NULL,NULL,NULL,NULL,NULL,NULL,NULL,NULL,NULL
"1103596","c27b8972698a2559c2f5a4764ac2d1bf238a6deef75aaf36c3da229cc6d438d754726c09b52fdcbdd5952ae3d9eb5d8304f53fde6e05def6df5615c656329e3c","JE243744","05/26/2021 03:30:00 PM","1","DRIVER","1.0","1046836.0",NULL,"HONDA","CR-V","IL","2014.0","NONE","SPORT UTILITY VEHICLE (SUV)","NOT IN USE","W","BACKING",NULL,NULL,"2.0",NULL,NULL,NULL,NULL,NULL,NULL,NULL,NULL,NULL,NULL,"Y",NULL,NULL,NULL,NULL,NULL,NULL,"SIDE-LEFT",NULL,NULL,NULL,NULL,NULL,NULL,NULL,NULL,NULL,NULL,NULL,NULL,NULL,NULL,NULL,NULL,NULL,NULL,NULL,NULL,NULL,NULL,NULL,NULL,NULL,NULL,NULL,NULL,NULL,NULL,NULL,NULL,NULL
"1103940","d683a01dc9aa03917835ab2818fee3b63ef089c6e756a290e4bf4e12eb158d554bfe8bb42cd36a1bb52352a45ef90996319ebfa7c00be9590f3a18a9cb4a5db9","JE244200","05/26/2021 11:05:00 PM","2","DRIVER",NULL,"1047172.0",NULL,"CHEVROLET","TRAVERSE","IL","2012.0","NONE","PASSENGER","PERSONAL","W","STRAIGHT AHEAD",NULL,NULL,"1.0",NULL,NULL,NULL,NULL,"Y","Y","Y","Y","Y","Y",NULL,NULL,NULL,NULL,NULL,NULL,NULL,"REAR",NULL,NULL,NULL,NULL,NULL,NULL,NULL,NULL,NULL,NULL,NULL,NULL,NULL,NULL,NULL,NULL,NULL,NULL,NULL,NULL,NULL,NULL,NULL,NULL,NULL,NULL,NULL,NULL,NULL,NULL,NULL,NULL,NULL
"1103963","f94a21ea11c8b09c1ee8da6cba90680621fe708b7a6749942c2be2121737443e6f1d4a6fb738e15b6c0f646fb78a83bf02ed71e5ab33d49627770dab6fbaad01","JE244252","05/27/2021 01:15:00 AM","1","DRIVER",NULL,"1047198.0",NULL,"KIA","OPTIMA / K5","IL","2018.0","UNKNOWN","PASSENGER","PERSONAL","N","STRAIGHT AHEAD","Y",NULL,"1.0",NULL,"FIVE STAR TOWING","FIVE STAR POUND",NULL,"Y","Y",NULL,NULL,NULL,NULL,NULL,NULL,NULL,NULL,NULL,NULL,NULL,"FRONT",NULL,NULL,NULL,NULL,NULL,NULL,NULL,NULL,NULL,NULL,NULL,NULL,NULL,NULL,NULL,NULL,NULL,NULL,NULL,NULL,NULL,NULL,NULL,NULL,NULL,NULL,NULL,NULL,NULL,NULL,NULL,NULL,NULL
"1104001","fa3b0de4afdf302855ac3ea500711212c0c3fb543ce3358ee5886e516bd6d365f06eed9746a99252825d6d433b5c360e6247824c9ab7413d03e733b31a9295b6","JE244306","05/27/2021 03:26:00 AM","1","DRIVER","1.0","1047233.0",NULL,"CHEVROLET","EQUINOX","IN","2015.0","UNKNOWN","PASSENGER","PERSONAL","UNKNOWN","UNKNOWN/NA","Y",NULL,"2.0",NULL,"City of Chicago Autopound","10305 s doty ave",NULL,"Y","Y","Y","Y","Y",NULL,NULL,NULL,NULL,NULL,"Y","Y",NULL,"OTHER",NULL,NULL,NULL,NULL,NULL,NULL,NULL,NULL,NULL,NULL,NULL,NULL,NULL,NULL,NULL,NULL,NULL,NULL,NULL,NULL,NULL,NULL,NULL,NULL,NULL,NULL,NULL,NULL,NULL,NULL,NULL,NULL,NULL
"1104024","ecfbf7666f681bdc82e1a117e94aa7fc963f886c211fe6f5b2b4ba0c66bf3f2c7e414ec4a3e1fbb94969c90b2dab10e60404a2e83244983c8c17e94f8a76ae0b","JE243874","05/26/2021 05:53:00 PM","1","DRIVER",NULL,"1047258.0",NULL,"CHEVROLET","IMPALA","IL","2017.0","UNKNOWN","PASSENGER","PERSONAL","N","STRAIGHT AHEAD",NULL,NULL,"1.0",NULL,NULL,NULL,NULL,"Y","Y",NULL,NULL,NULL,NULL,NULL,NULL,NULL,NULL,NULL,NULL,NULL,"FRONT",NULL,NULL,NULL,NULL,NULL,NULL,NULL,NULL,NULL,NULL,NULL,NULL,NULL,NULL,NULL,NULL,NULL,NULL,NULL,NULL,NULL,NULL,NULL,NULL,NULL,NULL,NULL,NULL,NULL,NULL,NULL,NULL,NULL
"1104033","b755093e58e3d2ad1fc87323bc3cd5e3c73b5482a163f9f0cafe33f6063b7da9a4d91fffbab9f623b8057d9dbe4e28836ad11b8ab23c9fcb88713050a49f0cde","JE244321","05/27/2021 04:40:00 AM","1","DRIVER",NULL,"1047269.0",NULL,"TOYOTA","OTHER (EXPLAIN IN NARRATIVE)","IL","2019.0","NONE","PASSENGER","PERSONAL","E","TURNING LEFT",NULL,NULL,"1.0",NULL,NULL,NULL,NULL,NULL,NULL,NULL,NULL,NULL,NULL,NULL,NULL,NULL,NULL,NULL,"Y",NULL,"OTHER",NULL,NULL,NULL,NULL,NULL,NULL,NULL,NULL,NULL,NULL,NULL,NULL,NULL,NULL,NULL,NULL,NULL,NULL,NULL,NULL,NULL,NULL,NULL,NULL,NULL,NULL,NULL,NULL,NULL,NULL,NULL,NULL,NULL
"1104389","9a5e4c4e5c5d5cb64d3cdbd5a7553fbe40c41782774d3c0db51b143d20532d9fdc8d493bc0a2e0134d0a2dd556c0ff326e5aafcd9930f503fac155580a51eed7","JE244865","05/27/2021 02:20:00 PM","2","PARKED",NULL,"1047602.0",NULL,"NISSAN","PATHFINDER","IL","2019.0","UNKNOWN","PASSENGER","NOT IN USE","S","PARKED",NULL,NULL,"0.0",NULL,NULL,NULL,NULL,NULL,NULL,NULL,NULL,NULL,NULL,NULL,NULL,NULL,"Y",NULL,NULL,NULL,"TOTAL (ALL AREAS)",NULL,NULL,NULL,NULL,NULL,NULL,NULL,NULL,NULL,NULL,NULL,NULL,NULL,NULL,NULL,NULL,NULL,NULL,NULL,NULL,NULL,NULL,NULL,NULL,NULL,NULL,NULL,NULL,NULL,NULL,NULL,NULL,NULL
"1104490","45509ca0baa759e9d3a1d3a99d8a8ef0fef0614e7868d8b24a3d687578aa9e0cf03240e8ebafb8af7b53367c1593d4519c2fdc2c2c0e020380df6421fce5a278","JE244939","05/27/2021 03:47:00 PM","2","PARKED",NULL,"1047686.0",NULL,"JEEP","CHEROKEE","IL","2020.0","NONE","PASSENGER","PERSONAL","N","PARKED",NULL,NULL,"0.0",NULL,NULL,NULL,NULL,NULL,NULL,NULL,NULL,NULL,NULL,NULL,"Y",NULL,"Y","N",NULL,NULL,"ROOF",NULL,NULL,NULL,NULL,NULL,NULL,NULL,NULL,NULL,NULL,NULL,NULL,NULL,NULL,NULL,NULL,NULL,NULL,NULL,NULL,NULL,NULL,NULL,NULL,NULL,NULL,NULL,NULL,NULL,NULL,NULL,NULL,NULL
"1104721","5c0edd724d51365cc71d7477a45edd9e1b86a447b81156001fcbe406368530bcf6f76e14a47571a645380b594fa35d7ff4d73207d587f384cd59d0a8cd933a4f","JE245310","05/27/2021 11:05:00 PM","2","PARKED",NULL,"1047919.0",NULL,"MAZDA","CX-5","IL","2017.0","NONE","PASSENGER","PERSONAL","UNKNOWN","PARKED",NULL,NULL,"0.0",NULL,NULL,NULL,NULL,NULL,NULL,NULL,NULL,NULL,NULL,NULL,NULL,NULL,NULL,NULL,"Y",NULL,"OTHER",NULL,NULL,NULL,NULL,NULL,NULL,NULL,NULL,NULL,NULL,NULL,NULL,NULL,NULL,NULL,NULL,NULL,NULL,NULL,NULL,NULL,NULL,NULL,NULL,NULL,NULL,NULL,NULL,NULL,NULL,NULL,NULL,NULL
"1104847","3159cb41989b069d1345cb71918b99b4d3353fb27dca098ab90e5a6e6fb3afb94f22a9dc2abaa109a132c5ed588d62dce16a915063c1f1abd327b3bfd379c6a3","JE245502","05/28/2021 08:44:00 AM","1","DRIVER",NULL,"1048048.0",NULL,"JEEP","CHEROKEE","IL","2015.0","UNKNOWN","PASSENGER","PERSONAL","E","ENTERING TRAFFIC LANE FROM PARKING",NULL,NULL,"1.0",NULL,NULL,NULL,NULL,NULL,NULL,NULL,NULL,NULL,NULL,NULL,NULL,NULL,NULL,NULL,"Y",NULL,"OTHER",NULL,NULL,NULL,NULL,NULL,NULL,NULL,NULL,NULL,NULL,NULL,NULL,NULL,NULL,NULL,NULL,NULL,NULL,NULL,NULL,NULL,NULL,NULL,NULL,NULL,NULL,NULL,NULL,NULL,NULL,NULL,NULL,NULL
"1105278","e1f81d123bd52850d277e95a99efe32bd450f1598964b07b3114094f9c9be1a7622b5999c9838a0e5327198bac13d66222b741d95608bc88c9b14264a01b9c1c","JE246157","05/28/2021 05:00:00 PM","2","DRIVER",NULL,"1048475.0",NULL,"CHEVROLET","CRUZE","IL","2016.0","UNKNOWN","PASSENGER","PERSONAL","N","STRAIGHT AHEAD",NULL,NULL,"1.0",NULL,NULL,NULL,NULL,"Y",NULL,NULL,NULL,NULL,NULL,NULL,NULL,NULL,NULL,NULL,NULL,NULL,"FRONT",NULL,NULL,NULL,NULL,NULL,NULL,NULL,NULL,NULL,NULL,NULL,NULL,NULL,NULL,NULL,NULL,NULL,NULL,NULL,NULL,NULL,NULL,NULL,NULL,NULL,NULL,NULL,NULL,NULL,NULL,NULL,NULL,NULL
"1105673","4df9e8f210c5c574c7c0508c8ece4cf9ae9a2fa0d85388c99396c59856f2c2b8d2dae2d8947d0d7e61ec4a4fe0f9243aa6ec2a537c043b6240daa4b7109dcf09","JE246687","05/29/2021 11:00:00 AM","1","DRIVER",NULL,"1048832.0",NULL,"SATURN","OUTLOOK","IL","2009.0","UNKNOWN","SPORT UTILITY VEHICLE (SUV)","UNKNOWN/NA","S","UNKNOWN/NA","Y",NULL,"1.0",NULL,"E&W towing 773 507 4000","5717 w grand ave 60639",NULL,NULL,NULL,NULL,NULL,NULL,NULL,NULL,NULL,NULL,NULL,"Y","Y",NULL,"TOTAL (ALL AREAS)",NULL,NULL,NULL,NULL,NULL,NULL,NULL,NULL,NULL,NULL,NULL,NULL,NULL,NULL,NULL,NULL,NULL,NULL,NULL,NULL,NULL,NULL,NULL,NULL,NULL,NULL,NULL,NULL,NULL,NULL,NULL,NULL,NULL
"1105746","800831a931162787d8a18a42f83c17f56be969aec8937f3ab53c030e31a05362609720b0e1f1b81e57dd828caaf7e9539eba465b031e17ec849885dc90b2dc71","JE246831","05/29/2021 12:00:00 PM","2","PARKED",NULL,"1048904.0",NULL,"SUBARU","CROSSTREK","WI","2017.0","NONE","SPORT UTILITY VEHICLE (SUV)","NOT IN USE","S","PARKED",NULL,NULL,"0.0",NULL,NULL,NULL,NULL,NULL,NULL,NULL,NULL,"Y",NULL,NULL,NULL,NULL,NULL,NULL,NULL,NULL,"REAR-RIGHT",NULL,NULL,NULL,NULL,NULL,NULL,NULL,NULL,NULL,NULL,NULL,NULL,NULL,NULL,NULL,NULL,NULL,NULL,NULL,NULL,NULL,NULL,NULL,NULL,NULL,NULL,NULL,NULL,NULL,NULL,NULL,NULL,NULL
"1106082","ca759e67f3e97f017fa54ac8943b86d57436fc3f4b01425671cf7e2eaa97ca40a632765ba452828a7c35770a01f706f7680d845dfef9b6b0d50e24e6b76a9c69","JE247312","05/29/2021 09:20:00 PM","2","PARKED",NULL,"1049231.0",NULL,"TOYOTA","HIGHLANDER","IL","2017.0","NONE","SPORT UTILITY VEHICLE (SUV)","PERSONAL","N","PARKED",NULL,NULL,"0.0",NULL,NULL,NULL,NULL,NULL,NULL,NULL,NULL,NULL,"Y","Y","Y",NULL,NULL,NULL,NULL,NULL,"FRONT-LEFT",NULL,NULL,NULL,NULL,NULL,NULL,NULL,NULL,NULL,NULL,NULL,NULL,NULL,NULL,NULL,NULL,NULL,NULL,NULL,NULL,NULL,NULL,NULL,NULL,NULL,NULL,NULL,NULL,NULL,NULL,NULL,NULL,NULL
"1106306","9c783289f9cf71b91a2611aa5fa323c435e86c13fac510faf5fb1395fd18a496cf07191337796ec3bc54b19321c8185733e267d5ffca8cbf3be49fabd9549cce","JE247769","05/28/2021 02:00:00 AM","2","PARKED",NULL,"1049440.0",NULL,"HYUNDAI","SONATA","IL","2016.0","NONE","PASSENGER","NOT IN USE","E","PARKED",NULL,NULL,"0.0",NULL,NULL,NULL,NULL,NULL,NULL,NULL,NULL,NULL,NULL,NULL,NULL,"Y","Y","Y",NULL,NULL,"ROOF",NULL,NULL,NULL,NULL,NULL,NULL,NULL,NULL,NULL,NULL,NULL,NULL,NULL,NULL,NULL,NULL,NULL,NULL,NULL,NULL,NULL,NULL,NULL,NULL,NULL,NULL,NULL,NULL,NULL,NULL,NULL,NULL,NULL