"CRASH_UNIT_ID","CRASH_RECORD_ID","RD_NO","CRASH_DATE","UNIT_NO","UNIT_TYPE","NUM_PASSENGERS","VEHICLE_ID","CMRC_VEH_I","MAKE","MODEL","LIC_PLATE_STATE","VEHICLE_YEAR","VEHICLE_DEFECT","VEHICLE_TYPE","VEHICLE_USE","TRAVEL_DIRECTION","MANEUVER","TOWED_I","FIRE_I","OCCUPANT_CNT","EXCEED_SPEED_LIMIT_I","TOWED_BY","TOWED_TO","AREA_00_I","AREA_01_I","AREA_02_I","AREA_03_I","AREA_04_I","AREA_05_I","AREA_06_I","AREA_07_I","AREA_08_I","AREA_09_I","AREA_10_I","AREA_11_I","AREA_12_I","AREA_99_I","FIRST_CONTACT_POINT","CMV_ID","USDOT_NO","CCMC_NO","ILCC_NO","COMMERCIAL_SRC","GVWR","CARRIER_NAME","CARRIER_STATE","CARRIER_CITY","HAZMAT_PLACARDS_I","HAZMAT_NAME","UN_NO","HAZMAT_PRESENT_I","HAZMAT_REPORT_I","HAZMAT_REPORT_NO","MCS_REPORT_I","MCS_REPORT_NO","HAZMAT_VIO_CAUSE_CRASH_I","MCS_VIO_CAUSE_CRASH_I","IDOT_PERMIT_NO","WIDE_LOAD_I","TRAILER1_WIDTH","TRAILER2_WIDTH","TRAILER1_LENGTH","TRAILER2_LENGTH","TOTAL_VEHICLE_LENGTH","AXLE_CNT","VEHICLE_CONFIG","CARGO_BODY_TYPE","LOAD_TYPE","HAZMAT_OUT_OF_SERVICE_I","MCS_OUT_OF_SERVICE_I","HAZMAT_CLASS"
"1106340","2fc9625479603b41b2bc9f7a191b6bb773c3349e128af5b23915783b0c9f474b8b51c45feb02c208792c7a3eb63a986e9b6b0a447a3786ae1350c5a9df9a17a0","JE247814","05/29/2021 07:03:00 AM","1","DRIVER","1.0","1049477.0",NULL,"CHEVROLET","TRAVERSE","IN","2010.0","UNKNOWN","PASSENGER","UNKNOWN/NA","NW","TURNING RIGHT",NULL,NULL,"2.0",NULL,NULL,NULL,NULL,NULL,NULL,"Y",NULL,NULL,NULL,NULL,NULL,NULL,NULL,NULL,NULL,NULL,"FRONT-LEFT",NULL,NULL,NULL,NULL,NULL,NULL,NULL,NULL,NULL,NULL,NULL,NULL,NULL,NULL,NULL,NULL,NULL,NULL,NULL,NULL,NULL,NULL,NULL,NULL,NULL,NULL,NULL,NULL,NULL,NULL,NULL,NULL,NULL
"1106437","43fca8bce2c55428b2849b3f6bac69cf391f7a67ec8556ae493e7cccd7ff447a793acc72b412401f2d6707286e0177fd7728cc9f5241a212397d16541e78110c","JE248008","05/30/2021 03:37:00 AM","1","DRIVER",NULL,"1049565.0",NULL,"KIA","OPTIMA / K5","IL","2016.0","NONE","PASSENGER","PERSONAL","S","STRAIGHT AHEAD",NULL,NULL,"1.0",NULL,NULL,NULL,NULL,"Y",NULL,NULL,NULL,NULL,NULL,NULL,NULL,NULL,NULL,NULL,NULL,NULL,"OTHER",NULL,NULL,NULL,NULL,NULL,NULL,NULL,NULL,NULL,NULL,NULL,NULL,NULL,NULL,NULL,NULL,NULL,NULL,NULL,NULL,NULL,NULL,NULL,NULL,NULL,NULL,NULL,NULL,NULL,NULL,NULL,NULL,NULL
"1106466","199c108629e69169ff32e02c8ffcb556893b78420dfb63a9746d4e555e35ea4f6989048a848021eb3e8650c203ac5b32e85d1324f61b7b04d081e43cd80ad907","JE248003","05/30/2021 03:37:00 PM","2","DRIVER","4.0","1049597.0",NULL,"GENERAL MOTORS CORPORATION (GMC)","YUKON","IL","2017.0","NONE","SPORT UTILITY VEHICLE (SUV)","PERSONAL","S","STRAIGHT AHEAD",NULL,NULL,"5.0",NULL,NULL,NULL,NULL,"Y",NULL,NULL,NULL,NULL,NULL,NULL,NULL,NULL,NULL,"Y","Y",NULL,"OTHER",NULL,NULL,NULL,NULL,NULL,NULL,NULL,NULL,NULL,NULL,NULL,NULL,NULL,NULL,NULL,NULL,NULL,NULL,NULL,NULL,NULL,NULL,NULL,NULL,NULL,NULL,NULL,NULL,NULL,NULL,NULL,NULL,NULL
"1106664","b7317023f2d32568ec60bc4a1cc047908e2a020338269aaab8cca378dfb100225a7d0f6b6508b9da1c46dbb5506b033a111933c6ee4dae8c52d89243a8ab5876","JE248394","05/30/2021 11:23:00 PM","1","DRIVER",NULL,"1049783.0",NULL,"CHEVROLET","MALIBU","IL","2011.0","NONE","PASSENGER","PERSONAL","W","OTHER",NULL,NULL,"1.0",NULL,NULL,NULL,NULL,NULL,NULL,NULL,NULL,NULL,NULL,NULL,NULL,NULL,NULL,NULL,"Y",NULL,"OTHER",NULL,NULL,NULL,NULL,NULL,NULL,NULL,NULL,NULL,NULL,NULL,NULL,NULL,NULL,NULL,NULL,NULL,NULL,NULL,NULL,NULL,NULL,NULL,NULL,NULL,NULL,NULL,NULL,NULL,NULL,NULL,NULL,NULL
"1106759","9c26bcb238be43e1f7f05134e4934f0cb929516cff8196141ea95185b711961fef9c0280f03408908cbd9805b076f02bfe5dfc8381d39d5beadc2f3e9b2fe3f7","JE248513","05/31/2021 02:40:00 AM","1","DRIVER","1.0","1049879.0",NULL,"DODGE","CHARGER","IL","2014.0","UNKNOWN","PASSENGER","PERSONAL","S","STRAIGHT AHEAD","Y",NULL,"2.0",NULL,"H643",NULL,NULL,"Y","Y","Y",NULL,NULL,NULL,NULL,NULL,"Y","Y","Y","Y",NULL,"OTHER",NULL,NULL,NULL,NULL,NULL,NULL,NULL,NULL,NULL,NULL,NULL,NULL,NULL,NULL,NULL,NULL,NULL,NULL,NULL,NULL,NULL,NULL,NULL,NULL,NULL,NULL,NULL,NULL,NULL,NULL,NULL,NULL,NULL
"1106814","79421f1f43ba3e0c4648fcbf80d321045695caa1a8dcb1148c9dc54efd180d1b00468121b3a2c25c4ea4843252d4c3f5a6f00ee6b40cc5a06355b4adff22c6a5","JE248625","05/31/2021 04:49:00 AM","2","PARKED",NULL,"1049937.0",NULL,"HONDA","ACCORD","IL","2010.0","UNKNOWN","PASSENGER","PERSONAL","E","PARKED",NULL,NULL,"0.0",NULL,NULL,NULL,NULL,NULL,NULL,NULL,NULL,"Y",NULL,NULL,NULL,NULL,NULL,NULL,NULL,NULL,"REAR",NULL,NULL,NULL,NULL,NULL,NULL,NULL,NULL,NULL,NULL,NULL,NULL,NULL,NULL,NULL,NULL,NULL,NULL,NULL,NULL,NULL,NULL,NULL,NULL,NULL,NULL,NULL,NULL,NULL,NULL,NULL,NULL,NULL
"1106913","3c7b3ef8b764d8593ebf3a18650af8b7a307289de59051c208fc96608dccffa98f5d4f28c742daefef3fec795d580694e96e579e29fbd69e549b8dfc860daf63","JE248802","05/31/2021 11:00:00 AM","2","DRIVER",NULL,"1050025.0",NULL,"TOYOTA","OTHER (EXPLAIN IN NARRATIVE)","IL","2010.0","NONE","PASSENGER","PERSONAL","S","STRAIGHT AHEAD",NULL,NULL,"1.0",NULL,NULL,NULL,NULL,NULL,NULL,NULL,NULL,NULL,NULL,NULL,"Y",NULL,NULL,NULL,NULL,NULL,"FRONT-LEFT",NULL,NULL,NULL,NULL,NULL,NULL,NULL,NULL,NULL,NULL,NULL,NULL,NULL,NULL,NULL,NULL,NULL,NULL,NULL,NULL,NULL,NULL,NULL,NULL,NULL,NULL,NULL,NULL,NULL,NULL,NULL,NULL,NULL
"1107130","bde7b533376556c1e0dbfb1fc77e4c6c619641ae96e525962c748ff3afd70a4203a6022beacb364cf714f83dd129f460c6dd6bf1dd4318aed1b63be958df3063","JE249138","05/31/2021 05:00:00 PM","2","DRIVER",NULL,"1050231.0",NULL,"JEEP","PATRIOT",NULL,"2014.0","UNKNOWN","SPORT UTILITY VEHICLE (SUV)","PERSONAL","S","TURNING RIGHT",NULL,NULL,"1.0",NULL,NULL,NULL,NULL,NULL,NULL,NULL,NULL,NULL,NULL,NULL,NULL,NULL,NULL,"Y",NULL,NULL,"TOTAL (ALL AREAS)",NULL,NULL,NULL,NULL,NULL,NULL,NULL,NULL,NULL,NULL,NULL,NULL,NULL,NULL,NULL,NULL,NULL,NULL,NULL,NULL,NULL,NULL,NULL,NULL,NULL,NULL,NULL,NULL,NULL,NULL,NULL,NULL,NULL
"1107297","790bdc0840c2f188d11b7e6ec1d0c26d126e42f3c558b2abe2502d5ea84ad532236706e42f483b85a92d9b70cc9d3df88cbe915b2032f8a04a6289b19876695f","JE249296","05/31/2021 07:06:00 PM","1","DRIVER",NULL,"1050384.0",NULL,"JEEP","PATRIOT","IL","2017.0","NONE","SPORT UTILITY VEHICLE (SUV)","PERSONAL","N","PASSING/OVERTAKING",NULL,NULL,"1.0",NULL,NULL,NULL,NULL,"Y",NULL,NULL,NULL,NULL,NULL,NULL,NULL,NULL,NULL,NULL,NULL,NULL,"FRONT",NULL,NULL,NULL,NULL,NULL,NULL,NULL,NULL,NULL,NULL,NULL,NULL,NULL,NULL,NULL,NULL,NULL,NULL,NULL,NULL,NULL,NULL,NULL,NULL,NULL,NULL,NULL,NULL,NULL,NULL,NULL,NULL,NULL
"1107350","d89b8adf1b1f5a7532621369de9e44c513265c34610b38a480c5b485715d29afe88debc9bd4124c90af72dbd29cd9384413f889d088029f67530beca92f766c3","JE249440","05/31/2021 11:43:00 PM","1","DRIVER",NULL,"1050427.0",NULL,"HONDA","CIVIC","IL","2012.0","UNKNOWN","PASSENGER","PERSONAL","W","STRAIGHT AHEAD","N",NULL,"1.0",NULL,NULL,NULL,NULL,"Y",NULL,NULL,NULL,NULL,NULL,NULL,NULL,NULL,"Y","Y","Y","Y","TOTAL (ALL AREAS)",NULL,NULL,NULL,NULL,NULL,NULL,NULL,NULL,NULL,NULL,NULL,NULL,NULL,NULL,NULL,NULL,NULL,NULL,NULL,NULL,NULL,NULL,NULL,NULL,NULL,NULL,NULL,NULL,NULL,NULL,NULL,NULL,NULL
"1107491","fd058e272747660ca9d649994c5a3fff98c96e800b14ec44ec9e642ae3892c35c44880a81fe57361d7664a5c930f279d782ed5f54b16bda7d9de69db4c6d087b","JE249860","06/01/2021 12:00:00 PM","1","DRIVER",NULL,"1050572.0",NULL,"DODGE","JOURNEY",NULL,"2013.0","NONE","PASSENGER","PERSONAL","E","BACKING",NULL,NULL,"1.0",NULL,NULL,NULL,NULL,NULL,NULL,NULL,NULL,NULL,"Y","Y",NULL,NULL,NULL,NULL,NULL,NULL,"REAR-LEFT",NULL,NULL,NULL,NULL,NULL,NULL,NULL,NULL,NULL,NULL,NULL,NULL,NULL,NULL,NULL,NULL,NULL,NULL,NULL,NULL,NULL,NULL,NULL,NULL,NULL,NULL,NULL,NULL,NULL,NULL,NULL,NULL,NULL
"1107657","49f4be7646e3cf9abb54add6cd814b14ab56a1ced324528fb940c6d8853935925e7c3f8d19f5205f558b2f582ae5da8ecfa7617a0640e0427c46e21c6d686797","JE250102","06/01/2021 02:57:00 PM","2","PARKED",NULL,"1050736.0",NULL,"VOLKSWAGEN","JETTA","IL","2017.0","NONE","PASSENGER","PERSONAL","W","PARKED",NULL,NULL,"0.0",NULL,NULL,NULL,NULL,"Y","Y","Y","Y",NULL,NULL,NULL,NULL,NULL,NULL,NULL,NULL,NULL,"SIDE-RIGHT",NULL,NULL,NULL,NULL,NULL,NULL,NULL,NULL,NULL,NULL,NULL,NULL,NULL,NULL,NULL,NULL,NULL,NULL,NULL,NULL,NULL,NULL,NULL,NULL,NULL,NULL,NULL,NULL,NULL,NULL,NULL,NULL,NULL
"1108144","2ea4c5021bd0679017255278bb0e3c2ed98ca81bd4e055626ce64cb6888ff993fb7a791408438068e7a6a24f4459817a3c36a35553c8e3dd89ff4ccd29c28504","JE250794","06/02/2021 07:30:00 AM","2","DRIVERLESS",NULL,"1051188.0",NULL,"CHEVROLET","IMPALA","IL","2016.0","UNKNOWN","PASSENGER","PERSONAL","N","PARKED",NULL,NULL,"0.0",NULL,NULL,NULL,NULL,NULL,NULL,NULL,NULL,"N","Y","Y","Y",NULL,NULL,NULL,NULL,NULL,"SIDE-LEFT",NULL,NULL,NULL,NULL,NULL,NULL,NULL,NULL,NULL,NULL,NULL,NULL,NULL,NULL,NULL,NULL,NULL,NULL,NULL,NULL,NULL,NULL,NULL,NULL,NULL,NULL,NULL,NULL,NULL,NULL,NULL,NULL,NULL
"1108272","f0fde8293e5cd5015d90c113bf57662b1769c521f1aa83d814643240d3a848afe97563dd6debd70e6cd51812a9b5133dbf8899bd8aa680d9b9279ca6f669e703","JE251076","06/02/2021 01:00:00 PM","2","DRIVER",NULL,"1051315.0",NULL,"HYUNDAI","ELANTRA","IL","2009.0","UNKNOWN","PASSENGER","PERSONAL","UNKNOWN","STRAIGHT AHEAD",NULL,NULL,"1.0",NULL,NULL,NULL,NULL,NULL,NULL,NULL,NULL,"Y","Y","Y",NULL,NULL,NULL,NULL,NULL,NULL,"REAR-LEFT",NULL,NULL,NULL,NULL,NULL,NULL,NULL,NULL,NULL,NULL,NULL,NULL,NULL,NULL,NULL,NULL,NULL,NULL,NULL,NULL,NULL,NULL,NULL,NULL,NULL,NULL,NULL,NULL,NULL,NULL,NULL,NULL,NULL
"1108475","ef209082389fdb01141698cf93f6cf4e846567ae30212c7d43a6c5f334a6ac66d7e6faf79086d12b32f14dc2a5a400fae265e6ca145978305f1943fd8c64fef1","JE251390","06/02/2021 03:15:00 PM","2","DRIVER","3.0","1051501.0",NULL,"NISSAN","PATHFINDER","IL","2009.0","UNKNOWN","PASSENGER","PERSONAL","S","STRAIGHT AHEAD",NULL,NULL,"4.0",NULL,NULL,NULL,NULL,NULL,NULL,NULL,NULL,NULL,"Y",NULL,NULL,NULL,NULL,NULL,NULL,NULL,"REAR-LEFT",NULL,NULL,NULL,NULL,NULL,NULL,NULL,NULL,NULL,NULL,NULL,NULL,NULL,NULL,NULL,NULL,NULL,NULL,NULL,NULL,NULL,NULL,NULL,NULL,NULL,NULL,NULL,NULL,NULL,NULL,NULL,NULL,NULL
"1109123","36a7c102ed93cb0ccb83d032bf53ddcff74df6947f9dd3f73e9e7c9f417fbd76810e9bb8b5f605edfba4043954a14db7465c6d1c0cf10ad401ac8554abe2e679","JE252505","06/03/2021 03:53:00 PM","2","DRIVER",NULL,"1052107.0",NULL,"CHEVROLET","VAN",NULL,"2020.0","NONE","VAN/MINI-VAN","OTHER","N","STRAIGHT AHEAD",NULL,NULL,"1.0",NULL,NULL,NULL,NULL,"Y","Y","Y","Y","Y",NULL,NULL,NULL,NULL,NULL,NULL,NULL,NULL,"SIDE-RIGHT",NULL,NULL,NULL,NULL,NULL,NULL,NULL,NULL,NULL,NULL,NULL,NULL,NULL,NULL,NULL,NULL,NULL,NULL,NULL,NULL,NULL,NULL,NULL,NULL,NULL,NULL,NULL,NULL,NULL,NULL,NULL,NULL,NULL
"1109357","cd75c01c13eebe34b44d335fa310fec094c4f66e7435419b20f812ec356d78ecb71e960a16d5e3dceddbd813b675be3aef62aeb56f2a0354b963bc57d607ed06","JE252769","06/03/2021 04:30:00 PM","2","PARKED",NULL,"1052342.0",NULL,"HYUNDAI","SONATA","IL","2016.0","NONE","PASSENGER","PERSONAL","UNKNOWN","PARKED",NULL,NULL,"0.0",NULL,NULL,NULL,NULL,"Y",NULL,NULL,NULL,NULL,NULL,NULL,NULL,NULL,NULL,NULL,NULL,NULL,"FRONT",NULL,NULL,NULL,NULL,NULL,NULL,NULL,NULL,NULL,NULL,NULL,NULL,NULL,NULL,NULL,NULL,NULL,NULL,NULL,NULL,NULL,NULL,NULL,NULL,NULL,NULL,NULL,NULL,NULL,NULL,NULL,NULL,NULL
"1109422","9f5c62477196a81b06b65969ac61429b2ecc34215245442fa903eb1120328fb2a2052095ebb3ab711fdcb81ae49c7b631ce719a2c05c564d54d785e90c7052aa","JE252811","06/03/2021 08:10:00 PM","2","DRIVER",NULL,"1052412.0",NULL,"JEEP","COMMANDER","IL","2008.0","NONE","SPORT UTILITY VEHICLE (SUV)","PERSONAL","S","STRAIGHT AHEAD",NULL,NULL,"1.0",NULL,NULL,NULL,NULL,"Y",NULL,NULL,NULL,NULL,NULL,NULL,NULL,NULL,NULL,NULL,"Y",NULL,"FRONT",NULL,NULL,NULL,NULL,NULL,NULL,NULL,NULL,NULL,NULL,NULL,NULL,NULL,NULL,NULL,NULL,NULL,NULL,NULL,NULL,NULL,NULL,NULL,NULL,NULL,NULL,NULL,NULL,NULL,NULL,NULL,NULL,NULL
"1109762","776f2c0c45bfcd812addefb44c63df0e60bc5694b53ee77ff1df11bbbc56438490d2ec5ef904e336de41251c3642d315f389ea16e9da31952abe41dc9b5c3529","JE253485","06/02/2021 04:25:00 PM","2","DRIVER",NULL,"1052741.0",NULL,"TOYOTA","CAMRY","IL","2017.0","UNKNOWN","PASSENGER","UNKNOWN/NA","S","UNKNOWN/NA",NULL,NULL,"1.0",NULL,NULL,NULL,NULL,NULL,NULL,NULL,NULL,NULL,NULL,NULL,NULL,NULL,NULL,NULL,NULL,NULL,"REAR-LEFT",NULL,NULL,NULL,NULL,NULL,NULL,NULL,NULL,NULL,NULL,NULL,NULL,NULL,NULL,NULL,NULL,NULL,NULL,NULL,NULL,NULL,NULL,NULL,NULL,NULL,NULL,NULL,NULL,NULL,NULL,NULL,NULL,NULL
"1110106","974ee87f58cc3dff84f3763ef4eb044045a5851ffbc5392ecc0be366f178d65bc54e468ca300456181e41bb9402598f612086f99324dbc025700daf8c7b889bd","JE253906","06/04/2021 06:00:00 PM","2","PARKED",NULL,"1053067.0",NULL,"TOYOTA","RAV4","IL","2021.0","NONE","PASSENGER","NOT IN USE","W","PARKED",NULL,NULL,"0.0",NULL,NULL,NULL,NULL,NULL,NULL,NULL,NULL,"Y","Y","Y",NULL,NULL,NULL,NULL,NULL,"Y","UNKNOWN",NULL,NULL,NULL,NULL,NULL,NULL,NULL,NULL,NULL,NULL,NULL,NULL,NULL,NULL,NULL,NULL,NULL,NULL,NULL,NULL,NULL,NULL,NULL,NULL,NULL,NULL,NULL,NULL,NULL,NULL,NULL,NULL,NULL
"1110113","865f1f4325a19829b76607df814b8658c42a940e07e74627ab941054533497c6463f7f0c47a93639d4a9f8ba24cc3e4b05551f30e78d1feb89ff938451626af7","JE253721","06/04/2021 04:25:00 PM","2","DRIVER",NULL,"1053084.0",NULL,"VOLKSWAGEN","TOUAREG",NULL,"2020.0","NONE","PASSENGER","OTHER","N","SLOW/STOP IN TRAFFIC",NULL,NULL,"1.0",NULL,NULL,NULL,NULL,"Y","Y","Y","Y","Y","Y","Y","Y","Y","Y","Y","Y",NULL,"REAR-LEFT",NULL,NULL,NULL,NULL,NULL,NULL,NULL,NULL,NULL,NULL,NULL,NULL,NULL,NULL,NULL,NULL,NULL,NULL,NULL,NULL,NULL,NULL,NULL,NULL,NULL,NULL,NULL,NULL,NULL,NULL,NULL,NULL,NULL
"1110211","cde3340a23e649f0e2a1e373e99e4a94aea52b8e846f47ad153f48281f0a26ae49b2cfac49d4e52ab12bd865b669089d63e24917b6d0f9d9e0be435144c2593a","JE254020","06/04/2021 08:12:00 PM","1","DRIVER",NULL,"1053171.0",NULL,"NISSAN","ALTIMA","IL","2017.0","NONE","PASSENGER","PERSONAL","N","STRAIGHT AHEAD",NULL,NULL,"1.0",NULL,NULL,NULL,NULL,"Y",NULL,NULL,NULL,NULL,NULL,NULL,NULL,NULL,NULL,NULL,NULL,NULL,"FRONT",NULL,NULL,NULL,NULL,NULL,NULL,NULL,NULL,NULL,NULL,NULL,NULL,NULL,NULL,NULL,NULL,NULL,NULL,NULL,NULL,NULL,NULL,NULL,NULL,NULL,NULL,NULL,NULL,NULL,NULL,NULL,NULL,NULL
"1110214","8c19a35677b0c45a6d2afbd30f8655e3f781c50ba511205d6bade048285495e3077aba7e314e9f0e1491f183a160bcfc65ff1c9f21dea4eeae2e4c77c30eb9ac","JE253971","06/04/2021 07:10:00 PM","2","PARKED","2.0","1053174.0",NULL,"NISSAN","ROGUE","MN","2021.0","UNKNOWN","PASSENGER","PERSONAL","W","PARKED","Y",NULL,"2.0",NULL,"PRIVATE TOW",NULL,NULL,NULL,NULL,NULL,"Y","Y","Y","Y","Y",NULL,NULL,NULL,NULL,NULL,"REAR-LEFT",NULL,NULL,NULL,NULL,NULL,NULL,NULL,NULL,NULL,NULL,NULL,NULL,NULL,NULL,NULL,NULL,NULL,NULL,NULL,NULL,NULL,NULL,NULL,NULL,NULL,NULL,NULL,NULL,NULL,NULL,NULL,NULL,NULL
"1110393","fe9517cb7d7b337c8a76ec897ed7ba4c80851686dffe514c668fd4808bdb3216fed1b2f480fa5cc045325e2b25945832cf8214e1e6029049a8524f5feebb834f","JE254258","06/04/2021 11:40:00 PM","1","DRIVER",NULL,"1053335.0",NULL,"JEEP","GRAND CHEROKEE","IL","2014.0","UNKNOWN","PASSENGER","PERSONAL","N","STRAIGHT AHEAD","Y",NULL,"1.0",NULL,"PRIVATE",NULL,NULL,"Y","Y",NULL,NULL,NULL,NULL,"Y","Y","Y","Y","Y","Y",NULL,"FRONT",NULL,NULL,NULL,NULL,NULL,NULL,NULL,NULL,NULL,NULL,NULL,NULL,NULL,NULL,NULL,NULL,NULL,NULL,NULL,NULL,NULL,NULL,NULL,NULL,NULL,NULL,NULL,NULL,NULL,NULL,NULL,NULL,NULL
"1110697","8774159489cb8dcc5abb48a40c1aa5d8bd354b180120c23806f959cedf914a2683a8651a68bc8ef48dec9bc04b4555620945bd17b394ecfddb02263838dcbc93","JE254702","06/05/2021 12:18:00 PM","3","DRIVER",NULL,"1053631.0",NULL,"NISSAN","OTHER (EXPLAIN IN NARRATIVE)","IL","2020.0","UNKNOWN","SPORT UTILITY VEHICLE (SUV)","UNKNOWN/NA","E","SLOW/STOP IN TRAFFIC",NULL,NULL,"1.0",NULL,NULL,NULL,NULL,"Y",NULL,NULL,NULL,NULL,NULL,NULL,NULL,NULL,NULL,"Y","Y",NULL,"OTHER",NULL,NULL,NULL,NULL,NULL,NULL,NULL,NULL,NULL,NULL,NULL,NULL,NULL,NULL,NULL,NULL,NULL,NULL,NULL,NULL,NULL,NULL,NULL,NULL,NULL,NULL,NULL,NULL,NULL,NULL,NULL,NULL,NULL
"1110750","5497b2a6662b3af75cf648e23f66c2f29e397bf4b0bb597336fb6b66b838b0952253851684470011a6cae024ae9fdaaf15434cd180238ba790bc6102cf539573","JE254773","05/19/2021 02:17:00 PM","1","DRIVER",NULL,"1053682.0",NULL,"HONDA","ACCORD","WI","2013.0","UNKNOWN","PASSENGER","PERSONAL","E","STRAIGHT AHEAD",NULL,NULL,"1.0",NULL,NULL,NULL,NULL,"Y","Y","Y","Y","Y",NULL,NULL,NULL,NULL,NULL,NULL,NULL,NULL,"SIDE-RIGHT",NULL,NULL,NULL,NULL,NULL,NULL,NULL,NULL,NULL,NULL,NULL,NULL,NULL,NULL,NULL,NULL,NULL,NULL,NULL,NULL,NULL,NULL,NULL,NULL,NULL,NULL,NULL,NULL,NULL,NULL,NULL,NULL,NULL
"1111529","0ad45e83a5de79049990d8a73bda3a5b0b003ab4736d596a10501b7753cfc002ddeaf40ac79d6722349389823447e6de1a180a0f64ba8ceca328b7fb21823c08","JE255964","06/06/2021 03:25:00 PM","2","DRIVER","1.0","1054421.0",NULL,"NISSAN","SENTRA","IL","2019.0","NONE","PASSENGER","PERSONAL","S","SLOW/STOP IN TRAFFIC",NULL,NULL,"2.0",NULL,NULL,NULL,NULL,NULL,NULL,NULL,NULL,NULL,NULL,"Y","Y",NULL,NULL,NULL,NULL,NULL,"SIDE-LEFT",NULL,NULL,NULL,NULL,NULL,NULL,NULL,NULL,NULL,NULL,NULL,NULL,NULL,NULL,NULL,NULL,NULL,NULL,NULL,NULL,NULL,NULL,NULL,NULL,NULL,NULL,NULL,NULL,NULL,NULL,NULL,NULL,NULL
"1111818","7a38a2a379250c2ab1ba0e195ec386950b81051616a77b21510251c573b1da88af20d307fd259c1c43d20187fab8419c53cf5ce072472b8dd97663bb07d0b79b","JE256375","06/05/2021 08:30:00 PM","2","DRIVER",NULL,"1054722.0",NULL,"CHEVROLET","TRAVERSE","IL","2010.0","NONE","PASSENGER","PERSONAL","E","STRAIGHT AHEAD",NULL,NULL,"1.0",NULL,NULL,NULL,NULL,NULL,NULL,NULL,NULL,NULL,"Y",NULL,NULL,NULL,NULL,NULL,NULL,NULL,"REAR-LEFT",NULL,NULL,NULL,NULL,NULL,NULL,NULL,NULL,NULL,NULL,NULL,NULL,NULL,NULL,NULL,NULL,NULL,NULL,NULL,NULL,NULL,NULL,NULL,NULL,NULL,NULL,NULL,NULL,NULL,NULL,NULL,NULL,NULL
"1112309","fad187936a9ccb917a093d0d260c16394651cb2fb64ba39809a3519d9ab150ae6e635ce14614f6173cb34f6ea33ee9c9a08e3fb8e56c6188aef2e74c19ad8aaf","JE257236","06/07/2021 02:00:00 PM","1","DRIVER",NULL,"1055166.0","Y","VOLVO","OTHER (EXPLAIN IN NARRATIVE)","IL","2014.0","UNKNOWN","UNKNOWN/NA","COMMERCIAL - SINGLE UNIT","N","DRIVING WRONG WAY",NULL,NULL,"1.0",NULL,NULL,NULL,NULL,NULL,NULL,NULL,NULL,"Y","Y","Y",NULL,NULL,NULL,NULL,NULL,NULL,"REAR-LEFT","12288.0",NULL,NULL,NULL,NULL,NULL,"BLUESTAR SERVICES LLC","IL","HANOVER PARK",NULL,NULL,NULL,"N","N",NULL,"N",NULL,"N","U",NULL,NULL,NULL,NULL,NULL,NULL,NULL,NULL,"TRACTOR/SEMI-TRAILER","OTHER","UNKNOWN","N","N",NULL
"1112455","4d00e0a59e0bf47ec78d3773d1436d3fe5232fafc17c86ec0efe34e62ef4d16b2934703363a7f22a0d6dc983cbcd8b94b05978dcf964857c764e32f30b5468cb","JE257471","06/07/2021 05:00:00 PM","2","DRIVER",NULL,"1055311.0",NULL,"FORD","TRANSIT","IL","2020.0","UNKNOWN","BUS UP TO 15 PASS.","OTHER","E","STRAIGHT AHEAD",NULL,NULL,"1.0",NULL,NULL,NULL,NULL,NULL,NULL,NULL,NULL,NULL,NULL,NULL,NULL,NULL,NULL,NULL,NULL,NULL,"NONE",NULL,NULL,NULL,NULL,NULL,NULL,NULL,NULL,NULL,NULL,NULL,NULL,NULL,NULL,NULL,NULL,NULL,NULL,NULL,NULL,NULL,NULL,NULL,NULL,NULL,NULL,NULL,NULL,NULL,NULL,NULL,NULL,NULL
"1112576","1fa7174c44ca2cae3700b781ff19b7bdbc6ccb17bba5aac100f282ee9f3602b314a59d875c1383c28fdedb4b5fdb75fa259deb76b02f11b5fcbd5587b479f7cd","JE257729","06/07/2021 10:55:00 PM","2","PARKED",NULL,"1055430.0",NULL,"TOYOTA","COROLLA","IL","2021.0","NONE","PASSENGER","PERSONAL","S","PARKED",NULL,NULL,"0.0",NULL,NULL,NULL,NULL,NULL,NULL,NULL,NULL,NULL,NULL,NULL,NULL,NULL,NULL,"Y",NULL,NULL,"TOTAL (ALL AREAS)",NULL,NULL,NULL,NULL,NULL,NULL,NULL,NULL,NULL,NULL,NULL,NULL,NULL,NULL,NULL,NULL,NULL,NULL,NULL,NULL,NULL,NULL,NULL,NULL,NULL,NULL,NULL,NULL,NULL,NULL,NULL,NULL,NULL
"1112641","f4e09958b3637a7417ddc9ddea02fc3d6de0009efe38c591c102a2dd73949538fa11b762e3c20ddebb56b95da1342c2068cc815f319ebcc782ab036846346a94","JE257771","06/07/2021 11:45:00 PM","2","PARKED",NULL,"1055486.0",NULL,"KIA","FORTE","IL","2019.0","NONE","PASSENGER","NOT IN USE","W","PARKED","N",NULL,"0.0",NULL,NULL,NULL,NULL,NULL,NULL,NULL,NULL,NULL,NULL,"Y","Y",NULL,NULL,NULL,NULL,NULL,"FRONT-LEFT",NULL,NULL,NULL,NULL,NULL,NULL,NULL,NULL,NULL,NULL,NULL,NULL,NULL,NULL,NULL,NULL,NULL,NULL,NULL,NULL,NULL,NULL,NULL,NULL,NULL,NULL,NULL,NULL,NULL,NULL,NULL,NULL,NULL