"CRASH_UNIT_ID","CRASH_RECORD_ID","RD_NO","CRASH_DATE","UNIT_NO","UNIT_TYPE","NUM_PASSENGERS","VEHICLE_ID","CMRC_VEH_I","MAKE","MODEL","LIC_PLATE_STATE","VEHICLE_YEAR","VEHICLE_DEFECT","VEHICLE_TYPE","VEHICLE_USE","TRAVEL_DIRECTION","MANEUVER","TOWED_I","FIRE_I","OCCUPANT_CNT","EXCEED_SPEED_LIMIT_I","TOWED_BY","TOWED_TO","AREA_00_I","AREA_01_I","AREA_02_I","AREA_03_I","AREA_04_I","AREA_05_I","AREA_06_I","AREA_07_I","AREA_08_I","AREA_09_I","AREA_10_I","AREA_11_I","AREA_12_I","AREA_99_I","FIRST_CONTACT_POINT","CMV_ID","USDOT_NO","CCMC_NO","ILCC_NO","COMMERCIAL_SRC","GVWR","CARRIER_NAME","CARRIER_STATE","CARRIER_CITY","HAZMAT_PLACARDS_I","HAZMAT_NAME","UN_NO","HAZMAT_PRESENT_I","HAZMAT_REPORT_I","HAZMAT_REPORT_NO","MCS_REPORT_I","MCS_REPORT_NO","HAZMAT_VIO_CAUSE_CRASH_I","MCS_VIO_CAUSE_CRASH_I","IDOT_PERMIT_NO","WIDE_LOAD_I","TRAILER1_WIDTH","TRAILER2_WIDTH","TRAILER1_LENGTH","TRAILER2_LENGTH","TOTAL_VEHICLE_LENGTH","AXLE_CNT","VEHICLE_CONFIG","CARGO_BODY_TYPE","LOAD_TYPE","HAZMAT_OUT_OF_SERVICE_I","MCS_OUT_OF_SERVICE_I","HAZMAT_CLASS"
"1118232","7bb4c136c8aa271810da8801c4b3115c0dbb00e0e5a4818025ad1db7491ae64024fb864feb06523d1e44ad455111876044a799cbc57a2aefaf64f025261c717f","JE266433","06/15/2021 02:35:00 AM","2","PARKED",NULL,"1060676.0",NULL,"KIA","OPTIMA / K5","IL","2019.0","NONE","PASSENGER","PERSONAL","N","PARKED",NULL,NULL,"0.0",NULL,NULL,NULL,NULL,NULL,NULL,NULL,NULL,NULL,NULL,"Y","Y","Y","Y","Y",NULL,NULL,"FRONT-LEFT",NULL,NULL,NULL,NULL,NULL,NULL,NULL,NULL,NULL,NULL,NULL,NULL,NULL,NULL,NULL,NULL,NULL,NULL,NULL,NULL,NULL,NULL,NULL,NULL,NULL,NULL,NULL,NULL,NULL,NULL,NULL,NULL,NULL
"1118477","81c6c25272611b8afc5fd09d8532cbd12d866564471dcb675def60558b58a0b6144967aad8f062671a2bcfca06397cdb64ebba5c9168e3646df4fe2e7d1762ef","JE266842","06/15/2021 01:05:00 PM","1","DRIVER","1.0","1060910.0",NULL,"BUICK","LACROSSE","IL","2012.0","NONE","PASSENGER","PERSONAL","E","CHANGING LANES",NULL,NULL,"2.0",NULL,NULL,NULL,NULL,"Y","Y",NULL,NULL,NULL,NULL,NULL,NULL,NULL,NULL,"Y","Y",NULL,"OTHER",NULL,NULL,NULL,NULL,NULL,NULL,NULL,NULL,NULL,NULL,NULL,NULL,NULL,NULL,NULL,NULL,NULL,NULL,NULL,NULL,NULL,NULL,NULL,NULL,NULL,NULL,NULL,NULL,NULL,NULL,NULL,NULL,NULL
"1118530","177508a5d669a17f9fca5ecc61b74ec55df04ca0bc545e58d4190f2d440f2e73390552242f0e8f8aacd223dc1ec4c1e96c9568f27eadf25445f568477e0cc051","JE266935","06/15/2021 02:00:00 PM","2","DRIVER",NULL,"1060962.0",NULL,"JEEP","COMPASS","FL","2020.0","NONE","PASSENGER","PERSONAL","S","STRAIGHT AHEAD",NULL,NULL,"1.0",NULL,NULL,NULL,NULL,NULL,NULL,NULL,NULL,NULL,"Y",NULL,NULL,NULL,NULL,NULL,NULL,NULL,"REAR-LEFT",NULL,NULL,NULL,NULL,NULL,NULL,NULL,NULL,NULL,NULL,NULL,NULL,NULL,NULL,NULL,NULL,NULL,NULL,NULL,NULL,NULL,NULL,NULL,NULL,NULL,NULL,NULL,NULL,NULL,NULL,NULL,NULL,NULL
"1118559","14ef25fb5b9668e8ebb33aad7c65607360fcc61f70eaa59e58781c21b7eb90297c3799426d41821a73aa025981e324b96806cdc2705db9194878073a4a59413b","JE266985","06/13/2021 05:55:00 PM","2","DRIVER",NULL,"1061014.0",NULL,"CHEVROLET","MALIBU","IL","2016.0","NONE","PASSENGER","PERSONAL","N","SLOW/STOP IN TRAFFIC",NULL,NULL,"1.0",NULL,NULL,NULL,NULL,NULL,NULL,NULL,NULL,"Y",NULL,NULL,NULL,NULL,NULL,NULL,NULL,NULL,"REAR",NULL,NULL,NULL,NULL,NULL,NULL,NULL,NULL,NULL,NULL,NULL,NULL,NULL,NULL,NULL,NULL,NULL,NULL,NULL,NULL,NULL,NULL,NULL,NULL,NULL,NULL,NULL,NULL,NULL,NULL,NULL,NULL,NULL
"1119095","5e0e445d67419ec2baf7d1b0b14bc952016f2f5e5cae7aa557a64326438616e51f75d7f186b9e3bbd7736d0a7a323dc844ce3f172613cc59f3b7a6198de0b6eb","JE267736","06/16/2021 07:30:00 AM","2","DRIVER",NULL,"1061496.0",NULL,"KIA","SOUL","IL","2018.0","NONE","PASSENGER","PERSONAL","S","STRAIGHT AHEAD","Y",NULL,"1.0",NULL,NULL,NULL,NULL,"Y","Y","Y","Y","Y",NULL,NULL,NULL,NULL,NULL,"Y",NULL,NULL,"TOTAL (ALL AREAS)",NULL,NULL,NULL,NULL,NULL,NULL,NULL,NULL,NULL,NULL,NULL,NULL,NULL,NULL,NULL,NULL,NULL,NULL,NULL,NULL,NULL,NULL,NULL,NULL,NULL,NULL,NULL,NULL,NULL,NULL,NULL,NULL,NULL
"1119254","4313d392efcede1b8b634b47ee814e187020f14d453c5f4fd53fe872a1c8619905d252bb2f10b4fcabf46e6bdeb4e60b104e5d4d485b1bb4cfdadc333c6bfbe1","JE268098","06/16/2021 01:00:00 PM","2","DRIVER",NULL,"1061635.0",NULL,"NISSAN","PATHFINDER",NULL,"2020.0","NONE","SPORT UTILITY VEHICLE (SUV)","PERSONAL","N","SLOW/STOP IN TRAFFIC",NULL,NULL,"1.0",NULL,NULL,NULL,NULL,NULL,NULL,NULL,NULL,NULL,"Y","Y",NULL,NULL,NULL,NULL,NULL,NULL,"FRONT-LEFT",NULL,NULL,NULL,NULL,NULL,NULL,NULL,NULL,NULL,NULL,NULL,NULL,NULL,NULL,NULL,NULL,NULL,NULL,NULL,NULL,NULL,NULL,NULL,NULL,NULL,NULL,NULL,NULL,NULL,NULL,NULL,NULL,NULL
"1119415","8d0591dab221095095200045a8198557c3038238ce0b2b5d3c35d77f78be05992e0c7108a169b8fed120032297df1b0ccbfe8d7806c55ea2df0dd8e8feeab9d0","JE256431","06/06/2021 11:09:00 PM","1","DRIVER",NULL,"1061776.0",NULL,"SUBARU","CROSSTREK","IL","2018.0","NONE","PASSENGER","PERSONAL","W","TURNING RIGHT",NULL,NULL,"1.0",NULL,NULL,NULL,NULL,"Y",NULL,NULL,NULL,NULL,NULL,NULL,NULL,NULL,NULL,NULL,NULL,NULL,"FRONT",NULL,NULL,NULL,NULL,NULL,NULL,NULL,NULL,NULL,NULL,NULL,NULL,NULL,NULL,NULL,NULL,NULL,NULL,NULL,NULL,NULL,NULL,NULL,NULL,NULL,NULL,NULL,NULL,NULL,NULL,NULL,NULL,NULL
"1119940","3faaf9282a5030b7f6e12b02dc904189d998eb7aec371804ae03d3bcb003fb37a3a8458cc32b05af4eea2c3bdad14ae6b84300db41e2398582d454baa78ff454","JE269212","06/17/2021 11:23:00 AM","1","DRIVER",NULL,"1062290.0",NULL,"HONDA","CIVIC","IL","2018.0","UNKNOWN","PASSENGER","PERSONAL","NE","TURNING LEFT",NULL,NULL,"1.0",NULL,NULL,NULL,NULL,NULL,NULL,NULL,NULL,NULL,NULL,NULL,NULL,NULL,"Y","Y","Y",NULL,"TOTAL (ALL AREAS)",NULL,NULL,NULL,NULL,NULL,NULL,NULL,NULL,NULL,NULL,NULL,NULL,NULL,NULL,NULL,NULL,NULL,NULL,NULL,NULL,NULL,NULL,NULL,NULL,NULL,NULL,NULL,NULL,NULL,NULL,NULL,NULL,NULL
"1120120","d8f14dd833a1897d2a5d964bf834f142e37719e5dec3a6705994ee474b03250aaac2d596a22c8c93e1a68e3b22ac916ca62528b1d3f9cdac7e0c2810053e887c","JE269318","06/17/2021 12:47:00 PM","2","PARKED",NULL,"1062508.0",NULL,"FORD","FUSION","CO","2012.0","UNKNOWN","PASSENGER","PERSONAL","W","PARKED",NULL,NULL,"0.0",NULL,NULL,NULL,NULL,NULL,NULL,NULL,NULL,NULL,NULL,NULL,NULL,NULL,"Y",NULL,NULL,NULL,"TOTAL (ALL AREAS)",NULL,NULL,NULL,NULL,NULL,NULL,NULL,NULL,NULL,NULL,NULL,NULL,NULL,NULL,NULL,NULL,NULL,NULL,NULL,NULL,NULL,NULL,NULL,NULL,NULL,NULL,NULL,NULL,NULL,NULL,NULL,NULL,NULL
"1120175","a44940a12992ddca3a6c45f9e75ed7d8acc9e8da73ed357dfc7ffc83acdba541092612517ee06359dfabd236655a07f39274daeed3fe4f2b39e05c274dbd5ff1","JE269605","06/17/2021 04:54:00 PM","1","DRIVER",NULL,"1062507.0",NULL,"DODGE","CHALLENGER","IL","2018.0","NONE","PASSENGER","PERSONAL","E","STRAIGHT AHEAD",NULL,NULL,"1.0",NULL,NULL,NULL,NULL,"Y",NULL,NULL,NULL,NULL,NULL,NULL,NULL,"Y","Y","Y","Y",NULL,"TOTAL (ALL AREAS)",NULL,NULL,NULL,NULL,NULL,NULL,NULL,NULL,NULL,NULL,NULL,NULL,NULL,NULL,NULL,NULL,NULL,NULL,NULL,NULL,NULL,NULL,NULL,NULL,NULL,NULL,NULL,NULL,NULL,NULL,NULL,NULL,NULL
"1120443","d15d28bf676a5ad60a8a0800d0828d5dab1ffd143542551989b752debebc5067c087d247d4b179a4c4e73326b9b105c591698feaa361610cc44833c036a9fc77","JE269945","06/17/2021 07:00:00 PM","3","DRIVER",NULL,"1062761.0",NULL,"KIA","K9 / K900 / QUORIS","IL","2021.0","UNKNOWN","PASSENGER","PERSONAL","W","SLOW/STOP IN TRAFFIC",NULL,NULL,"1.0",NULL,NULL,NULL,NULL,NULL,NULL,NULL,NULL,NULL,"Y",NULL,NULL,NULL,NULL,NULL,NULL,NULL,"REAR-LEFT",NULL,NULL,NULL,NULL,NULL,NULL,NULL,NULL,NULL,NULL,NULL,NULL,NULL,NULL,NULL,NULL,NULL,NULL,NULL,NULL,NULL,NULL,NULL,NULL,NULL,NULL,NULL,NULL,NULL,NULL,NULL,NULL,NULL
"1120921","87932cbbfb2ba29a0c6d184f2b745ae47b01b44c2d3e75fa8227faa57fbbfe1ed4e204479fa9974f34f21485ca282e38635f9898c47c11d4a72511c1dcd4eee7","JE270770","06/18/2021 01:35:00 PM","2","DRIVER",NULL,"1063228.0",NULL,"NISSAN","ROGUE","IL","2021.0","UNKNOWN","PASSENGER","PERSONAL","E","STRAIGHT AHEAD",NULL,NULL,"1.0",NULL,NULL,NULL,NULL,NULL,NULL,NULL,NULL,NULL,NULL,NULL,NULL,NULL,NULL,"Y",NULL,NULL,"TOTAL (ALL AREAS)",NULL,NULL,NULL,NULL,NULL,NULL,NULL,NULL,NULL,NULL,NULL,NULL,NULL,NULL,NULL,NULL,NULL,NULL,NULL,NULL,NULL,NULL,NULL,NULL,NULL,NULL,NULL,NULL,NULL,NULL,NULL,NULL,NULL
"1121116","d773c29f9b5505026939a71d9a14c69b9f32e098c204c8f6b9bd84930958055ccabb568ae92d9ffc7f148908f091986260e7898e555b5b092e641efeae4e13af","JE270039","06/17/2021 11:42:00 AM","2","PARKED",NULL,"1063395.0",NULL,"VOLKSWAGEN","OTHER (EXPLAIN IN NARRATIVE)","IL","2013.0","UNKNOWN","PASSENGER","PERSONAL","UNKNOWN","PARKED",NULL,NULL,"0.0",NULL,NULL,NULL,NULL,NULL,NULL,NULL,NULL,NULL,NULL,"Y","Y","Y","Y","Y",NULL,NULL,"ROOF",NULL,NULL,NULL,NULL,NULL,NULL,NULL,NULL,NULL,NULL,NULL,NULL,NULL,NULL,NULL,NULL,NULL,NULL,NULL,NULL,NULL,NULL,NULL,NULL,NULL,NULL,NULL,NULL,NULL,NULL,NULL,NULL,NULL
"1121204","be5ab5184c35500b30602413a721cb330fee392ea36f3a4017a23992342da77d1242f77672ab80b278cd10899f6708d3bc992f879cbeee749890b0c1878160ac","JE271173","06/18/2021 10:15:00 PM","1","DRIVER",NULL,"1063489.0",NULL,"NISSAN","ALTIMA","IL","2013.0","UNKNOWN","PASSENGER","RIDESHARE SERVICE","S","CHANGING LANES",NULL,NULL,"1.0",NULL,NULL,NULL,NULL,NULL,NULL,NULL,NULL,NULL,NULL,NULL,NULL,"Y","Y","Y",NULL,NULL,"ROOF",NULL,NULL,NULL,NULL,NULL,NULL,NULL,NULL,NULL,NULL,NULL,NULL,NULL,NULL,NULL,NULL,NULL,NULL,NULL,NULL,NULL,NULL,NULL,NULL,NULL,NULL,NULL,NULL,NULL,NULL,NULL,NULL,NULL
"1121525","18e3e10cb0b996d439d84f8c335f9e09f335050570704f6d4b12f9362addbaab7bbe95c9fbe8e92c1b7cdad7331d6160bd2686f9c166ff16fbe581a43dd4905a","JE271597","06/19/2021 08:30:00 AM","4","PARKED",NULL,"1063820.0",NULL,"HONDA","CIVIC","IL","2011.0","NONE","PASSENGER","PERSONAL","E","PARKED",NULL,NULL,"0.0",NULL,NULL,NULL,NULL,NULL,NULL,NULL,NULL,"Y","Y",NULL,NULL,NULL,NULL,NULL,NULL,NULL,"REAR",NULL,NULL,NULL,NULL,NULL,NULL,NULL,NULL,NULL,NULL,NULL,NULL,NULL,NULL,NULL,NULL,NULL,NULL,NULL,NULL,NULL,NULL,NULL,NULL,NULL,NULL,NULL,NULL,NULL,NULL,NULL,NULL,NULL
"1121588","8daea0c83e63e53f2b256af6fd2c29ceb62a1eebd24dca82b590b4bdf8adbc98eb1de530d030fccbee265500282b52db1782b43625985bbd13a3d8f4d518ec32","JE271799","06/19/2021 10:51:00 AM","1","DRIVER",NULL,"1064015.0",NULL,"CHEVROLET","TRAX","IL","2016.0","UNKNOWN","SPORT UTILITY VEHICLE (SUV)","PERSONAL","UNKNOWN","STRAIGHT AHEAD",NULL,NULL,"1.0",NULL,NULL,NULL,NULL,NULL,NULL,NULL,NULL,"Y",NULL,NULL,NULL,NULL,NULL,NULL,NULL,NULL,"REAR-RIGHT",NULL,NULL,NULL,NULL,NULL,NULL,NULL,NULL,NULL,NULL,NULL,NULL,NULL,NULL,NULL,NULL,NULL,NULL,NULL,NULL,NULL,NULL,NULL,NULL,NULL,NULL,NULL,NULL,NULL,NULL,NULL,NULL,NULL
"1122011","0891cdd1df76bdd9f81c74ac02415335abe1cc88d81f262677b621fb76d66a36a6474373b04099727505b026c512fd2cf89847df904be2ca2d5bf28fe2c8fbbe","JE272297","06/19/2021 07:32:00 PM","1","DRIVER",NULL,"1064254.0",NULL,"TOYOTA","PRIUS","IL","2021.0","UNKNOWN","PASSENGER","UNKNOWN/NA","S","TURNING LEFT","Y",NULL,"1.0",NULL,"PRIVATE TOW",NULL,NULL,NULL,NULL,NULL,"Y","Y",NULL,NULL,NULL,NULL,NULL,NULL,NULL,NULL,"REAR-RIGHT",NULL,NULL,NULL,NULL,NULL,NULL,NULL,NULL,NULL,NULL,NULL,NULL,NULL,NULL,NULL,NULL,NULL,NULL,NULL,NULL,NULL,NULL,NULL,NULL,NULL,NULL,NULL,NULL,NULL,NULL,NULL,NULL,NULL
"1122097","b56bf5080a40f35dae9333985d703cfaf0ed60d6e96e74b5a6c344de111e54266964c580631f74d21574b74da4d56988b2317fdca52a419f49d9523edf1a1351","JE272366","06/19/2021 08:15:00 PM","2","DRIVER",NULL,"1064335.0",NULL,"HARLEY-DAVIDSON","HARLEY-DAVIDSON","IL","2020.0","NONE","MOTORCYCLE (OVER 150CC)","PERSONAL","N","STRAIGHT AHEAD",NULL,NULL,"1.0",NULL,NULL,NULL,NULL,NULL,NULL,NULL,NULL,NULL,"Y",NULL,NULL,NULL,NULL,NULL,NULL,NULL,"REAR-LEFT",NULL,NULL,NULL,NULL,NULL,NULL,NULL,NULL,NULL,NULL,NULL,NULL,NULL,NULL,NULL,NULL,NULL,NULL,NULL,NULL,NULL,NULL,NULL,NULL,NULL,NULL,NULL,NULL,NULL,NULL,NULL,NULL,NULL
"1122142","613ac5573c9063b3cfd6f398b892e202e5b15810934ea8d7122e2ede74937ed5bcdc02c76a01eecec3f2a09e36129678f9dfe010ef2aaacacb0ab68d4016c7ce","JE272485","06/19/2021 10:46:00 PM","1","DRIVER",NULL,"1064377.0",NULL,"CHEVROLET","EQUINOX","IL","2020.0","UNKNOWN","PASSENGER","PERSONAL","N","STRAIGHT AHEAD",NULL,NULL,"1.0",NULL,NULL,NULL,NULL,NULL,NULL,NULL,NULL,NULL,NULL,NULL,NULL,NULL,"Y","Y","Y",NULL,"TOTAL (ALL AREAS)",NULL,NULL,NULL,NULL,NULL,NULL,NULL,NULL,NULL,NULL,NULL,NULL,NULL,NULL,NULL,NULL,NULL,NULL,NULL,NULL,NULL,NULL,NULL,NULL,NULL,NULL,NULL,NULL,NULL,NULL,NULL,NULL,NULL
"1122661","f69ca477ef4a21357d2e7129d192e5d37d7c6fd0b15e90b0f4b5da322ff43a59c220d199164eb9bc213526ae31a98d7aa544b56a49485555ca99b7ca6d30e74a","JE273316","06/17/2021 09:25:00 PM","1","DRIVER",NULL,"1064847.0",NULL,"JAGUAR","XF","IL","2009.0","NONE","PASSENGER","PERSONAL","N","STRAIGHT AHEAD",NULL,NULL,"1.0",NULL,NULL,NULL,NULL,"Y",NULL,NULL,NULL,NULL,NULL,NULL,NULL,NULL,NULL,"Y","Y",NULL,"OTHER",NULL,NULL,NULL,NULL,NULL,NULL,NULL,NULL,NULL,NULL,NULL,NULL,NULL,NULL,NULL,NULL,NULL,NULL,NULL,NULL,NULL,NULL,NULL,NULL,NULL,NULL,NULL,NULL,NULL,NULL,NULL,NULL,NULL
"1122819","c2b1e6c35ceeb5de767dda59e513dc4e1917681812f8a869956320e1eb88e3f22a2d5e559014e30464863512fad88953e22f8da00096387d4b3d7ecaddf5e87c","JE273557","06/20/2021 07:00:00 PM","2","DRIVERLESS",NULL,"1065004.0",NULL,"PETERBILT MOTORS COMPANY (DIVISION OF PACCAR, INC.)","PETERBILT MOTORS CO., DIVISION PACCAR, INC.",NULL,"2016.0","NONE","TRACTOR W/ SEMI-TRAILER","PERSONAL","E","PARKED",NULL,NULL,"0.0",NULL,NULL,NULL,NULL,"Y","Y",NULL,NULL,NULL,NULL,NULL,NULL,NULL,NULL,NULL,NULL,NULL,"FRONT",NULL,NULL,NULL,NULL,NULL,NULL,NULL,NULL,NULL,NULL,NULL,NULL,NULL,NULL,NULL,NULL,NULL,NULL,NULL,NULL,NULL,NULL,NULL,NULL,NULL,NULL,NULL,NULL,NULL,NULL,NULL,NULL,NULL
"1122848","aa2951006f10cf37229287c0be6d85aacf607ee6c19b710d52aa0d0fc8567bf9bf50516d2f778e1f8a45cdab615ab579a289ccca9d1d3c533cde398acf6373e0","JE273606","06/20/2021 08:57:00 PM","1","DRIVER",NULL,"1065026.0",NULL,"VOLKSWAGEN","PASSAT","CA","2015.0","NONE","PASSENGER","PERSONAL","S","TURNING LEFT","Y",NULL,"1.0",NULL,"PRIVATE TOW COMPANY",NULL,NULL,"Y","Y",NULL,NULL,NULL,NULL,NULL,NULL,NULL,NULL,NULL,NULL,NULL,"FRONT",NULL,NULL,NULL,NULL,NULL,NULL,NULL,NULL,NULL,NULL,NULL,NULL,NULL,NULL,NULL,NULL,NULL,NULL,NULL,NULL,NULL,NULL,NULL,NULL,NULL,NULL,NULL,NULL,NULL,NULL,NULL,NULL,NULL
"1122905","4eaecd52b5b55f005d2c0660c582a3531db7df0c99eb975bf7ee8215591e2bb89d50ffe56a76808e3c0eefcb846da9d7270228022ba26abe751a10d94e1590e5","JE273689","06/20/2021 10:30:00 PM","2","DRIVER","1.0","1065087.0",NULL,"HONDA","ACCORD","IL","2014.0","UNKNOWN","PASSENGER","PERSONAL","S","STRAIGHT AHEAD",NULL,NULL,"2.0",NULL,NULL,NULL,NULL,"Y","Y",NULL,NULL,NULL,NULL,NULL,NULL,NULL,"Y","Y","Y",NULL,"OTHER",NULL,NULL,NULL,NULL,NULL,NULL,NULL,NULL,NULL,NULL,NULL,NULL,NULL,NULL,NULL,NULL,NULL,NULL,NULL,NULL,NULL,NULL,NULL,NULL,NULL,NULL,NULL,NULL,NULL,NULL,NULL,NULL,NULL
"1122952","9213b93db31f8afacf5ab11b2fcb4b1756525c4da5083d5fae1d1f5fa88ffcd224852d801968b199fb06d8f5bdfcaa6ce066100dc072622051100bb47a26fe57","JE271137","06/18/2021 09:30:00 PM","1","DRIVER",NULL,"1065130.0",NULL,"DODGE","DURANGO","IL","2019.0","UNKNOWN","PASSENGER","PERSONAL","W","STRAIGHT AHEAD",NULL,NULL,"1.0",NULL,NULL,NULL,NULL,"Y",NULL,NULL,NULL,NULL,NULL,NULL,NULL,NULL,NULL,"Y","Y",NULL,"OTHER",NULL,NULL,NULL,NULL,NULL,NULL,NULL,NULL,NULL,NULL,NULL,NULL,NULL,NULL,NULL,NULL,NULL,NULL,NULL,NULL,NULL,NULL,NULL,NULL,NULL,NULL,NULL,NULL,NULL,NULL,NULL,NULL,NULL
"1123535","735beb93f0be4364090285ad908f276a0a03b0328b0fcc41ea56508683225797b5fac02685df8799e407116941eb30c51e0538226ef46aa1bc9c426edf042523","JE274654","06/21/2021 05:26:00 PM","1","DRIVER","2.0","1065699.0",NULL,"FORD","EXPLORER","IL","2010.0","NONE","PASSENGER","PERSONAL","SW","OTHER",NULL,NULL,"3.0",NULL,NULL,NULL,"Y",NULL,NULL,NULL,NULL,NULL,NULL,NULL,NULL,NULL,NULL,NULL,NULL,NULL,"OTHER",NULL,NULL,NULL,NULL,NULL,NULL,NULL,NULL,NULL,NULL,NULL,NULL,NULL,NULL,NULL,NULL,NULL,NULL,NULL,NULL,NULL,NULL,NULL,NULL,NULL,NULL,NULL,NULL,NULL,NULL,NULL,NULL,NULL
"1123626","46e1f35c68b0f644cbf4f25dd73f6aab1c094ffdf275b726316aa064387157c35d29f69713b1519933cfe87ccaebef9765ff1342ba86f5fc7531a3718594fd6a","JE274812","06/21/2021 07:52:00 PM","1","DRIVER","1.0","1065785.0","N","FORD","OTHER (EXPLAIN IN NARRATIVE)","IL","2017.0","NONE","OTHER","AMBULANCE","E","TURNING RIGHT",NULL,NULL,"2.0",NULL,NULL,NULL,NULL,NULL,"Y","Y","Y",NULL,NULL,NULL,NULL,NULL,NULL,NULL,NULL,"Y","SIDE-RIGHT",NULL,NULL,NULL,NULL,NULL,NULL,NULL,NULL,NULL,NULL,NULL,NULL,NULL,NULL,NULL,NULL,NULL,NULL,NULL,NULL,NULL,NULL,NULL,NULL,NULL,NULL,NULL,NULL,NULL,NULL,NULL,NULL,NULL
"1123663","e5d11e54eb4b353c718d0afb63f1501f8bc67df9744b530de2a5240aa3bc200538d4a10efa630310ecacef04ac25a22a3c2d08aefbb5ab9bdc054dbe6376aba0","JE274804","06/21/2021 07:42:00 PM","1","DRIVER",NULL,"1065825.0",NULL,"DODGE","CARAVAN","IL","2013.0","UNKNOWN","VAN/MINI-VAN","UNKNOWN/NA","W","TURNING LEFT",NULL,NULL,"1.0",NULL,NULL,NULL,NULL,"Y",NULL,NULL,NULL,NULL,NULL,NULL,NULL,NULL,NULL,"Y","Y",NULL,"TOTAL (ALL AREAS)",NULL,NULL,NULL,NULL,NULL,NULL,NULL,NULL,NULL,NULL,NULL,NULL,NULL,NULL,NULL,NULL,NULL,NULL,NULL,NULL,NULL,NULL,NULL,NULL,NULL,NULL,NULL,NULL,NULL,NULL,NULL,NULL,NULL
"1123677","39ab03a012e6853c3ae11936ba4fe880f2a1c9710869698fc579c6284da3e892822b502c20ac96aa031af85a323ed32738fdfd3ec47ba0e4e091a142ac9288ad","JE274463","06/21/2021 02:15:00 PM","1","DRIVER",NULL,"1065827.0",NULL,"DODGE","NITRO","IL","2008.0","UNKNOWN","PASSENGER","PERSONAL","E","STRAIGHT AHEAD",NULL,NULL,"1.0",NULL,NULL,NULL,NULL,"Y","Y","Y",NULL,NULL,NULL,NULL,NULL,NULL,NULL,NULL,NULL,NULL,"SIDE-RIGHT",NULL,NULL,NULL,NULL,NULL,NULL,NULL,NULL,NULL,NULL,NULL,NULL,NULL,NULL,NULL,NULL,NULL,NULL,NULL,NULL,NULL,NULL,NULL,NULL,NULL,NULL,NULL,NULL,NULL,NULL,NULL,NULL,NULL
"1123763","4cb1315f756e43db18453dd08146b5f460e8c6a784ae0fab3fd5110b6f8e7e12deefa29a141ad83cf9c5c9ee020969c8b6deb1ed5d797049f61f6b14f9e1e6fe","JE274858","06/21/2021 08:09:00 PM","1","DRIVER",NULL,"1065914.0",NULL,"NISSAN","MAXIMA","IL","2014.0","NONE","UNKNOWN/NA","UNKNOWN/NA","UNKNOWN","STRAIGHT AHEAD",NULL,NULL,"1.0",NULL,NULL,NULL,NULL,NULL,NULL,NULL,NULL,NULL,NULL,NULL,NULL,NULL,NULL,NULL,"Y",NULL,"OTHER",NULL,NULL,NULL,NULL,NULL,NULL,NULL,NULL,NULL,NULL,NULL,NULL,NULL,NULL,NULL,NULL,NULL,NULL,NULL,NULL,NULL,NULL,NULL,NULL,NULL,NULL,NULL,NULL,NULL,NULL,NULL,NULL,NULL
"1123969","0221e82e5b92ecb0ad4b88fdb0ddae70acaa994bcaec1a2e253d74d90541e9b976f9bb4b408019ca7ae30a10ea8306458356400cfcf2c4ffffe469f68c46097d","JE275494","06/22/2021 12:15:00 PM","1","DRIVER",NULL,"1066113.0",NULL,"NISSAN","ALTIMA","IL","2014.0","NONE","PASSENGER","PERSONAL","W","STRAIGHT AHEAD",NULL,NULL,"1.0",NULL,NULL,NULL,NULL,NULL,NULL,NULL,NULL,NULL,NULL,NULL,NULL,NULL,NULL,NULL,"Y",NULL,"OTHER",NULL,NULL,NULL,NULL,NULL,NULL,NULL,NULL,NULL,NULL,NULL,NULL,NULL,NULL,NULL,NULL,NULL,NULL,NULL,NULL,NULL,NULL,NULL,NULL,NULL,NULL,NULL,NULL,NULL,NULL,NULL,NULL,NULL
"1124259","d9b375b09e86efc3bbb8b05489eb888b053d1a893145c28117403186183f04966b8b5461d813dae161a25a34a7fd420208d4f32f46d30306addfcb571ca4fdc8","JE275870","06/22/2021 05:02:00 PM","1","DRIVER",NULL,"1066388.0",NULL,"HONDA","ACCORD","IL","2009.0","NONE","PASSENGER","PERSONAL","W","STRAIGHT AHEAD",NULL,NULL,"1.0",NULL,NULL,NULL,NULL,"Y","Y","Y","Y","Y",NULL,NULL,NULL,NULL,NULL,NULL,NULL,NULL,"SIDE-RIGHT",NULL,NULL,NULL,NULL,NULL,NULL,NULL,NULL,NULL,NULL,NULL,NULL,NULL,NULL,NULL,NULL,NULL,NULL,NULL,NULL,NULL,NULL,NULL,NULL,NULL,NULL,NULL,NULL,NULL,NULL,NULL,NULL,NULL
"1124502","560d8f6164a5f3debae6917e6425b18835eb715e1a8380ed9e5a52b6e7af1228a9fd30309c207a4a94e8e025772018243f150b5ba9885c4d0d6665ecdbe58c98","JE275628","06/22/2021 02:15:00 PM","2","PARKED",NULL,"1066651.0",NULL,"ACURA","ILX","IL","2016.0","UNKNOWN","PASSENGER","NOT IN USE","UNKNOWN","PARKED",NULL,NULL,"0.0",NULL,NULL,NULL,NULL,NULL,NULL,NULL,NULL,NULL,NULL,"Y",NULL,NULL,NULL,NULL,NULL,NULL,"SIDE-LEFT",NULL,NULL,NULL,NULL,NULL,NULL,NULL,NULL,NULL,NULL,NULL,NULL,NULL,NULL,NULL,NULL,NULL,NULL,NULL,NULL,NULL,NULL,NULL,NULL,NULL,NULL,NULL,NULL,NULL,NULL,NULL,NULL,NULL