"CRASH_UNIT_ID","CRASH_RECORD_ID","RD_NO","CRASH_DATE","UNIT_NO","UNIT_TYPE","NUM_PASSENGERS","VEHICLE_ID","CMRC_VEH_I","MAKE","MODEL","LIC_PLATE_STATE","VEHICLE_YEAR","VEHICLE_DEFECT","VEHICLE_TYPE","VEHICLE_USE","TRAVEL_DIRECTION","MANEUVER","TOWED_I","FIRE_I","OCCUPANT_CNT","EXCEED_SPEED_LIMIT_I","TOWED_BY","TOWED_TO","AREA_00_I","AREA_01_I","AREA_02_I","AREA_03_I","AREA_04_I","AREA_05_I","AREA_06_I","AREA_07_I","AREA_08_I","AREA_09_I","AREA_10_I","AREA_11_I","AREA_12_I","AREA_99_I","FIRST_CONTACT_POINT","CMV_ID","USDOT_NO","CCMC_NO","ILCC_NO","COMMERCIAL_SRC","GVWR","CARRIER_NAME","CARRIER_STATE","CARRIER_CITY","HAZMAT_PLACARDS_I","HAZMAT_NAME","UN_NO","HAZMAT_PRESENT_I","HAZMAT_REPORT_I","HAZMAT_REPORT_NO","MCS_REPORT_I","MCS_REPORT_NO","HAZMAT_VIO_CAUSE_CRASH_I","MCS_VIO_CAUSE_CRASH_I","IDOT_PERMIT_NO","WIDE_LOAD_I","TRAILER1_WIDTH","TRAILER2_WIDTH","TRAILER1_LENGTH","TRAILER2_LENGTH","TOTAL_VEHICLE_LENGTH","AXLE_CNT","VEHICLE_CONFIG","CARGO_BODY_TYPE","LOAD_TYPE","HAZMAT_OUT_OF_SERVICE_I","MCS_OUT_OF_SERVICE_I","HAZMAT_CLASS"
"1131140","9a5384dbc811d2c1f1dbad21993ac8614086e0cb37b5643ae1448377da783ae195bbb4c8d38afe7a774fb816d131a51bdc4d289b3f3aa9bf83ffff091057f6ca","JE287239","07/02/2021 12:25:00 PM","1","DRIVER",NULL,"1072970.0",NULL,"TOYOTA","RAV4","IL","2018.0","NONE","PASSENGER","PERSONAL","E","STRAIGHT AHEAD",NULL,NULL,"1.0",NULL,NULL,NULL,NULL,NULL,NULL,NULL,NULL,NULL,NULL,NULL,NULL,NULL,NULL,NULL,"Y",NULL,"OTHER",NULL,NULL,NULL,NULL,NULL,NULL,NULL,NULL,NULL,NULL,NULL,NULL,NULL,NULL,NULL,NULL,NULL,NULL,NULL,NULL,NULL,NULL,NULL,NULL,NULL,NULL,NULL,NULL,NULL,NULL,NULL,NULL,NULL
"1131268","5a3d35debdd837d832c3d1fc71c8e6d3d2434db5f98683e7b84fdf99bd1b22bc74ad902d656b549b516bcabaa51e80e5edbfebed653164e0f50e96f9390929cb","JE287453","07/02/2021 03:15:00 PM","1","DRIVER",NULL,"1073094.0",NULL,"CHRYSLER","200","IL","2012.0","UNKNOWN","PASSENGER","PERSONAL","S","UNKNOWN/NA","Y",NULL,"1.0",NULL,"OWNER","GARAGE",NULL,"Y","Y",NULL,NULL,NULL,NULL,NULL,NULL,NULL,NULL,NULL,NULL,NULL,"FRONT",NULL,NULL,NULL,NULL,NULL,NULL,NULL,NULL,NULL,NULL,NULL,NULL,NULL,NULL,NULL,NULL,NULL,NULL,NULL,NULL,NULL,NULL,NULL,NULL,NULL,NULL,NULL,NULL,NULL,NULL,NULL,NULL,NULL
"1131367","9b1ab901b66e11855d99938be082c14f1cc182565adbd639b8b8d7f942167c14114e5476d4d9bc1b6073a037e674fd48d7a1c920b970f41d6c8bc8d1c830bdeb","JE287571","07/02/2021 04:15:00 PM","2","PARKED",NULL,"1073180.0",NULL,"TOYOTA","COROLLA","IL","2010.0","NONE","PASSENGER","NOT IN USE","E","PARKED","Y",NULL,"0.0",NULL,NULL,NULL,NULL,NULL,NULL,NULL,NULL,NULL,NULL,NULL,NULL,NULL,NULL,NULL,"Y",NULL,NULL,NULL,NULL,NULL,NULL,NULL,NULL,NULL,NULL,NULL,NULL,NULL,NULL,NULL,NULL,NULL,NULL,NULL,NULL,NULL,NULL,NULL,NULL,NULL,NULL,NULL,NULL,NULL,NULL,NULL,NULL,NULL,NULL,NULL
"1131376","2ea6a4f98bef4c928c291cf0509a5cfa880cb89647386ca3d6f9e54b5bcfb162840ff3530964da0dc9ed37ba004541162a8dbf7b96d66bc8625018961f7ab756","JE287611","07/02/2021 04:40:00 PM","2","DRIVER",NULL,"1073202.0",NULL,"DODGE","JOURNEY","MI","2020.0","NONE","SPORT UTILITY VEHICLE (SUV)","PERSONAL","N","STRAIGHT AHEAD",NULL,NULL,"1.0",NULL,NULL,NULL,NULL,NULL,NULL,NULL,"Y","Y",NULL,NULL,NULL,NULL,NULL,NULL,NULL,NULL,"REAR",NULL,NULL,NULL,NULL,NULL,NULL,NULL,NULL,NULL,NULL,NULL,NULL,NULL,NULL,NULL,NULL,NULL,NULL,NULL,NULL,NULL,NULL,NULL,NULL,NULL,NULL,NULL,NULL,NULL,NULL,NULL,NULL,NULL
"1131487","0ad2d45b61c47570bcc317dba9becf1b0cd8b1bc2ec1a733d8a7e0ab23c25ba0f566420774707221139149a2804af547e1b7c6af58b8333b44257196bee6a645","JE287785","07/02/2021 07:30:00 PM","1","DRIVER",NULL,"1073296.0",NULL,"JEEP","GRAND CHEROKEE","IL","2020.0","NONE","PASSENGER","PERSONAL","N","TURNING LEFT",NULL,NULL,"1.0",NULL,NULL,NULL,NULL,NULL,NULL,NULL,NULL,NULL,NULL,NULL,NULL,NULL,NULL,"Y",NULL,NULL,"TOTAL (ALL AREAS)",NULL,NULL,NULL,NULL,NULL,NULL,NULL,NULL,NULL,NULL,NULL,NULL,NULL,NULL,NULL,NULL,NULL,NULL,NULL,NULL,NULL,NULL,NULL,NULL,NULL,NULL,NULL,NULL,NULL,NULL,NULL,NULL,NULL
"1131501","d7a07903b72b906ceabb6f4c1130ea28767b2ed6f2d2e983b80aadac5c73d964144f66ef69dcbdf7f2801f5dd5194e2cc07a13b3a40270b4e3e42a2de7afe45d","JE287743","07/02/2021 07:40:00 PM","1","DRIVER",NULL,"1073313.0",NULL,"VOLKSWAGEN","JETTA","IL","2019.0","UNKNOWN","PASSENGER","PERSONAL","W","STRAIGHT AHEAD","Y",NULL,"1.0",NULL,"private tow","private tow",NULL,"Y","Y",NULL,NULL,NULL,NULL,NULL,NULL,NULL,NULL,NULL,NULL,NULL,"FRONT",NULL,NULL,NULL,NULL,NULL,NULL,NULL,NULL,NULL,NULL,NULL,NULL,NULL,NULL,NULL,NULL,NULL,NULL,NULL,NULL,NULL,NULL,NULL,NULL,NULL,NULL,NULL,NULL,NULL,NULL,NULL,NULL,NULL
"1131587","97a3a3abeeaa77cfaeb92c89708c2b1b6a7e319b4e8bd51a6cbbd976e8e760df5136d0eeec0c706cd1bd5fa2c81d4d08ca39e22737a4773d0a1751a5db607f52","JE287837","07/02/2021 09:34:00 PM","1","DRIVER","1.0","1073403.0",NULL,"JAGUAR","F-TYPE","IL","2017.0","NONE","PASSENGER","PERSONAL","S","NEGOTIATING A CURVE","Y",NULL,"2.0",NULL,"CHICAGO POLICE","POUND",NULL,NULL,NULL,NULL,NULL,NULL,NULL,NULL,NULL,NULL,NULL,"Y",NULL,NULL,"UNKNOWN",NULL,NULL,NULL,NULL,NULL,NULL,NULL,NULL,NULL,NULL,NULL,NULL,NULL,NULL,NULL,NULL,NULL,NULL,NULL,NULL,NULL,NULL,NULL,NULL,NULL,NULL,NULL,NULL,NULL,NULL,NULL,NULL,NULL
"1131669","5c403e0eb7c426d23bc5ad85ab15b63a30c1f4b57a2500fa2694955a6ed856be3ebb7d5742a83539702ef2c54cdedeb2aed404ea5741093df87fb1b9a7cf6728","JE287943","07/02/2021 11:20:00 PM","2","DRIVER",NULL,"1073476.0",NULL,"CHEVROLET","OTHER (EXPLAIN IN NARRATIVE)","IL","2013.0","UNKNOWN","PASSENGER","PERSONAL","W","STRAIGHT AHEAD","Y",NULL,"1.0",NULL,"streets and san #2461","323 e lower wacker",NULL,"Y",NULL,NULL,NULL,NULL,NULL,NULL,NULL,NULL,NULL,"Y","Y",NULL,"OTHER",NULL,NULL,NULL,NULL,NULL,NULL,NULL,NULL,NULL,NULL,NULL,NULL,NULL,NULL,NULL,NULL,NULL,NULL,NULL,NULL,NULL,NULL,NULL,NULL,NULL,NULL,NULL,NULL,NULL,NULL,NULL,NULL,NULL
"1131879","db5f51a8d079ad9381461e45d69838c8ec8e8b92ba4a3d178b44477ed7cbbdfd9c3b415866ebf9b628e976eb3e3101dd9e00f8d5bfeca80f3ad3e93456a557a9","JE288410","07/01/2021 02:30:00 PM","1","DRIVER",NULL,"1073678.0",NULL,"AUDI","A6","IL","2011.0","UNKNOWN","PASSENGER","UNKNOWN/NA","W","CHANGING LANES",NULL,NULL,"1.0",NULL,NULL,NULL,NULL,"N",NULL,"Y",NULL,NULL,NULL,NULL,NULL,NULL,NULL,NULL,NULL,NULL,"SIDE-RIGHT",NULL,NULL,NULL,NULL,NULL,NULL,NULL,NULL,NULL,NULL,NULL,NULL,NULL,NULL,NULL,NULL,NULL,NULL,NULL,NULL,NULL,NULL,NULL,NULL,NULL,NULL,NULL,NULL,NULL,NULL,NULL,NULL,NULL
"1132020","2e6b512841aae9b83aaa5e5c5f146d1d80d9de13e963e9ff2a09b0a2d08b06e3b52104a3661a60339b7adf85de8e056c21540564bfb5ba384ab7da66d3927833","JE288627","07/03/2021 01:00:00 PM","1","DRIVER",NULL,"1073798.0",NULL,"GENERAL MOTORS CORPORATION (GMC)","TERRAIN","IL","2011.0","NONE","SPORT UTILITY VEHICLE (SUV)","PERSONAL","N","STRAIGHT AHEAD",NULL,NULL,"1.0",NULL,NULL,NULL,NULL,NULL,NULL,NULL,NULL,NULL,NULL,NULL,NULL,NULL,NULL,"Y",NULL,NULL,"UNDER CARRIAGE",NULL,NULL,NULL,NULL,NULL,NULL,NULL,NULL,NULL,NULL,NULL,NULL,NULL,NULL,NULL,NULL,NULL,NULL,NULL,NULL,NULL,NULL,NULL,NULL,NULL,NULL,NULL,NULL,NULL,NULL,NULL,NULL,NULL
"1132067","9c25b82b18b890b34ce4669d50ff00c5594f6f83cef20bbcc7e343c2deb1edf8f391235605b1551aa9e2f050d1dd8a3c1248e9a7250331362b82d4a6fb76dc69","JE287481","07/02/2021 03:35:00 PM","3","DRIVER","1.0","1073852.0",NULL,"JEEP","WRANGLER","IL","2008.0","NONE","SPORT UTILITY VEHICLE (SUV)","PERSONAL","W","STRAIGHT AHEAD",NULL,NULL,"2.0",NULL,NULL,NULL,NULL,NULL,NULL,NULL,NULL,NULL,"Y",NULL,NULL,NULL,NULL,NULL,NULL,NULL,"REAR-LEFT",NULL,NULL,NULL,NULL,NULL,NULL,NULL,NULL,NULL,NULL,NULL,NULL,NULL,NULL,NULL,NULL,NULL,NULL,NULL,NULL,NULL,NULL,NULL,NULL,NULL,NULL,NULL,NULL,NULL,NULL,NULL,NULL,NULL
"1132205","14e625f66e437e64e7b18d7951e0d7f51adee3120b82fc72f1f704a791259ab22387b6ab6d30bf50350fb5f2ba153493ee068fb0de140302b1f34bac76557754","JE288823","07/03/2021 05:39:00 PM","2","DRIVER","1.0","1073982.0",NULL,"JEEP","JEEP","IL","2018.0","NONE","SPORT UTILITY VEHICLE (SUV)","PERSONAL","SW","TURNING RIGHT",NULL,NULL,"2.0",NULL,NULL,NULL,NULL,NULL,NULL,NULL,NULL,NULL,NULL,"Y",NULL,NULL,NULL,NULL,NULL,NULL,"SIDE-LEFT",NULL,NULL,NULL,NULL,NULL,NULL,NULL,NULL,NULL,NULL,NULL,NULL,NULL,NULL,NULL,NULL,NULL,NULL,NULL,NULL,NULL,NULL,NULL,NULL,NULL,NULL,NULL,NULL,NULL,NULL,NULL,NULL,NULL
"1132550","dedf17737f8a16f9c0f75ec05e0cfb483c5229910280d434469bc0cddd75585c70d4dd58c64cb7a5815c4e8500f90c0016a4ad4ed58c63008f68eb71275306d0","JE289340","07/04/2021 03:25:00 AM","1","DRIVER",NULL,"1074293.0",NULL,"NISSAN","VERSA","IL","2019.0","NONE","PASSENGER","PERSONAL","S","TURNING RIGHT","Y",NULL,"1.0",NULL,"PRIVATE","UNK",NULL,"Y",NULL,NULL,NULL,NULL,NULL,NULL,NULL,NULL,NULL,NULL,"Y",NULL,"FRONT",NULL,NULL,NULL,NULL,NULL,NULL,NULL,NULL,NULL,NULL,NULL,NULL,NULL,NULL,NULL,NULL,NULL,NULL,NULL,NULL,NULL,NULL,NULL,NULL,NULL,NULL,NULL,NULL,NULL,NULL,NULL,NULL,NULL
"1132669","e50779f034c1420889bd2052950074d4cc9de87f4c2843ca680c51df874d857dfa05534382c37eb617e66d58d9159dcdccd48f9efad6bec0942de8e346293206","JE289570","07/04/2021 10:05:00 AM","1","DRIVER",NULL,"1074392.0",NULL,"JEEP","GRAND CHEROKEE","IL","2017.0","NONE","SPORT UTILITY VEHICLE (SUV)","PERSONAL","S","STRAIGHT AHEAD",NULL,NULL,"1.0",NULL,NULL,NULL,NULL,"N",NULL,NULL,NULL,NULL,NULL,NULL,NULL,"Y","Y","Y","N",NULL,"TOTAL (ALL AREAS)",NULL,NULL,NULL,NULL,NULL,NULL,NULL,NULL,NULL,NULL,NULL,NULL,NULL,NULL,NULL,NULL,NULL,NULL,NULL,NULL,NULL,NULL,NULL,NULL,NULL,NULL,NULL,NULL,NULL,NULL,NULL,NULL,NULL
"1132810","c9f2ea78726689d737952337a76465528d84c5ae45bf8e576f33fb2f79fc3948a0c442b86fb83f64c3b90235c8303f1faa73e9a9e74f92647e1d94728928c899","JE289797","07/04/2021 02:47:00 PM","1","DRIVER",NULL,"1074531.0",NULL,"FORD","VAN","IL","2013.0","NONE","VAN/MINI-VAN","PERSONAL","W","TURNING LEFT",NULL,NULL,"1.0",NULL,NULL,NULL,NULL,"Y",NULL,NULL,NULL,NULL,NULL,NULL,NULL,NULL,NULL,"Y","Y",NULL,"OTHER",NULL,NULL,NULL,NULL,NULL,NULL,NULL,NULL,NULL,NULL,NULL,NULL,NULL,NULL,NULL,NULL,NULL,NULL,NULL,NULL,NULL,NULL,NULL,NULL,NULL,NULL,NULL,NULL,NULL,NULL,NULL,NULL,NULL
"1132903","4466cd7af81797ed92401c0963f81917a3145d5cc12269f12c269d61835432d7294af6488ae6211ae9856a44fb01050c41fd85dffb575c8dedb01c7099cd836c","JE289944","07/04/2021 05:10:00 PM","2","DRIVER",NULL,"1074625.0",NULL,"BMW","328I","IL","2013.0","NONE","PASSENGER","PERSONAL","N","SLOW/STOP IN TRAFFIC",NULL,NULL,"1.0",NULL,NULL,NULL,NULL,NULL,NULL,NULL,NULL,NULL,"Y",NULL,NULL,NULL,NULL,NULL,NULL,NULL,"REAR-LEFT",NULL,NULL,NULL,NULL,NULL,NULL,NULL,NULL,NULL,NULL,NULL,NULL,NULL,NULL,NULL,NULL,NULL,NULL,NULL,NULL,NULL,NULL,NULL,NULL,NULL,NULL,NULL,NULL,NULL,NULL,NULL,NULL,NULL
"1133159","4a56c609d9ce4f45078b97683067bad56ec48df04f5df7399cad2217b417c7c732f7d7ce114b9557aa93a00121fb34809f1b54c41f1fe4851a939415a1cfa3e5","JE290238","07/04/2021 10:55:00 PM","3","DRIVER",NULL,"1074896.0",NULL,"AUDI","Q3","IL","2016.0","NONE","PASSENGER","NOT IN USE","E","STRAIGHT AHEAD","N",NULL,"1.0",NULL,NULL,NULL,NULL,"Y",NULL,NULL,NULL,NULL,NULL,NULL,NULL,NULL,NULL,"Y","Y",NULL,"OTHER",NULL,NULL,NULL,NULL,NULL,NULL,NULL,NULL,NULL,NULL,NULL,NULL,NULL,NULL,NULL,NULL,NULL,NULL,NULL,NULL,NULL,NULL,NULL,NULL,NULL,NULL,NULL,NULL,NULL,NULL,NULL,NULL,NULL
"1133319","c4d1a80a1fb47deb45f459a6af0e960794790daca4afc967db80c57b5797ca6d590d789c44c96df03dc8d2b11cd28d03fd0371672034c5e2455626c2924460a4","JE290623","07/05/2021 07:40:00 AM","2","PARKED",NULL,"1074993.0",NULL,"VOLVO","S40","IL","2014.0","NONE","PASSENGER","NOT IN USE","N","PARKED",NULL,NULL,"0.0",NULL,NULL,NULL,NULL,"Y",NULL,NULL,NULL,NULL,NULL,NULL,NULL,NULL,NULL,NULL,NULL,NULL,"FRONT",NULL,NULL,NULL,NULL,NULL,NULL,NULL,NULL,NULL,NULL,NULL,NULL,NULL,NULL,NULL,NULL,NULL,NULL,NULL,NULL,NULL,NULL,NULL,NULL,NULL,NULL,NULL,NULL,NULL,NULL,NULL,NULL,NULL
"1133665","35d06eb4e36f72282d6baab8bd8554aebeaf16f369ca1f97cb0df058dc6c43243531ceca78528362bb5ed84092bb38d0b292a9921c4ef0602a0b1133ce985014","JE291244","07/05/2021 05:26:00 PM","3","DRIVER","5.0","1075334.0",NULL,"CHEVROLET","OTHER (EXPLAIN IN NARRATIVE)","IL","2017.0","UNKNOWN","SPORT UTILITY VEHICLE (SUV)","UNKNOWN/NA","E","SLOW/STOP IN TRAFFIC",NULL,NULL,"6.0",NULL,NULL,NULL,NULL,NULL,NULL,NULL,NULL,"Y","Y","Y",NULL,NULL,NULL,NULL,NULL,NULL,"REAR-LEFT",NULL,NULL,NULL,NULL,NULL,NULL,NULL,NULL,NULL,NULL,NULL,NULL,NULL,NULL,NULL,NULL,NULL,NULL,NULL,NULL,NULL,NULL,NULL,NULL,NULL,NULL,NULL,NULL,NULL,NULL,NULL,NULL,NULL
"1133892","f5aac5e718cb1298a6982591ce9e3237ae05cbbfaa434bbe2a3be8181b29110e61fc9959db81cae1669ab4512dcd74116e3f45de376c13de3bd1013732ebe7cb","JE290842","07/05/2021 11:10:00 AM","1","DRIVER",NULL,"1075534.0",NULL,"KIA","SOUL","IL","2013.0","UNKNOWN","PASSENGER","PERSONAL","SW","STRAIGHT AHEAD",NULL,NULL,"1.0",NULL,NULL,NULL,NULL,NULL,NULL,NULL,NULL,NULL,NULL,NULL,NULL,NULL,NULL,NULL,NULL,"Y","OTHER",NULL,NULL,NULL,NULL,NULL,NULL,NULL,NULL,NULL,NULL,NULL,NULL,NULL,NULL,NULL,NULL,NULL,NULL,NULL,NULL,NULL,NULL,NULL,NULL,NULL,NULL,NULL,NULL,NULL,NULL,NULL,NULL,NULL
"1134041","c54002868d1288f421983f78f2b0f45ba781191c999c3647187f0700123b076378437f99e798a6f6736dd09dfdaee5b7d87325be1d5efe3092084b11abd8eb4d","JE291850","07/06/2021 10:15:00 AM","1","DRIVER",NULL,"1075676.0",NULL,"CHEVROLET","CRUZE","IL","2012.0","UNKNOWN","PASSENGER","OTHER","S","STRAIGHT AHEAD",NULL,NULL,"1.0",NULL,NULL,NULL,NULL,"Y",NULL,NULL,NULL,NULL,NULL,NULL,NULL,NULL,NULL,NULL,"Y",NULL,"FRONT-RIGHT",NULL,NULL,NULL,NULL,NULL,NULL,NULL,NULL,NULL,NULL,NULL,NULL,NULL,NULL,NULL,NULL,NULL,NULL,NULL,NULL,NULL,NULL,NULL,NULL,NULL,NULL,NULL,NULL,NULL,NULL,NULL,NULL,NULL
"1134064","63eab00f3a9d06d54cd6b2ddeaf7166b01f0d04349a790a31b52726b40622a798998b3efa033501616fb9b8d6220b12d13928c8c80162c85f3a21e519e83e04e","JE292040","07/02/2021 10:00:00 AM","2","PARKED",NULL,"1075697.0",NULL,"INFINITI","QX60","IL","2015.0","UNKNOWN","PASSENGER","PERSONAL","E","PARKED",NULL,NULL,"0.0",NULL,NULL,NULL,NULL,NULL,NULL,NULL,NULL,NULL,"Y",NULL,NULL,NULL,NULL,NULL,NULL,NULL,"REAR-LEFT",NULL,NULL,NULL,NULL,NULL,NULL,NULL,NULL,NULL,NULL,NULL,NULL,NULL,NULL,NULL,NULL,NULL,NULL,NULL,NULL,NULL,NULL,NULL,NULL,NULL,NULL,NULL,NULL,NULL,NULL,NULL,NULL,NULL
"1134199","1dc9a38c5407254d40efcbf4d8e0928823cd437a1b9ad7f27c1318a6c45bfe85d75424fdbb5037c26cc09a639be0289ccb8e86e1a1a820690f7e80f994662543","JE291432","07/05/2021 09:40:00 PM","3","DRIVER","1.0","1075847.0",NULL,"HYUNDAI","SONATA","IL","2020.0","NONE","PASSENGER","PERSONAL","N","TURNING RIGHT",NULL,NULL,"2.0",NULL,NULL,NULL,NULL,NULL,NULL,NULL,NULL,NULL,NULL,NULL,NULL,NULL,NULL,"Y",NULL,NULL,"TOTAL (ALL AREAS)",NULL,NULL,NULL,NULL,NULL,NULL,NULL,NULL,NULL,NULL,NULL,NULL,NULL,NULL,NULL,NULL,NULL,NULL,NULL,NULL,NULL,NULL,NULL,NULL,NULL,NULL,NULL,NULL,NULL,NULL,NULL,NULL,NULL
"1134283","5a22f1c5f884e2c9ae6d23f00fb2459be61fb7a615abea3063202ef2085d345338e08cb0df1d6a996756d156f592a3b497fa877f40aa59098a9cfb593f590a4d","JE292311","07/06/2021 03:25:00 PM","1","DRIVER","2.0","1075902.0",NULL,"FIAT","OTHER (EXPLAIN IN NARRATIVE)","IL","2015.0","NONE","PASSENGER","PERSONAL","W","U-TURN",NULL,NULL,"3.0",NULL,NULL,NULL,NULL,NULL,NULL,NULL,NULL,NULL,"Y",NULL,NULL,NULL,NULL,NULL,NULL,NULL,"REAR-LEFT",NULL,NULL,NULL,NULL,NULL,NULL,NULL,NULL,NULL,NULL,NULL,NULL,NULL,NULL,NULL,NULL,NULL,NULL,NULL,NULL,NULL,NULL,NULL,NULL,NULL,NULL,NULL,NULL,NULL,NULL,NULL,NULL,NULL
"1134371","023b6ee18758a89b8da20020588012f22b1da3754defc061bc8b3ecaa747bb2d75d821728a87dffb628408199606838867f5db87eaa47caeb3c0f56eed15335f","JE292422","07/06/2021 04:20:00 PM","2","DRIVER",NULL,"1076004.0",NULL,"NOVA BUS","OTHER (EXPLAIN IN NARRATIVE)","IL","2014.0","NONE","BUS OVER 15 PASS.","CTA","NE","STRAIGHT AHEAD",NULL,NULL,"1.0",NULL,NULL,NULL,NULL,NULL,NULL,NULL,"Y",NULL,NULL,NULL,NULL,NULL,NULL,NULL,NULL,NULL,"REAR-RIGHT",NULL,NULL,NULL,NULL,NULL,NULL,NULL,NULL,NULL,NULL,NULL,NULL,NULL,NULL,NULL,NULL,NULL,NULL,NULL,NULL,NULL,NULL,NULL,NULL,NULL,NULL,NULL,NULL,NULL,NULL,NULL,NULL,NULL
"1134372","a16b238c54c0ba3feb13ca9450680d202f61cbc2749f49d6445e8f06450efea10e09bae93a642f293df3d4b2fa657c119ecd98ffd9c4f7580f11e9172d86b623","JE292477","07/06/2021 04:20:00 PM","1","DRIVER",NULL,"1075983.0",NULL,"JAGUAR","OTHER (EXPLAIN IN NARRATIVE)","IL","2017.0","UNKNOWN","UNKNOWN/NA","UNKNOWN/NA","N","STRAIGHT AHEAD",NULL,NULL,"1.0",NULL,NULL,NULL,NULL,NULL,NULL,NULL,NULL,NULL,NULL,NULL,NULL,NULL,NULL,NULL,"Y",NULL,"OTHER",NULL,NULL,NULL,NULL,NULL,NULL,NULL,NULL,NULL,NULL,NULL,NULL,NULL,NULL,NULL,NULL,NULL,NULL,NULL,NULL,NULL,NULL,NULL,NULL,NULL,NULL,NULL,NULL,NULL,NULL,NULL,NULL,NULL
"1134489","d4729b314785d36c589fa29da8a18898ce34c1791a3b582fd2415c7c8ee203434c5c31f6da0f618fbc6232593038b06579eb972fefd2c3ff6532346609eb3323","JE282207","06/27/2021 08:30:00 PM","1","DRIVER",NULL,"1076084.0",NULL,"NISSAN","MURANO","IL","2021.0","NONE","PASSENGER","UNKNOWN/NA","E","STARTING IN TRAFFIC",NULL,NULL,"1.0",NULL,NULL,NULL,NULL,NULL,NULL,NULL,NULL,NULL,NULL,NULL,NULL,NULL,NULL,NULL,"Y",NULL,"OTHER",NULL,NULL,NULL,NULL,NULL,NULL,NULL,NULL,NULL,NULL,NULL,NULL,NULL,NULL,NULL,NULL,NULL,NULL,NULL,NULL,NULL,NULL,NULL,NULL,NULL,NULL,NULL,NULL,NULL,NULL,NULL,NULL,NULL
"1135298","04c75ccddc6045ef1eff084a26495affbf219573f9d1a90be573ea791768877c911632de6ffc46eb9d2833df9b1aa78ce8062a1d4e361b050f8fa9b14ea0e234","JE293883","07/07/2021 06:30:00 PM","2","DRIVER","1.0","1076867.0",NULL,"JEEP","RENEGADE","IN","2019.0","UNKNOWN","PASSENGER","PERSONAL","N","STRAIGHT AHEAD",NULL,NULL,"2.0",NULL,NULL,NULL,NULL,NULL,NULL,NULL,NULL,NULL,NULL,NULL,NULL,NULL,"Y","Y",NULL,NULL,"TOTAL (ALL AREAS)",NULL,NULL,NULL,NULL,NULL,NULL,NULL,NULL,NULL,NULL,NULL,NULL,NULL,NULL,NULL,NULL,NULL,NULL,NULL,NULL,NULL,NULL,NULL,NULL,NULL,NULL,NULL,NULL,NULL,NULL,NULL,NULL,NULL
"1135318","8decf8a971f333dfd887149892dc2671cbb5107b8b91663ed2f4605c77a1cb41741ef4471fbd9414c2e7931b17c4cd086c19f2ba7f291b2341e5256751e01453","JE293755","07/07/2021 05:52:00 PM","3","DRIVER",NULL,"1076884.0",NULL,"TOYOTA","COROLLA","IL","2010.0","UNKNOWN","PASSENGER","PERSONAL","W","STRAIGHT AHEAD",NULL,NULL,"1.0",NULL,NULL,NULL,NULL,NULL,NULL,NULL,NULL,NULL,NULL,NULL,NULL,NULL,NULL,NULL,"Y",NULL,"OTHER",NULL,NULL,NULL,NULL,NULL,NULL,NULL,NULL,NULL,NULL,NULL,NULL,NULL,NULL,NULL,NULL,NULL,NULL,NULL,NULL,NULL,NULL,NULL,NULL,NULL,NULL,NULL,NULL,NULL,NULL,NULL,NULL,NULL
"1135346","23d7aaeaed1bc78c027c42b16728000767ec38842be415a1b37ecc12b531dad0bd0402ed9f5ee4bb1d74f276070acf3938859746746a8ffecbc3950f0a31ea77","JE293977","07/07/2021 09:38:00 PM","1","DRIVER",NULL,"1076907.0",NULL,"TOYOTA","PRIUS","IL","2020.0","NONE","PASSENGER","PERSONAL","S","STRAIGHT AHEAD",NULL,NULL,"1.0",NULL,NULL,NULL,NULL,NULL,NULL,NULL,NULL,NULL,NULL,NULL,NULL,NULL,"Y",NULL,NULL,NULL,"SIDE-RIGHT",NULL,NULL,NULL,NULL,NULL,NULL,NULL,NULL,NULL,NULL,NULL,NULL,NULL,NULL,NULL,NULL,NULL,NULL,NULL,NULL,NULL,NULL,NULL,NULL,NULL,NULL,NULL,NULL,NULL,NULL,NULL,NULL,NULL
"1135452","409dc134b84c8106a553a54c2877f996e2dbf17d75d5ed960fe85e8db31c55a8596343878adba9d134c4cefeb69ebf350f6e6df5786871d8cd29c29082a5d62d","JE294230","07/08/2021 07:30:00 AM","1","DRIVER",NULL,"1077014.0",NULL,"FORD","OTHER (EXPLAIN IN NARRATIVE)","IL","2015.0","NONE","TRUCK - SINGLE UNIT","CONSTRUCTION/MAINTENANCE","W","TURNING RIGHT",NULL,NULL,"1.0",NULL,NULL,NULL,NULL,"Y",NULL,NULL,NULL,NULL,NULL,NULL,NULL,NULL,NULL,NULL,NULL,NULL,"FRONT",NULL,NULL,NULL,NULL,NULL,NULL,NULL,NULL,NULL,NULL,NULL,NULL,NULL,NULL,NULL,NULL,NULL,NULL,NULL,NULL,NULL,NULL,NULL,NULL,NULL,NULL,NULL,NULL,NULL,NULL,NULL,NULL,NULL
"1135658","022e00aaa80db07a8bf3bba50adb46583318f0c1e31d47ba6f703c4574d771b9ff770988e39046146e372b3767172248caee98cc5b12073c17533024fca73b27","JE294646","07/08/2021 01:45:00 PM","2","DRIVER",NULL,"1077222.0",NULL,"SUBARU","OTHER (EXPLAIN IN NARRATIVE)","IL","2019.0","UNKNOWN","PASSENGER","PERSONAL","S","STRAIGHT AHEAD",NULL,NULL,"1.0",NULL,NULL,NULL,NULL,NULL,NULL,NULL,NULL,NULL,"Y",NULL,NULL,NULL,NULL,NULL,NULL,NULL,"REAR-LEFT",NULL,NULL,NULL,NULL,NULL,NULL,NULL,NULL,NULL,NULL,NULL,NULL,NULL,NULL,NULL,NULL,NULL,NULL,NULL,NULL,NULL,NULL,NULL,NULL,NULL,NULL,NULL,NULL,NULL,NULL,NULL,NULL,NULL