"CRASH_UNIT_ID","CRASH_RECORD_ID","RD_NO","CRASH_DATE","UNIT_NO","UNIT_TYPE","NUM_PASSENGERS","VEHICLE_ID","CMRC_VEH_I","MAKE","MODEL","LIC_PLATE_STATE","VEHICLE_YEAR","VEHICLE_DEFECT","VEHICLE_TYPE","VEHICLE_USE","TRAVEL_DIRECTION","MANEUVER","TOWED_I","FIRE_I","OCCUPANT_CNT","EXCEED_SPEED_LIMIT_I","TOWED_BY","TOWED_TO","AREA_00_I","AREA_01_I","AREA_02_I","AREA_03_I","AREA_04_I","AREA_05_I","AREA_06_I","AREA_07_I","AREA_08_I","AREA_09_I","AREA_10_I","AREA_11_I","AREA_12_I","AREA_99_I","FIRST_CONTACT_POINT","CMV_ID","USDOT_NO","CCMC_NO","ILCC_NO","COMMERCIAL_SRC","GVWR","CARRIER_NAME","CARRIER_STATE","CARRIER_CITY","HAZMAT_PLACARDS_I","HAZMAT_NAME","UN_NO","HAZMAT_PRESENT_I","HAZMAT_REPORT_I","HAZMAT_REPORT_NO","MCS_REPORT_I","MCS_REPORT_NO","HAZMAT_VIO_CAUSE_CRASH_I","MCS_VIO_CAUSE_CRASH_I","IDOT_PERMIT_NO","WIDE_LOAD_I","TRAILER1_WIDTH","TRAILER2_WIDTH","TRAILER1_LENGTH","TRAILER2_LENGTH","TOTAL_VEHICLE_LENGTH","AXLE_CNT","VEHICLE_CONFIG","CARGO_BODY_TYPE","LOAD_TYPE","HAZMAT_OUT_OF_SERVICE_I","MCS_OUT_OF_SERVICE_I","HAZMAT_CLASS"
"1135929","ed963a6a5dad98857a919740f434e1d24977f1f3a9655a3be4434464429a34cbb5f431df0f54c22dcbbcd566579c670fb99be5e950d1296f82d00e870195522a","JE294947","07/08/2021 06:17:00 PM","2","DRIVER","1.0","1077475.0",NULL,"KIA","SPORTAGE","MS","2019.0","UNKNOWN","PASSENGER","PERSONAL","NE","TURNING LEFT","Y",NULL,"2.0",NULL,"PRIVATE TOW",NULL,NULL,"Y",NULL,NULL,NULL,NULL,NULL,NULL,NULL,NULL,NULL,"Y","Y",NULL,NULL,NULL,NULL,NULL,NULL,NULL,NULL,NULL,NULL,NULL,NULL,NULL,NULL,NULL,NULL,NULL,NULL,NULL,NULL,NULL,NULL,NULL,NULL,NULL,NULL,NULL,NULL,NULL,NULL,NULL,NULL,NULL,NULL,NULL
"1136049","2f65bcb08654dcd459b5721230943aaa697985ab43614feac0f31b07b4767973a9ae6beb8a095d094d1c2a2d445fe89b0088d8d6b0e8f2e6bb4891f43e0042ce","JE295298","07/09/2021 02:15:00 AM","2","DRIVER",NULL,"1077596.0",NULL,"TOYOTA","PRIUS","IL","2014.0","NONE","PASSENGER","PERSONAL","SW","STRAIGHT AHEAD",NULL,NULL,"1.0",NULL,NULL,NULL,NULL,NULL,NULL,NULL,NULL,NULL,NULL,"Y",NULL,NULL,NULL,NULL,NULL,NULL,"SIDE-LEFT",NULL,NULL,NULL,NULL,NULL,NULL,NULL,NULL,NULL,NULL,NULL,NULL,NULL,NULL,NULL,NULL,NULL,NULL,NULL,NULL,NULL,NULL,NULL,NULL,NULL,NULL,NULL,NULL,NULL,NULL,NULL,NULL,NULL
"1136195","0bb0f5d888355a89b0ee01aeb398bf91081ea2b9edad277bf62a60cd9cd138aad0c0262ba8e052e18ae0262143ae17954bedf3d7504dd5f060af0aebc7da447e","JE295520","07/09/2021 10:15:00 AM","1","DRIVER",NULL,"1077733.0",NULL,"ACURA","RLX","IL","2012.0","NONE","SPORT UTILITY VEHICLE (SUV)","PERSONAL","N","TURNING LEFT",NULL,NULL,"1.0",NULL,NULL,NULL,NULL,"N",NULL,NULL,NULL,NULL,NULL,NULL,NULL,NULL,NULL,"Y",NULL,NULL,"TOTAL (ALL AREAS)",NULL,NULL,NULL,NULL,NULL,NULL,NULL,NULL,NULL,NULL,NULL,NULL,NULL,NULL,NULL,NULL,NULL,NULL,NULL,NULL,NULL,NULL,NULL,NULL,NULL,NULL,NULL,NULL,NULL,NULL,NULL,NULL,NULL
"1136247","3e2ee98abd64373f4b4e4c539cd007de09b6830374afbfeb6120f1a78d729faf386ff1e54acafa93261097e2c48c47ca111cddd562904b8e6c96342d84ac544d","JE295605","07/09/2021 11:35:00 AM","1","DRIVER",NULL,"1077760.0",NULL,"BUICK","REGAL","IL","2011.0","NONE","PASSENGER","PERSONAL","N","TURNING LEFT","Y",NULL,"1.0",NULL,"private",NULL,NULL,NULL,NULL,NULL,NULL,NULL,NULL,NULL,"Y","Y","Y","Y",NULL,NULL,"TOTAL (ALL AREAS)",NULL,NULL,NULL,NULL,NULL,NULL,NULL,NULL,NULL,NULL,NULL,NULL,NULL,NULL,NULL,NULL,NULL,NULL,NULL,NULL,NULL,NULL,NULL,NULL,NULL,NULL,NULL,NULL,NULL,NULL,NULL,NULL,NULL
"1136955","0a988d17958aa797361d63bbecb3a4050801399a4f2581ef635b69ad3ec04846f155fed0ed7d4a1a110ad2ad6b995051d37e75c64680bc6f47829d2ecf601a53","JE296652","07/10/2021 09:48:00 AM","2","DRIVER",NULL,"1078463.0",NULL,"ACURA","ZDX","IL","2014.0","NONE","PASSENGER","PERSONAL","E","STRAIGHT AHEAD","Y",NULL,"1.0",NULL,"private towing",NULL,NULL,"Y",NULL,NULL,NULL,NULL,NULL,NULL,NULL,NULL,"Y","Y","Y",NULL,"OTHER",NULL,NULL,NULL,NULL,NULL,NULL,NULL,NULL,NULL,NULL,NULL,NULL,NULL,NULL,NULL,NULL,NULL,NULL,NULL,NULL,NULL,NULL,NULL,NULL,NULL,NULL,NULL,NULL,NULL,NULL,NULL,NULL,NULL
"1137006","6180d8be150c5ae7d6f931d5356dadfbdea59e60aa8cbd10bdb3542ce8b4cfb77312e60953c79abb74ec12ba8572f77f6c74af9f8b64829ee53147a4a71447f5","JE296778","07/08/2021 09:50:00 AM","2","PARKED",NULL,"1078485.0",NULL,"INFINITI","Q50","IL","2017.0","NONE","SPORT UTILITY VEHICLE (SUV)","NOT IN USE","N","PARKED",NULL,NULL,"0.0",NULL,NULL,NULL,NULL,NULL,NULL,NULL,NULL,NULL,NULL,NULL,NULL,NULL,NULL,"Y",NULL,NULL,"TOTAL (ALL AREAS)",NULL,NULL,NULL,NULL,NULL,NULL,NULL,NULL,NULL,NULL,NULL,NULL,NULL,NULL,NULL,NULL,NULL,NULL,NULL,NULL,NULL,NULL,NULL,NULL,NULL,NULL,NULL,NULL,NULL,NULL,NULL,NULL,NULL
"1137135","b03f9d7784d8475b0ed9e413afee7b3ca20d9d9008692b5ea68649ef66e7075d8505a0ee2a2555e69331fbd257d0665c86b7505bf1862918054f86d46d9017bc","JE296839","07/10/2021 12:52:00 PM","2","DRIVER",NULL,"1078612.0",NULL,"CHEVROLET","MALIBU","IL","2009.0","NONE","PASSENGER","PERSONAL","S","STRAIGHT AHEAD",NULL,NULL,"1.0",NULL,NULL,NULL,NULL,"Y","Y","Y","Y","Y","Y","Y","Y","Y","Y","Y","Y",NULL,"UNDER CARRIAGE",NULL,NULL,NULL,NULL,NULL,NULL,NULL,NULL,NULL,NULL,NULL,NULL,NULL,NULL,NULL,NULL,NULL,NULL,NULL,NULL,NULL,NULL,NULL,NULL,NULL,NULL,NULL,NULL,NULL,NULL,NULL,NULL,NULL
"1137303","74facfe492918583a1913e1901769dcb0d908eb371eb0fcc6cd32fffd8a59e6e3c73cf0dbea4f6556bc7eb7c141202d013d6a415fe6b9cd5c1140333ab147d3b","JE297088","07/10/2021 04:20:00 PM","1","DRIVER",NULL,"1078747.0",NULL,"NOVA BUS","OTHER (EXPLAIN IN NARRATIVE)","IL","2014.0","UNKNOWN","BUS OVER 15 PASS.","CTA","N","STRAIGHT AHEAD",NULL,NULL,"1.0",NULL,NULL,NULL,"Y",NULL,NULL,NULL,NULL,NULL,NULL,NULL,NULL,NULL,NULL,NULL,NULL,NULL,"OTHER",NULL,NULL,NULL,NULL,NULL,NULL,NULL,NULL,NULL,NULL,NULL,NULL,NULL,NULL,NULL,NULL,NULL,NULL,NULL,NULL,NULL,NULL,NULL,NULL,NULL,NULL,NULL,NULL,NULL,NULL,NULL,NULL,NULL
"1137377","ea8704660c1e1176f9cac485e1e8098f10a64e9182198877b034968ef4bc248951b07ebbe559e0a2cecc875501dfb67c765f7ab7596ffc8edc197782f1434580","JE297294","07/10/2021 08:51:00 PM","2","DRIVER",NULL,"1078826.0",NULL,"JEEP","WRANGLER","IL","2012.0","NONE","PASSENGER","PERSONAL","N","STRAIGHT AHEAD",NULL,NULL,"1.0",NULL,NULL,NULL,NULL,NULL,NULL,NULL,NULL,NULL,NULL,NULL,NULL,NULL,NULL,NULL,"Y",NULL,"OTHER",NULL,NULL,NULL,NULL,NULL,NULL,NULL,NULL,NULL,NULL,NULL,NULL,NULL,NULL,NULL,NULL,NULL,NULL,NULL,NULL,NULL,NULL,NULL,NULL,NULL,NULL,NULL,NULL,NULL,NULL,NULL,NULL,NULL
"1137456","8d790c36681edf5e26df6fc43408849a3f31064d033055fdd577b4df56ae494f7b67fee314b78da5d2a950a073cddf4964b0e8b860ab7b7a0da90a79b9e1d847","JE297329","07/10/2021 09:26:00 PM","2","DRIVER",NULL,"1078895.0",NULL,"DODGE","JOURNEY",NULL,"2018.0","NONE","PASSENGER","PERSONAL","E","STRAIGHT AHEAD",NULL,NULL,"1.0",NULL,NULL,NULL,NULL,NULL,NULL,NULL,"N","Y","Y",NULL,NULL,NULL,NULL,NULL,NULL,NULL,"REAR",NULL,NULL,NULL,NULL,NULL,NULL,NULL,NULL,NULL,NULL,NULL,NULL,NULL,NULL,NULL,NULL,NULL,NULL,NULL,NULL,NULL,NULL,NULL,NULL,NULL,NULL,NULL,NULL,NULL,NULL,NULL,NULL,NULL
"1137471","26f7885143f532ad0b4c9e81e91644077295709305d3305cae8edf559bac1aab2a20a9535c4b2b1a88756707506c425e74bcf6cc8d71f3848e277cf5e1127fc2","JE297463","07/11/2021 12:00:00 AM","2","PARKED",NULL,"1078916.0",NULL,"HYUNDAI","ELANTRA","IL","2017.0","NONE","PASSENGER","PERSONAL","N","PARKED",NULL,NULL,"0.0",NULL,NULL,NULL,NULL,NULL,NULL,NULL,NULL,NULL,"Y",NULL,NULL,NULL,NULL,NULL,NULL,NULL,"REAR-RIGHT",NULL,NULL,NULL,NULL,NULL,NULL,NULL,NULL,NULL,NULL,NULL,NULL,NULL,NULL,NULL,NULL,NULL,NULL,NULL,NULL,NULL,NULL,NULL,NULL,NULL,NULL,NULL,NULL,NULL,NULL,NULL,NULL,NULL
"1137660","d5bffc1d512ee5eecfdca84d2ff0287990b0247a35598f6ab2a13373c49db937dda2cb8ba166a3efb226daa6d54e39c5afff6c61e93cabc8d31f9b2ef27205ee","JE297757","07/11/2021 10:38:00 AM","2","DRIVER","3.0","1079095.0",NULL,"RANGE ROVER OF NORTH AMERICA","RANGE ROVER OF NORTH AMERICA","IL","2009.0","NONE","PASSENGER","PERSONAL","N","STRAIGHT AHEAD",NULL,NULL,"4.0",NULL,NULL,NULL,NULL,"Y",NULL,NULL,NULL,NULL,NULL,NULL,NULL,NULL,NULL,"Y","Y",NULL,"OTHER",NULL,NULL,NULL,NULL,NULL,NULL,NULL,NULL,NULL,NULL,NULL,NULL,NULL,NULL,NULL,NULL,NULL,NULL,NULL,NULL,NULL,NULL,NULL,NULL,NULL,NULL,NULL,NULL,NULL,NULL,NULL,NULL,NULL
"1138160","a13b4f2d008120134c6af60860dbcaa78f7a12c56ebaa50a067c38e73fee7c4bdc636e5df6b12088f76db362208fb0522fdaf589c9c311f75cc9bc5ce9e3aaf2","JE298516","07/12/2021 06:37:00 AM","2","DRIVER",NULL,"1079580.0",NULL,"KIA","OPTIMA / K5","CA","2020.0","NONE","PASSENGER","RIDESHARE SERVICE","S","STRAIGHT AHEAD",NULL,NULL,"1.0",NULL,NULL,NULL,NULL,NULL,NULL,NULL,NULL,NULL,NULL,NULL,NULL,NULL,NULL,"Y",NULL,NULL,"TOTAL (ALL AREAS)",NULL,NULL,NULL,NULL,NULL,NULL,NULL,NULL,NULL,NULL,NULL,NULL,NULL,NULL,NULL,NULL,NULL,NULL,NULL,NULL,NULL,NULL,NULL,NULL,NULL,NULL,NULL,NULL,NULL,NULL,NULL,NULL,NULL
"1138350","a6472eb28be37cf9523ebab8384cc0dfd30994652a39204eae67cb97318a6ca9ba396d11d314f094647825a22e6ec9e3af3378220e860536dadec60053e3c9fd","JE288025","07/03/2021 01:35:00 AM","2","PARKED",NULL,"1079761.0",NULL,"TOYOTA","SIENNA","IL","2011.0","UNKNOWN","VAN/MINI-VAN","UNKNOWN/NA","S","PARKED","Y",NULL,"0.0",NULL,"PRIVATE TOW",NULL,NULL,NULL,NULL,NULL,NULL,NULL,NULL,"Y","Y","Y","Y","Y","Y",NULL,"SIDE-LEFT",NULL,NULL,NULL,NULL,NULL,NULL,NULL,NULL,NULL,NULL,NULL,NULL,NULL,NULL,NULL,NULL,NULL,NULL,NULL,NULL,NULL,NULL,NULL,NULL,NULL,NULL,NULL,NULL,NULL,NULL,NULL,NULL,NULL
"1138668","8f33848ade4767673abc9e70629ea4c16ddd3f36104aa7ead13b2b98df969ce07b426a18c9ef2013425447ea2bd46af6b2cf1b1bb25c501b4f233038f98d9a72","JE299298","07/12/2021 06:03:00 PM","1","DRIVER",NULL,"1080059.0",NULL,"CHEVROLET","MALIBU","IL","2017.0","UNKNOWN","PASSENGER","PERSONAL","N","TURNING RIGHT",NULL,NULL,"1.0",NULL,NULL,NULL,NULL,"Y",NULL,NULL,NULL,NULL,NULL,NULL,NULL,NULL,NULL,NULL,NULL,NULL,"FRONT-RIGHT",NULL,NULL,NULL,NULL,NULL,NULL,NULL,NULL,NULL,NULL,NULL,NULL,NULL,NULL,NULL,NULL,NULL,NULL,NULL,NULL,NULL,NULL,NULL,NULL,NULL,NULL,NULL,NULL,NULL,NULL,NULL,NULL,NULL
"1138911","b65f55565461d3e2edc9c1f60e5ffaa86afeda51ea9f7e1708455d1c084037fa906b7c6161e96446ab2028068f586795910094f7bee2767ecee97ebef760e6c9","JE282611","06/28/2021 02:42:00 PM","2","DRIVER",NULL,"1080290.0",NULL,"CHEVROLET","MALIBU","IL","2008.0","UNKNOWN","PASSENGER","PERSONAL","S","STRAIGHT AHEAD",NULL,NULL,"1.0",NULL,NULL,NULL,NULL,NULL,NULL,NULL,NULL,"Y","Y","Y",NULL,NULL,NULL,NULL,NULL,NULL,"REAR-LEFT",NULL,NULL,NULL,NULL,NULL,NULL,NULL,NULL,NULL,NULL,NULL,NULL,NULL,NULL,NULL,NULL,NULL,NULL,NULL,NULL,NULL,NULL,NULL,NULL,NULL,NULL,NULL,NULL,NULL,NULL,NULL,NULL,NULL
"1139185","5922d1151226ad3e1314d7e9cc7c81e3b3600ee6bd719a551f2acd47a91a284d095b797269024170e464752dcae06d700816159b45e1461e1b590dce71212995","JE300299","07/13/2021 04:56:00 PM","3","DRIVER",NULL,"1080583.0",NULL,"CHEVROLET","CAMARO","IL","2017.0","NONE","PASSENGER","PERSONAL","N","STRAIGHT AHEAD","Y",NULL,"1.0",NULL,"andrews","unk",NULL,"Y","Y","Y","Y",NULL,NULL,NULL,NULL,NULL,"Y","Y","Y",NULL,"OTHER",NULL,NULL,NULL,NULL,NULL,NULL,NULL,NULL,NULL,NULL,NULL,NULL,NULL,NULL,NULL,NULL,NULL,NULL,NULL,NULL,NULL,NULL,NULL,NULL,NULL,NULL,NULL,NULL,NULL,NULL,NULL,NULL,NULL
"1139268","68648568eea64eb74dd1c7a98b55c713547bc507a8590c2e2ee16da1b86b2154a18e5dff23e3545e390a081cde3a24d95fbf1fd49ccc16ec395673f7d44228ac","JE300387","07/13/2021 04:45:00 PM","2","DRIVER",NULL,"1080647.0",NULL,"NISSAN","ALTIMA","IL","2015.0","NONE","PASSENGER","PERSONAL","W","STRAIGHT AHEAD",NULL,NULL,"1.0",NULL,NULL,NULL,NULL,NULL,NULL,NULL,NULL,"Y","Y","Y",NULL,NULL,NULL,NULL,NULL,NULL,"REAR-LEFT",NULL,NULL,NULL,NULL,NULL,NULL,NULL,NULL,NULL,NULL,NULL,NULL,NULL,NULL,NULL,NULL,NULL,NULL,NULL,NULL,NULL,NULL,NULL,NULL,NULL,NULL,NULL,NULL,NULL,NULL,NULL,NULL,NULL
"1139523","5122d15d735601748a5a79bcf8c8a8c46f4a8e3df91bd1e822f70b2d2a9bcad886f96580f0653d9488a06a5ba8c17eca472458ff34aaa9663caf4c45c24fa4db","JE301043","07/14/2021 11:30:00 AM","1","DRIVER",NULL,"1080882.0",NULL,"TOYOTA","CAMRY","IL","2011.0","NONE","PASSENGER","PERSONAL","E","BACKING",NULL,NULL,"1.0",NULL,NULL,NULL,NULL,NULL,NULL,NULL,NULL,"Y","Y",NULL,NULL,NULL,NULL,NULL,NULL,NULL,"REAR",NULL,NULL,NULL,NULL,NULL,NULL,NULL,NULL,NULL,NULL,NULL,NULL,NULL,NULL,NULL,NULL,NULL,NULL,NULL,NULL,NULL,NULL,NULL,NULL,NULL,NULL,NULL,NULL,NULL,NULL,NULL,NULL,NULL
"1139908","3b077a67339982ba67f503cccf2b45c83ae5f8e739dc1724da2e891a994956ae3a0452b0ac423ac22f91f0f049f14cd11ebc087501e50e52d5d0a255d9abcbda","JE301410","07/14/2021 02:00:00 PM","2","PARKED",NULL,"1081249.0",NULL,"CHEVROLET","MALIBU","IL","2019.0","NONE","PASSENGER","NOT IN USE","S","PARKED",NULL,NULL,"0.0",NULL,NULL,NULL,NULL,"Y","Y",NULL,NULL,NULL,NULL,NULL,NULL,NULL,NULL,NULL,"Y",NULL,"FRONT",NULL,NULL,NULL,NULL,NULL,NULL,NULL,NULL,NULL,NULL,NULL,NULL,NULL,NULL,NULL,NULL,NULL,NULL,NULL,NULL,NULL,NULL,NULL,NULL,NULL,NULL,NULL,NULL,NULL,NULL,NULL,NULL,NULL
"1140003","e0c309200c84e532f6f8d4d2cefff264b5848f201ebcfeee11258d3308844a0f1da440cc06788ed38d68c0a77610e91c10dec82452199b3b9a7dbe2c3cd2a6d3","JE301732","07/08/2021 01:14:00 PM","2","DRIVER",NULL,"1081340.0",NULL,"FORD","MUSTANG","IL","2010.0","NONE","PASSENGER","PERSONAL","S","UNKNOWN/NA",NULL,NULL,"1.0",NULL,NULL,NULL,NULL,NULL,NULL,NULL,NULL,NULL,NULL,"Y","Y","Y",NULL,NULL,NULL,NULL,"FRONT-LEFT",NULL,NULL,NULL,NULL,NULL,NULL,NULL,NULL,NULL,NULL,NULL,NULL,NULL,NULL,NULL,NULL,NULL,NULL,NULL,NULL,NULL,NULL,NULL,NULL,NULL,NULL,NULL,NULL,NULL,NULL,NULL,NULL,NULL
"1140101","113077976d1a5bbe2dfeeb9a84b62fba18725bc37256c741c272b1e8cda15aa0ee4be9c5001901a3dda8b8c65f2a9cb6b330d4d0fce2b8a88fc6e4827d3b47b7","JE301978","07/15/2021 07:55:00 AM","2","DRIVER",NULL,"1081451.0",NULL,"CHRYSLER","300","IL","2013.0","NONE","PASSENGER","PERSONAL","S","STRAIGHT AHEAD",NULL,NULL,"1.0",NULL,NULL,NULL,NULL,NULL,NULL,NULL,NULL,NULL,NULL,NULL,"Y",NULL,NULL,NULL,NULL,NULL,"FRONT-LEFT",NULL,NULL,NULL,NULL,NULL,NULL,NULL,NULL,NULL,NULL,NULL,NULL,NULL,NULL,NULL,NULL,NULL,NULL,NULL,NULL,NULL,NULL,NULL,NULL,NULL,NULL,NULL,NULL,NULL,NULL,NULL,NULL,NULL
"1140656","051e9a89f7844bd09dc8c8bab17a1a637f74be0daf375e01178bffdc885a7e8983ac599c745be35bd645af06e991b13acc6d5f95cbfcebc78c4834fbeea93d03","JE302952","07/16/2021 01:34:00 AM","2","DRIVER","1.0","1081971.0",NULL,"AUDI","Q3","IL","2011.0","NONE","PASSENGER","PERSONAL","N","STRAIGHT AHEAD","Y",NULL,"2.0",NULL,"unknown",NULL,NULL,NULL,NULL,NULL,NULL,"Y","Y","Y",NULL,NULL,NULL,NULL,NULL,NULL,"REAR-LEFT",NULL,NULL,NULL,NULL,NULL,NULL,NULL,NULL,NULL,NULL,NULL,NULL,NULL,NULL,NULL,NULL,NULL,NULL,NULL,NULL,NULL,NULL,NULL,NULL,NULL,NULL,NULL,NULL,NULL,NULL,NULL,NULL,NULL
"1140862","1b92b305d4af0f0f87a468c06aaee405cf77e00e7ae5d0bde86eea52d60b701cad9c48b93cb5080aa169e355d2cf19e34860506f04f91916b26b2e85f6c3bcd4","JE303342","07/16/2021 12:10:00 PM","2","DRIVER",NULL,"1082179.0",NULL,"DODGE","RAM 1500 PU","IL","2016.0","UNKNOWN","PICKUP","PERSONAL","S","STRAIGHT AHEAD","Y",NULL,"1.0",NULL,"PRIVATE","UNKNOWN",NULL,"Y","Y",NULL,NULL,NULL,NULL,NULL,NULL,NULL,NULL,NULL,NULL,NULL,"FRONT",NULL,NULL,NULL,NULL,NULL,NULL,NULL,NULL,NULL,NULL,NULL,NULL,NULL,NULL,NULL,NULL,NULL,NULL,NULL,NULL,NULL,NULL,NULL,NULL,NULL,NULL,NULL,NULL,NULL,NULL,NULL,NULL,NULL
"1140895","cc7eb6e93c494a0966e5372508e5ba5717539b8a562e5680f5af6f35375932710bc9add011b7593b265e059bf7e03165da4854429b5fcfeffc69a80e3e9585b6","JE303424","07/15/2021 03:30:00 PM","2","DRIVER",NULL,"1082199.0",NULL,"CHEVROLET","CRUZE","IL","2013.0","NONE","PASSENGER","PERSONAL","W","STRAIGHT AHEAD",NULL,NULL,"1.0",NULL,NULL,NULL,NULL,NULL,NULL,NULL,NULL,NULL,NULL,NULL,NULL,NULL,NULL,"Y","Y",NULL,"UNDER CARRIAGE",NULL,NULL,NULL,NULL,NULL,NULL,NULL,NULL,NULL,NULL,NULL,NULL,NULL,NULL,NULL,NULL,NULL,NULL,NULL,NULL,NULL,NULL,NULL,NULL,NULL,NULL,NULL,NULL,NULL,NULL,NULL,NULL,NULL
"1141493","861083d4fd1d655a70f1018dff0b4b6f37656c2c38fe09d2743505801afd313ef97cb2424b6e9620cd7aa798d6eb677f3eed81cc66d0ae366fcd2425f57534fe","JE304379","07/17/2021 10:10:00 AM","1","DRIVER",NULL,"1082774.0",NULL,"TOYOTA","COROLLA","IL","2017.0","NONE","PASSENGER","PERSONAL","S","TURNING LEFT","Y",NULL,"1.0",NULL,NULL,NULL,NULL,"Y","Y","Y","Y","N",NULL,NULL,NULL,NULL,NULL,NULL,NULL,NULL,"FRONT",NULL,NULL,NULL,NULL,NULL,NULL,NULL,NULL,NULL,NULL,NULL,NULL,NULL,NULL,NULL,NULL,NULL,NULL,NULL,NULL,NULL,NULL,NULL,NULL,NULL,NULL,NULL,NULL,NULL,NULL,NULL,NULL,NULL
"1141697","cdd9c7a53c39ba3218d348e5d9262ea80c0a22f4fedd41f3046f914de33f8d98795917323a885235583190a959a92b583c7cc5b2c2a8439e1763012912276a8f","JE304671","07/17/2021 03:38:00 PM","1","DRIVER",NULL,"1083023.0","Y","NOVA BUS","OTHER (EXPLAIN IN NARRATIVE)","IL","2015.0","UNKNOWN","BUS OVER 15 PASS.","CTA","W","UNKNOWN/NA",NULL,NULL,"1.0",NULL,NULL,NULL,NULL,NULL,NULL,"Y","Y","Y",NULL,NULL,NULL,NULL,NULL,NULL,NULL,NULL,"REAR-RIGHT",NULL,NULL,NULL,NULL,NULL,NULL,NULL,NULL,NULL,NULL,NULL,NULL,NULL,NULL,NULL,NULL,NULL,NULL,NULL,NULL,NULL,NULL,NULL,NULL,NULL,NULL,NULL,NULL,NULL,NULL,NULL,NULL,NULL
"1142343","ccff2edf116e0d7695d7144b93a2749c48354a171b848ed062720682be4b902dbf4dab0eb16217e26c905f35d373fd6ff33fba33f5936964f743e555e012934b","JE305602","07/18/2021 12:40:00 PM","2","DRIVER",NULL,"1083573.0",NULL,"NISSAN","MURANO","IL","2020.0","NONE","SPORT UTILITY VEHICLE (SUV)","PERSONAL","N","SLOW/STOP IN TRAFFIC",NULL,NULL,"1.0",NULL,NULL,NULL,NULL,NULL,NULL,NULL,NULL,NULL,"Y",NULL,NULL,NULL,NULL,NULL,NULL,NULL,"REAR-LEFT",NULL,NULL,NULL,NULL,NULL,NULL,NULL,NULL,NULL,NULL,NULL,NULL,NULL,NULL,NULL,NULL,NULL,NULL,NULL,NULL,NULL,NULL,NULL,NULL,NULL,NULL,NULL,NULL,NULL,NULL,NULL,NULL,NULL
"1142416","51ebfba842021302782337e8dfc53e61beb2ffe847b648c5941dcb4992ec4f5bc0ffc3482bd7ae88a0dc41cf148fe0e253a5afcb923c5bcb77d13731dfeabb18","JE304484","07/17/2021 12:13:00 PM","2","DRIVER",NULL,"1086724.0",NULL,"AUDI","A5","IL","2008.0","NONE","PASSENGER","PERSONAL","W","STRAIGHT AHEAD","N",NULL,"1.0",NULL,NULL,NULL,NULL,"Y","Y","N","N","N",NULL,"Y","Y","Y","Y","Y",NULL,NULL,"ROOF",NULL,NULL,NULL,NULL,NULL,NULL,NULL,NULL,NULL,NULL,NULL,NULL,NULL,NULL,NULL,NULL,NULL,NULL,NULL,NULL,NULL,NULL,NULL,NULL,NULL,NULL,NULL,NULL,NULL,NULL,NULL,NULL,NULL
"1142559","53bc986d19681e2d60a9c7847993d7b5912f36dea744d5c3e10ab261d9d580039bb6faed11d46eb366558aadf2037de8b1bfc1de91f378d066d02864c980d370","JE305817","07/18/2021 04:40:00 PM","1","DRIVER",NULL,"1083775.0",NULL,"JEEP","CHEROKEE","IL","2019.0","NONE","SPORT UTILITY VEHICLE (SUV)","PERSONAL","N","STRAIGHT AHEAD",NULL,NULL,"1.0",NULL,NULL,NULL,NULL,"Y",NULL,NULL,NULL,NULL,NULL,NULL,NULL,NULL,NULL,"Y","Y",NULL,"OTHER",NULL,NULL,NULL,NULL,NULL,NULL,NULL,NULL,NULL,NULL,NULL,NULL,NULL,NULL,NULL,NULL,NULL,NULL,NULL,NULL,NULL,NULL,NULL,NULL,NULL,NULL,NULL,NULL,NULL,NULL,NULL,NULL,NULL
"1142573","9fdbf240b89777617bd44905b6d84e71d1f5f60976f648861d228b1e46b2a70e6eab84a21a1b74ff2ef30fc525afccc2d839e3bb3b44c55d0839bdbe7294171e","JE305885","07/18/2021 06:00:00 PM","2","DRIVER",NULL,"1083793.0",NULL,"HONDA","ACCORD","IL","2017.0","NONE","PASSENGER","PERSONAL","NE","TURNING LEFT",NULL,NULL,"1.0",NULL,NULL,NULL,NULL,"Y",NULL,NULL,NULL,NULL,NULL,NULL,NULL,NULL,NULL,"Y","Y",NULL,"OTHER",NULL,NULL,NULL,NULL,NULL,NULL,NULL,NULL,NULL,NULL,NULL,NULL,NULL,NULL,NULL,NULL,NULL,NULL,NULL,NULL,NULL,NULL,NULL,NULL,NULL,NULL,NULL,NULL,NULL,NULL,NULL,NULL,NULL
"1142891","052b5812b453808554ba048a764fb2d8258d04d38e867df080fcd9d3f7fd8216de7fd156effe99937a5205f057ce3d886118da4ccc50397c40edd96be724534e","JE306442","07/19/2021 10:00:00 AM","2","PARKED",NULL,"1084104.0",NULL,"NISSAN","ROGUE","IL","2014.0","UNKNOWN","SPORT UTILITY VEHICLE (SUV)","UNKNOWN/NA","W","PARKED",NULL,NULL,"0.0",NULL,NULL,NULL,NULL,NULL,NULL,NULL,NULL,"Y","Y","Y",NULL,NULL,NULL,NULL,NULL,NULL,"REAR-LEFT",NULL,NULL,NULL,NULL,NULL,NULL,NULL,NULL,NULL,NULL,NULL,NULL,NULL,NULL,NULL,NULL,NULL,NULL,NULL,NULL,NULL,NULL,NULL,NULL,NULL,NULL,NULL,NULL,NULL,NULL,NULL,NULL,NULL