"CRASH_UNIT_ID","CRASH_RECORD_ID","RD_NO","CRASH_DATE","UNIT_NO","UNIT_TYPE","NUM_PASSENGERS","VEHICLE_ID","CMRC_VEH_I","MAKE","MODEL","LIC_PLATE_STATE","VEHICLE_YEAR","VEHICLE_DEFECT","VEHICLE_TYPE","VEHICLE_USE","TRAVEL_DIRECTION","MANEUVER","TOWED_I","FIRE_I","OCCUPANT_CNT","EXCEED_SPEED_LIMIT_I","TOWED_BY","TOWED_TO","AREA_00_I","AREA_01_I","AREA_02_I","AREA_03_I","AREA_04_I","AREA_05_I","AREA_06_I","AREA_07_I","AREA_08_I","AREA_09_I","AREA_10_I","AREA_11_I","AREA_12_I","AREA_99_I","FIRST_CONTACT_POINT","CMV_ID","USDOT_NO","CCMC_NO","ILCC_NO","COMMERCIAL_SRC","GVWR","CARRIER_NAME","CARRIER_STATE","CARRIER_CITY","HAZMAT_PLACARDS_I","HAZMAT_NAME","UN_NO","HAZMAT_PRESENT_I","HAZMAT_REPORT_I","HAZMAT_REPORT_NO","MCS_REPORT_I","MCS_REPORT_NO","HAZMAT_VIO_CAUSE_CRASH_I","MCS_VIO_CAUSE_CRASH_I","IDOT_PERMIT_NO","WIDE_LOAD_I","TRAILER1_WIDTH","TRAILER2_WIDTH","TRAILER1_LENGTH","TRAILER2_LENGTH","TOTAL_VEHICLE_LENGTH","AXLE_CNT","VEHICLE_CONFIG","CARGO_BODY_TYPE","LOAD_TYPE","HAZMAT_OUT_OF_SERVICE_I","MCS_OUT_OF_SERVICE_I","HAZMAT_CLASS"
"1143012","c9e71b193a10b9873e674d985721e8a90b2b7ab26093e09c1b84c86446c54341d48563ce18782bc63bff4f20c82fb8cab4e407e25fe8e5d80403e095490b735c","JE306685","07/19/2021 01:00:00 PM","2","DRIVER",NULL,"1084220.0",NULL,"GENERAL MOTORS CORPORATION (GMC)","TERRAIN","IN","2019.0","NONE","PASSENGER","PERSONAL","S","SLOW/STOP IN TRAFFIC",NULL,NULL,"1.0",NULL,NULL,NULL,NULL,NULL,NULL,NULL,NULL,NULL,NULL,NULL,NULL,NULL,NULL,NULL,"Y",NULL,"OTHER",NULL,NULL,NULL,NULL,NULL,NULL,NULL,NULL,NULL,NULL,NULL,NULL,NULL,NULL,NULL,NULL,NULL,NULL,NULL,NULL,NULL,NULL,NULL,NULL,NULL,NULL,NULL,NULL,NULL,NULL,NULL,NULL,NULL
"1143224","b2dfdec6e496dc1bc4033de4679d19b2c2984eb2d8d2e845cfa5aca2a9f4fdb2a13397157e728c362885fb19f9eadc5c4c4ea9aa7f74ca89771f54b16e512eac","JE306976","07/19/2021 04:35:00 PM","2","PARKED",NULL,"1084417.0",NULL,"CHEVROLET","FLEETLINE","IL","2020.0","NONE","VAN/MINI-VAN","OTHER","N","PARKED",NULL,NULL,"0.0",NULL,NULL,NULL,NULL,NULL,NULL,NULL,NULL,"Y","Y",NULL,NULL,NULL,NULL,NULL,NULL,NULL,"REAR",NULL,NULL,NULL,NULL,NULL,NULL,NULL,NULL,NULL,NULL,NULL,NULL,NULL,NULL,NULL,NULL,NULL,NULL,NULL,NULL,NULL,NULL,NULL,NULL,NULL,NULL,NULL,NULL,NULL,NULL,NULL,NULL,NULL
"1143515","2632398da1d215db2712e1f5e41a752a1f7206eec4f91fe7cb0917ea227e4f0b9f2c753993cb75517945276430162949227a435603149fa78ffaab34c59e1815","JE307551","07/19/2021 09:00:00 PM","2","PARKED",NULL,"1084675.0",NULL,"LINCOLN","MKX","IL","2019.0","UNKNOWN","PASSENGER","PERSONAL","N","PARKED",NULL,NULL,"0.0",NULL,NULL,NULL,NULL,"Y","Y","Y","Y","Y",NULL,NULL,NULL,NULL,NULL,NULL,NULL,NULL,"SIDE-RIGHT",NULL,NULL,NULL,NULL,NULL,NULL,NULL,NULL,NULL,NULL,NULL,NULL,NULL,NULL,NULL,NULL,NULL,NULL,NULL,NULL,NULL,NULL,NULL,NULL,NULL,NULL,NULL,NULL,NULL,NULL,NULL,NULL,NULL
"1144308","4a98654c310e6e636c61e2960507ad6d28c1f608bcf5bcee78b1f7b5fe976be27904843eefb1aaea5571346b4a73563ba84143191aa68a973c0b2ef45f744050","JE308927","07/21/2021 11:40:00 AM","1","DRIVER",NULL,"1085449.0",NULL,"DODGE","RAM 2500 VAN","WI","2016.0","UNKNOWN","VAN/MINI-VAN","UNKNOWN/NA","SW","U-TURN",NULL,NULL,"1.0",NULL,NULL,NULL,NULL,NULL,NULL,NULL,NULL,NULL,NULL,NULL,NULL,NULL,NULL,NULL,NULL,"Y","OTHER",NULL,NULL,NULL,NULL,NULL,NULL,NULL,NULL,NULL,NULL,NULL,NULL,NULL,NULL,NULL,NULL,NULL,NULL,NULL,NULL,NULL,NULL,NULL,NULL,NULL,NULL,NULL,NULL,NULL,NULL,NULL,NULL,NULL
"1144710","bd5fdb7ee1fc43202eb0fdb5ef289b338657952cfb4fc1631ffc336e188f9fc5d3f75362172446ddb6fb86e171be2aa2f3d67f84b381b31e8afde0750a752d8b","JE309486","07/21/2021 07:36:00 PM","1","DRIVER",NULL,"1085827.0",NULL,"TOYOTA","SIENNA","IL","2019.0","NONE","VAN/MINI-VAN","PERSONAL","N","STRAIGHT AHEAD",NULL,NULL,"1.0",NULL,NULL,NULL,NULL,NULL,NULL,NULL,NULL,NULL,NULL,NULL,NULL,NULL,NULL,NULL,"Y",NULL,"OTHER",NULL,NULL,NULL,NULL,NULL,NULL,NULL,NULL,NULL,NULL,NULL,NULL,NULL,NULL,NULL,NULL,NULL,NULL,NULL,NULL,NULL,NULL,NULL,NULL,NULL,NULL,NULL,NULL,NULL,NULL,NULL,NULL,NULL
"1144913","aaa80c8efd9471993027dc3adf46fdbc75691630c7b3d3fa17cfdda8a3006b0dab99a92a68168cdba3ef92cd92ac87a551887f5e1e21b6868a5d861ed9d9c550","JE306599","07/19/2021 10:00:00 AM","2","DRIVER",NULL,"1086618.0",NULL,"UNKNOWN","OTHER (EXPLAIN IN NARRATIVE)","IL","2018.0","NONE","TRACTOR W/ SEMI-TRAILER","UNKNOWN/NA","E","STRAIGHT AHEAD",NULL,NULL,"1.0",NULL,NULL,NULL,NULL,NULL,NULL,NULL,NULL,NULL,NULL,NULL,NULL,NULL,"Y","Y",NULL,NULL,"TOTAL (ALL AREAS)",NULL,NULL,NULL,NULL,NULL,NULL,NULL,NULL,NULL,NULL,NULL,NULL,NULL,NULL,NULL,NULL,NULL,NULL,NULL,NULL,NULL,NULL,NULL,NULL,NULL,NULL,NULL,NULL,NULL,NULL,NULL,NULL,NULL
"1145118","3e894238622d0ddc627c157ac73c4f071010b3d28686e7225249b31e885640b0c2c6096d42056d65f57e9b888b4cc552c15f33b78ce9c38b611e7273dae01b98","JE310278","07/22/2021 02:20:00 PM","2","DRIVER","1.0","1086216.0",NULL,"JEEP","GRAND CHEROKEE","IL","2008.0","NONE","PASSENGER","PERSONAL","N","STRAIGHT AHEAD","Y",NULL,"2.0",NULL,"private tow",NULL,NULL,"Y","Y",NULL,NULL,NULL,NULL,NULL,NULL,NULL,NULL,"Y","Y",NULL,"OTHER",NULL,NULL,NULL,NULL,NULL,NULL,NULL,NULL,NULL,NULL,NULL,NULL,NULL,NULL,NULL,NULL,NULL,NULL,NULL,NULL,NULL,NULL,NULL,NULL,NULL,NULL,NULL,NULL,NULL,NULL,NULL,NULL,NULL
"1145182","46c741cb70343d96f1232d2342e12a28187e7c771f6701ffb13466ef8cd54e1830c468f4c195f758952fb04631a81c520e1ecbe2cde44caaaac951547f5716ec","JE310293","07/22/2021 02:35:00 PM","1","DRIVER",NULL,"1086269.0",NULL,"BUICK","ENCLAVE","IL","2015.0","UNKNOWN","PASSENGER","PERSONAL","N","BACKING",NULL,NULL,"1.0",NULL,NULL,NULL,NULL,NULL,NULL,NULL,NULL,NULL,"Y",NULL,NULL,NULL,NULL,NULL,NULL,NULL,"REAR-LEFT",NULL,NULL,NULL,NULL,NULL,NULL,NULL,NULL,NULL,NULL,NULL,NULL,NULL,NULL,NULL,NULL,NULL,NULL,NULL,NULL,NULL,NULL,NULL,NULL,NULL,NULL,NULL,NULL,NULL,NULL,NULL,NULL,NULL
"1145187","44a33e4bf96bf66e2f7f1bfe2c3157b7a64ffb8cc2a2b85441c9c9d5be87401fd68ff283c04d68a25ac76c0ff5c51e9803769ac68350422123dc215c56238c7d","JE310410","07/22/2021 04:15:00 PM","1","DRIVER",NULL,"1086264.0",NULL,"TOYOTA","COROLLA","IL","2010.0","NONE","PASSENGER","PERSONAL","S","STRAIGHT AHEAD",NULL,NULL,"1.0",NULL,NULL,NULL,NULL,NULL,NULL,NULL,NULL,NULL,NULL,NULL,NULL,NULL,NULL,NULL,"Y",NULL,"OTHER",NULL,NULL,NULL,NULL,NULL,NULL,NULL,NULL,NULL,NULL,NULL,NULL,NULL,NULL,NULL,NULL,NULL,NULL,NULL,NULL,NULL,NULL,NULL,NULL,NULL,NULL,NULL,NULL,NULL,NULL,NULL,NULL,NULL
"1145340","3e4270ea665318e9b28bedac6fa5d600d97220792102d96f39ecf5c3b85ee06840e6e7d87cf49291b20ecf1857c8005e1756c55e749b12a131bbcf6896500ac3","JE310610","07/22/2021 05:15:00 PM","2","PARKED",NULL,"1086412.0",NULL,"GENERAL MOTORS CORPORATION (GMC)","YUKON","IL","2021.0","NONE","PASSENGER","PERSONAL","UNKNOWN","PARKED",NULL,NULL,"0.0",NULL,NULL,NULL,NULL,NULL,NULL,NULL,NULL,NULL,"Y","Y",NULL,NULL,NULL,NULL,NULL,NULL,"FRONT-LEFT",NULL,NULL,NULL,NULL,NULL,NULL,NULL,NULL,NULL,NULL,NULL,NULL,NULL,NULL,NULL,NULL,NULL,NULL,NULL,NULL,NULL,NULL,NULL,NULL,NULL,NULL,NULL,NULL,NULL,NULL,NULL,NULL,NULL
"1145483","b073360e02e8009ebb9014969bdcb4d7f66b5d99b6fe3d11064868b005af85cce151a6c606aa2c9aace0fa1e0460fbe0d19359fb20efeba61b0ce064bb2ed17b","JE310836","07/23/2021 12:09:00 AM","2","PARKED",NULL,"1086560.0",NULL,"HYUNDAI","ELANTRA","IL","2012.0","NONE","PASSENGER","NOT IN USE","W","PARKED",NULL,NULL,"0.0",NULL,NULL,NULL,NULL,NULL,NULL,NULL,NULL,NULL,"Y",NULL,NULL,NULL,NULL,"Y","Y",NULL,"OTHER",NULL,NULL,NULL,NULL,NULL,NULL,NULL,NULL,NULL,NULL,NULL,NULL,NULL,NULL,NULL,NULL,NULL,NULL,NULL,NULL,NULL,NULL,NULL,NULL,NULL,NULL,NULL,NULL,NULL,NULL,NULL,NULL,NULL
"1145682","c4db369262a715ab6fcd786895f7912b6e192e964910855617cf70c03d011751e953096f29f866eeeed58719b73aa05933ec38a6d93dd5188d2234d91d2e5ade","JE311251","07/23/2021 11:25:00 AM","2","DRIVER",NULL,"1086740.0",NULL,"VOLKSWAGEN","TIGUAN","IN","2018.0","UNKNOWN","PASSENGER","PERSONAL","E","SLOW/STOP IN TRAFFIC",NULL,NULL,"1.0",NULL,NULL,NULL,NULL,NULL,NULL,NULL,NULL,"Y","Y","Y",NULL,NULL,NULL,NULL,NULL,NULL,"REAR-LEFT",NULL,NULL,NULL,NULL,NULL,NULL,NULL,NULL,NULL,NULL,NULL,NULL,NULL,NULL,NULL,NULL,NULL,NULL,NULL,NULL,NULL,NULL,NULL,NULL,NULL,NULL,NULL,NULL,NULL,NULL,NULL,NULL,NULL
"1145749","36a4f3b5d9d246edc9a2b0b283954a8a028cb4a2e87203ca53f6916e2c1b3b4115747d1fecd221c26218bdfe31ba2dffd01c8dd92a7e4fd6b0e585bba0c7baf9","JE311351","07/23/2021 01:10:00 PM","1","DRIVER",NULL,"1086804.0",NULL,"DODGE","RAM 2500 VAN","IL","2016.0","NONE","VAN/MINI-VAN","CONSTRUCTION/MAINTENANCE","W","STRAIGHT AHEAD","Y",NULL,"1.0",NULL,"PRIVATE",NULL,NULL,"Y",NULL,NULL,NULL,NULL,NULL,NULL,NULL,NULL,NULL,"Y","Y",NULL,"OTHER",NULL,NULL,NULL,NULL,NULL,NULL,NULL,NULL,NULL,NULL,NULL,NULL,NULL,NULL,NULL,NULL,NULL,NULL,NULL,NULL,NULL,NULL,NULL,NULL,NULL,NULL,NULL,NULL,NULL,NULL,NULL,NULL,NULL
"1145876","ce0709694f034376c53885b6178c7c3133207514fa2da10043bc2030aff8e1234803b4c4726bb6907f117158cc9049fc96b6c4ea16cd61c817275981df684901","JE311485","07/23/2021 02:25:00 PM","1","DRIVER",NULL,"1086920.0",NULL,"TOYOTA","OTHER (EXPLAIN IN NARRATIVE)","IL","2020.0","UNKNOWN","PASSENGER","PERSONAL","E","TURNING RIGHT",NULL,NULL,"1.0",NULL,NULL,NULL,NULL,"Y",NULL,NULL,NULL,NULL,NULL,NULL,NULL,NULL,NULL,NULL,NULL,NULL,"FRONT",NULL,NULL,NULL,NULL,NULL,NULL,NULL,NULL,NULL,NULL,NULL,NULL,NULL,NULL,NULL,NULL,NULL,NULL,NULL,NULL,NULL,NULL,NULL,NULL,NULL,NULL,NULL,NULL,NULL,NULL,NULL,NULL,NULL
"1145882","1919514313801da12667c35dc35ab35c22682e6258f9fb36edf3f45c98b57457efee04b408420b1ff1b55cb1f8a560dcb5689561c7533ea9d644c07542dbb8ea","JE311566","07/23/2021 02:58:00 PM","2","DRIVER",NULL,"1086945.0",NULL,"TOYOTA","RAV4","IL","2009.0","UNKNOWN","PASSENGER","PERSONAL","S","STRAIGHT AHEAD",NULL,NULL,"1.0",NULL,NULL,NULL,NULL,NULL,NULL,NULL,NULL,NULL,NULL,NULL,NULL,NULL,NULL,NULL,"Y",NULL,"OTHER",NULL,NULL,NULL,NULL,NULL,NULL,NULL,NULL,NULL,NULL,NULL,NULL,NULL,NULL,NULL,NULL,NULL,NULL,NULL,NULL,NULL,NULL,NULL,NULL,NULL,NULL,NULL,NULL,NULL,NULL,NULL,NULL,NULL
"1145999","68669f6c3df1f7e0717d417043b526d5ce57410bde9e6899f6a10e32a324379c451540bae14bdaa45c70b8b9963a71869416ca215e8641050d801d108cd4cfd9","JE311708","07/23/2021 06:10:00 PM","1","DRIVER",NULL,"1087032.0",NULL,"JEEP","JEEP","IL","2019.0","UNKNOWN","SPORT UTILITY VEHICLE (SUV)","PERSONAL","N","STRAIGHT AHEAD",NULL,NULL,"1.0",NULL,NULL,NULL,NULL,NULL,NULL,NULL,NULL,NULL,NULL,NULL,NULL,NULL,NULL,NULL,"Y",NULL,"OTHER",NULL,NULL,NULL,NULL,NULL,NULL,NULL,NULL,NULL,NULL,NULL,NULL,NULL,NULL,NULL,NULL,NULL,NULL,NULL,NULL,NULL,NULL,NULL,NULL,NULL,NULL,NULL,NULL,NULL,NULL,NULL,NULL,NULL
"1146211","8f99e8e21518dd6d40ea5747ceddc7196eecd8602acae2fc5ab24a13e62321bf593bba6ce0d36d4d1fbc663c2f18d3554dcbbdfdafffb86bd9fe7776a248c2f0","JE311932","07/23/2021 10:52:00 PM","2","DRIVER","2.0","1087269.0",NULL,"NISSAN","ALTIMA","IN","2012.0","NONE","PASSENGER","PERSONAL","E","STRAIGHT AHEAD","Y",NULL,"3.0",NULL,"STREETS AND SANS","POUND 2",NULL,"Y","Y",NULL,NULL,NULL,NULL,NULL,NULL,NULL,"Y","Y","Y","Y","OTHER",NULL,NULL,NULL,NULL,NULL,NULL,NULL,NULL,NULL,NULL,NULL,NULL,NULL,NULL,NULL,NULL,NULL,NULL,NULL,NULL,NULL,NULL,NULL,NULL,NULL,NULL,NULL,NULL,NULL,NULL,NULL,NULL,NULL
"1146952","821bff7e2ca017cf95c8ef1142e2877c39a98d20c0d43403ca55b60a632a84ae1c6c8bc498174dfb27b9ea1d18eb3ba0d9f28b3f7313002fa480b47f462c0de9","JE313004","07/24/2021 08:55:00 PM","1","DRIVER",NULL,"1087950.0",NULL,"FORD","CROWN VICTORIA","IL","2009.0","UNKNOWN","PASSENGER","PERSONAL","E","STRAIGHT AHEAD",NULL,NULL,"1.0",NULL,NULL,NULL,NULL,NULL,NULL,NULL,NULL,NULL,NULL,NULL,NULL,NULL,"Y","Y",NULL,NULL,"TOTAL (ALL AREAS)",NULL,NULL,NULL,NULL,NULL,NULL,NULL,NULL,NULL,NULL,NULL,NULL,NULL,NULL,NULL,NULL,NULL,NULL,NULL,NULL,NULL,NULL,NULL,NULL,NULL,NULL,NULL,NULL,NULL,NULL,NULL,NULL,NULL
"1147004","518e200eae8a05bd28930eae4cba5266e470cebccaa04895dfb6ebebcde91e61132aa984545b4185841679acd6815e04041ff82782516dfa9b1b61d0dbc2a805","JE313089","07/24/2021 09:55:00 PM","2","DRIVER",NULL,"1088004.0",NULL,"TOYOTA","CAMRY","IL","2012.0","NONE","PASSENGER","PERSONAL","S","STRAIGHT AHEAD",NULL,NULL,"1.0",NULL,NULL,NULL,NULL,NULL,NULL,NULL,NULL,NULL,NULL,"Y","Y",NULL,NULL,NULL,NULL,NULL,"ROOF",NULL,NULL,NULL,NULL,NULL,NULL,NULL,NULL,NULL,NULL,NULL,NULL,NULL,NULL,NULL,NULL,NULL,NULL,NULL,NULL,NULL,NULL,NULL,NULL,NULL,NULL,NULL,NULL,NULL,NULL,NULL,NULL,NULL
"1147476","6013bd2409fe398c24cdfde6ad411eaebbd7479d66f99676617a8cefa034033bc72b8a62ee90781467b9fc7f00f216bf1364d715fd9445074cc248e5292cbd35","JE313815","07/25/2021 03:43:00 PM","3","DRIVER",NULL,"1088466.0",NULL,"MAZDA","CX-5","IL","2014.0","NONE","PASSENGER","PERSONAL","W","STRAIGHT AHEAD",NULL,NULL,"1.0",NULL,NULL,NULL,NULL,NULL,NULL,NULL,NULL,"Y","Y","Y",NULL,NULL,NULL,NULL,NULL,NULL,"REAR-LEFT",NULL,NULL,NULL,NULL,NULL,NULL,NULL,NULL,NULL,NULL,NULL,NULL,NULL,NULL,NULL,NULL,NULL,NULL,NULL,NULL,NULL,NULL,NULL,NULL,NULL,NULL,NULL,NULL,NULL,NULL,NULL,NULL,NULL
"1147536","e77ce28452320f4d24e0f31d5d45dc4e8f626209d5d19198d997537ae482c5fb1b862a345b35c63a8a5c2c0f72f2484cc72c146d87a44cb05244c6ac4b4fcf48","JE313876","07/25/2021 03:56:00 PM","1","DRIVER",NULL,"1088521.0",NULL,"HYUNDAI","OTHER (EXPLAIN IN NARRATIVE)","OH","2016.0","UNKNOWN","PASSENGER","PERSONAL","S","STRAIGHT AHEAD",NULL,NULL,"1.0",NULL,NULL,NULL,NULL,NULL,NULL,NULL,NULL,NULL,NULL,NULL,NULL,NULL,NULL,NULL,"Y",NULL,"OTHER",NULL,NULL,NULL,NULL,NULL,NULL,NULL,NULL,NULL,NULL,NULL,NULL,NULL,NULL,NULL,NULL,NULL,NULL,NULL,NULL,NULL,NULL,NULL,NULL,NULL,NULL,NULL,NULL,NULL,NULL,NULL,NULL,NULL
"1147771","581c1084a2659008593a308ecd624cd0e357dbfa7e79f0440299ee19aedd85d9fc5b76769355bc1a6d3fe5c87fdfc75a1a554b4a52fe665f0a08ae11ba339fe8","JE314257","07/26/2021 01:10:00 AM","1","DRIVER",NULL,"1088737.0",NULL,"CHEVROLET","IMPALA","IL","2014.0","UNKNOWN","PASSENGER","PERSONAL","N","STRAIGHT AHEAD","Y",NULL,"1.0",NULL,"streets and sanatations","10301 s doty ave",NULL,"Y",NULL,NULL,NULL,NULL,NULL,NULL,NULL,NULL,NULL,NULL,"Y",NULL,"OTHER",NULL,NULL,NULL,NULL,NULL,NULL,NULL,NULL,NULL,NULL,NULL,NULL,NULL,NULL,NULL,NULL,NULL,NULL,NULL,NULL,NULL,NULL,NULL,NULL,NULL,NULL,NULL,NULL,NULL,NULL,NULL,NULL,NULL
"1148226","bce1ba0b3b6ea9dd762a6173d31c2f4bab2b6b5d920b5ac96d45022432a1f819ab8876e5b9f775cb32286dfcba238454f9ddba8163a25308dbb18b410cc45033","JE315088","07/26/2021 05:00:00 PM","1","DRIVER",NULL,"1089172.0",NULL,"MAZDA","CX-9","IL","2011.0","NONE","SPORT UTILITY VEHICLE (SUV)","PERSONAL","N","STRAIGHT AHEAD",NULL,NULL,"1.0",NULL,NULL,NULL,NULL,"Y",NULL,NULL,NULL,NULL,NULL,NULL,NULL,NULL,NULL,"Y","Y",NULL,"OTHER",NULL,NULL,NULL,NULL,NULL,NULL,NULL,NULL,NULL,NULL,NULL,NULL,NULL,NULL,NULL,NULL,NULL,NULL,NULL,NULL,NULL,NULL,NULL,NULL,NULL,NULL,NULL,NULL,NULL,NULL,NULL,NULL,NULL
"1148513","d281b36b4634c760c1f925120a40c19b5d22593234b9e983e86e9e4859ac762fb6413405624a55cdad5965c40487c3df01e814523b116af3a27bd396c5c410ef","JE314740","07/26/2021 12:20:00 PM","1","DRIVER",NULL,"1089439.0",NULL,"TOYOTA","COROLLA","IL","2013.0","NONE","PASSENGER","PERSONAL","N","UNKNOWN/NA",NULL,NULL,"1.0",NULL,NULL,NULL,NULL,"Y",NULL,NULL,NULL,NULL,NULL,NULL,NULL,NULL,NULL,NULL,NULL,NULL,"FRONT-RIGHT",NULL,NULL,NULL,NULL,NULL,NULL,NULL,NULL,NULL,NULL,NULL,NULL,NULL,NULL,NULL,NULL,NULL,NULL,NULL,NULL,NULL,NULL,NULL,NULL,NULL,NULL,NULL,NULL,NULL,NULL,NULL,NULL,NULL
"1148621","674fe6ac441ee7f320469c255228e273bf7d865e92df50114120f77f41e2185107e3485f753d89c63f4418420687d495e2a6d682b78c6f19677a4b8cf301f66b","JE315731","07/27/2021 08:15:00 AM","1","DRIVER",NULL,"1089536.0",NULL,"HONDA","OTHER (EXPLAIN IN NARRATIVE)","IL","2010.0","UNKNOWN","PASSENGER","PERSONAL","UNKNOWN","BACKING",NULL,NULL,"1.0",NULL,NULL,NULL,NULL,NULL,NULL,NULL,NULL,NULL,"Y",NULL,NULL,NULL,NULL,NULL,NULL,NULL,"REAR-LEFT",NULL,NULL,NULL,NULL,NULL,NULL,NULL,NULL,NULL,NULL,NULL,NULL,NULL,NULL,NULL,NULL,NULL,NULL,NULL,NULL,NULL,NULL,NULL,NULL,NULL,NULL,NULL,NULL,NULL,NULL,NULL,NULL,NULL
"1148732","a13abe34d45a346594729af70a3bf2a6d60e52c49c4de84bf5e79a975c7b6916eda63c6b5befaa0f9f3d5a35d0279d74220b4eba8e3871a59f6ab2ab217f7075","JE315919","07/27/2021 11:42:00 AM","2","DRIVER","1.0","1089637.0",NULL,"BMW","OTHER (EXPLAIN IN NARRATIVE)","IL","2014.0","NONE","PASSENGER","PERSONAL","S","STRAIGHT AHEAD",NULL,NULL,"2.0",NULL,NULL,NULL,NULL,NULL,NULL,NULL,NULL,"Y","Y","Y",NULL,NULL,NULL,NULL,NULL,NULL,"REAR-LEFT",NULL,NULL,NULL,NULL,NULL,NULL,NULL,NULL,NULL,NULL,NULL,NULL,NULL,NULL,NULL,NULL,NULL,NULL,NULL,NULL,NULL,NULL,NULL,NULL,NULL,NULL,NULL,NULL,NULL,NULL,NULL,NULL,NULL
"1149307","b3531df0b5f01cbeb5230be2dc3688e70b10528d21bd000886c2148e10b6efe7053cf53ecc4b830544d9874f8b220c0b17cd48faddefee6561db8c11373b3d93","JE317019","07/28/2021 09:30:00 AM","2","DRIVER",NULL,"1090194.0",NULL,"HYUNDAI","SONATA","IL","2015.0","NONE","PASSENGER","PERSONAL","S","TURNING LEFT",NULL,NULL,"1.0",NULL,NULL,NULL,NULL,NULL,NULL,NULL,NULL,NULL,NULL,NULL,NULL,NULL,NULL,"Y","Y",NULL,"OTHER",NULL,NULL,NULL,NULL,NULL,NULL,NULL,NULL,NULL,NULL,NULL,NULL,NULL,NULL,NULL,NULL,NULL,NULL,NULL,NULL,NULL,NULL,NULL,NULL,NULL,NULL,NULL,NULL,NULL,NULL,NULL,NULL,NULL
"1149613","e1228cc5112b72d31035924e92dc7bead36fc1c1d998211544ff8d9d497bc4e5bd107921740acb3684c9158455fc9b0c77802ebcac40028e2411527d3b56874e","JE317539","07/28/2021 04:20:00 PM","3","DRIVER","1.0","1090490.0",NULL,"BUICK","ENCORE","IL","2017.0","NONE","PASSENGER","PERSONAL","E","STRAIGHT AHEAD",NULL,NULL,"2.0",NULL,NULL,NULL,NULL,NULL,NULL,NULL,NULL,NULL,"Y",NULL,NULL,NULL,NULL,NULL,NULL,NULL,"REAR-LEFT",NULL,NULL,NULL,NULL,NULL,NULL,NULL,NULL,NULL,NULL,NULL,NULL,NULL,NULL,NULL,NULL,NULL,NULL,NULL,NULL,NULL,NULL,NULL,NULL,NULL,NULL,NULL,NULL,NULL,NULL,NULL,NULL,NULL
"1149911","a5703af441fe2a3cb19aa4150ef18beeafee0252809e30c5d02a8ef1cb46d8fc08af07c63be65d91c73a79994ab76d491bc512baa39d020490a3886bdbd199a8","JE317979","07/29/2021 12:16:00 AM","1","DRIVER",NULL,"1090759.0",NULL,"NISSAN","SENTRA","IL","2019.0","NONE","PASSENGER","POLICE","W","UNKNOWN/NA",NULL,NULL,"1.0",NULL,NULL,NULL,NULL,NULL,NULL,NULL,NULL,NULL,NULL,NULL,NULL,NULL,NULL,"Y",NULL,NULL,"TOTAL (ALL AREAS)",NULL,NULL,NULL,NULL,NULL,NULL,NULL,NULL,NULL,NULL,NULL,NULL,NULL,NULL,NULL,NULL,NULL,NULL,NULL,NULL,NULL,NULL,NULL,NULL,NULL,NULL,NULL,NULL,NULL,NULL,NULL,NULL,NULL
"1149977","044d72bb684c17cb05ff0bce1ca5861779b1540dedf9b5221959f2a4bbc48a168d3287913e2ada77d78a8b9e766de86fa8cc5270c3246054f5fcb2c5b868bec1","JE318146","07/29/2021 08:00:00 AM","2","DRIVER",NULL,"1090825.0",NULL,"TOYOTA","COROLLA","IL","2009.0","NONE","PASSENGER","PERSONAL","E","STRAIGHT AHEAD",NULL,NULL,"1.0",NULL,NULL,NULL,NULL,"Y",NULL,NULL,NULL,NULL,NULL,NULL,NULL,NULL,NULL,NULL,NULL,NULL,"FRONT-RIGHT",NULL,NULL,NULL,NULL,NULL,NULL,NULL,NULL,NULL,NULL,NULL,NULL,NULL,NULL,NULL,NULL,NULL,NULL,NULL,NULL,NULL,NULL,NULL,NULL,NULL,NULL,NULL,NULL,NULL,NULL,NULL,NULL,NULL
"1150050","36b35f7fe3452b503cb28b72d1dee4d32e69c789e1b96aae5e4290da98aeac9e5ddadec2a4cd794d4a61ce3ec598e9f31a3aed0e95da453979e182fcf6d3da85","JE318290","07/28/2021 06:50:00 PM","1","DRIVER",NULL,"1090880.0",NULL,"CHEVROLET","TRAVERSE","IL","2010.0","UNKNOWN","UNKNOWN/NA","UNKNOWN/NA","N","ENTER FROM DRIVE/ALLEY",NULL,NULL,"1.0",NULL,NULL,NULL,NULL,NULL,NULL,NULL,NULL,NULL,NULL,"Y","Y","Y","Y","Y",NULL,NULL,"UNDER CARRIAGE",NULL,NULL,NULL,NULL,NULL,NULL,NULL,NULL,NULL,NULL,NULL,NULL,NULL,NULL,NULL,NULL,NULL,NULL,NULL,NULL,NULL,NULL,NULL,NULL,NULL,NULL,NULL,NULL,NULL,NULL,NULL,NULL,NULL