"CRASH_UNIT_ID","CRASH_RECORD_ID","RD_NO","CRASH_DATE","UNIT_NO","UNIT_TYPE","NUM_PASSENGERS","VEHICLE_ID","CMRC_VEH_I","MAKE","MODEL","LIC_PLATE_STATE","VEHICLE_YEAR","VEHICLE_DEFECT","VEHICLE_TYPE","VEHICLE_USE","TRAVEL_DIRECTION","MANEUVER","TOWED_I","FIRE_I","OCCUPANT_CNT","EXCEED_SPEED_LIMIT_I","TOWED_BY","TOWED_TO","AREA_00_I","AREA_01_I","AREA_02_I","AREA_03_I","AREA_04_I","AREA_05_I","AREA_06_I","AREA_07_I","AREA_08_I","AREA_09_I","AREA_10_I","AREA_11_I","AREA_12_I","AREA_99_I","FIRST_CONTACT_POINT","CMV_ID","USDOT_NO","CCMC_NO","ILCC_NO","COMMERCIAL_SRC","GVWR","CARRIER_NAME","CARRIER_STATE","CARRIER_CITY","HAZMAT_PLACARDS_I","HAZMAT_NAME","UN_NO","HAZMAT_PRESENT_I","HAZMAT_REPORT_I","HAZMAT_REPORT_NO","MCS_REPORT_I","MCS_REPORT_NO","HAZMAT_VIO_CAUSE_CRASH_I","MCS_VIO_CAUSE_CRASH_I","IDOT_PERMIT_NO","WIDE_LOAD_I","TRAILER1_WIDTH","TRAILER2_WIDTH","TRAILER1_LENGTH","TRAILER2_LENGTH","TOTAL_VEHICLE_LENGTH","AXLE_CNT","VEHICLE_CONFIG","CARGO_BODY_TYPE","LOAD_TYPE","HAZMAT_OUT_OF_SERVICE_I","MCS_OUT_OF_SERVICE_I","HAZMAT_CLASS"
"1157567","44e8649e2a59f25a2fcf97728a3c1b367abe7860487bc47a7589176c3f3b362b0daee20c7d141ea9d0c0a424ca93c705838d9a96b1adab781819a66bbfd1c135","JE330580","08/07/2021 06:00:00 PM","2","DRIVER",NULL,"1098048.0",NULL,"KIA","OPTIMA / K5","IL","2021.0","NONE","PASSENGER","PERSONAL","UNKNOWN","SLOW/STOP IN TRAFFIC",NULL,NULL,"1.0",NULL,NULL,NULL,NULL,NULL,NULL,NULL,NULL,NULL,"Y","Y",NULL,NULL,NULL,NULL,NULL,NULL,"REAR-LEFT",NULL,NULL,NULL,NULL,NULL,NULL,NULL,NULL,NULL,NULL,NULL,NULL,NULL,NULL,NULL,NULL,NULL,NULL,NULL,NULL,NULL,NULL,NULL,NULL,NULL,NULL,NULL,NULL,NULL,NULL,NULL,NULL,NULL
"1158017","26abce202ccbd5d0f86cfa9490c3d55367f483ecd4e340c269ecbcab0c3e259e2ad6f53fe73eb924e620535d40bbfff8767deee06bd6c7461da2e0ac27ea0ed7","JE331303","08/09/2021 12:15:00 AM","2","DRIVER",NULL,"1098483.0",NULL,"TOYOTA","CAMRY","MI","2021.0","UNKNOWN","PASSENGER","OTHER","W","STRAIGHT AHEAD",NULL,NULL,"1.0",NULL,NULL,NULL,NULL,"Y","Y",NULL,NULL,NULL,NULL,NULL,NULL,NULL,NULL,NULL,NULL,NULL,"FRONT",NULL,NULL,NULL,NULL,NULL,NULL,NULL,NULL,NULL,NULL,NULL,NULL,NULL,NULL,NULL,NULL,NULL,NULL,NULL,NULL,NULL,NULL,NULL,NULL,NULL,NULL,NULL,NULL,NULL,NULL,NULL,NULL,NULL
"1158180","130bd00d461e16cf412b5be96fa461eaafcab4084c021a1d6acb349cd627931db8ed72a28abb574ccc6732d060448d5e8d02b9cd0200908ac390e65c33112e3a","JE331659","08/09/2021 01:00:00 PM","3","PARKED",NULL,"1098636.0",NULL,"JEEP","WRANGLER","IL","2014.0","NONE","PASSENGER","NOT IN USE","UNKNOWN","PARKED",NULL,NULL,"0.0",NULL,NULL,NULL,NULL,NULL,NULL,NULL,NULL,NULL,NULL,NULL,NULL,NULL,NULL,NULL,"Y",NULL,"OTHER",NULL,NULL,NULL,NULL,NULL,NULL,NULL,NULL,NULL,NULL,NULL,NULL,NULL,NULL,NULL,NULL,NULL,NULL,NULL,NULL,NULL,NULL,NULL,NULL,NULL,NULL,NULL,NULL,NULL,NULL,NULL,NULL,NULL
"1158206","cc1ef3259fdf83751afe2d7f151b1e7a8adb37258be77a23ecdcaee07b5fa51251338ab48bacea19cfc7f09b865edd3616d7b1aac52cf773ad43e3a626975b7a","JE331679","08/08/2021 10:15:00 PM","1","DRIVER",NULL,"1098677.0",NULL,"JEEP","JEEP","IL","2015.0","UNKNOWN","TRUCK - SINGLE UNIT","PERSONAL","S","U-TURN","Y",NULL,"1.0",NULL,"unk","unk",NULL,"Y",NULL,NULL,NULL,NULL,NULL,NULL,NULL,NULL,NULL,NULL,"Y",NULL,"FRONT",NULL,NULL,NULL,NULL,NULL,NULL,NULL,NULL,NULL,NULL,NULL,NULL,NULL,NULL,NULL,NULL,NULL,NULL,NULL,NULL,NULL,NULL,NULL,NULL,NULL,NULL,NULL,NULL,NULL,NULL,NULL,NULL,NULL
"1158773","a51dbb36a7533f2c2e21d78ed44f7ee91ff61ec299512968e700facdc1546d407390166ae63e911b8328603a11dac7e2f2fa0d5e0de07aa613ddd86349aa627f","JE332539","08/06/2021 05:00:00 PM","2","PARKED",NULL,"1099213.0",NULL,"CHEVROLET","CRUZE","IL","2012.0","NONE","PASSENGER","PERSONAL","E","PARKED",NULL,NULL,"0.0",NULL,NULL,NULL,NULL,NULL,NULL,NULL,NULL,NULL,NULL,"Y","Y",NULL,NULL,NULL,NULL,NULL,"ROOF",NULL,NULL,NULL,NULL,NULL,NULL,NULL,NULL,NULL,NULL,NULL,NULL,NULL,NULL,NULL,NULL,NULL,NULL,NULL,NULL,NULL,NULL,NULL,NULL,NULL,NULL,NULL,NULL,NULL,NULL,NULL,NULL,NULL
"1158850","a2a8a73d77338a648eaba8d74c37d4850c74e413236ea6b8647a6adb2691d62c43e52ca514d441d562dcbf0ec877f5cb41aa01366a4850e675b53b88e18b4c09","JE332742","08/10/2021 12:30:00 PM","2","DRIVER",NULL,"1099293.0",NULL,"HONDA","ODYSSEY","IL","2009.0","NONE","VAN/MINI-VAN","PERSONAL","W","STRAIGHT AHEAD",NULL,NULL,"1.0",NULL,NULL,NULL,NULL,NULL,NULL,NULL,NULL,NULL,NULL,NULL,NULL,NULL,NULL,NULL,"Y",NULL,"OTHER",NULL,NULL,NULL,NULL,NULL,NULL,NULL,NULL,NULL,NULL,NULL,NULL,NULL,NULL,NULL,NULL,NULL,NULL,NULL,NULL,NULL,NULL,NULL,NULL,NULL,NULL,NULL,NULL,NULL,NULL,NULL,NULL,NULL
"1158945","2a856baa56701f40ad118af995355cf4d0e50edeaaebf7d3dee37be0b6e21f2790a4e15c2c7688cf6da5794cb05919ba0c1ef66ad9558833a8723af697638543","JE332830","08/10/2021 01:40:00 PM","1","DRIVER",NULL,"1099378.0",NULL,"VOLVO","TRUCK","IL","2014.0","UNKNOWN","TRUCK - SINGLE UNIT","OTHER","E","TURNING RIGHT",NULL,NULL,"1.0",NULL,NULL,NULL,NULL,"Y",NULL,NULL,NULL,NULL,NULL,NULL,NULL,NULL,NULL,"Y","Y",NULL,"OTHER",NULL,NULL,NULL,NULL,NULL,NULL,NULL,NULL,NULL,NULL,NULL,NULL,NULL,NULL,NULL,NULL,NULL,NULL,NULL,NULL,NULL,NULL,NULL,NULL,NULL,NULL,NULL,NULL,NULL,NULL,NULL,NULL,NULL
"1159198","d4cad4d1538344efd7981d30353b2f570b3b46dca678cc36a80e87b053aaf172f42d49347067e4ad6a12c33d7780e5718dd93dec31e9b80e4d5f15a9e37fbc85","JE333252","08/10/2021 09:16:00 PM","1","DRIVER","1.0","1099615.0",NULL,"DODGE","CARAVAN","IL","2018.0","UNKNOWN","VAN/MINI-VAN","PERSONAL","S","STRAIGHT AHEAD",NULL,NULL,"2.0",NULL,NULL,NULL,"Y","Y",NULL,NULL,NULL,NULL,NULL,NULL,NULL,NULL,NULL,"Y","Y",NULL,"OTHER",NULL,NULL,NULL,NULL,NULL,NULL,NULL,NULL,NULL,NULL,NULL,NULL,NULL,NULL,NULL,NULL,NULL,NULL,NULL,NULL,NULL,NULL,NULL,NULL,NULL,NULL,NULL,NULL,NULL,NULL,NULL,NULL,NULL
"1159274","bade8d612305aa50d2927bb1f95365838ba7d942c67aeb40069cd8fb0169912a5b601ff7fffdc238d9fd062b04a24a1c68dedf914057d8fd7ea33124ad3926a4","JE333359","08/11/2021 12:15:00 AM","3","PARKED",NULL,"1099684.0",NULL,"AUDI","A4","IL","2017.0","NONE","PASSENGER","PERSONAL","UNKNOWN","PARKED",NULL,NULL,"0.0",NULL,NULL,NULL,NULL,"N",NULL,NULL,NULL,"Y","Y","Y",NULL,NULL,NULL,"N","N",NULL,"REAR-LEFT",NULL,NULL,NULL,NULL,NULL,NULL,NULL,NULL,NULL,NULL,NULL,NULL,NULL,NULL,NULL,NULL,NULL,NULL,NULL,NULL,NULL,NULL,NULL,NULL,NULL,NULL,NULL,NULL,NULL,NULL,NULL,NULL,NULL
"1159342","3fbc2d4f7c000d7c16c83612043ee1321ebd66f7d0c32460658ceaecc9c6063c97869cf8a2fe07e307d2405de5c86d35cbc5003cebb65be331dc0c8f0632e692","JE333580","08/11/2021 02:34:00 AM","2","PARKED",NULL,"1099777.0",NULL,"DODGE","NITRO","IL","2011.0","UNKNOWN","PASSENGER","NOT IN USE","N","PARKED","Y",NULL,"0.0",NULL,NULL,NULL,NULL,NULL,NULL,NULL,NULL,NULL,"Y","Y","Y","Y","Y",NULL,"Y",NULL,"REAR",NULL,NULL,NULL,NULL,NULL,NULL,NULL,NULL,NULL,NULL,NULL,NULL,NULL,NULL,NULL,NULL,NULL,NULL,NULL,NULL,NULL,NULL,NULL,NULL,NULL,NULL,NULL,NULL,NULL,NULL,NULL,NULL,NULL
"1159406","82a9d44bcff765780b48cda081c037ce4d04046c292d05904679bfb5319c778020ad9043cb029c02b274f16a6323e396e67c2fc29c9a2ee36b537dfa756310b4","JE333658","08/11/2021 09:53:00 AM","2","PARKED",NULL,"1099793.0",NULL,"NISSAN","PATHFINDER",NULL,"2014.0","NONE","SPORT UTILITY VEHICLE (SUV)","NOT IN USE","N","PARKED",NULL,NULL,"0.0",NULL,NULL,NULL,NULL,NULL,NULL,NULL,"Y",NULL,NULL,NULL,NULL,NULL,NULL,NULL,NULL,NULL,"SIDE-RIGHT",NULL,NULL,NULL,NULL,NULL,NULL,NULL,NULL,NULL,NULL,NULL,NULL,NULL,NULL,NULL,NULL,NULL,NULL,NULL,NULL,NULL,NULL,NULL,NULL,NULL,NULL,NULL,NULL,NULL,NULL,NULL,NULL,NULL
"1159423","b262242e514b482b70d25b3b140da2c5377f731c4e7801f59893d480110303a5acf54477c41ca1ea0bfd3a245de4a3e14fa9254bf906cbab6bf6338ddf2eb408","JE333633","08/11/2021 09:20:00 AM","1","DRIVER","2.0","1099828.0","Y","BLUE BIRD BODY COMPANY","BLUE BIRD BODY CO.","IL","2014.0","NONE","BUS UP TO 15 PASS.","SCHOOL BUS","E","STRAIGHT AHEAD","N",NULL,"3.0",NULL,NULL,NULL,NULL,"Y",NULL,NULL,NULL,NULL,NULL,NULL,NULL,NULL,NULL,NULL,NULL,NULL,"FRONT-RIGHT","12715.0",NULL,NULL,NULL,NULL,NULL,NULL,NULL,NULL,NULL,NULL,NULL,NULL,NULL,NULL,NULL,NULL,NULL,NULL,NULL,NULL,NULL,NULL,NULL,NULL,NULL,NULL,"BUS","BUS","OTHER",NULL,NULL,NULL
"1159900","b9e6a46447b3ecde318ef4a29c10ef479d75cec049d1bd27076a06bb04064d29206fefea337939b855d87488ca0365366fc72eb333fba65bbbcce509f995dd0b","JE334301","08/11/2021 07:00:00 PM","1","DRIVER","1.0","1100267.0",NULL,"BMW","535 SERIES","IL","2012.0","NONE","PASSENGER","PERSONAL","N","STRAIGHT AHEAD",NULL,NULL,"2.0",NULL,NULL,NULL,NULL,"Y","Y",NULL,NULL,NULL,NULL,NULL,NULL,NULL,NULL,NULL,NULL,NULL,"FRONT",NULL,NULL,NULL,NULL,NULL,NULL,NULL,NULL,NULL,NULL,NULL,NULL,NULL,NULL,NULL,NULL,NULL,NULL,NULL,NULL,NULL,NULL,NULL,NULL,NULL,NULL,NULL,NULL,NULL,NULL,NULL,NULL,NULL
"1160242","674303e75b8db21e0d774991366bfdf074aed81966bc97e1d5199148e38e08057f6fe2583b5526058365f4323a0128e51d796dc77582617e0f81f4c2313eddc5","JE335008","08/12/2021 01:00:00 PM","2","DRIVER",NULL,"1100598.0",NULL,"KIA","SOUL","IL","2016.0","NONE","PASSENGER","PERSONAL","E","SLOW/STOP IN TRAFFIC",NULL,NULL,"1.0",NULL,NULL,NULL,NULL,NULL,NULL,NULL,NULL,NULL,"Y",NULL,NULL,NULL,NULL,NULL,NULL,NULL,"REAR-LEFT",NULL,NULL,NULL,NULL,NULL,NULL,NULL,NULL,NULL,NULL,NULL,NULL,NULL,NULL,NULL,NULL,NULL,NULL,NULL,NULL,NULL,NULL,NULL,NULL,NULL,NULL,NULL,NULL,NULL,NULL,NULL,NULL,NULL
"1160554","f3a093f097f0105fd7e9a9b2714c866f7ae5d8805ba36b192174e9150fa35611a27637657bf9dc4a20fa1b378c01c907f4953a78ab7b16bb1237cf21dbc2a974","JE335443","08/12/2021 07:58:00 PM","1","DRIVER",NULL,"1100900.0",NULL,"CADILLAC","OTHER (EXPLAIN IN NARRATIVE)","IL","2015.0","UNKNOWN","SPORT UTILITY VEHICLE (SUV)","UNKNOWN/NA","N","STRAIGHT AHEAD",NULL,NULL,"1.0",NULL,NULL,NULL,NULL,NULL,NULL,NULL,NULL,NULL,NULL,NULL,NULL,NULL,NULL,NULL,NULL,"Y","UNKNOWN",NULL,NULL,NULL,NULL,NULL,NULL,NULL,NULL,NULL,NULL,NULL,NULL,NULL,NULL,NULL,NULL,NULL,NULL,NULL,NULL,NULL,NULL,NULL,NULL,NULL,NULL,NULL,NULL,NULL,NULL,NULL,NULL,NULL
"1160571","10dc3e58be90be9cabc8e3c13049749741c62a69636170ebe2e32b5fa96cdd8d7fd1001453f7465d81cdabaf44381636bdd84f218c55092861a62bf9eb2a7838","JE335494","08/12/2021 09:50:00 PM","1","DRIVER",NULL,"1100911.0",NULL,"HONDA","ACCORD",NULL,"2014.0","NONE","PASSENGER","PERSONAL","N","STRAIGHT AHEAD",NULL,NULL,"1.0",NULL,NULL,NULL,NULL,NULL,NULL,NULL,NULL,NULL,NULL,NULL,NULL,NULL,NULL,NULL,"Y",NULL,"OTHER",NULL,NULL,NULL,NULL,NULL,NULL,NULL,NULL,NULL,NULL,NULL,NULL,NULL,NULL,NULL,NULL,NULL,NULL,NULL,NULL,NULL,NULL,NULL,NULL,NULL,NULL,NULL,NULL,NULL,NULL,NULL,NULL,NULL
"1160995","ed641c4d1dff7a15f242f994e213ca131f0391a494f2fd33a1ae2b8328a5cb00eff613c3a71c7a0cef7844774d906b3279243dfefa43ab88facaf8758700ca7e","JE336243","08/12/2021 04:20:00 PM","2","DRIVER",NULL,"1101324.0",NULL,"CHEVROLET","C/K 1500","IL","2016.0","NONE","PASSENGER","PERSONAL","S","SLOW/STOP IN TRAFFIC",NULL,NULL,"1.0",NULL,NULL,NULL,NULL,NULL,NULL,NULL,NULL,NULL,"Y","Y","Y",NULL,NULL,NULL,NULL,NULL,"SIDE-LEFT",NULL,NULL,NULL,NULL,NULL,NULL,NULL,NULL,NULL,NULL,NULL,NULL,NULL,NULL,NULL,NULL,NULL,NULL,NULL,NULL,NULL,NULL,NULL,NULL,NULL,NULL,NULL,NULL,NULL,NULL,NULL,NULL,NULL
"1161122","4e2b5030605078041cbb81da202be99dc5aade24952ce71bd643fc337873ceeb0a61c716d2b17dc524213bb7b1e24a7d28039b501bebda2f364f82dad3435fda","JE336315","08/13/2021 03:31:00 PM","2","DRIVER","1.0","1101452.0",NULL,"HYUNDAI","ELANTRA","IL","2012.0","NONE","PASSENGER","NOT IN USE","E","SLOW/STOP IN TRAFFIC",NULL,NULL,"2.0",NULL,NULL,NULL,NULL,NULL,NULL,NULL,NULL,NULL,"Y",NULL,NULL,NULL,NULL,NULL,"N",NULL,"REAR-LEFT",NULL,NULL,NULL,NULL,NULL,NULL,NULL,NULL,NULL,NULL,NULL,NULL,NULL,NULL,NULL,NULL,NULL,NULL,NULL,NULL,NULL,NULL,NULL,NULL,NULL,NULL,NULL,NULL,NULL,NULL,NULL,NULL,NULL
"1161260","4780ecd883c8211f5310cd6248f2ac30d7c4d3fad3ff5806e1c725d7dff524e69fea8bc5e021ed0a4ce722780f351dd343b79cf68b606c5489610a21a7861859","JE336521","08/13/2021 08:22:00 PM","3","DRIVER","1.0","1101607.0",NULL,"VOLVO","XC90","MI","2021.0","UNKNOWN","SPORT UTILITY VEHICLE (SUV)","PERSONAL","W","SLOW/STOP IN TRAFFIC","Y",NULL,"2.0",NULL,"PRIVATE TOW",NULL,NULL,"Y",NULL,NULL,NULL,NULL,NULL,NULL,NULL,NULL,NULL,NULL,"Y",NULL,"FRONT",NULL,NULL,NULL,NULL,NULL,NULL,NULL,NULL,NULL,NULL,NULL,NULL,NULL,NULL,NULL,NULL,NULL,NULL,NULL,NULL,NULL,NULL,NULL,NULL,NULL,NULL,NULL,NULL,NULL,NULL,NULL,NULL,NULL
"1161297","02a2f53807027556c36ce80ed5df0099d70dbe41a586a39d181238bcb34a1f3b1c86ccc53ed10e9db317553ee86f268b13f3fc9eef93ac0af3d90d6d2e59d7a5","JE336588","08/12/2021 11:00:00 PM","2","PARKED",NULL,"1101598.0","Y","DODGE","CARAVAN","IL","2019.0","NONE","VAN/MINI-VAN","OTHER","UNKNOWN","PARKED",NULL,NULL,"0.0",NULL,NULL,NULL,NULL,NULL,NULL,NULL,"Y","Y",NULL,NULL,NULL,NULL,NULL,NULL,NULL,NULL,"REAR",NULL,NULL,NULL,NULL,NULL,NULL,NULL,NULL,NULL,NULL,NULL,NULL,NULL,NULL,NULL,NULL,NULL,NULL,NULL,NULL,NULL,NULL,NULL,NULL,NULL,NULL,NULL,NULL,NULL,NULL,NULL,NULL,NULL
"1161325","2c253574d1fb008fc4c4a6bcc4fd6ddf40a0a50d707998637450d9acaa6c911d894a55daf88b9f43cb149051492f7617d307f5d68f8e309f6d134c6ab8c8bc97","JE336485","08/13/2021 07:19:00 PM","1","DRIVER","1.0","1101622.0",NULL,"NISSAN","ROGUE","IL","2020.0","UNKNOWN","PASSENGER","PERSONAL","W","TURNING LEFT",NULL,NULL,"2.0",NULL,NULL,NULL,NULL,NULL,NULL,NULL,NULL,NULL,NULL,NULL,NULL,NULL,NULL,"Y","Y",NULL,"TOTAL (ALL AREAS)",NULL,NULL,NULL,NULL,NULL,NULL,NULL,NULL,NULL,NULL,NULL,NULL,NULL,NULL,NULL,NULL,NULL,NULL,NULL,NULL,NULL,NULL,NULL,NULL,NULL,NULL,NULL,NULL,NULL,NULL,NULL,NULL,NULL
"1161894","234b4b3e66161e6b93f2650b81f4941bc7692722ae6372e215cb59f11081b6136c918c1c644a10ff8af6523ca52628ee042ec60891990a925c88df7766147928","JE337324","08/14/2021 04:00:00 PM","1","DRIVER",NULL,"1102152.0",NULL,"HONDA","CR-V","IL","2014.0","UNKNOWN","PASSENGER","PERSONAL","N","PASSING/OVERTAKING",NULL,NULL,"1.0",NULL,NULL,NULL,NULL,NULL,NULL,NULL,NULL,NULL,NULL,NULL,NULL,NULL,"Y","Y","Y",NULL,"TOTAL (ALL AREAS)",NULL,NULL,NULL,NULL,NULL,NULL,NULL,NULL,NULL,NULL,NULL,NULL,NULL,NULL,NULL,NULL,NULL,NULL,NULL,NULL,NULL,NULL,NULL,NULL,NULL,NULL,NULL,NULL,NULL,NULL,NULL,NULL,NULL
"1162156","d0c463e5e7bbfc61ea7e046d9647508ec6292cf602af5d05e04462c1582f1bcdb6012eb239a9fff45612cda6509fc91b453f892dd2d3822d4b9a07bd46e06265","JE337722","08/14/2021 01:00:00 PM","1","DRIVER",NULL,"1102393.0",NULL,"RANGE ROVER OF NORTH AMERICA","RANGE ROVER OF NORTH AMERICA","IL","2013.0","UNKNOWN","SPORT UTILITY VEHICLE (SUV)","PERSONAL","UNKNOWN","BACKING",NULL,NULL,"1.0",NULL,NULL,NULL,NULL,NULL,NULL,NULL,NULL,NULL,NULL,"Y","Y",NULL,NULL,NULL,NULL,NULL,"SIDE-LEFT",NULL,NULL,NULL,NULL,NULL,NULL,NULL,NULL,NULL,NULL,NULL,NULL,NULL,NULL,NULL,NULL,NULL,NULL,NULL,NULL,NULL,NULL,NULL,NULL,NULL,NULL,NULL,NULL,NULL,NULL,NULL,NULL,NULL
"1162566","9d55a34a42d7cb7f5759a26188c25376c030e32eccf6ee6866a0d950ba103df5f0ea80d84f8b9ff33a56fb54e50c09838958dcc786237af3cf8c1cd1c5e0f6be","JE338388","08/15/2021 03:50:00 PM","1","DRIVER",NULL,"1102795.0",NULL,"JEEP","PATRIOT","IL","2008.0","TIRES","PASSENGER","PERSONAL","E","STRAIGHT AHEAD","Y",NULL,"1.0",NULL,"private","home",NULL,"Y",NULL,NULL,NULL,NULL,NULL,NULL,NULL,NULL,NULL,"Y","Y",NULL,"OTHER",NULL,NULL,NULL,NULL,NULL,NULL,NULL,NULL,NULL,NULL,NULL,NULL,NULL,NULL,NULL,NULL,NULL,NULL,NULL,NULL,NULL,NULL,NULL,NULL,NULL,NULL,NULL,NULL,NULL,NULL,NULL,NULL,NULL
"1162692","37c283a4c9e3a00679695d72209a71bfdc908daa44538a91b55b0891afef56110fa1af30637b7a54a93342828dde9c4c0de0fd3a76e252ea1613922bda321e66","JE338566","08/15/2021 06:31:00 PM","2","DRIVER","3.0","1102915.0",NULL,"JEEP","JEEP","IL","2018.0","NONE","SPORT UTILITY VEHICLE (SUV)","PERSONAL","W","STRAIGHT AHEAD","Y",NULL,"4.0",NULL,"personal tow","home",NULL,NULL,NULL,NULL,NULL,NULL,NULL,NULL,NULL,"Y",NULL,NULL,NULL,NULL,"ROOF",NULL,NULL,NULL,NULL,NULL,NULL,NULL,NULL,NULL,NULL,NULL,NULL,NULL,NULL,NULL,NULL,NULL,NULL,NULL,NULL,NULL,NULL,NULL,NULL,NULL,NULL,NULL,NULL,NULL,NULL,NULL,NULL,NULL
"1162809","e64fe44b4067cb8925595d530fde809a247c43b763f451dd60b3a4cddf1a3b8121d7fc4d0aebdb62368d2d186a9932ab24fee23f14028e5b6c17696240fd7c9a","JE338819","08/16/2021 01:50:00 AM","1","DRIVER",NULL,"1103026.0",NULL,"HYUNDAI","ELANTRA","IL","2016.0","UNKNOWN","PASSENGER","PERSONAL","N","STRAIGHT AHEAD","Y",NULL,"1.0",NULL,"CAR OWNER","CAR OWNER",NULL,"Y","Y",NULL,NULL,NULL,NULL,"Y","Y","Y","Y","Y",NULL,NULL,"FRONT",NULL,NULL,NULL,NULL,NULL,NULL,NULL,NULL,NULL,NULL,NULL,NULL,NULL,NULL,NULL,NULL,NULL,NULL,NULL,NULL,NULL,NULL,NULL,NULL,NULL,NULL,NULL,NULL,NULL,NULL,NULL,NULL,NULL
"1163020","6fc37b2f2b47d68d183dab29ea17744d60311358a5de3303a24f935d90c963fb070b04126a1d0cc61b0bac95caa7e5b58675335a71533867d4427d48b8854d4e","JE339235","08/15/2021 11:00:00 AM","1","DRIVER",NULL,"1103233.0",NULL,"CHEVROLET","EQUINOX","IL","2020.0","NONE","SPORT UTILITY VEHICLE (SUV)","PERSONAL","NW","UNKNOWN/NA",NULL,NULL,"1.0",NULL,NULL,NULL,NULL,NULL,NULL,NULL,NULL,NULL,NULL,NULL,NULL,"Y","Y","N",NULL,NULL,"ROOF",NULL,NULL,NULL,NULL,NULL,NULL,NULL,NULL,NULL,NULL,NULL,NULL,NULL,NULL,NULL,NULL,NULL,NULL,NULL,NULL,NULL,NULL,NULL,NULL,NULL,NULL,NULL,NULL,NULL,NULL,NULL,NULL,NULL
"1163517","4e05b7c1654f7ba88278684e316a740e2141ff52cd1497baf76fafc07a67f8438b84697d67a71411f6a499c32a71a576898c0910ce1ec4e12b9835a82591592d","JE339997","08/16/2021 10:15:00 PM","2","DRIVER",NULL,"1103694.0",NULL,"FORD","EDGE","IL","2011.0","NONE","SPORT UTILITY VEHICLE (SUV)","PERSONAL","N","SLOW/STOP IN TRAFFIC",NULL,NULL,"1.0",NULL,NULL,NULL,NULL,NULL,NULL,NULL,NULL,NULL,"Y",NULL,NULL,NULL,NULL,NULL,NULL,NULL,"REAR-LEFT",NULL,NULL,NULL,NULL,NULL,NULL,NULL,NULL,NULL,NULL,NULL,NULL,NULL,NULL,NULL,NULL,NULL,NULL,NULL,NULL,NULL,NULL,NULL,NULL,NULL,NULL,NULL,NULL,NULL,NULL,NULL,NULL,NULL
"1163529","1db7f013f71b1ce88939988b43bfd13a7ceea5f89caead3b2771c519e2bc3638960d6c053cb038563a3707382796f8dc7f812e911dcb671f9a243756af2ec05d","JE337795","08/15/2021 01:48:00 AM","1","DRIVER",NULL,"1104331.0",NULL,"HYUNDAI","SANTA FE","IL","2020.0","NONE","SPORT UTILITY VEHICLE (SUV)","PERSONAL","S","STRAIGHT AHEAD","Y",NULL,"1.0",NULL,NULL,NULL,NULL,"Y","Y",NULL,NULL,NULL,NULL,NULL,NULL,NULL,NULL,NULL,"Y","Y","FRONT",NULL,NULL,NULL,NULL,NULL,NULL,NULL,NULL,NULL,NULL,NULL,NULL,NULL,NULL,NULL,NULL,NULL,NULL,NULL,NULL,NULL,NULL,NULL,NULL,NULL,NULL,NULL,NULL,NULL,NULL,NULL,NULL,NULL
"1163721","d85d822ac57df7098c6b26c208f5ea20168cb0bd8c98f3f7b96e605fee9ae2e72dd5a88c4e69d481c8fa355e2bdf489e2e652162d884ecb4e9d50d89127a7970","JE340394","08/17/2021 11:50:00 AM","2","DRIVER",NULL,"1103915.0",NULL,"SUBARU","IMPREZA","IL","2012.0","NONE","PASSENGER","PERSONAL","E","STRAIGHT AHEAD",NULL,NULL,"1.0",NULL,NULL,NULL,NULL,"Y",NULL,NULL,NULL,NULL,NULL,NULL,NULL,NULL,NULL,"Y","Y",NULL,"OTHER",NULL,NULL,NULL,NULL,NULL,NULL,NULL,NULL,NULL,NULL,NULL,NULL,NULL,NULL,NULL,NULL,NULL,NULL,NULL,NULL,NULL,NULL,NULL,NULL,NULL,NULL,NULL,NULL,NULL,NULL,NULL,NULL,NULL
"1163771","622a142553ab2f0d58f7344845ca5e677c8e52e3f0e85f8b1890408dc604417f1a4906bc158951dcdbd11f7e97cf9fddc5f2c21f5ab7439e39616dcd6ff038ec","JE340485","08/17/2021 02:00:00 PM","1","DRIVER",NULL,"1103950.0",NULL,"HONDA","ODYSSEY","TN","2010.0","UNKNOWN","PASSENGER","PERSONAL","N","STRAIGHT AHEAD",NULL,NULL,"1.0",NULL,NULL,NULL,NULL,NULL,NULL,NULL,NULL,NULL,NULL,NULL,NULL,NULL,NULL,"Y",NULL,NULL,"TOTAL (ALL AREAS)",NULL,NULL,NULL,NULL,NULL,NULL,NULL,NULL,NULL,NULL,NULL,NULL,NULL,NULL,NULL,NULL,NULL,NULL,NULL,NULL,NULL,NULL,NULL,NULL,NULL,NULL,NULL,NULL,NULL,NULL,NULL,NULL,NULL
"1164069","d4479678f8a91eec58f2c2270e387d46aedabd35f373a57588775df6ae17195b9502a15933ff7edfc295479b156ce4c920879389da48d27502a976ee5c9e6db6","JE340989","08/17/2021 07:50:00 PM","1","DRIVER",NULL,"1104226.0",NULL,"NISSAN","ALTIMA","IL","2011.0","UNKNOWN","UNKNOWN/NA","UNKNOWN/NA","E","TURNING RIGHT",NULL,NULL,"1.0",NULL,NULL,NULL,NULL,"N",NULL,NULL,NULL,NULL,NULL,NULL,NULL,NULL,NULL,NULL,"Y","Y","OTHER",NULL,NULL,NULL,NULL,NULL,NULL,NULL,NULL,NULL,NULL,NULL,NULL,NULL,NULL,NULL,NULL,NULL,NULL,NULL,NULL,NULL,NULL,NULL,NULL,NULL,NULL,NULL,NULL,NULL,NULL,NULL,NULL,NULL