"CRASH_UNIT_ID","CRASH_RECORD_ID","RD_NO","CRASH_DATE","UNIT_NO","UNIT_TYPE","NUM_PASSENGERS","VEHICLE_ID","CMRC_VEH_I","MAKE","MODEL","LIC_PLATE_STATE","VEHICLE_YEAR","VEHICLE_DEFECT","VEHICLE_TYPE","VEHICLE_USE","TRAVEL_DIRECTION","MANEUVER","TOWED_I","FIRE_I","OCCUPANT_CNT","EXCEED_SPEED_LIMIT_I","TOWED_BY","TOWED_TO","AREA_00_I","AREA_01_I","AREA_02_I","AREA_03_I","AREA_04_I","AREA_05_I","AREA_06_I","AREA_07_I","AREA_08_I","AREA_09_I","AREA_10_I","AREA_11_I","AREA_12_I","AREA_99_I","FIRST_CONTACT_POINT","CMV_ID","USDOT_NO","CCMC_NO","ILCC_NO","COMMERCIAL_SRC","GVWR","CARRIER_NAME","CARRIER_STATE","CARRIER_CITY","HAZMAT_PLACARDS_I","HAZMAT_NAME","UN_NO","HAZMAT_PRESENT_I","HAZMAT_REPORT_I","HAZMAT_REPORT_NO","MCS_REPORT_I","MCS_REPORT_NO","HAZMAT_VIO_CAUSE_CRASH_I","MCS_VIO_CAUSE_CRASH_I","IDOT_PERMIT_NO","WIDE_LOAD_I","TRAILER1_WIDTH","TRAILER2_WIDTH","TRAILER1_LENGTH","TRAILER2_LENGTH","TOTAL_VEHICLE_LENGTH","AXLE_CNT","VEHICLE_CONFIG","CARGO_BODY_TYPE","LOAD_TYPE","HAZMAT_OUT_OF_SERVICE_I","MCS_OUT_OF_SERVICE_I","HAZMAT_CLASS"
"1164108","ad209bf0698975e7ed71c47f03ac846a777a29fdf7eaa36cfe9630e6551e5e2712bace52e6fee29b3312a56cb634bbf42f6390475eeb7862e3394cfa7d339fd6","JE341000","08/17/2021 05:29:00 PM","1","DRIVER",NULL,"1104260.0",NULL,"CHEVROLET","EQUINOX","IL","2020.0","UNKNOWN","SPORT UTILITY VEHICLE (SUV)","PERSONAL","S","PASSING/OVERTAKING",NULL,NULL,"1.0",NULL,NULL,NULL,NULL,NULL,"Y","Y","Y",NULL,NULL,NULL,NULL,NULL,NULL,NULL,NULL,NULL,"SIDE-RIGHT",NULL,NULL,NULL,NULL,NULL,NULL,NULL,NULL,NULL,NULL,NULL,NULL,NULL,NULL,NULL,NULL,NULL,NULL,NULL,NULL,NULL,NULL,NULL,NULL,NULL,NULL,NULL,NULL,NULL,NULL,NULL,NULL,NULL
"1164215","013d39ed1f83d7bb19e19bc40030950ad5aef8fc66ee82d557956170b47d9959ea19438447275cf54585476e7892474fe7cdabdea3aa7ae9f97d7112de675877","JE341262","08/18/2021 08:20:00 AM","1","DRIVER",NULL,"1104374.0",NULL,"FORD","ESCAPE","IL","2009.0","UNKNOWN","SPORT UTILITY VEHICLE (SUV)","PERSONAL","S","STRAIGHT AHEAD","Y",NULL,"1.0",NULL,"private",NULL,NULL,"Y",NULL,NULL,NULL,NULL,NULL,NULL,NULL,NULL,NULL,"Y","Y",NULL,"OTHER",NULL,NULL,NULL,NULL,NULL,NULL,NULL,NULL,NULL,NULL,NULL,NULL,NULL,NULL,NULL,NULL,NULL,NULL,NULL,NULL,NULL,NULL,NULL,NULL,NULL,NULL,NULL,NULL,NULL,NULL,NULL,NULL,NULL
"1164248","beb08b749b5047f3922081b182b9d8998829b0dae7ef1962737172dc0f4b301d388ddfc9089443cf8de37f34e76b621416714410ae06db8a0fff87b0b677bb8e","JE341335","08/18/2021 09:52:00 AM","1","DRIVER",NULL,"1104405.0","Y","UNKNOWN","OTHER (EXPLAIN IN NARRATIVE)","IA","2021.0","UNKNOWN","TRACTOR W/ SEMI-TRAILER","UNKNOWN/NA","N","STRAIGHT AHEAD",NULL,NULL,"1.0",NULL,NULL,NULL,NULL,"Y",NULL,NULL,NULL,NULL,NULL,NULL,NULL,NULL,NULL,NULL,NULL,NULL,"FRONT","12767.0","087409",NULL,NULL,NULL,NULL,NULL,NULL,NULL,NULL,NULL,NULL,"N","N",NULL,"N",NULL,"N","N",NULL,NULL,NULL,NULL,NULL,NULL,NULL,NULL,"TRACTOR/SEMI-TRAILER","FLATBED","UNKNOWN","N","N",NULL
"1164647","f2ecc45ffe6b8130437bacecdb3bfdb6f30c3f6ec48e2c1cfb7c957a61644400db9633d04e7327e993beb6a6e5d54557c51ea78fa55858ec4e76c8408ffd7ee4","JE342034","08/18/2021 07:15:00 PM","2","DRIVER",NULL,"1104779.0",NULL,"CHEVROLET","TRAVERSE","IL","2014.0","UNKNOWN","PASSENGER","PERSONAL","W","STRAIGHT AHEAD",NULL,NULL,"1.0",NULL,NULL,NULL,NULL,NULL,NULL,NULL,"Y","Y",NULL,NULL,NULL,NULL,NULL,NULL,NULL,"Y","REAR",NULL,NULL,NULL,NULL,NULL,NULL,NULL,NULL,NULL,NULL,NULL,NULL,NULL,NULL,NULL,NULL,NULL,NULL,NULL,NULL,NULL,NULL,NULL,NULL,NULL,NULL,NULL,NULL,NULL,NULL,NULL,NULL,NULL
"1164666","25d83d607a4fe520ffc70480d6b414e268c59fcd283032527aed8215caa58810128969e89920eb3edb26be07e48acc1310b9963c0a31923124b568159ede9858","JE342031","08/18/2021 08:41:00 PM","2","DRIVER",NULL,"1104817.0",NULL,"TOYOTA","CAMRY","IL","2016.0","NONE","PASSENGER","PERSONAL","N","SLOW/STOP IN TRAFFIC",NULL,NULL,"1.0",NULL,NULL,NULL,NULL,NULL,NULL,NULL,NULL,"Y","Y","Y",NULL,NULL,NULL,NULL,NULL,NULL,"REAR-LEFT",NULL,NULL,NULL,NULL,NULL,NULL,NULL,NULL,NULL,NULL,NULL,NULL,NULL,NULL,NULL,NULL,NULL,NULL,NULL,NULL,NULL,NULL,NULL,NULL,NULL,NULL,NULL,NULL,NULL,NULL,NULL,NULL,NULL
"1165149","ae96c4787c7857e3a3033febdd676aec4536697552c12bb68c71a17007880ffbe719004663dca914f58dac9c6bda59bc8803295c6192b2fb857e04e6dbd53191","JE342975","08/19/2021 05:25:00 PM","2","DRIVER",NULL,"1105274.0",NULL,"HONDA","ACCORD","IL","2010.0","UNKNOWN","PASSENGER","PERSONAL","UNKNOWN","STRAIGHT AHEAD",NULL,NULL,"1.0",NULL,NULL,NULL,NULL,NULL,NULL,NULL,NULL,NULL,NULL,NULL,NULL,NULL,NULL,"Y",NULL,NULL,"TOTAL (ALL AREAS)",NULL,NULL,NULL,NULL,NULL,NULL,NULL,NULL,NULL,NULL,NULL,NULL,NULL,NULL,NULL,NULL,NULL,NULL,NULL,NULL,NULL,NULL,NULL,NULL,NULL,NULL,NULL,NULL,NULL,NULL,NULL,NULL,NULL
"1165227","957ec704fe1f137830212710b600f99ad4c2c071fd793193423e988da29bd81c05d60a19ce3f991dd0df61fa3494761fb09eb0ec546b3260cee38a57653ef04a","JE343070","08/19/2021 07:38:00 PM","1","DRIVER","3.0","1105342.0",NULL,"LINCOLN","CONTINENTAL","IL","2018.0","UNKNOWN","PASSENGER","PERSONAL","N","STRAIGHT AHEAD",NULL,NULL,"4.0",NULL,NULL,NULL,NULL,"Y",NULL,NULL,NULL,NULL,NULL,NULL,NULL,NULL,NULL,"Y","Y",NULL,"OTHER",NULL,NULL,NULL,NULL,NULL,NULL,NULL,NULL,NULL,NULL,NULL,NULL,NULL,NULL,NULL,NULL,NULL,NULL,NULL,NULL,NULL,NULL,NULL,NULL,NULL,NULL,NULL,NULL,NULL,NULL,NULL,NULL,NULL
"1165253","831a60e58ae582f8b34066a51cbc5ad37e6fc82e2ae1b1b39ca75d31b2863aca681e0213a33147b797aa5025b1f427c8e04e730b89edefc505f37ac122e02ff8","JE343076","08/19/2021 06:00:00 PM","1","DRIVER",NULL,"1105363.0",NULL,"TOYOTA","SIENNA","IL","2019.0","UNKNOWN","VAN/MINI-VAN","TAXI/FOR HIRE","W","STRAIGHT AHEAD",NULL,NULL,"1.0",NULL,NULL,NULL,NULL,NULL,NULL,NULL,NULL,NULL,NULL,NULL,NULL,NULL,NULL,NULL,"Y",NULL,"FRONT",NULL,NULL,NULL,NULL,NULL,NULL,NULL,NULL,NULL,NULL,NULL,NULL,NULL,NULL,NULL,NULL,NULL,NULL,NULL,NULL,NULL,NULL,NULL,NULL,NULL,NULL,NULL,NULL,NULL,NULL,NULL,NULL,NULL
"1165277","8e687c86abc06de21cd067f543b415320c6020a17a82778ee91ff005cc6e07ed777d2a89a30184c68f792ea8a4c5ae078492d845ddae6675f8697d2fee9b4f75","JE343125","08/19/2021 05:30:00 PM","2","PARKED",NULL,"1105391.0",NULL,"HONDA","OTHER (EXPLAIN IN NARRATIVE)","IL","2012.0","UNKNOWN","VAN/MINI-VAN","UNKNOWN/NA","S","PARKED","Y",NULL,"0.0",NULL,"UNK","UNK",NULL,NULL,NULL,NULL,NULL,NULL,NULL,"Y","Y",NULL,"Y",NULL,NULL,NULL,"UNKNOWN",NULL,NULL,NULL,NULL,NULL,NULL,NULL,NULL,NULL,NULL,NULL,NULL,NULL,NULL,NULL,NULL,NULL,NULL,NULL,NULL,NULL,NULL,NULL,NULL,NULL,NULL,NULL,NULL,NULL,NULL,NULL,NULL,NULL
"1165394","dbf4a87ce5b522b89f7b0ea92bb044795ee8dc31e9857bf6cd2e977953dcd9b575c6df3779c4c0b0948d647dbdaa3a07e77b8041ce89660c16c20ba27e8cbde6","JE342694","08/19/2021 01:45:00 PM","1","DRIVER",NULL,"1105479.0",NULL,"VOLKSWAGEN","JETTA","IL","2014.0","NONE","PASSENGER","PERSONAL","W","STRAIGHT AHEAD",NULL,NULL,"1.0",NULL,NULL,NULL,NULL,"Y",NULL,NULL,NULL,NULL,NULL,NULL,NULL,NULL,NULL,"Y","Y",NULL,"OTHER",NULL,NULL,NULL,NULL,NULL,NULL,NULL,NULL,NULL,NULL,NULL,NULL,NULL,NULL,NULL,NULL,NULL,NULL,NULL,NULL,NULL,NULL,NULL,NULL,NULL,NULL,NULL,NULL,NULL,NULL,NULL,NULL,NULL
"1165808","76b0643219a913f5bcabe75b376cc03906a603e8e1eed7cf1c4cb8efee3a48c430d1e6584d42d3d23a98d37e1c582b3fe4dc4765f731a5be1d1f0cda8e1a7e27","JE344050","08/20/2021 05:10:00 PM","1","DRIVER","2.0","1105879.0",NULL,"TOYOTA","OTHER (EXPLAIN IN NARRATIVE)","IL","2020.0","UNKNOWN","PASSENGER","PERSONAL","W","TURNING LEFT",NULL,NULL,"3.0",NULL,NULL,NULL,NULL,"Y","Y",NULL,NULL,NULL,NULL,NULL,NULL,NULL,NULL,NULL,NULL,NULL,"OTHER",NULL,NULL,NULL,NULL,NULL,NULL,NULL,NULL,NULL,NULL,NULL,NULL,NULL,NULL,NULL,NULL,NULL,NULL,NULL,NULL,NULL,NULL,NULL,NULL,NULL,NULL,NULL,NULL,NULL,NULL,NULL,NULL,NULL
"1165943","4f697cad8d7291db159b2fa4ad782e36cacfd13f15d631fb5bb88e180bc6c2f81032fbd70c35513b9a186f03229512f7d31d9eae2532cc198f5468e4c93f7fdc","JE344185","08/20/2021 06:45:00 PM","2","PARKED",NULL,"1106006.0",NULL,"HYUNDAI","SONATA","IL","2017.0","NONE","PASSENGER","PERSONAL","S","PARKED",NULL,NULL,"0.0",NULL,NULL,NULL,NULL,NULL,NULL,NULL,NULL,NULL,NULL,"Y","Y",NULL,NULL,NULL,NULL,NULL,"SIDE-RIGHT",NULL,NULL,NULL,NULL,NULL,NULL,NULL,NULL,NULL,NULL,NULL,NULL,NULL,NULL,NULL,NULL,NULL,NULL,NULL,NULL,NULL,NULL,NULL,NULL,NULL,NULL,NULL,NULL,NULL,NULL,NULL,NULL,NULL
"1166364","97fb75df0f17ce0fd249bff901e21203c32c679c11ef28f1489b3899640fffa404357dea37645716b32191df9dfebd1f4d115a7cfdc2a9d5c6bec3e717f40b26","JE344939","08/20/2021 09:30:00 PM","1","DRIVER",NULL,"1106424.0",NULL,"FORD","FOCUS","WI","2018.0","NONE","PASSENGER","PERSONAL","E","STRAIGHT AHEAD",NULL,NULL,"1.0",NULL,NULL,NULL,NULL,"Y","Y","Y","N","N",NULL,NULL,NULL,NULL,NULL,NULL,NULL,NULL,"SIDE-RIGHT",NULL,NULL,NULL,NULL,NULL,NULL,NULL,NULL,NULL,NULL,NULL,NULL,NULL,NULL,NULL,NULL,NULL,NULL,NULL,NULL,NULL,NULL,NULL,NULL,NULL,NULL,NULL,NULL,NULL,NULL,NULL,NULL,NULL
"1167094","5f93ba4851e1545331126f8f02cbc448c55aa856ca1f82e3a4e1ef2d5d8fc7ec6ed61355ad86b11c40f81bb2dcdfea0c04411cfa55e63fd30141f148d5c09ffb","JE346007","08/20/2021 11:30:00 PM","1","DRIVER",NULL,"1107097.0",NULL,"BUICK","ENCORE","IL","2019.0","UNKNOWN","SPORT UTILITY VEHICLE (SUV)","UNKNOWN/NA","E","BACKING",NULL,NULL,"1.0",NULL,NULL,NULL,NULL,NULL,NULL,NULL,NULL,"Y",NULL,NULL,NULL,NULL,NULL,NULL,NULL,"Y","REAR",NULL,NULL,NULL,NULL,NULL,NULL,NULL,NULL,NULL,NULL,NULL,NULL,NULL,NULL,NULL,NULL,NULL,NULL,NULL,NULL,NULL,NULL,NULL,NULL,NULL,NULL,NULL,NULL,NULL,NULL,NULL,NULL,NULL
"1167590","03bc08d55322f43f62fd0b4dfd4f14023ba54936e349a57fc2cc07f591426259a1fc42adb28c9e830375c3576d90b81822097ddd1a50ffb6a0c955c86439fb13","JE346847","08/23/2021 07:50:00 AM","2","PARKED",NULL,"1107578.0",NULL,"CHEVROLET","SILVERADO","IL","2014.0","NONE","OTHER","DRIVER EDUCATION","UNKNOWN","PARKED",NULL,NULL,"0.0",NULL,NULL,NULL,NULL,NULL,NULL,NULL,NULL,NULL,NULL,"Y","Y",NULL,NULL,NULL,NULL,NULL,"SIDE-LEFT",NULL,NULL,NULL,NULL,NULL,NULL,NULL,NULL,NULL,NULL,NULL,NULL,NULL,NULL,NULL,NULL,NULL,NULL,NULL,NULL,NULL,NULL,NULL,NULL,NULL,NULL,NULL,NULL,NULL,NULL,NULL,NULL,NULL
"1167877","eac81dae8aca48f3c448dce9ecb3fbebdc08e183716e9a97d2105f585db4f5f1aa4a6831d1bbf15641eddcf210d0c305d5cf6eac6966b0b771a6c9b8a1ed0c5a","JE347307","08/22/2021 01:30:00 PM","2","PARKED",NULL,"1107861.0",NULL,"VOLVO","OTHER (EXPLAIN IN NARRATIVE)","IL","2017.0","UNKNOWN","PASSENGER","NOT IN USE","S","PARKED",NULL,NULL,"0.0",NULL,NULL,NULL,NULL,NULL,NULL,NULL,NULL,NULL,NULL,NULL,"Y","Y","Y","Y",NULL,NULL,"ROOF",NULL,NULL,NULL,NULL,NULL,NULL,NULL,NULL,NULL,NULL,NULL,NULL,NULL,NULL,NULL,NULL,NULL,NULL,NULL,NULL,NULL,NULL,NULL,NULL,NULL,NULL,NULL,NULL,NULL,NULL,NULL,NULL,NULL
"1168064","90938ca17f95a743591a32640a9b9b910ef66a6db88ee86687714f3444059d3fd0a4e6369e27dffe51e26705a88d6d3550411963c2e87b250fb1e25a56199aed","JE347617","08/21/2021 03:40:00 PM","1","DRIVER",NULL,"1108033.0",NULL,"KIA","SPECTRA","IL","2009.0","UNKNOWN","PASSENGER","PERSONAL","S","STRAIGHT AHEAD",NULL,NULL,"1.0",NULL,NULL,NULL,NULL,NULL,NULL,NULL,NULL,NULL,NULL,NULL,NULL,NULL,NULL,NULL,"N","Y","UNKNOWN",NULL,NULL,NULL,NULL,NULL,NULL,NULL,NULL,NULL,NULL,NULL,NULL,NULL,NULL,NULL,NULL,NULL,NULL,NULL,NULL,NULL,NULL,NULL,NULL,NULL,NULL,NULL,NULL,NULL,NULL,NULL,NULL,NULL
"1168319","93bd535922f43aef8fb2495466fc641a66baf60768dfdb4543cb45d02b1dd99f6830fc02a3efc73aad95472e40033bed78def6a42645c79173e0a36fa818c4d1","JE348163","08/23/2021 03:40:00 PM","1","DRIVER",NULL,"1108276.0",NULL,"NISSAN","ALTIMA","IL","2016.0","UNKNOWN","PASSENGER","PERSONAL","E","STRAIGHT AHEAD",NULL,NULL,"1.0",NULL,NULL,NULL,NULL,NULL,NULL,NULL,NULL,NULL,NULL,NULL,NULL,NULL,NULL,NULL,"Y",NULL,"OTHER",NULL,NULL,NULL,NULL,NULL,NULL,NULL,NULL,NULL,NULL,NULL,NULL,NULL,NULL,NULL,NULL,NULL,NULL,NULL,NULL,NULL,NULL,NULL,NULL,NULL,NULL,NULL,NULL,NULL,NULL,NULL,NULL,NULL
"1168600","5e929565018978d5122f991683fb1c895c2903917f4886fab4a83db6c8b7fb9b39ff217bc00c9976a4995430513192495b355b7e021183773b3a23c3d86b2f38","JE348645","08/24/2021 05:00:00 PM","2","DRIVER",NULL,"1108550.0",NULL,"HONDA","CIVIC","IL","2018.0","NONE","PASSENGER","PERSONAL","S","STRAIGHT AHEAD",NULL,NULL,"1.0",NULL,NULL,NULL,NULL,NULL,NULL,NULL,NULL,NULL,NULL,"Y","Y","Y",NULL,NULL,NULL,NULL,"FRONT-LEFT",NULL,NULL,NULL,NULL,NULL,NULL,NULL,NULL,NULL,NULL,NULL,NULL,NULL,NULL,NULL,NULL,NULL,NULL,NULL,NULL,NULL,NULL,NULL,NULL,NULL,NULL,NULL,NULL,NULL,NULL,NULL,NULL,NULL
"1169006","618d40d85079505daed7852e5827857af7b9644e2e619b51637cb1b93b9ddf48f9419af9e419238876d956c2b33b069406b91cf6a98eb46c18ad19ac6e748a04","JE349233","08/23/2021 07:30:00 PM","2","PARKED",NULL,"1108937.0",NULL,"CHEVROLET","CRUZE","IL","2012.0","UNKNOWN","PASSENGER","PERSONAL","N","PARKED","Y",NULL,"0.0",NULL,"private",NULL,NULL,NULL,NULL,NULL,NULL,NULL,NULL,NULL,NULL,NULL,"Y","Y",NULL,NULL,"TOTAL (ALL AREAS)",NULL,NULL,NULL,NULL,NULL,NULL,NULL,NULL,NULL,NULL,NULL,NULL,NULL,NULL,NULL,NULL,NULL,NULL,NULL,NULL,NULL,NULL,NULL,NULL,NULL,NULL,NULL,NULL,NULL,NULL,NULL,NULL,NULL
"1169618","c3fad4eed9ba6fbf9b089e9c0535df20dd63f5877071253656e3a223e77d7e16313b58dc2bc55384822eb923f22eaa5c0d896e2581ad1efde4efc933f22b5a2d","JE350243","08/26/2021 01:41:00 AM","1","DRIVER","1.0","1109516.0",NULL,"HYUNDAI","KONA","IL","2021.0","UNKNOWN","PASSENGER","PERSONAL","N","STRAIGHT AHEAD","Y",NULL,"2.0",NULL,"PRIVATE TOWING CO.","5050 W. DIVERSEY",NULL,"Y","Y",NULL,NULL,NULL,NULL,"Y","Y","Y","Y","Y",NULL,NULL,"FRONT",NULL,NULL,NULL,NULL,NULL,NULL,NULL,NULL,NULL,NULL,NULL,NULL,NULL,NULL,NULL,NULL,NULL,NULL,NULL,NULL,NULL,NULL,NULL,NULL,NULL,NULL,NULL,NULL,NULL,NULL,NULL,NULL,NULL
"1169777","a5d1ab6cce40c2acae26d32163f7e00225845ca0ee5e2f7b35ea370211600a568a02cf4c6d47a94b32408bb659687576e6a15e3ac757353cbfe20035bcfe9e2d","JE350493","08/26/2021 10:15:00 AM","1","DRIVER",NULL,"1109653.0",NULL,"MERCEDES-BENZ","OTHER (EXPLAIN IN NARRATIVE)","IL","2013.0","NONE","SPORT UTILITY VEHICLE (SUV)","PERSONAL","E","BACKING",NULL,NULL,"1.0",NULL,NULL,NULL,NULL,NULL,NULL,NULL,NULL,NULL,"Y",NULL,NULL,NULL,NULL,NULL,NULL,NULL,"REAR-LEFT",NULL,NULL,NULL,NULL,NULL,NULL,NULL,NULL,NULL,NULL,NULL,NULL,NULL,NULL,NULL,NULL,NULL,NULL,NULL,NULL,NULL,NULL,NULL,NULL,NULL,NULL,NULL,NULL,NULL,NULL,NULL,NULL,NULL
"1169861","868c8e97897de9ed5f4befc022bdbf52a6935d27f391dc9fc3bed5cd0d11f7606c1283bc989b9c03bad0e20de6f7ca0a86f3713baad8dfbb8985c8a529348c51","JE350540","08/26/2021 10:55:00 AM","1","DRIVER",NULL,"1109744.0",NULL,"SUZUKI","SX4","IL","2011.0","UNKNOWN","PASSENGER","PERSONAL","W","STRAIGHT AHEAD","Y",NULL,"1.0",NULL,"city of chicago",NULL,NULL,NULL,NULL,NULL,NULL,NULL,NULL,NULL,NULL,NULL,NULL,NULL,"Y",NULL,"OTHER",NULL,NULL,NULL,NULL,NULL,NULL,NULL,NULL,NULL,NULL,NULL,NULL,NULL,NULL,NULL,NULL,NULL,NULL,NULL,NULL,NULL,NULL,NULL,NULL,NULL,NULL,NULL,NULL,NULL,NULL,NULL,NULL,NULL
"1170054","7c3307190faa233fb2699de0649c607098098961723c94b7d0380f589105c031e1cc5ca0e0847ed9f925afd1d17b92576ea7ec79261eb4628beca3447431930a","JE350785","08/26/2021 03:01:00 PM","2","PARKED",NULL,"1109948.0","Y","FORD","ECONOLINE E350","IL","2013.0","UNKNOWN","TRUCK - SINGLE UNIT","COMMERCIAL - SINGLE UNIT","N","PARKED IN TRAFFIC LANE",NULL,NULL,"0.0",NULL,NULL,NULL,NULL,NULL,NULL,NULL,NULL,NULL,NULL,"Y","Y","Y",NULL,NULL,NULL,NULL,"SIDE-LEFT","12824.0",NULL,NULL,NULL,"DRIVER","2.0","LITTLE DEBBIE-N D A SNACKS INC","IL","OAK LAWN",NULL,NULL,NULL,"N","N",NULL,"N",NULL,"N","N",NULL,NULL,NULL,NULL,NULL,NULL,NULL,NULL,"TRUCK/TRAILER","VAN/ENCLOSED BOX","OTHER","N","N",NULL
"1170117","70c83fb6a28c04320b0c4a173b0ed1c188e6c2fa4af6301ddaff60fd801deaa8e1154f51dcbf91404b148491423c018c6298960d52a1053896a339c4868f81e4","JE350874","08/26/2021 04:10:00 PM","1","DRIVER",NULL,"1109996.0",NULL,"TOYOTA","CAMRY","IL","2018.0","UNKNOWN","PASSENGER","PERSONAL","S","STRAIGHT AHEAD","N",NULL,"1.0",NULL,NULL,NULL,NULL,"Y","Y",NULL,NULL,NULL,NULL,"N","N",NULL,NULL,"Y","Y",NULL,"OTHER",NULL,NULL,NULL,NULL,NULL,NULL,NULL,NULL,NULL,NULL,NULL,NULL,NULL,NULL,NULL,NULL,NULL,NULL,NULL,NULL,NULL,NULL,NULL,NULL,NULL,NULL,NULL,NULL,NULL,NULL,NULL,NULL,NULL
"1170280","f2bfa52b44313325b01ddd3bb49d7943f93d5e8b1ebe04d1a89d1ad0e35d6c6857325f6b3f0bd186ad169c9d437280c98bb4b963f7dd8c214bb7d9f36c6ab6a8","JE351251","08/26/2021 10:30:00 PM","2","DRIVER",NULL,"1110139.0",NULL,"BUICK","OTHER (EXPLAIN IN NARRATIVE)","IL","2010.0","UNKNOWN","PASSENGER","PERSONAL","S","STRAIGHT AHEAD",NULL,NULL,"1.0",NULL,NULL,NULL,NULL,"N",NULL,NULL,NULL,"N","N","N",NULL,NULL,NULL,"N","N","Y",NULL,NULL,NULL,NULL,NULL,NULL,NULL,NULL,NULL,NULL,NULL,NULL,NULL,NULL,NULL,NULL,NULL,NULL,NULL,NULL,NULL,NULL,NULL,NULL,NULL,NULL,NULL,NULL,NULL,NULL,NULL,NULL,NULL,NULL
"1170527","4c89f030d4c71b96186b4790089dbf3354480be0d9bd37adad6fbdf30bf37215916d937470620db933731fbc62167a7325e9cce605eee78076bad089a9adf53b","JE345471","08/21/2021 08:50:00 PM","1","DRIVER",NULL,"1110362.0",NULL,"YAMAHA","YAMAHA","IL","2015.0","UNKNOWN","MOTORCYCLE (OVER 150CC)","PERSONAL","S","STRAIGHT AHEAD","Y",NULL,"1.0",NULL,"unknown","unknown",NULL,NULL,NULL,NULL,NULL,NULL,NULL,NULL,NULL,NULL,NULL,NULL,NULL,NULL,NULL,NULL,NULL,NULL,NULL,NULL,NULL,NULL,NULL,NULL,NULL,NULL,NULL,NULL,NULL,NULL,NULL,NULL,NULL,NULL,NULL,NULL,NULL,NULL,NULL,NULL,NULL,NULL,NULL,NULL,NULL,NULL,NULL,NULL
"1170905","c51e64773221a7b30b158cd0019c6d9e09e441fdb75f12610b3882352fa858f3ba3a39d49e309b5813633c64586cca003c4a91fdeeaf768c5101eeb370493083","JE352086","08/27/2021 03:36:00 PM","2","DRIVER",NULL,"1110736.0",NULL,"HONDA","CR-V","IL","2013.0","UNKNOWN","PASSENGER","PERSONAL","N","STRAIGHT AHEAD","Y",NULL,"1.0",NULL,NULL,NULL,NULL,"Y","Y",NULL,NULL,NULL,NULL,NULL,NULL,NULL,"Y","Y","Y",NULL,"OTHER",NULL,NULL,NULL,NULL,NULL,NULL,NULL,NULL,NULL,NULL,NULL,NULL,NULL,NULL,NULL,NULL,NULL,NULL,NULL,NULL,NULL,NULL,NULL,NULL,NULL,NULL,NULL,NULL,NULL,NULL,NULL,NULL,NULL
"1170922","ca0841a8d622b2828b254a69de3839b377c2515b0e11703e8b59240380aedea4f5e5d7225bba2acf4b627574fc546d2e9d38b76a230d67903f9d8cc041217a18","JE352359","08/27/2021 05:35:00 PM","2","DRIVER",NULL,"1110753.0",NULL,"CADILLAC","ESCALADE","IL","2018.0","UNKNOWN","UNKNOWN/NA","UNKNOWN/NA","S","SLOW/STOP IN TRAFFIC",NULL,NULL,"1.0",NULL,NULL,NULL,NULL,NULL,NULL,NULL,NULL,NULL,NULL,"Y",NULL,NULL,NULL,NULL,NULL,NULL,"SIDE-LEFT",NULL,NULL,NULL,NULL,NULL,NULL,NULL,NULL,NULL,NULL,NULL,NULL,NULL,NULL,NULL,NULL,NULL,NULL,NULL,NULL,NULL,NULL,NULL,NULL,NULL,NULL,NULL,NULL,NULL,NULL,NULL,NULL,NULL
"1170956","d3d5904d5b3c9f5185e748141811e1373911c3748480b82cbf00b84d4af4e003ac5f9affe48ba846f130557d2361a90f1feff8a8d3471d8b86b99fffd2300852","JE352419","08/27/2021 08:59:00 PM","1","DRIVER","1.0","1110785.0",NULL,"NISSAN","ALTIMA","IL","2015.0","NONE","PASSENGER","PERSONAL","E","TURNING LEFT","Y",NULL,"2.0",NULL,"Private",NULL,NULL,"Y",NULL,NULL,NULL,NULL,NULL,NULL,NULL,NULL,NULL,"Y","Y",NULL,"OTHER",NULL,NULL,NULL,NULL,NULL,NULL,NULL,NULL,NULL,NULL,NULL,NULL,NULL,NULL,NULL,NULL,NULL,NULL,NULL,NULL,NULL,NULL,NULL,NULL,NULL,NULL,NULL,NULL,NULL,NULL,NULL,NULL,NULL
"1170963","bf88bbdd277395f2d73afef383cf8151fe94ec24c93370c4ad87aedffeeccb224750067a6ca7899461d3d93b038aaa23adece5a58f0f70732a957800e51f7e00","JE352443","08/27/2021 06:50:00 PM","2","DRIVER",NULL,"1110823.0",NULL,"DODGE","CHALLENGER","IL","2013.0","NONE","PASSENGER","PERSONAL","S","STRAIGHT AHEAD",NULL,NULL,"1.0",NULL,NULL,NULL,NULL,NULL,NULL,"Y",NULL,NULL,NULL,NULL,NULL,NULL,NULL,NULL,NULL,NULL,"SIDE-RIGHT",NULL,NULL,NULL,NULL,NULL,NULL,NULL,NULL,NULL,NULL,NULL,NULL,NULL,NULL,NULL,NULL,NULL,NULL,NULL,NULL,NULL,NULL,NULL,NULL,NULL,NULL,NULL,NULL,NULL,NULL,NULL,NULL,NULL