"CRASH_UNIT_ID","CRASH_RECORD_ID","RD_NO","CRASH_DATE","UNIT_NO","UNIT_TYPE","NUM_PASSENGERS","VEHICLE_ID","CMRC_VEH_I","MAKE","MODEL","LIC_PLATE_STATE","VEHICLE_YEAR","VEHICLE_DEFECT","VEHICLE_TYPE","VEHICLE_USE","TRAVEL_DIRECTION","MANEUVER","TOWED_I","FIRE_I","OCCUPANT_CNT","EXCEED_SPEED_LIMIT_I","TOWED_BY","TOWED_TO","AREA_00_I","AREA_01_I","AREA_02_I","AREA_03_I","AREA_04_I","AREA_05_I","AREA_06_I","AREA_07_I","AREA_08_I","AREA_09_I","AREA_10_I","AREA_11_I","AREA_12_I","AREA_99_I","FIRST_CONTACT_POINT","CMV_ID","USDOT_NO","CCMC_NO","ILCC_NO","COMMERCIAL_SRC","GVWR","CARRIER_NAME","CARRIER_STATE","CARRIER_CITY","HAZMAT_PLACARDS_I","HAZMAT_NAME","UN_NO","HAZMAT_PRESENT_I","HAZMAT_REPORT_I","HAZMAT_REPORT_NO","MCS_REPORT_I","MCS_REPORT_NO","HAZMAT_VIO_CAUSE_CRASH_I","MCS_VIO_CAUSE_CRASH_I","IDOT_PERMIT_NO","WIDE_LOAD_I","TRAILER1_WIDTH","TRAILER2_WIDTH","TRAILER1_LENGTH","TRAILER2_LENGTH","TOTAL_VEHICLE_LENGTH","AXLE_CNT","VEHICLE_CONFIG","CARGO_BODY_TYPE","LOAD_TYPE","HAZMAT_OUT_OF_SERVICE_I","MCS_OUT_OF_SERVICE_I","HAZMAT_CLASS"
"1192873","0684b32cf02c4d03065e6f0362fd538a67fb2672db5f30eda69e022af1e9bdb83165ff84360c07fbf0acdb9f5d8478737b394d3e5c8d4844c8392aeda8126587","JE382803","09/22/2021 05:45:00 AM","2","DRIVER",NULL,"1131791.0",NULL,"FORD","ESCAPE","IL","2014.0","UNKNOWN","PASSENGER","PERSONAL","N","STRAIGHT AHEAD","Y",NULL,"1.0",NULL,"streets and sanitation","Chicago Lot",NULL,NULL,NULL,NULL,NULL,NULL,NULL,"Y","Y",NULL,NULL,NULL,NULL,NULL,"SIDE-LEFT",NULL,NULL,NULL,NULL,NULL,NULL,NULL,NULL,NULL,NULL,NULL,NULL,NULL,NULL,NULL,NULL,NULL,NULL,NULL,NULL,NULL,NULL,NULL,NULL,NULL,NULL,NULL,NULL,NULL,NULL,NULL,NULL,NULL
"1193105","354e84ef23d52ba49561a4cfe6e6648502291f6bc4645c6c87661bcfd324205dc834795576c1528c2e4cc481d78df0e63d44830a74caca450d4a959c070e6d18","JE389199","09/27/2021 07:40:00 AM","2","DRIVER",NULL,"1132021.0",NULL,"FORD","FUSION","IL","2014.0","NONE","PASSENGER","PERSONAL","N","SLOW/STOP IN TRAFFIC",NULL,NULL,"1.0",NULL,NULL,NULL,NULL,NULL,NULL,NULL,NULL,NULL,NULL,NULL,NULL,NULL,NULL,"Y",NULL,NULL,"TOTAL (ALL AREAS)",NULL,NULL,NULL,NULL,NULL,NULL,NULL,NULL,NULL,NULL,NULL,NULL,NULL,NULL,NULL,NULL,NULL,NULL,NULL,NULL,NULL,NULL,NULL,NULL,NULL,NULL,NULL,NULL,NULL,NULL,NULL,NULL,NULL
"1193389","d1ee52e61ada2170bc0f3e882c583d74d9c6406732d44c5a31d980acb8b742c957954bb4af475872b0710d02354435ba0c410f7a822fe0fae402f74a022bee1f","JE389541","09/27/2021 06:50:00 PM","2","PARKED",NULL,"1132285.0",NULL,"HYUNDAI","ELANTRA","IL","2012.0","UNKNOWN","PASSENGER","PERSONAL","W","PARKED",NULL,NULL,"0.0",NULL,NULL,NULL,NULL,NULL,NULL,NULL,NULL,NULL,NULL,"Y",NULL,NULL,NULL,NULL,NULL,NULL,"FRONT-LEFT",NULL,NULL,NULL,NULL,NULL,NULL,NULL,NULL,NULL,NULL,NULL,NULL,NULL,NULL,NULL,NULL,NULL,NULL,NULL,NULL,NULL,NULL,NULL,NULL,NULL,NULL,NULL,NULL,NULL,NULL,NULL,NULL,NULL
"1193796","8e27aa345a61dde2881f4e895a9e7ef1b0a8b37613036695390d632c05a6fbe35e968865b405579c5af3066062c5063103ca64aec5b396a15f7c2c7649288aa1","JE390282","09/28/2021 11:50:00 AM","1","DRIVER","1.0","1132671.0",NULL,"HONDA","OTHER (EXPLAIN IN NARRATIVE)","IL","2010.0","UNKNOWN","PASSENGER","PERSONAL","NE","TURNING LEFT","Y",NULL,"2.0",NULL,NULL,NULL,NULL,NULL,NULL,NULL,NULL,NULL,NULL,NULL,NULL,NULL,NULL,NULL,"Y",NULL,"OTHER",NULL,NULL,NULL,NULL,NULL,NULL,NULL,NULL,NULL,NULL,NULL,NULL,NULL,NULL,NULL,NULL,NULL,NULL,NULL,NULL,NULL,NULL,NULL,NULL,NULL,NULL,NULL,NULL,NULL,NULL,NULL,NULL,NULL
"1194265","d6a766bb82ca845a31358a15fc32b7432eca318fbe6065f0b0276ee54bb788d78dd48f79836e285a8339a851838c249e0acf54b9aadbaad4112cece0269427c9","JE391107","09/29/2021 01:54:00 AM","2","DRIVER",NULL,"1133115.0",NULL,"HYUNDAI","ELANTRA","IL","2020.0","NONE","PASSENGER","PERSONAL","N","STRAIGHT AHEAD",NULL,NULL,"1.0",NULL,NULL,NULL,NULL,"Y",NULL,NULL,NULL,NULL,NULL,NULL,NULL,NULL,NULL,NULL,NULL,NULL,"FRONT",NULL,NULL,NULL,NULL,NULL,NULL,NULL,NULL,NULL,NULL,NULL,NULL,NULL,NULL,NULL,NULL,NULL,NULL,NULL,NULL,NULL,NULL,NULL,NULL,NULL,NULL,NULL,NULL,NULL,NULL,NULL,NULL,NULL
"1194428","7349eb95a9d7ff36ecc94d772c04d2ee086175f7033d42f3cc9022ec56a165ff9f1f7eb24bb09eca1e73b6903c58c4b829c20cca894774f6a0df968d97c0092e","JE391484","09/29/2021 09:30:00 AM","1","DRIVER","2.0","1133269.0",NULL,"FORD","OTHER (EXPLAIN IN NARRATIVE)","IL","2017.0","NONE","PASSENGER","OTHER","E","TURNING RIGHT",NULL,NULL,"3.0",NULL,NULL,NULL,NULL,NULL,NULL,NULL,NULL,"Y",NULL,NULL,NULL,NULL,NULL,NULL,NULL,NULL,"REAR-RIGHT",NULL,NULL,NULL,NULL,NULL,NULL,NULL,NULL,NULL,NULL,NULL,NULL,NULL,NULL,NULL,NULL,NULL,NULL,NULL,NULL,NULL,NULL,NULL,NULL,NULL,NULL,NULL,NULL,NULL,NULL,NULL,NULL,NULL
"1194569","4632481ea4b458cfacd2bb84aede48e5bf3fa59d7000bb801c574661a107a3a634c8f52d7917df939cb20d7ecbccbbbd7ea20a62861ecfc908a93ff2427056d9","JE391702","09/29/2021 01:55:00 PM","1","DRIVER","1.0","1133406.0",NULL,"CHEVROLET","COBALT","IL","2017.0","UNKNOWN","PASSENGER","UNKNOWN/NA","W","STRAIGHT AHEAD",NULL,NULL,"2.0",NULL,NULL,NULL,NULL,"Y",NULL,NULL,NULL,NULL,NULL,NULL,NULL,NULL,NULL,"Y","Y",NULL,"OTHER",NULL,NULL,NULL,NULL,NULL,NULL,NULL,NULL,NULL,NULL,NULL,NULL,NULL,NULL,NULL,NULL,NULL,NULL,NULL,NULL,NULL,NULL,NULL,NULL,NULL,NULL,NULL,NULL,NULL,NULL,NULL,NULL,NULL
"1194686","0091bfe745c3765f801f2c166acde38d8561534eb9ce650b20cf3cac1fb1951b401567a3ef04d7ce4095cdbac06e43886d0db692ea6e78752e5b118c1e6b2a79","JE391848","09/29/2021 03:15:00 PM","2","DRIVER","3.0","1133518.0",NULL,"VOLKSWAGEN","PASSAT","IL","2021.0","NONE","PASSENGER","PERSONAL","S","STRAIGHT AHEAD","Y",NULL,"4.0",NULL,"private",NULL,NULL,NULL,NULL,NULL,NULL,NULL,NULL,NULL,NULL,"Y",NULL,NULL,NULL,NULL,"ROOF",NULL,NULL,NULL,NULL,NULL,NULL,NULL,NULL,NULL,NULL,NULL,NULL,NULL,NULL,NULL,NULL,NULL,NULL,NULL,NULL,NULL,NULL,NULL,NULL,NULL,NULL,NULL,NULL,NULL,NULL,NULL,NULL,NULL
"1194972","e5327c839be787753ebf7b8e2a5153e400130771ef3999c0d8572cf983a95b389b863ad202cf1d912679a4389843a0aa352923d33d3f5428a4b9fcdf625912e1","JE392368","09/30/2021 02:03:00 AM","2","DRIVER",NULL,"1133798.0",NULL,"BUICK","LACROSSE","IL","2013.0","UNKNOWN","PASSENGER","PERSONAL","N","STRAIGHT AHEAD",NULL,NULL,"1.0",NULL,NULL,NULL,NULL,"Y","Y","Y","Y","Y",NULL,NULL,NULL,NULL,NULL,NULL,NULL,NULL,"FRONT",NULL,NULL,NULL,NULL,NULL,NULL,NULL,NULL,NULL,NULL,NULL,NULL,NULL,NULL,NULL,NULL,NULL,NULL,NULL,NULL,NULL,NULL,NULL,NULL,NULL,NULL,NULL,NULL,NULL,NULL,NULL,NULL,NULL
"1195167","b5672194f5a9776a53321640be831dcddaf15d8d796b323b59bf4f95129f15a43c5d636419faaf9b36abd548ded428169afb03a10c2ff649341052ea35237023","JE392773","09/30/2021 12:07:00 PM","2","DRIVER","1.0","1133987.0",NULL,"JEEP","GRAND CHEROKEE","IL","2015.0","UNKNOWN","PASSENGER","UNKNOWN/NA","N","STRAIGHT AHEAD","Y",NULL,"2.0",NULL,"XTREME AUTO BODY REPAIR","849 W 91ST ST",NULL,"Y",NULL,NULL,NULL,NULL,NULL,NULL,NULL,NULL,NULL,"Y","Y",NULL,"FRONT",NULL,NULL,NULL,NULL,NULL,NULL,NULL,NULL,NULL,NULL,NULL,NULL,NULL,NULL,NULL,NULL,NULL,NULL,NULL,NULL,NULL,NULL,NULL,NULL,NULL,NULL,NULL,NULL,NULL,NULL,NULL,NULL,NULL
"1195280","7b1f0be9f62ae32fa7732221254557ff0c946a91505520cf5bfa8a6d4b71e95f3b0764a26309e61849bd4fe7f3efe5a12b1305c9bdf43bf2b0dcfbb070ed57c7","JE392963","09/30/2021 03:08:00 PM","1","DRIVER","1.0","1134088.0",NULL,"TOYOTA","CAMRY","IL","2017.0","UNKNOWN","PASSENGER","PERSONAL","S","TURNING LEFT",NULL,NULL,"2.0",NULL,NULL,NULL,NULL,NULL,NULL,NULL,NULL,NULL,NULL,NULL,NULL,NULL,NULL,"Y",NULL,NULL,"TOTAL (ALL AREAS)",NULL,NULL,NULL,NULL,NULL,NULL,NULL,NULL,NULL,NULL,NULL,NULL,NULL,NULL,NULL,NULL,NULL,NULL,NULL,NULL,NULL,NULL,NULL,NULL,NULL,NULL,NULL,NULL,NULL,NULL,NULL,NULL,NULL
"1195478","dce41e0aae0a91e952ac9a8556bf1be132a1e2d1b4c697066a83ffb3573fe749a92093f8a4f0ef3d79beca1ae993fa5fe7865f6434c14c4527a6fbcbad7106f0","JE393260","09/30/2021 05:10:00 PM","2","DRIVER",NULL,"1134273.0",NULL,"HYUNDAI","SONATA","IL","2013.0","NONE","PASSENGER","PERSONAL","N","TURNING RIGHT",NULL,NULL,"1.0",NULL,NULL,NULL,NULL,NULL,NULL,NULL,NULL,NULL,NULL,NULL,NULL,NULL,NULL,"Y",NULL,NULL,"TOTAL (ALL AREAS)",NULL,NULL,NULL,NULL,NULL,NULL,NULL,NULL,NULL,NULL,NULL,NULL,NULL,NULL,NULL,NULL,NULL,NULL,NULL,NULL,NULL,NULL,NULL,NULL,NULL,NULL,NULL,NULL,NULL,NULL,NULL,NULL,NULL
"1195781","42646692c3b1acbedd2fbe5cf253d4a9ac111b1397be46b55fc501ad4967dd2b9f8ac7322af17e60005ff140a71267c98bd7b33fd67dd9635d7c1f3885643964","JE393733","10/01/2021 08:15:00 AM","2","DRIVER",NULL,"1134554.0",NULL,"FORD","EDGE","IL","2020.0","NONE","PASSENGER","PERSONAL","SE","STRAIGHT AHEAD",NULL,NULL,"1.0",NULL,NULL,NULL,NULL,NULL,NULL,NULL,NULL,"Y",NULL,NULL,NULL,NULL,NULL,NULL,NULL,NULL,"REAR",NULL,NULL,NULL,NULL,NULL,NULL,NULL,NULL,NULL,NULL,NULL,NULL,NULL,NULL,NULL,NULL,NULL,NULL,NULL,NULL,NULL,NULL,NULL,NULL,NULL,NULL,NULL,NULL,NULL,NULL,NULL,NULL,NULL
"1195815","671716e26a72bad555dfa5c996f6a45ad691387f42bd729ba37202778310849e455d3683b4b39810a83954be1c55b4a1071c4b55ef5ec1d8e0a5bbc59ee25681","JE393748","10/01/2021 08:25:00 AM","1","DRIVER",NULL,"1134584.0",NULL,"TESLA","MODEL S","IL","2013.0","NONE","PASSENGER","PERSONAL","SE","AVOIDING VEHICLES/OBJECTS","Y",NULL,"1.0",NULL,"UNK",NULL,NULL,"Y",NULL,NULL,NULL,"Y","Y",NULL,NULL,NULL,NULL,NULL,"Y",NULL,"FRONT",NULL,NULL,NULL,NULL,NULL,NULL,NULL,NULL,NULL,NULL,NULL,NULL,NULL,NULL,NULL,NULL,NULL,NULL,NULL,NULL,NULL,NULL,NULL,NULL,NULL,NULL,NULL,NULL,NULL,NULL,NULL,NULL,NULL
"1195846","2bb0396a18f218814ccc8300527aa77ee7010a8cbcf1e2a84b54f4f46ecb1935173d0a941d078669f88613e4c6a063475eb56394bff3d61503a5de2fc8d230d3","JE393784","10/01/2021 09:00:00 AM","2","DRIVER",NULL,"1134624.0",NULL,"AUDI","Q7","IL","2017.0","NONE","SPORT UTILITY VEHICLE (SUV)","PERSONAL","N","STRAIGHT AHEAD",NULL,NULL,"1.0",NULL,NULL,NULL,NULL,"Y","Y","Y","Y","Y",NULL,NULL,NULL,NULL,NULL,NULL,NULL,NULL,"SIDE-RIGHT",NULL,NULL,NULL,NULL,NULL,NULL,NULL,NULL,NULL,NULL,NULL,NULL,NULL,NULL,NULL,NULL,NULL,NULL,NULL,NULL,NULL,NULL,NULL,NULL,NULL,NULL,NULL,NULL,NULL,NULL,NULL,NULL,NULL
"1196085","24df6312abdad15b0447fba0d1c364c668966698bd0e2c4e8f08482e7414856fac6cf2f122e09523754675cc1b3b56f7b84064c74e8a68c3b696893ee049157f","JE394212","10/01/2021 01:33:00 PM","1","DRIVER",NULL,"1134848.0",NULL,"HINO","OTHER (EXPLAIN IN NARRATIVE)",NULL,"2016.0","NONE","TRUCK - SINGLE UNIT","TOW TRUCK","E","BACKING",NULL,NULL,"1.0",NULL,NULL,NULL,NULL,NULL,NULL,NULL,NULL,NULL,"Y","Y",NULL,NULL,NULL,NULL,NULL,NULL,"FRONT-LEFT",NULL,NULL,NULL,NULL,NULL,NULL,NULL,NULL,NULL,NULL,NULL,NULL,NULL,NULL,NULL,NULL,NULL,NULL,NULL,NULL,NULL,NULL,NULL,NULL,NULL,NULL,NULL,NULL,NULL,NULL,NULL,NULL,NULL
"1196211","0d3257b08af5ad204aa53037816531d8820f5afc5fc33b76915c7e0f445a3cb229d2e7f984bddbcc946b8283d3543032324e6abfd1cecf6a7efff56e97eea67e","JE394417","10/01/2021 11:00:00 AM","2","PARKED",NULL,"1134970.0",NULL,"HYUNDAI","GENESIS","IL","2015.0","NONE","PASSENGER","NOT IN USE","E","PARKED",NULL,NULL,"0.0",NULL,NULL,NULL,NULL,NULL,NULL,NULL,NULL,NULL,NULL,"Y",NULL,NULL,NULL,NULL,NULL,NULL,"SIDE-LEFT",NULL,NULL,NULL,NULL,NULL,NULL,NULL,NULL,NULL,NULL,NULL,NULL,NULL,NULL,NULL,NULL,NULL,NULL,NULL,NULL,NULL,NULL,NULL,NULL,NULL,NULL,NULL,NULL,NULL,NULL,NULL,NULL,NULL
"1196218","1abf8d2de957a4dc6ebe6044d6a9fcba0d8f37ac94f380c07a0f76a4e9546b9ddeb2e0bb78dddba199420f9637d79716bbf2f2b01b3d27e04a6d6f342dbbe93b","JE394423","10/01/2021 01:52:00 PM","3","DRIVER","1.0","1135000.0",NULL,"HONDA","CIVIC","IL","2008.0","NONE","PASSENGER","PERSONAL","W","STRAIGHT AHEAD",NULL,NULL,"2.0",NULL,NULL,NULL,NULL,NULL,NULL,NULL,NULL,NULL,"Y",NULL,NULL,NULL,NULL,NULL,NULL,NULL,"REAR-LEFT",NULL,NULL,NULL,NULL,NULL,NULL,NULL,NULL,NULL,NULL,NULL,NULL,NULL,NULL,NULL,NULL,NULL,NULL,NULL,NULL,NULL,NULL,NULL,NULL,NULL,NULL,NULL,NULL,NULL,NULL,NULL,NULL,NULL
"1196264","1371c23629a469a9a76a8c757fc2f7353968b6eb05dcc35c3865705ab0db3ef8b72a5109e8e4fc8290998151e24a16477ad19adacd8bb5d59ffd66345c3c347b","JE394388","10/01/2021 05:10:00 PM","1","DRIVER",NULL,"1135019.0",NULL,"CHEVROLET","EQUINOX","IL","2015.0","UNKNOWN","PASSENGER","PERSONAL","SE","SLOW/STOP IN TRAFFIC",NULL,NULL,"1.0",NULL,NULL,NULL,NULL,NULL,NULL,NULL,NULL,NULL,NULL,NULL,NULL,NULL,"Y","Y","Y",NULL,"TOTAL (ALL AREAS)",NULL,NULL,NULL,NULL,NULL,NULL,NULL,NULL,NULL,NULL,NULL,NULL,NULL,NULL,NULL,NULL,NULL,NULL,NULL,NULL,NULL,NULL,NULL,NULL,NULL,NULL,NULL,NULL,NULL,NULL,NULL,NULL,NULL
"1196465","a676c15f72f7eda660a83ecb4954a017060277fb3192a0860785768ea7718eb01a4e2cb266f28e8a52122a525ad38234a0920f6a22de4fe07c8c0e7383d615bc","JE394713","10/01/2021 09:30:00 PM","2","DRIVER","2.0","1135215.0",NULL,"TOYOTA","OTHER (EXPLAIN IN NARRATIVE)","IL","2014.0","UNKNOWN","SPORT UTILITY VEHICLE (SUV)","PERSONAL","S","STRAIGHT AHEAD",NULL,NULL,"3.0",NULL,NULL,NULL,NULL,NULL,NULL,NULL,NULL,"Y",NULL,NULL,NULL,NULL,NULL,NULL,NULL,NULL,"REAR",NULL,NULL,NULL,NULL,NULL,NULL,NULL,NULL,NULL,NULL,NULL,NULL,NULL,NULL,NULL,NULL,NULL,NULL,NULL,NULL,NULL,NULL,NULL,NULL,NULL,NULL,NULL,NULL,NULL,NULL,NULL,NULL,NULL
"1196491","d135c46c45f0d7746ee62ef0ad95174f6946107e4fd88f835aa07d7d76e89d610f577490ac1b7e01c4989e12d2c8515de46c8af1a04c8998db4c0b27a17340c3","JE394772","10/01/2021 11:39:00 PM","2","PARKED",NULL,"1135238.0",NULL,"MERCEDES-BENZ","S-CLASS","IL","2010.0","NONE","PASSENGER","PERSONAL","W","PARKED",NULL,NULL,"0.0",NULL,NULL,NULL,NULL,NULL,NULL,NULL,NULL,"Y","Y","Y",NULL,NULL,NULL,NULL,NULL,"Y","REAR-LEFT",NULL,NULL,NULL,NULL,NULL,NULL,NULL,NULL,NULL,NULL,NULL,NULL,NULL,NULL,NULL,NULL,NULL,NULL,NULL,NULL,NULL,NULL,NULL,NULL,NULL,NULL,NULL,NULL,NULL,NULL,NULL,NULL,NULL
"1196670","58ec68deeaf2077e441f0aa5110c0c9b7a05acc73fdb5e031a2fbf635516f1f4aedfc64cbc2f7e5d11e5fb8d6335e3038a0ac56d4bda14abfb067905b4a5d605","JE395068","10/02/2021 08:00:00 AM","1","DRIVER",NULL,"1135412.0",NULL,"FORD","OTHER (EXPLAIN IN NARRATIVE)","IL","2011.0","NONE","PASSENGER","PERSONAL","S","PASSING/OVERTAKING",NULL,NULL,"1.0",NULL,NULL,NULL,NULL,NULL,NULL,NULL,NULL,NULL,NULL,NULL,NULL,NULL,"Y","Y","Y",NULL,"TOTAL (ALL AREAS)",NULL,NULL,NULL,NULL,NULL,NULL,NULL,NULL,NULL,NULL,NULL,NULL,NULL,NULL,NULL,NULL,NULL,NULL,NULL,NULL,NULL,NULL,NULL,NULL,NULL,NULL,NULL,NULL,NULL,NULL,NULL,NULL,NULL
"1196957","7c6f2fd85ff59e8e840d174c5b9572bb0f1c7983c4cffc86a1057e68c0fd5501ea963b0b31f57a0c199de1ed224caeb0dc75ded23b6ddac1bc31c9b13ab61e5b","JE395485","10/02/2021 03:15:00 PM","2","DRIVER",NULL,"1135693.0",NULL,"HYUNDAI","ACCENT","IL","2017.0","UNKNOWN","PASSENGER","PERSONAL","W","STRAIGHT AHEAD",NULL,NULL,"1.0",NULL,NULL,NULL,NULL,NULL,"Y","Y","Y",NULL,NULL,NULL,NULL,NULL,NULL,NULL,NULL,NULL,"FRONT-RIGHT",NULL,NULL,NULL,NULL,NULL,NULL,NULL,NULL,NULL,NULL,NULL,NULL,NULL,NULL,NULL,NULL,NULL,NULL,NULL,NULL,NULL,NULL,NULL,NULL,NULL,NULL,NULL,NULL,NULL,NULL,NULL,NULL,NULL
"1197622","f4ff64c0437f41bcde7dccded1e7f06d78b4907d40d94507dc94dd381976156504bb2d0c2a9de0aec4f5c9ddc95a07fcb56e3b5d66dcf3508823847992f50ce1","JE396608","10/03/2021 07:24:00 AM","1","DRIVER",NULL,"1136321.0",NULL,"VOLKSWAGEN","JETTA","IL","2016.0","UNKNOWN","PASSENGER","PERSONAL","E","STRAIGHT AHEAD",NULL,NULL,"1.0",NULL,NULL,NULL,NULL,NULL,NULL,NULL,NULL,NULL,NULL,NULL,NULL,NULL,NULL,NULL,NULL,NULL,"REAR-LEFT",NULL,NULL,NULL,NULL,NULL,NULL,NULL,NULL,NULL,NULL,NULL,NULL,NULL,NULL,NULL,NULL,NULL,NULL,NULL,NULL,NULL,NULL,NULL,NULL,NULL,NULL,NULL,NULL,NULL,NULL,NULL,NULL,NULL
"1198087","10b1d771cc109b00ed66ae0422df1893925a6475b55aa977a14398559d0804538b7d38457afed14c6b1d696a391c12ebf35db8e29924b83cc894196fe1169519","JE397437","10/04/2021 08:55:00 AM","2","DRIVER",NULL,"1136771.0",NULL,"AUDI","Q5","IL","2012.0","NONE","PASSENGER","PERSONAL","E","SLOW/STOP IN TRAFFIC",NULL,NULL,"1.0",NULL,NULL,NULL,NULL,NULL,NULL,"Y","Y",NULL,NULL,NULL,NULL,NULL,NULL,NULL,NULL,NULL,"SIDE-RIGHT",NULL,NULL,NULL,NULL,NULL,NULL,NULL,NULL,NULL,NULL,NULL,NULL,NULL,NULL,NULL,NULL,NULL,NULL,NULL,NULL,NULL,NULL,NULL,NULL,NULL,NULL,NULL,NULL,NULL,NULL,NULL,NULL,NULL
"1198383","48fcd449e424498069d7bb44423b0c6af4edb65831fddadaa2cdc1be568d69cd8bc985f9dbbebf12870cb54c14c3f7ee1848ab0193e7be03f86ce536d685e018","JE397991","10/04/2021 04:00:00 PM","2","DRIVER","1.0","1137041.0",NULL,"NISSAN","ROGUE","IL","2021.0","NONE","SPORT UTILITY VEHICLE (SUV)","PERSONAL","E","BACKING",NULL,NULL,"2.0",NULL,NULL,NULL,NULL,NULL,NULL,NULL,"Y","Y",NULL,NULL,NULL,NULL,NULL,NULL,NULL,NULL,"REAR",NULL,NULL,NULL,NULL,NULL,NULL,NULL,NULL,NULL,NULL,NULL,NULL,NULL,NULL,NULL,NULL,NULL,NULL,NULL,NULL,NULL,NULL,NULL,NULL,NULL,NULL,NULL,NULL,NULL,NULL,NULL,NULL,NULL
"1198502","34f6f26faf2cde947a45b4b51d8c393fc706ccd12623266022522a18e725e9dc2568a0da302237c3533eef8ca4d6f0d58e34d6dfe388a6fa045ee2cf03b9240b","JE398085","10/01/2021 12:45:00 PM","2","DRIVER","1.0","1137157.0",NULL,"CHRYSLER","OTHER (EXPLAIN IN NARRATIVE)","IL","2012.0","NONE","PASSENGER","PERSONAL","E","STRAIGHT AHEAD",NULL,NULL,"2.0",NULL,NULL,NULL,NULL,"Y","Y",NULL,NULL,NULL,NULL,NULL,NULL,NULL,NULL,NULL,NULL,NULL,"FRONT",NULL,NULL,NULL,NULL,NULL,NULL,NULL,NULL,NULL,NULL,NULL,NULL,NULL,NULL,NULL,NULL,NULL,NULL,NULL,NULL,NULL,NULL,NULL,NULL,NULL,NULL,NULL,NULL,NULL,NULL,NULL,NULL,NULL
"1198551","28bf9ee5dc88b5b5c8bb0d3eee177a8eafaef915d87a724de583206f85ecedfa8f19ba1a988a69ff76c09428ee6e303767bcea7ebf8e82362d0bbf80777b2948","JE398221","10/04/2021 07:00:00 PM","1","DRIVER",NULL,"1137209.0",NULL,"CHRYSLER","300","IL","2017.0","UNKNOWN","PASSENGER","PERSONAL","W","PASSING/OVERTAKING",NULL,NULL,"1.0",NULL,NULL,NULL,NULL,"Y","Y",NULL,NULL,NULL,NULL,NULL,NULL,NULL,NULL,NULL,NULL,NULL,"FRONT",NULL,NULL,NULL,NULL,NULL,NULL,NULL,NULL,NULL,NULL,NULL,NULL,NULL,NULL,NULL,NULL,NULL,NULL,NULL,NULL,NULL,NULL,NULL,NULL,NULL,NULL,NULL,NULL,NULL,NULL,NULL,NULL,NULL
"1198631","5a0b41d4d93768b15bccebbed22e9e9f7f8165d0085badd26f07df604d04b12f680e93e3a3191fe209a4b2970403005da86ce0492cc8deb5b219bbfc857e4013","JE398347","10/04/2021 10:10:00 PM","1","DRIVER",NULL,"1137287.0",NULL,"INFINITI","G35","IL","2010.0","NONE","PASSENGER","PERSONAL","E","TURNING LEFT",NULL,NULL,"1.0",NULL,NULL,NULL,NULL,"Y",NULL,NULL,NULL,NULL,NULL,NULL,NULL,NULL,NULL,"Y","Y",NULL,"OTHER",NULL,NULL,NULL,NULL,NULL,NULL,NULL,NULL,NULL,NULL,NULL,NULL,NULL,NULL,NULL,NULL,NULL,NULL,NULL,NULL,NULL,NULL,NULL,NULL,NULL,NULL,NULL,NULL,NULL,NULL,NULL,NULL,NULL
"1198777","91a943bf027275819f413cd63c5fb51658e37b691a5bf1b2899b2bd65f0bf5508d865a5ffb32142a2b52c6c8d1a87f37125337615411d9ad9290b52f8cc0e3e7","JE398545","10/05/2021 07:50:00 AM","1","DRIVER",NULL,"1137425.0",NULL,"NISSAN","VERSA","IL","2008.0","UNKNOWN","PASSENGER","PERSONAL","N","TURNING RIGHT","Y",NULL,"1.0",NULL,"E&R TOWING","POUND 2",NULL,"Y","Y","Y","Y",NULL,NULL,NULL,NULL,NULL,NULL,"Y","Y",NULL,"TOTAL (ALL AREAS)",NULL,NULL,NULL,NULL,NULL,NULL,NULL,NULL,NULL,NULL,NULL,NULL,NULL,NULL,NULL,NULL,NULL,NULL,NULL,NULL,NULL,NULL,NULL,NULL,NULL,NULL,NULL,NULL,NULL,NULL,NULL,NULL,NULL
"1198849","730df50956b455fd2ac08d1ed83afeaf5ea6ee536ea9c6622691d2314d4d4a8b9da494616aaf330c399ecc9d5dc1c08a2debcefbaf1a9efed2b681fc1ccb942c","JE398783","10/05/2021 11:25:00 AM","2","DRIVER",NULL,"1137498.0",NULL,"LEXUS","RX350","IL","2013.0","NONE","SPORT UTILITY VEHICLE (SUV)","PERSONAL","N","STRAIGHT AHEAD",NULL,NULL,"1.0",NULL,NULL,NULL,NULL,NULL,NULL,NULL,NULL,NULL,NULL,NULL,NULL,NULL,NULL,"Y",NULL,NULL,"TOTAL (ALL AREAS)",NULL,NULL,NULL,NULL,NULL,NULL,NULL,NULL,NULL,NULL,NULL,NULL,NULL,NULL,NULL,NULL,NULL,NULL,NULL,NULL,NULL,NULL,NULL,NULL,NULL,NULL,NULL,NULL,NULL,NULL,NULL,NULL,NULL