"CRASH_UNIT_ID","CRASH_RECORD_ID","RD_NO","CRASH_DATE","UNIT_NO","UNIT_TYPE","NUM_PASSENGERS","VEHICLE_ID","CMRC_VEH_I","MAKE","MODEL","LIC_PLATE_STATE","VEHICLE_YEAR","VEHICLE_DEFECT","VEHICLE_TYPE","VEHICLE_USE","TRAVEL_DIRECTION","MANEUVER","TOWED_I","FIRE_I","OCCUPANT_CNT","EXCEED_SPEED_LIMIT_I","TOWED_BY","TOWED_TO","AREA_00_I","AREA_01_I","AREA_02_I","AREA_03_I","AREA_04_I","AREA_05_I","AREA_06_I","AREA_07_I","AREA_08_I","AREA_09_I","AREA_10_I","AREA_11_I","AREA_12_I","AREA_99_I","FIRST_CONTACT_POINT","CMV_ID","USDOT_NO","CCMC_NO","ILCC_NO","COMMERCIAL_SRC","GVWR","CARRIER_NAME","CARRIER_STATE","CARRIER_CITY","HAZMAT_PLACARDS_I","HAZMAT_NAME","UN_NO","HAZMAT_PRESENT_I","HAZMAT_REPORT_I","HAZMAT_REPORT_NO","MCS_REPORT_I","MCS_REPORT_NO","HAZMAT_VIO_CAUSE_CRASH_I","MCS_VIO_CAUSE_CRASH_I","IDOT_PERMIT_NO","WIDE_LOAD_I","TRAILER1_WIDTH","TRAILER2_WIDTH","TRAILER1_LENGTH","TRAILER2_LENGTH","TOTAL_VEHICLE_LENGTH","AXLE_CNT","VEHICLE_CONFIG","CARGO_BODY_TYPE","LOAD_TYPE","HAZMAT_OUT_OF_SERVICE_I","MCS_OUT_OF_SERVICE_I","HAZMAT_CLASS"
"1205587","ab7f117c1cfa9635b29e42ddbbb8e6747443a0669366cfab5f688aa317b5576f96af7b126d3387e340be5bab705b358cbe29fed2e7e60892ad7a58a9a772d092","JE410300","10/15/2021 08:25:00 AM","2","DRIVER",NULL,"1143940.0",NULL,"JEEP","CHEROKEE","IL","2021.0","UNKNOWN","SPORT UTILITY VEHICLE (SUV)","PERSONAL","N","STRAIGHT AHEAD",NULL,NULL,"1.0",NULL,NULL,NULL,NULL,NULL,NULL,NULL,NULL,NULL,"Y",NULL,NULL,NULL,NULL,NULL,NULL,NULL,"REAR-LEFT",NULL,NULL,NULL,NULL,NULL,NULL,NULL,NULL,NULL,NULL,NULL,NULL,NULL,NULL,NULL,NULL,NULL,NULL,NULL,NULL,NULL,NULL,NULL,NULL,NULL,NULL,NULL,NULL,NULL,NULL,NULL,NULL,NULL
"1205867","23053b7b5a6dd17ffa5545777917f7e02d1782cb2d585b1251613ffd7ae8b263aed481474fcc48d9cf6f19a1d203036eef1d68dcde13a50fbf8eebc72dbc0f8a","JE410813","10/13/2021 03:40:00 PM","1","DRIVER",NULL,"1144181.0",NULL,"HONDA","CIVIC","IL","2009.0","NONE","PASSENGER","PERSONAL","W","STRAIGHT AHEAD",NULL,NULL,"1.0",NULL,NULL,NULL,NULL,"Y",NULL,NULL,NULL,NULL,NULL,NULL,NULL,NULL,NULL,"Y","Y",NULL,"OTHER",NULL,NULL,NULL,NULL,NULL,NULL,NULL,NULL,NULL,NULL,NULL,NULL,NULL,NULL,NULL,NULL,NULL,NULL,NULL,NULL,NULL,NULL,NULL,NULL,NULL,NULL,NULL,NULL,NULL,NULL,NULL,NULL,NULL
"1205983","51e12a41a2f31a4ec18d8d83353c41f194251cb6d3fcb00c3d615e2ae82c8e7e8fdcfbb2c25556740dbb4b6cf1396264059a890167c57eb4392867bbf2edf924","JE410926","10/15/2021 04:56:00 PM","1","DRIVER",NULL,"1144308.0",NULL,"GENERAL MOTORS CORPORATION (GMC)","YUKON","IL","2016.0","NONE","SPORT UTILITY VEHICLE (SUV)","PERSONAL","SW","CHANGING LANES","Y",NULL,"1.0",NULL,"owner",NULL,NULL,"Y","Y","Y",NULL,NULL,NULL,NULL,"Y","Y","Y",NULL,"Y",NULL,"ROOF",NULL,NULL,NULL,NULL,NULL,NULL,NULL,NULL,NULL,NULL,NULL,NULL,NULL,NULL,NULL,NULL,NULL,NULL,NULL,NULL,NULL,NULL,NULL,NULL,NULL,NULL,NULL,NULL,NULL,NULL,NULL,NULL,NULL
"1206156","683d3b5c7581d911d2ce5eaca8c389612d2d04408d044f375bf6f92d4de00474ada65a57ad5dda36d7b3a62824dbb1cda4caef03dcd2406d1d3577f9cdd79cef","JE411109","10/15/2021 08:45:00 PM","2","DRIVER",NULL,"1144467.0",NULL,"MERCEDES-BENZ","ML350","IL","2011.0","UNKNOWN","SPORT UTILITY VEHICLE (SUV)","PERSONAL","W","STRAIGHT AHEAD",NULL,NULL,"1.0",NULL,NULL,NULL,NULL,NULL,NULL,NULL,NULL,NULL,"Y",NULL,NULL,NULL,NULL,NULL,NULL,NULL,"REAR-LEFT",NULL,NULL,NULL,NULL,NULL,NULL,NULL,NULL,NULL,NULL,NULL,NULL,NULL,NULL,NULL,NULL,NULL,NULL,NULL,NULL,NULL,NULL,NULL,NULL,NULL,NULL,NULL,NULL,NULL,NULL,NULL,NULL,NULL
"1206375","4db6941b81612f334b56fdb497492949e961c89c17faa35a8f96530bc37c6a481fff8ea2d7e2524eab871aea72edd10e05cfd56d493057a173e9267b56ec91a6","JE411541","10/16/2021 12:00:00 AM","2","PARKED",NULL,"1144682.0",NULL,"GENERAL MOTORS CORPORATION (GMC)","ACADIA","IL","2012.0","UNKNOWN","SPORT UTILITY VEHICLE (SUV)","NOT IN USE","N","PARKED","Y",NULL,"0.0",NULL,"AMERICAN ALLIANCE INSURANCE","UNKNOWN LOCATION",NULL,"Y",NULL,NULL,NULL,NULL,NULL,NULL,NULL,NULL,NULL,"Y","Y",NULL,"OTHER",NULL,NULL,NULL,NULL,NULL,NULL,NULL,NULL,NULL,NULL,NULL,NULL,NULL,NULL,NULL,NULL,NULL,NULL,NULL,NULL,NULL,NULL,NULL,NULL,NULL,NULL,NULL,NULL,NULL,NULL,NULL,NULL,NULL
"1206561","62a90a14017c22309f4288b2c9b8a41bc42830cf13bf1e9742053281a17d4e50aa133d020464107bce2658e16265336cb6d98062112d87651f49f71f5a6b74df","JE411801","10/16/2021 02:00:00 PM","1","DRIVER",NULL,"1144868.0",NULL,"TOYOTA","COROLLA","IL","2018.0","NONE","PASSENGER","PERSONAL","W","CHANGING LANES",NULL,NULL,"1.0",NULL,NULL,NULL,NULL,"Y",NULL,NULL,NULL,NULL,NULL,NULL,NULL,NULL,NULL,NULL,NULL,NULL,"FRONT",NULL,NULL,NULL,NULL,NULL,NULL,NULL,NULL,NULL,NULL,NULL,NULL,NULL,NULL,NULL,NULL,NULL,NULL,NULL,NULL,NULL,NULL,NULL,NULL,NULL,NULL,NULL,NULL,NULL,NULL,NULL,NULL,NULL
"1206568","be08fbdfe2148638caca33aec498b7ae7a693b33f34e1c4f2b3d2a8c39b7adbdea6c6b329820b70817cedd1bb53eb4a65b6fb41de80f1499f6da297bf241f9e6","JE411870","10/15/2021 02:30:00 PM","2","DRIVER",NULL,"1144877.0",NULL,"TOYOTA","HIGHLANDER","IL","2016.0","UNKNOWN","SPORT UTILITY VEHICLE (SUV)","PERSONAL","E","SLOW/STOP IN TRAFFIC",NULL,NULL,"1.0",NULL,NULL,NULL,NULL,NULL,NULL,NULL,NULL,NULL,NULL,NULL,NULL,NULL,NULL,NULL,"Y",NULL,"OTHER",NULL,NULL,NULL,NULL,NULL,NULL,NULL,NULL,NULL,NULL,NULL,NULL,NULL,NULL,NULL,NULL,NULL,NULL,NULL,NULL,NULL,NULL,NULL,NULL,NULL,NULL,NULL,NULL,NULL,NULL,NULL,NULL,NULL
"1206618","4e95aec5dbd26a0b1def3c9322c09ccbfe9ae357669b10e70c42979e3a5e335d68986103a8fa64b0f749b280550b81075228d5f6d5659ca4c293ba9d4119cb76","JE411944","10/16/2021 03:39:00 PM","2","DRIVER",NULL,"1144920.0",NULL,"LINCOLN","NAVIGATOR","IL","2017.0","NONE","SPORT UTILITY VEHICLE (SUV)","PERSONAL","S","STARTING IN TRAFFIC",NULL,NULL,"1.0",NULL,NULL,NULL,NULL,NULL,NULL,NULL,NULL,NULL,NULL,NULL,NULL,NULL,"Y","Y",NULL,NULL,"TOTAL (ALL AREAS)",NULL,NULL,NULL,NULL,NULL,NULL,NULL,NULL,NULL,NULL,NULL,NULL,NULL,NULL,NULL,NULL,NULL,NULL,NULL,NULL,NULL,NULL,NULL,NULL,NULL,NULL,NULL,NULL,NULL,NULL,NULL,NULL,NULL
"1206698","9400b566f71e15f0b13dcd6a2abde50366d5703990d0150071632a7cec0fe1db34cb2c552557f978c043706f2f8bda83937bbafc857ab10c97ea42f035d62b90","JE411998","10/16/2021 05:30:00 PM","2","PARKED",NULL,"1144991.0",NULL,"NISSAN","FRONTIER","IL","2016.0","UNKNOWN","PICKUP","UNKNOWN/NA","N","PARKED",NULL,NULL,"0.0",NULL,NULL,NULL,NULL,NULL,NULL,NULL,NULL,NULL,NULL,"Y","Y","Y","Y","Y","Y",NULL,"ROOF",NULL,NULL,NULL,NULL,NULL,NULL,NULL,NULL,NULL,NULL,NULL,NULL,NULL,NULL,NULL,NULL,NULL,NULL,NULL,NULL,NULL,NULL,NULL,NULL,NULL,NULL,NULL,NULL,NULL,NULL,NULL,NULL,NULL
"1206712","5363fdae003dda7869cd6b855388358116def828aacb381472f0166594ee3781ac5082477d64b0b647037fbbd404d643412057f971d1b14e0bf78380a723e9ff","JE412047","10/16/2021 05:25:00 PM","3","DRIVER","1.0","1145008.0",NULL,"FORD","EDGE","IL","2012.0","UNKNOWN","PASSENGER","UNKNOWN/NA","S","SLOW/STOP IN TRAFFIC",NULL,NULL,"2.0",NULL,NULL,NULL,NULL,NULL,NULL,NULL,NULL,NULL,"Y",NULL,NULL,NULL,NULL,NULL,NULL,NULL,"REAR-LEFT",NULL,NULL,NULL,NULL,NULL,NULL,NULL,NULL,NULL,NULL,NULL,NULL,NULL,NULL,NULL,NULL,NULL,NULL,NULL,NULL,NULL,NULL,NULL,NULL,NULL,NULL,NULL,NULL,NULL,NULL,NULL,NULL,NULL
"1206781","77c62fa130ec73d17dbc8b94b5ce00046af5d8b6be461a9f228ae4fe794c99639cde834e5e22f0e0e8fde5b43d7af8479a2d0d31f575a971e71c1ab5c018fa40","JE412129","10/16/2021 08:00:00 PM","2","DRIVER",NULL,"1145069.0",NULL,"HYUNDAI","ACCENT","IL","2012.0","UNKNOWN","PASSENGER","UNKNOWN/NA","W","STRAIGHT AHEAD",NULL,NULL,"1.0",NULL,NULL,NULL,NULL,"Y","Y","Y",NULL,NULL,NULL,NULL,NULL,NULL,NULL,NULL,NULL,NULL,"SIDE-RIGHT",NULL,NULL,NULL,NULL,NULL,NULL,NULL,NULL,NULL,NULL,NULL,NULL,NULL,NULL,NULL,NULL,NULL,NULL,NULL,NULL,NULL,NULL,NULL,NULL,NULL,NULL,NULL,NULL,NULL,NULL,NULL,NULL,NULL
"1207258","28ff389a318f6623b4dcebf481d59902af2d620178322b0790b0a98eb3239190c078a6750828b684e7fd5dffb1d83c30d4a0aa57936b2b0f672a5d0c9260b56a","JE412938","10/17/2021 03:50:00 PM","2","DRIVER","1.0","1145524.0",NULL,"TOYOTA","COROLLA","IL","2017.0","UNKNOWN","PASSENGER","PERSONAL","S","U-TURN","Y",NULL,"2.0",NULL,"empire towing","unknown",NULL,"Y","Y",NULL,NULL,NULL,NULL,NULL,NULL,NULL,NULL,NULL,NULL,NULL,"FRONT",NULL,NULL,NULL,NULL,NULL,NULL,NULL,NULL,NULL,NULL,NULL,NULL,NULL,NULL,NULL,NULL,NULL,NULL,NULL,NULL,NULL,NULL,NULL,NULL,NULL,NULL,NULL,NULL,NULL,NULL,NULL,NULL,NULL
"1207292","0856382f0fda363099e54585c087ea52730c9ed2203e7004d84bc859e88e5b66315b28fb63393d2032306efa971a9fffefe1be4ca1996952f260bbc573a5ddf1","JE413040","10/17/2021 05:30:00 PM","1","DRIVER",NULL,"1145541.0",NULL,"HYUNDAI","OTHER (EXPLAIN IN NARRATIVE)","IL","2008.0","UNKNOWN","SPORT UTILITY VEHICLE (SUV)","UNKNOWN/NA","N","STRAIGHT AHEAD",NULL,NULL,"1.0",NULL,NULL,NULL,NULL,"Y",NULL,NULL,NULL,NULL,NULL,NULL,NULL,NULL,NULL,"Y","Y",NULL,"OTHER",NULL,NULL,NULL,NULL,NULL,NULL,NULL,NULL,NULL,NULL,NULL,NULL,NULL,NULL,NULL,NULL,NULL,NULL,NULL,NULL,NULL,NULL,NULL,NULL,NULL,NULL,NULL,NULL,NULL,NULL,NULL,NULL,NULL
"1207466","225af528b25e785bfff0f37a3c12d421883e988b8c0df879c75f31e478dbb56e46b2416c6e84684bf194d434289425f44a51d9a33ba9c9fb685134dd0f1029c4","JE412370","10/17/2021 03:00:00 AM","1","DRIVER",NULL,"1145714.0",NULL,"TOYOTA","CAMRY","IL","2009.0","NONE","PASSENGER","PERSONAL","S","STRAIGHT AHEAD",NULL,NULL,"1.0",NULL,NULL,NULL,NULL,NULL,NULL,NULL,NULL,NULL,NULL,NULL,NULL,NULL,"Y","Y",NULL,NULL,"TOTAL (ALL AREAS)",NULL,NULL,NULL,NULL,NULL,NULL,NULL,NULL,NULL,NULL,NULL,NULL,NULL,NULL,NULL,NULL,NULL,NULL,NULL,NULL,NULL,NULL,NULL,NULL,NULL,NULL,NULL,NULL,NULL,NULL,NULL,NULL,NULL
"1207603","5b232fb81eb011f79d433f32d13048e71fddfc4deac994859cdab63f8db1ee1a146359fe9730adeeb8e50c2769134847917038ecc0bd2595360ac54b907184f1","JE413613","10/18/2021 10:05:00 AM","2","DRIVER",NULL,"1145861.0",NULL,"GENERAL MOTORS CORPORATION (GMC)","SIERRA","IL","2015.0","NONE","PICKUP","PERSONAL","N","SLOW/STOP IN TRAFFIC",NULL,NULL,"1.0",NULL,NULL,NULL,NULL,NULL,NULL,NULL,NULL,NULL,NULL,"Y",NULL,NULL,NULL,NULL,NULL,NULL,"SIDE-LEFT",NULL,NULL,NULL,NULL,NULL,NULL,NULL,NULL,NULL,NULL,NULL,NULL,NULL,NULL,NULL,NULL,NULL,NULL,NULL,NULL,NULL,NULL,NULL,NULL,NULL,NULL,NULL,NULL,NULL,NULL,NULL,NULL,NULL
"1208027","e2940e610c8e5599944555a1d7f2e9321bed335a0176f35b131679f609870fc6a35bb274401fa3b283c315b241c8fa7067695dba1ef3a34a5f2fd2d72116336a","JE414077","10/18/2021 03:40:00 PM","2","DRIVER",NULL,"1146251.0",NULL,"HYUNDAI","SANTA FE","IL","2009.0","NONE","SPORT UTILITY VEHICLE (SUV)","PERSONAL","N","STRAIGHT AHEAD","Y",NULL,"1.0",NULL,"3RD PARTY","UNKNOWN",NULL,NULL,NULL,NULL,NULL,NULL,NULL,NULL,NULL,NULL,"Y","Y","Y",NULL,"TOTAL (ALL AREAS)",NULL,NULL,NULL,NULL,NULL,NULL,NULL,NULL,NULL,NULL,NULL,NULL,NULL,NULL,NULL,NULL,NULL,NULL,NULL,NULL,NULL,NULL,NULL,NULL,NULL,NULL,NULL,NULL,NULL,NULL,NULL,NULL,NULL
"1208508","8ad52c87d30c9b80576ab22303597dfb28a6f06f1344ad855e09526d62be74a0d1d11f77264592e764686dc7c29df5ecde30fbd181dac65082bd2dfd2a3a476d","JE415007","10/19/2021 11:16:00 AM","2","DRIVER",NULL,"1146689.0",NULL,"JEEP","COMPASS","IL","2018.0","NONE","SPORT UTILITY VEHICLE (SUV)","PERSONAL","W","STRAIGHT AHEAD","Y",NULL,"1.0",NULL,"private","unknown",NULL,"Y",NULL,NULL,NULL,NULL,NULL,NULL,NULL,NULL,"Y","Y","Y",NULL,"TOTAL (ALL AREAS)",NULL,NULL,NULL,NULL,NULL,NULL,NULL,NULL,NULL,NULL,NULL,NULL,NULL,NULL,NULL,NULL,NULL,NULL,NULL,NULL,NULL,NULL,NULL,NULL,NULL,NULL,NULL,NULL,NULL,NULL,NULL,NULL,NULL
"1208614","63c9152a02b69159af93ca0626b4aee2b948e25e0bf3637a37e8ec6efb14416d71606733f79ac18d64402dc466f8e6c775e2eea7cbcdb8fc8e774c3944c2cee5","JE415273","10/18/2021 12:00:00 PM","2","PARKED",NULL,"1146765.0",NULL,"DODGE","OTHER (EXPLAIN IN NARRATIVE)",NULL,"2020.0","NONE","PASSENGER","PERSONAL","W","PARKED",NULL,NULL,"0.0",NULL,NULL,NULL,NULL,NULL,NULL,NULL,NULL,NULL,NULL,NULL,NULL,NULL,"Y","Y",NULL,NULL,"TOTAL (ALL AREAS)",NULL,NULL,NULL,NULL,NULL,NULL,NULL,NULL,NULL,NULL,NULL,NULL,NULL,NULL,NULL,NULL,NULL,NULL,NULL,NULL,NULL,NULL,NULL,NULL,NULL,NULL,NULL,NULL,NULL,NULL,NULL,NULL,NULL
"1209020","756e4a8317989fb29cfd5b0ac3f1e4e83a4d52850e8d1196220abc7cabb0a5a579b5711a91145c70065aac15193af7310ad20fffb81d2102c65e62c43ed3ad08","JE415925","10/19/2021 05:31:00 PM","2","PARKED",NULL,"1147146.0",NULL,"JEEP","GRAND CHEROKEE","IL","2017.0","UNKNOWN","PASSENGER","PERSONAL","E","PARKED",NULL,NULL,"0.0",NULL,NULL,NULL,NULL,NULL,NULL,NULL,NULL,NULL,NULL,NULL,NULL,"Y","Y",NULL,NULL,NULL,"ROOF",NULL,NULL,NULL,NULL,NULL,NULL,NULL,NULL,NULL,NULL,NULL,NULL,NULL,NULL,NULL,NULL,NULL,NULL,NULL,NULL,NULL,NULL,NULL,NULL,NULL,NULL,NULL,NULL,NULL,NULL,NULL,NULL,NULL
"1209032","80300ba42a5e9c7ef3ecae9c9956ad00172287830211fe4ae88af902bc736fb281351cb96fb97385db61f79f181d5c0e189e236783251786958b710fe42a55a6","JE415987","10/20/2021 08:30:00 AM","1","DRIVER",NULL,"1147151.0",NULL,"FORD","TRANSIT CONNECT","MI","2017.0","NONE","VAN/MINI-VAN","PERSONAL","N","ENTERING TRAFFIC LANE FROM PARKING",NULL,NULL,"1.0",NULL,NULL,NULL,NULL,NULL,NULL,NULL,NULL,NULL,NULL,NULL,NULL,NULL,NULL,"Y",NULL,NULL,"TOTAL (ALL AREAS)",NULL,NULL,NULL,NULL,NULL,NULL,NULL,NULL,NULL,NULL,NULL,NULL,NULL,NULL,NULL,NULL,NULL,NULL,NULL,NULL,NULL,NULL,NULL,NULL,NULL,NULL,NULL,NULL,NULL,NULL,NULL,NULL,NULL
"1209515","e13af17dd69b6ef6d32c61b68b37a15c96d92ee14cd1e5b24cb015728ed90b4b4838287aec5e8b83533d9680f1c5fb529162a6692bae0f593b3d34b8b24edfe1","JE416760","10/20/2021 06:45:00 PM","1","PARKED","1.0","1147614.0",NULL,"JEEP","JEEP","IL","2016.0","NONE","PASSENGER","NOT IN USE","W","PARKED",NULL,NULL,"1.0",NULL,NULL,NULL,NULL,NULL,NULL,NULL,NULL,NULL,NULL,NULL,NULL,"Y",NULL,NULL,NULL,NULL,"ROOF",NULL,NULL,NULL,NULL,NULL,NULL,NULL,NULL,NULL,NULL,NULL,NULL,NULL,NULL,NULL,NULL,NULL,NULL,NULL,NULL,NULL,NULL,NULL,NULL,NULL,NULL,NULL,NULL,NULL,NULL,NULL,NULL,NULL
"1209641","11500f0546b821b35c0b76a7f1d2437a91a29872bcc8e2ebfecc875da0e992d56a6a9b06e4f9a813ee5c4f96da77a04606463ecccdcd8ffd4a9ea808934a3620","JE416257","10/20/2021 07:00:00 AM","2","DRIVER","1.0","1147738.0",NULL,"INFINITI","OTHER (EXPLAIN IN NARRATIVE)","IL","2022.0","NONE","SPORT UTILITY VEHICLE (SUV)","PERSONAL","E","SLOW/STOP IN TRAFFIC",NULL,NULL,"2.0",NULL,NULL,NULL,NULL,"Y",NULL,NULL,NULL,NULL,NULL,NULL,NULL,NULL,NULL,NULL,"N",NULL,"FRONT",NULL,NULL,NULL,NULL,NULL,NULL,NULL,NULL,NULL,NULL,NULL,NULL,NULL,NULL,NULL,NULL,NULL,NULL,NULL,NULL,NULL,NULL,NULL,NULL,NULL,NULL,NULL,NULL,NULL,NULL,NULL,NULL,NULL
"1209700","bbda7af2aa38a607910a21eeea4c405810da6f6a6ed59d9dfa26f87827b9f1ee422da0be59421948f2765661e876a780a8932ca6f5fae6fa555636d29ea54943","JE417211","10/21/2021 08:00:00 AM","2","PARKED",NULL,"1147790.0",NULL,"GENERAL MOTORS CORPORATION (GMC)","ACADIA","IL","2008.0","NONE","SPORT UTILITY VEHICLE (SUV)","PERSONAL","E","PARKED",NULL,NULL,"0.0",NULL,NULL,NULL,NULL,NULL,"Y",NULL,NULL,NULL,NULL,NULL,NULL,NULL,NULL,NULL,NULL,NULL,"SIDE-RIGHT",NULL,NULL,NULL,NULL,NULL,NULL,NULL,NULL,NULL,NULL,NULL,NULL,NULL,NULL,NULL,NULL,NULL,NULL,NULL,NULL,NULL,NULL,NULL,NULL,NULL,NULL,NULL,NULL,NULL,NULL,NULL,NULL,NULL
"1209852","850f0d5dfad5bf0f3e06633b8beba4c31e6557858c13897206cc79653437a80bc2c70907d4fdb941eee03db66ff5169a902d7882bc4d26ea38b6e8f6f8238da6","JE417430","10/21/2021 11:15:00 AM","2","DRIVER",NULL,"1147949.0",NULL,"BMW","320I","AZ","2015.0","NONE","PASSENGER","PERSONAL","E","SLOW/STOP IN TRAFFIC",NULL,NULL,"1.0",NULL,NULL,NULL,NULL,NULL,NULL,NULL,NULL,NULL,NULL,NULL,NULL,NULL,NULL,NULL,NULL,NULL,NULL,NULL,NULL,NULL,NULL,NULL,NULL,NULL,NULL,NULL,NULL,NULL,NULL,NULL,NULL,NULL,NULL,NULL,NULL,NULL,NULL,NULL,NULL,NULL,NULL,NULL,NULL,NULL,NULL,NULL,NULL,NULL,NULL,NULL
"1210663","d8194b4401bfe6ee2c326c7d5a3a62fdc5f496e3e63f899e7d285e0629654acdb3692e8abec270e3bde75e3a9ac19eb21cb6b4034579057f4c62ee67ec92ee83","JE418886","10/22/2021 02:30:00 PM","1","DRIVER",NULL,"1148737.0",NULL,"THOMAS BUILT BUS COMPANY","THOMAS BUILT BUS CO.","IL","2021.0","NONE","BUS OVER 15 PASS.","SCHOOL BUS","S","CHANGING LANES",NULL,NULL,"1.0",NULL,NULL,NULL,NULL,"Y",NULL,NULL,NULL,NULL,NULL,NULL,NULL,NULL,NULL,NULL,NULL,NULL,"FRONT",NULL,NULL,NULL,NULL,NULL,NULL,NULL,NULL,NULL,NULL,NULL,NULL,NULL,NULL,NULL,NULL,NULL,NULL,NULL,NULL,NULL,NULL,NULL,NULL,NULL,NULL,NULL,NULL,NULL,NULL,NULL,NULL,NULL
"1210762","46f8319cbcf75f30acd089ea52950e1aefb674b610c96bada24a4d79c4328d39fdbd7da4ab1c66bd6d262e7b81d482875d446748d6631880a4eb0ea4c3e47a07","JE418975","10/22/2021 04:58:00 PM","2","DRIVER","1.0","1148820.0",NULL,"CHEVROLET","TRAVERSE","IL","2018.0","NONE","SPORT UTILITY VEHICLE (SUV)","PERSONAL","W","STRAIGHT AHEAD",NULL,NULL,"2.0",NULL,NULL,NULL,NULL,"Y",NULL,NULL,NULL,NULL,NULL,NULL,NULL,NULL,NULL,NULL,NULL,NULL,"FRONT",NULL,NULL,NULL,NULL,NULL,NULL,NULL,NULL,NULL,NULL,NULL,NULL,NULL,NULL,NULL,NULL,NULL,NULL,NULL,NULL,NULL,NULL,NULL,NULL,NULL,NULL,NULL,NULL,NULL,NULL,NULL,NULL,NULL
"1210988","829ff1c5ca9dfae06d780f6bfb004509918727bd28bdee581c8b4041c1f89784fa43768c3a00130d3693312dd9f4bf1f119ccc1c2738403b18638139a609f25b","JE419366","10/23/2021 01:45:00 AM","2","DRIVER",NULL,"1149040.0",NULL,"FORD","FUSION","IL","2016.0","NONE","PASSENGER","PERSONAL","S","STRAIGHT AHEAD",NULL,NULL,"1.0",NULL,NULL,NULL,NULL,NULL,NULL,NULL,NULL,NULL,"Y",NULL,NULL,NULL,NULL,NULL,NULL,NULL,"REAR-LEFT",NULL,NULL,NULL,NULL,NULL,NULL,NULL,NULL,NULL,NULL,NULL,NULL,NULL,NULL,NULL,NULL,NULL,NULL,NULL,NULL,NULL,NULL,NULL,NULL,NULL,NULL,NULL,NULL,NULL,NULL,NULL,NULL,NULL
"1211469","a44170868c9c748a457c674554fabd7434ab4067b5088d41c8936ac3d00aeb5ddd43b198444725a003089b7ce4256c7a71502bc4c7a06771a50bdafdca8e1745","JE420044","10/23/2021 05:29:00 PM","1","DRIVER",NULL,"1149509.0",NULL,"CHEVROLET","OTHER (EXPLAIN IN NARRATIVE)","IL","2022.0","NONE","PASSENGER","PERSONAL","W","TURNING RIGHT",NULL,NULL,"1.0",NULL,NULL,NULL,NULL,NULL,NULL,NULL,NULL,NULL,NULL,NULL,NULL,NULL,NULL,NULL,NULL,"Y","UNKNOWN",NULL,NULL,NULL,NULL,NULL,NULL,NULL,NULL,NULL,NULL,NULL,NULL,NULL,NULL,NULL,NULL,NULL,NULL,NULL,NULL,NULL,NULL,NULL,NULL,NULL,NULL,NULL,NULL,NULL,NULL,NULL,NULL,NULL
"1211506","b4827b5075774b6ce709caf5960b4b87d57f2df93c627d850972c42da2805250ad2c7e8a7cf3f34caee2d39e3dbeee1335a7bed8902de62d02a3f89e07bcf898","JE420156","10/23/2021 06:40:00 PM","2","DRIVER",NULL,"1149557.0",NULL,"LEXUS","RX350","IL","2022.0","UNKNOWN","PASSENGER","PERSONAL","N","SLOW/STOP IN TRAFFIC",NULL,NULL,"1.0",NULL,NULL,NULL,NULL,NULL,NULL,NULL,NULL,NULL,NULL,NULL,NULL,NULL,"Y","Y","Y",NULL,"TOTAL (ALL AREAS)",NULL,NULL,NULL,NULL,NULL,NULL,NULL,NULL,NULL,NULL,NULL,NULL,NULL,NULL,NULL,NULL,NULL,NULL,NULL,NULL,NULL,NULL,NULL,NULL,NULL,NULL,NULL,NULL,NULL,NULL,NULL,NULL,NULL
"1211777","eded1d9af1e7857d4c30482db62e0e6e7ed228c2534ff68ed30956ec16a0836cdaecfda133c97a4f069986a732e87d50242dda1bcae2ba3c2a1ba5069fcf288b","JE420546","10/24/2021 05:00:00 AM","2","PARKED",NULL,"1149809.0",NULL,"NISSAN","MAXIMA","IL","2017.0","UNKNOWN","PASSENGER","NOT IN USE","W","PARKED","Y",NULL,"0.0",NULL,"A-UNIT TOWING, INC","849 W 91ST STREET, CHICAGO, IL",NULL,"Y","Y",NULL,NULL,NULL,NULL,NULL,NULL,NULL,NULL,NULL,"Y",NULL,"FRONT",NULL,NULL,NULL,NULL,NULL,NULL,NULL,NULL,NULL,NULL,NULL,NULL,NULL,NULL,NULL,NULL,NULL,NULL,NULL,NULL,NULL,NULL,NULL,NULL,NULL,NULL,NULL,NULL,NULL,NULL,NULL,NULL,NULL
"1211887","135d22ab00eff33d0287928a4d238f8bb61f27e9dece5fe6d6eabb4629887e24064a0b112acd40047e6cdf25acdc437618500ea9fe41fd6c3d1c9a8e929a3a0f","JE420734","10/24/2021 11:46:00 AM","2","DRIVER","1.0","1149920.0",NULL,"HONDA","CIVIC","IL","2016.0","NONE","PASSENGER","PERSONAL","S","STRAIGHT AHEAD",NULL,NULL,"2.0",NULL,NULL,NULL,NULL,NULL,NULL,NULL,NULL,"Y",NULL,NULL,NULL,NULL,NULL,NULL,NULL,NULL,"REAR-RIGHT",NULL,NULL,NULL,NULL,NULL,NULL,NULL,NULL,NULL,NULL,NULL,NULL,NULL,NULL,NULL,NULL,NULL,NULL,NULL,NULL,NULL,NULL,NULL,NULL,NULL,NULL,NULL,NULL,NULL,NULL,NULL,NULL,NULL