"CRASH_UNIT_ID","CRASH_RECORD_ID","RD_NO","CRASH_DATE","UNIT_NO","UNIT_TYPE","NUM_PASSENGERS","VEHICLE_ID","CMRC_VEH_I","MAKE","MODEL","LIC_PLATE_STATE","VEHICLE_YEAR","VEHICLE_DEFECT","VEHICLE_TYPE","VEHICLE_USE","TRAVEL_DIRECTION","MANEUVER","TOWED_I","FIRE_I","OCCUPANT_CNT","EXCEED_SPEED_LIMIT_I","TOWED_BY","TOWED_TO","AREA_00_I","AREA_01_I","AREA_02_I","AREA_03_I","AREA_04_I","AREA_05_I","AREA_06_I","AREA_07_I","AREA_08_I","AREA_09_I","AREA_10_I","AREA_11_I","AREA_12_I","AREA_99_I","FIRST_CONTACT_POINT","CMV_ID","USDOT_NO","CCMC_NO","ILCC_NO","COMMERCIAL_SRC","GVWR","CARRIER_NAME","CARRIER_STATE","CARRIER_CITY","HAZMAT_PLACARDS_I","HAZMAT_NAME","UN_NO","HAZMAT_PRESENT_I","HAZMAT_REPORT_I","HAZMAT_REPORT_NO","MCS_REPORT_I","MCS_REPORT_NO","HAZMAT_VIO_CAUSE_CRASH_I","MCS_VIO_CAUSE_CRASH_I","IDOT_PERMIT_NO","WIDE_LOAD_I","TRAILER1_WIDTH","TRAILER2_WIDTH","TRAILER1_LENGTH","TRAILER2_LENGTH","TOTAL_VEHICLE_LENGTH","AXLE_CNT","VEHICLE_CONFIG","CARGO_BODY_TYPE","LOAD_TYPE","HAZMAT_OUT_OF_SERVICE_I","MCS_OUT_OF_SERVICE_I","HAZMAT_CLASS"
"1212118","0e5ce5775afdef48532163a531405b6f63bedf5a80151ea9fcab0f7542288791798124b61ceac1e9f62a3eaec80c40cbf4a040f2e6fa329ddb8ade4d9048b56a","JE420901","10/24/2021 02:56:00 PM","4","PARKED",NULL,"1150178.0",NULL,"HONDA","CIVIC","IL","2016.0","NONE","PASSENGER","NOT IN USE","N","PARKED",NULL,NULL,"0.0",NULL,NULL,NULL,NULL,NULL,NULL,NULL,NULL,NULL,NULL,NULL,NULL,"Y","Y","Y","Y",NULL,"TOTAL (ALL AREAS)",NULL,NULL,NULL,NULL,NULL,NULL,NULL,NULL,NULL,NULL,NULL,NULL,NULL,NULL,NULL,NULL,NULL,NULL,NULL,NULL,NULL,NULL,NULL,NULL,NULL,NULL,NULL,NULL,NULL,NULL,NULL,NULL,NULL
"1212151","93b14a81e03457a051cfc3b1fa02387ed22134b729a28f9bdd8c0ce6571bfb9dc9c6e07a2cd2a5dd3539dd2bcc4eaf4112153e474449c7d37bb70653162af904","JE421030","10/24/2021 04:30:00 PM","3","PARKED",NULL,"1150179.0",NULL,"KIA","SORENTO","IL","2016.0","NONE","PASSENGER","PERSONAL","S","PARKED",NULL,NULL,"0.0",NULL,NULL,NULL,NULL,NULL,"Y","Y","Y",NULL,NULL,NULL,NULL,NULL,"Y","Y","Y",NULL,"TOTAL (ALL AREAS)",NULL,NULL,NULL,NULL,NULL,NULL,NULL,NULL,NULL,NULL,NULL,NULL,NULL,NULL,NULL,NULL,NULL,NULL,NULL,NULL,NULL,NULL,NULL,NULL,NULL,NULL,NULL,NULL,NULL,NULL,NULL,NULL,NULL
"1212152","93b14a81e03457a051cfc3b1fa02387ed22134b729a28f9bdd8c0ce6571bfb9dc9c6e07a2cd2a5dd3539dd2bcc4eaf4112153e474449c7d37bb70653162af904","JE421030","10/24/2021 04:30:00 PM","4","PARKED",NULL,"1150188.0",NULL,"CHEVROLET","MALIBU","IL","2018.0","NONE","PASSENGER","PERSONAL","S","PARKED",NULL,NULL,"0.0",NULL,NULL,NULL,NULL,NULL,NULL,NULL,NULL,NULL,NULL,NULL,NULL,NULL,NULL,"Y",NULL,NULL,"TOTAL (ALL AREAS)",NULL,NULL,NULL,NULL,NULL,NULL,NULL,NULL,NULL,NULL,NULL,NULL,NULL,NULL,NULL,NULL,NULL,NULL,NULL,NULL,NULL,NULL,NULL,NULL,NULL,NULL,NULL,NULL,NULL,NULL,NULL,NULL,NULL
"1212348","0d7e40aa09617c0653f07ae4ad460fc91e1fe0273ae41084336f50d028ff81fac34f65b9d82c7c77d82bf7ebc247959127077e6f7a76c5aa4a99d959a78cacfd","JE421221","10/24/2021 08:30:00 PM","2","DRIVER","1.0","1150361.0",NULL,"HONDA","CR-V","IL","2013.0","NONE","SPORT UTILITY VEHICLE (SUV)","PERSONAL","E","STRAIGHT AHEAD",NULL,NULL,"2.0",NULL,NULL,NULL,NULL,"Y","Y","Y","Y","Y",NULL,NULL,NULL,NULL,NULL,NULL,NULL,NULL,"SIDE-RIGHT",NULL,NULL,NULL,NULL,NULL,NULL,NULL,NULL,NULL,NULL,NULL,NULL,NULL,NULL,NULL,NULL,NULL,NULL,NULL,NULL,NULL,NULL,NULL,NULL,NULL,NULL,NULL,NULL,NULL,NULL,NULL,NULL,NULL
"1212723","3a3a38fa1bfbd11d49129c941ae1eb1e8f03b0865d989921e1cedfade0528ac8dbcb89eb8a0df571a1efe67440a22163c85f58eedb3f2b474b35a015dd7590f5","JE421850","10/25/2021 12:15:00 PM","2","DRIVER",NULL,"1150763.0",NULL,"SUBARU","CROSSTREK","IL","2015.0","UNKNOWN","PASSENGER","PERSONAL","S","STRAIGHT AHEAD",NULL,NULL,"1.0",NULL,NULL,NULL,NULL,NULL,NULL,NULL,NULL,NULL,"Y",NULL,NULL,NULL,NULL,NULL,NULL,NULL,"REAR-LEFT",NULL,NULL,NULL,NULL,NULL,NULL,NULL,NULL,NULL,NULL,NULL,NULL,NULL,NULL,NULL,NULL,NULL,NULL,NULL,NULL,NULL,NULL,NULL,NULL,NULL,NULL,NULL,NULL,NULL,NULL,NULL,NULL,NULL
"1213238","c65924fb695ad038432cb2055a93d2dfd0deccaa83deb31e7d77d54008f3f97f986c7e459d4c3d393752b71ce0390314f234dcbe21fe68de2c6616675dc28adf","JE421797","10/25/2021 11:35:00 AM","2","DRIVER",NULL,"1151234.0",NULL,"SUBARU","OUTBACK","IL","2013.0","NONE","SPORT UTILITY VEHICLE (SUV)","PERSONAL","W","STRAIGHT AHEAD",NULL,NULL,"1.0",NULL,NULL,NULL,NULL,NULL,NULL,NULL,NULL,NULL,NULL,"Y","Y","Y",NULL,NULL,NULL,NULL,"ROOF",NULL,NULL,NULL,NULL,NULL,NULL,NULL,NULL,NULL,NULL,NULL,NULL,NULL,NULL,NULL,NULL,NULL,NULL,NULL,NULL,NULL,NULL,NULL,NULL,NULL,NULL,NULL,NULL,NULL,NULL,NULL,NULL,NULL
"1213316","c6e5a148e46146af101ce029c6c036fd50f046b58bd6d624aacfad5eca2bb5b5250c8525f5c1620afa2eb3f9f2ff49b5363d404ec225ed2480438b392a629aee","JE422906","10/09/2021 01:15:00 PM","2","DRIVER",NULL,"1151299.0",NULL,"CHEVROLET","SUBURBAN","IL","2019.0","NONE","SPORT UTILITY VEHICLE (SUV)","PERSONAL","W","SLOW/STOP IN TRAFFIC",NULL,NULL,"1.0",NULL,NULL,NULL,NULL,NULL,NULL,NULL,NULL,"Y","Y","Y",NULL,NULL,NULL,NULL,NULL,NULL,"REAR-LEFT",NULL,NULL,NULL,NULL,NULL,NULL,NULL,NULL,NULL,NULL,NULL,NULL,NULL,NULL,NULL,NULL,NULL,NULL,NULL,NULL,NULL,NULL,NULL,NULL,NULL,NULL,NULL,NULL,NULL,NULL,NULL,NULL,NULL
"1213793","6423f33eb5c2a2832bf1cce7637b82dc470481b6c3eec83bb89e537df35ccd1ce52e191734ffba5017d04caee4fa558dba812fe677875b0dffef2c1f936ecc52",NULL,"10/26/2021 09:30:00 PM","2","DRIVER","1.0","1151754.0",NULL,"MAZDA","MAZDA3","IL","2016.0","UNKNOWN","PASSENGER","PERSONAL","W","STRAIGHT AHEAD","Y",NULL,"2.0",NULL,"PRIVATE TOW",NULL,NULL,"Y","Y",NULL,NULL,NULL,NULL,NULL,NULL,NULL,"Y","Y","Y",NULL,"OTHER",NULL,NULL,NULL,NULL,NULL,NULL,NULL,NULL,NULL,NULL,NULL,NULL,NULL,NULL,NULL,NULL,NULL,NULL,NULL,NULL,NULL,NULL,NULL,NULL,NULL,NULL,NULL,NULL,NULL,NULL,NULL,NULL,NULL
"1213798","4e51c1f8d18707d13180272e10e11302cadca4f7cafebd9dd9ec72c94da0e82fa27682e41cd9d5c144692802df7caccb0b645ce87c01b39566c1701a359e3be5",NULL,"10/26/2021 09:45:00 PM","2","DRIVER",NULL,"1151756.0",NULL,"TOYOTA","CAMRY","IL","2015.0","NONE","PASSENGER","PERSONAL","S","STARTING IN TRAFFIC",NULL,NULL,"1.0",NULL,NULL,NULL,NULL,NULL,NULL,NULL,NULL,NULL,NULL,NULL,NULL,NULL,NULL,"Y",NULL,NULL,"TOTAL (ALL AREAS)",NULL,NULL,NULL,NULL,NULL,NULL,NULL,NULL,NULL,NULL,NULL,NULL,NULL,NULL,NULL,NULL,NULL,NULL,NULL,NULL,NULL,NULL,NULL,NULL,NULL,NULL,NULL,NULL,NULL,NULL,NULL,NULL,NULL
"1214233","7717a91e878a1e91ac36b7f1bd3c721f5f22a46c388763fc4efcd39b29fb85639540a5575df20b973b1988c515069bc0e76b665fa7528ea672d8ad1bb36894e7","JE424401","10/09/2021 12:00:00 PM","2","PARKED",NULL,"1152181.0",NULL,"MERCEDES-BENZ","CLA","GA","2014.0","UNKNOWN","PASSENGER","NOT IN USE","S","PARKED",NULL,NULL,"0.0",NULL,NULL,NULL,NULL,NULL,NULL,NULL,NULL,NULL,"Y",NULL,NULL,NULL,NULL,NULL,NULL,NULL,"UNKNOWN",NULL,NULL,NULL,NULL,NULL,NULL,NULL,NULL,NULL,NULL,NULL,NULL,NULL,NULL,NULL,NULL,NULL,NULL,NULL,NULL,NULL,NULL,NULL,NULL,NULL,NULL,NULL,NULL,NULL,NULL,NULL,NULL,NULL
"1214878","fa02ead15c37b3d2bcfcfeffac6434cc211d2ef5049de7f849d5bc0422008ff4cdcc45d15c15320fa257fb192ee5fd4667c17cd828b6aad6209653c036f17edb",NULL,"10/28/2021 12:52:00 PM","2","PARKED",NULL,"1152791.0",NULL,"DODGE","OTHER (EXPLAIN IN NARRATIVE)","IL","2016.0","UNKNOWN","VAN/MINI-VAN","CONSTRUCTION/MAINTENANCE","E","PARKED",NULL,NULL,"0.0",NULL,NULL,NULL,NULL,NULL,NULL,NULL,NULL,NULL,NULL,NULL,NULL,NULL,"Y",NULL,NULL,NULL,"ROOF",NULL,NULL,NULL,NULL,NULL,NULL,NULL,NULL,NULL,NULL,NULL,NULL,NULL,NULL,NULL,NULL,NULL,NULL,NULL,NULL,NULL,NULL,NULL,NULL,NULL,NULL,NULL,NULL,NULL,NULL,NULL,NULL,NULL
"1214949","431f9fa0729d07f1b98a4543d3897d869c0e1428a37594274a70a5d90ae79d612ce63d13aa37bedac93d5716e73d2f86c9ac53c4e37cb391b5d2bc55e0d7effb",NULL,"10/28/2021 01:00:00 PM","5","PARKED",NULL,"1152891.0",NULL,"TOYOTA","CAMRY","IL","2017.0","NONE","PASSENGER","NOT IN USE","N","PARKED",NULL,NULL,"0.0",NULL,NULL,NULL,NULL,NULL,NULL,NULL,NULL,"Y","Y","Y",NULL,NULL,NULL,NULL,NULL,NULL,"REAR-LEFT",NULL,NULL,NULL,NULL,NULL,NULL,NULL,NULL,NULL,NULL,NULL,NULL,NULL,NULL,NULL,NULL,NULL,NULL,NULL,NULL,NULL,NULL,NULL,NULL,NULL,NULL,NULL,NULL,NULL,NULL,NULL,NULL,NULL
"1215261","bed6b5ede5146c59f2a6e2620dfc7fcaf27d5ecbd58b9657e50915f906509c03c5c0988b1616cb57e3a204bf559bc11f00f6da77ec517bf7329dbfabc142a1a2",NULL,"10/28/2021 07:33:00 PM","2","DRIVER",NULL,"1153156.0",NULL,"DODGE","RAM 1500 PU","IL","2016.0","NONE","PICKUP","PERSONAL","S","SLOW/STOP IN TRAFFIC",NULL,NULL,"1.0",NULL,NULL,NULL,NULL,NULL,NULL,NULL,NULL,"Y",NULL,NULL,NULL,NULL,NULL,NULL,NULL,NULL,"REAR",NULL,NULL,NULL,NULL,NULL,NULL,NULL,NULL,NULL,NULL,NULL,NULL,NULL,NULL,NULL,NULL,NULL,NULL,NULL,NULL,NULL,NULL,NULL,NULL,NULL,NULL,NULL,NULL,NULL,NULL,NULL,NULL,NULL
"1215406","fe3f227f922425f812c0464864557699605a38ed098cb3263fba50d77531d1df88f7ccd4270586e1b156163a6efe75ad2cfadd13ccda2678c1303a474711f4dd",NULL,"10/29/2021 12:15:00 AM","1","DRIVER",NULL,"1153289.0",NULL,"NISSAN","ALTIMA","IL","2017.0","NONE","PASSENGER","PERSONAL","N","PASSING/OVERTAKING",NULL,NULL,"1.0",NULL,NULL,NULL,NULL,NULL,NULL,NULL,NULL,NULL,NULL,NULL,NULL,NULL,"Y","Y",NULL,NULL,"TOTAL (ALL AREAS)",NULL,NULL,NULL,NULL,NULL,NULL,NULL,NULL,NULL,NULL,NULL,NULL,NULL,NULL,NULL,NULL,NULL,NULL,NULL,NULL,NULL,NULL,NULL,NULL,NULL,NULL,NULL,NULL,NULL,NULL,NULL,NULL,NULL
"1215632","6e445864119ffef122e55c936fe0046da6bbf65ecdddea03139bb1f4322445150b6b2d8968b740ea2e3fcfd373b47968fe64335d8a29b035511dac4479893c0c",NULL,"10/28/2021 08:50:00 AM","1","DRIVER",NULL,"1153494.0",NULL,"BUICK","ENCORE","IL","2014.0","UNKNOWN","SPORT UTILITY VEHICLE (SUV)","UNKNOWN/NA","N","STRAIGHT AHEAD",NULL,NULL,"1.0",NULL,NULL,NULL,NULL,NULL,NULL,NULL,NULL,NULL,NULL,NULL,NULL,NULL,NULL,NULL,NULL,"Y","OTHER",NULL,NULL,NULL,NULL,NULL,NULL,NULL,NULL,NULL,NULL,NULL,NULL,NULL,NULL,NULL,NULL,NULL,NULL,NULL,NULL,NULL,NULL,NULL,NULL,NULL,NULL,NULL,NULL,NULL,NULL,NULL,NULL,NULL
"1215654","c98653b46f2f1a29e544f7886b8ca5ff541d6606e950b31ff8ce1bfaae2985e1aef9a227a05cf9c31e901b79115bf80030f36886f22d403cc03734428e680f4a",NULL,"10/29/2021 10:00:00 AM","2","DRIVER",NULL,"1153518.0",NULL,"CHEVROLET","C/K 1500","IL","2010.0","NONE","PASSENGER","PERSONAL","S","STRAIGHT AHEAD",NULL,NULL,"1.0",NULL,NULL,NULL,NULL,NULL,NULL,NULL,NULL,NULL,"Y",NULL,"N","N","Y","Y","Y",NULL,"REAR-LEFT",NULL,NULL,NULL,NULL,NULL,NULL,NULL,NULL,NULL,NULL,NULL,NULL,NULL,NULL,NULL,NULL,NULL,NULL,NULL,NULL,NULL,NULL,NULL,NULL,NULL,NULL,NULL,NULL,NULL,NULL,NULL,NULL,NULL
"1215874","bcc1257bdd17f75ece6cc46223549c056e5f22644f88850fd478807fdaffc192c19f8d188349e0c94aa627d220fd73172a2990cf2e2ac3fb153faf702b44446d",NULL,"10/29/2021 08:00:00 AM","2","PARKED","1.0","1153700.0",NULL,"TOYOTA","CAMRY","IL","2018.0","NONE","PASSENGER","PERSONAL","S","PARKED",NULL,NULL,"1.0",NULL,NULL,NULL,NULL,NULL,NULL,NULL,NULL,NULL,NULL,NULL,NULL,NULL,NULL,"Y",NULL,NULL,"TOTAL (ALL AREAS)",NULL,NULL,NULL,NULL,NULL,NULL,NULL,NULL,NULL,NULL,NULL,NULL,NULL,NULL,NULL,NULL,NULL,NULL,NULL,NULL,NULL,NULL,NULL,NULL,NULL,NULL,NULL,NULL,NULL,NULL,NULL,NULL,NULL
"1216037","90e876b82c5138be79eb0f85cb9224e82917ae5ee150fda0fef2dbeca985d5a80b56011a0c99dea564f03a3cb4c2e2755827478d1ddaf7f25fcfd75277d0e10d",NULL,"10/29/2021 04:10:00 PM","1","DRIVER",NULL,"1153865.0",NULL,"INTERNATIONAL COACH MANUFACTURING","OTHER (EXPLAIN IN NARRATIVE)","IL","2009.0","NONE","BUS UP TO 15 PASS.","UNKNOWN/NA","N","TURNING LEFT",NULL,NULL,"1.0",NULL,NULL,NULL,NULL,NULL,NULL,NULL,NULL,NULL,NULL,NULL,"Y",NULL,NULL,NULL,NULL,NULL,"FRONT-LEFT",NULL,NULL,NULL,NULL,NULL,NULL,NULL,NULL,NULL,NULL,NULL,NULL,NULL,NULL,NULL,NULL,NULL,NULL,NULL,NULL,NULL,NULL,NULL,NULL,NULL,NULL,NULL,NULL,NULL,NULL,NULL,NULL,NULL
"1216116","49ea3a89d3ffcad22b3225d29493aeac09b8a8e854dcada128d6550f8465a57c596e5b6a4c1ab55c75bd3a87acca0ffbd08c9fc8594ec070e21b4253329c3015",NULL,"10/29/2021 05:25:00 PM","2","DRIVER",NULL,"1153933.0",NULL,"BMW","X3","IL","2015.0","NONE","PASSENGER","PERSONAL","S","TURNING RIGHT",NULL,NULL,"1.0",NULL,NULL,NULL,NULL,NULL,"Y","Y","Y","Y",NULL,NULL,NULL,NULL,NULL,NULL,NULL,NULL,"SIDE-RIGHT",NULL,NULL,NULL,NULL,NULL,NULL,NULL,NULL,NULL,NULL,NULL,NULL,NULL,NULL,NULL,NULL,NULL,NULL,NULL,NULL,NULL,NULL,NULL,NULL,NULL,NULL,NULL,NULL,NULL,NULL,NULL,NULL,NULL
"1216156","a33d26ac27e01a94330b279da7946d987988b209bc2f9086a9d0c85ab2d6cb0def9ea7d5059270566be42f78ece9005f3a8eac5bb8d795143268fa1d75998b3c",NULL,"10/29/2021 05:05:00 PM","1","DRIVER",NULL,"1154039.0",NULL,"NISSAN","KICKS","IL","2019.0","UNKNOWN","SPORT UTILITY VEHICLE (SUV)","PERSONAL","N","CHANGING LANES",NULL,NULL,"1.0",NULL,NULL,NULL,NULL,"Y",NULL,NULL,NULL,NULL,NULL,NULL,NULL,NULL,NULL,NULL,NULL,NULL,"FRONT-RIGHT",NULL,NULL,NULL,NULL,NULL,NULL,NULL,NULL,NULL,NULL,NULL,NULL,NULL,NULL,NULL,NULL,NULL,NULL,NULL,NULL,NULL,NULL,NULL,NULL,NULL,NULL,NULL,NULL,NULL,NULL,NULL,NULL,NULL
"1216388","430f8649ee89e64c4872d30048f2d1e7b970ead1624d8fbe06f25b64dc3cfea35bbd0d505bcf9a6ca9da8f1c9953c77b256d6078d9f68db24253838b97fd71ae",NULL,"10/29/2021 11:53:00 PM","2","DRIVER","2.0","1154206.0",NULL,"HYUNDAI","ELANTRA","IL","2018.0","UNKNOWN","PASSENGER","PERSONAL","E","STRAIGHT AHEAD","Y",NULL,"3.0",NULL,"PRIVATE TOW",NULL,NULL,"Y",NULL,NULL,NULL,NULL,NULL,NULL,NULL,"Y","Y","Y","Y",NULL,"TOTAL (ALL AREAS)",NULL,NULL,NULL,NULL,NULL,NULL,NULL,NULL,NULL,NULL,NULL,NULL,NULL,NULL,NULL,NULL,NULL,NULL,NULL,NULL,NULL,NULL,NULL,NULL,NULL,NULL,NULL,NULL,NULL,NULL,NULL,NULL,NULL
"1216413","d0a65805b4b45e49464cb5d195604f9c7bd54e76bfef8d34bb51275418e592aa2efa4c41dbf4af03e20886c779a5f6b044fd43f33e1c07a2c0bc14238e3db373",NULL,"10/29/2021 11:10:00 PM","2","DRIVER",NULL,"1154217.0",NULL,"NISSAN","ALTIMA","IL","2015.0","NONE","PASSENGER","PERSONAL","S","STRAIGHT AHEAD",NULL,NULL,"1.0",NULL,NULL,NULL,NULL,NULL,NULL,NULL,"Y","Y","Y",NULL,NULL,NULL,NULL,NULL,NULL,NULL,"REAR",NULL,NULL,NULL,NULL,NULL,NULL,NULL,NULL,NULL,NULL,NULL,NULL,NULL,NULL,NULL,NULL,NULL,NULL,NULL,NULL,NULL,NULL,NULL,NULL,NULL,NULL,NULL,NULL,NULL,NULL,NULL,NULL,NULL
"1216538","31df8554d3993bd4c436dbd115e53127f0db3726b650f26833770af5e635e228a8da5b275de03b5db74316c00e74c9319fc01788696df74ee43043931752b73d",NULL,"10/30/2021 05:27:00 AM","3","PARKED",NULL,"1154348.0",NULL,"NISSAN","VERSA","IL","2017.0","NONE","PASSENGER","PERSONAL","W","PARKED",NULL,NULL,"0.0",NULL,NULL,NULL,NULL,"Y",NULL,NULL,NULL,"Y","Y","Y",NULL,NULL,NULL,"Y","Y",NULL,"REAR-LEFT",NULL,NULL,NULL,NULL,NULL,NULL,NULL,NULL,NULL,NULL,NULL,NULL,NULL,NULL,NULL,NULL,NULL,NULL,NULL,NULL,NULL,NULL,NULL,NULL,NULL,NULL,NULL,NULL,NULL,NULL,NULL,NULL,NULL
"1216595","18e4c7ad3177d4a58d42237ca909e7868886cb831f035c5c0c7b3c0ff9d58e9ccb7e83ebf94531d96f14141e3fd7140d256abf69e71edd62899c7cebfdc85aad",NULL,"10/30/2021 08:30:00 AM","2","PARKED",NULL,"1154405.0",NULL,"JAGUAR","3.4 LITRE","IL","2018.0","NONE","SPORT UTILITY VEHICLE (SUV)","PERSONAL","UNKNOWN","PARKED",NULL,NULL,"0.0",NULL,NULL,NULL,NULL,NULL,NULL,NULL,NULL,NULL,NULL,NULL,"Y","Y","Y",NULL,NULL,NULL,"ROOF",NULL,NULL,NULL,NULL,NULL,NULL,NULL,NULL,NULL,NULL,NULL,NULL,NULL,NULL,NULL,NULL,NULL,NULL,NULL,NULL,NULL,NULL,NULL,NULL,NULL,NULL,NULL,NULL,NULL,NULL,NULL,NULL,NULL
"1217062","20afc97cd78b4c2ca90ae6975557a5ef73a8b0ab26448eb6d64f74f53591704cfddc4eceb772af7692d2933d40df4c2b76452f5dbdffd7ae2fca21a2f7940102",NULL,"10/30/2021 07:30:00 PM","2","DRIVER",NULL,"1154837.0",NULL,"HONDA","INSIGHT","IL","2010.0","NONE","PASSENGER","PERSONAL","E","STRAIGHT AHEAD","Y",NULL,"1.0",NULL,"private",NULL,NULL,"Y","Y",NULL,NULL,NULL,NULL,NULL,NULL,NULL,NULL,NULL,"Y",NULL,"FRONT",NULL,NULL,NULL,NULL,NULL,NULL,NULL,NULL,NULL,NULL,NULL,NULL,NULL,NULL,NULL,NULL,NULL,NULL,NULL,NULL,NULL,NULL,NULL,NULL,NULL,NULL,NULL,NULL,NULL,NULL,NULL,NULL,NULL
"1217113","3126f6851fc96d81bfe0a35399367bca16fc3eda12ecd0621983b4cfc954f6d5baf2455518727030ac93a09bb539cc0bb8d9e8c94ac8da544fced5df2e109633",NULL,"10/30/2021 07:39:00 PM","2","DRIVER","1.0","1154900.0",NULL,"FORD","EXPLORER","IL","2016.0","UNKNOWN","SPORT UTILITY VEHICLE (SUV)","PERSONAL","S","STRAIGHT AHEAD","Y",NULL,"2.0",NULL,"Private Tow","Home Address",NULL,NULL,NULL,NULL,NULL,NULL,NULL,"Y","Y","Y",NULL,NULL,NULL,NULL,"SIDE-LEFT",NULL,NULL,NULL,NULL,NULL,NULL,NULL,NULL,NULL,NULL,NULL,NULL,NULL,NULL,NULL,NULL,NULL,NULL,NULL,NULL,NULL,NULL,NULL,NULL,NULL,NULL,NULL,NULL,NULL,NULL,NULL,NULL,NULL
"1217155","5ddc9a7195d30fe5b0a7b7e8acf202ad88cf1d18f535e601d99a64805952a34147d7eb7da52e3937f2af79bc9ac413f43990155c0268f172a52ea7eb43f2487d",NULL,"10/30/2021 11:12:00 PM","1","DRIVER",NULL,"1154934.0",NULL,"JEEP","GRAND CHEROKEE","IL","2019.0","NONE","SPORT UTILITY VEHICLE (SUV)","PERSONAL","S","PASSING/OVERTAKING","Y",NULL,"1.0",NULL,"UNKNOWN PRIVATE TOW","UNKNOWN",NULL,NULL,NULL,NULL,NULL,NULL,NULL,NULL,NULL,NULL,NULL,"Y",NULL,NULL,"TOTAL (ALL AREAS)",NULL,NULL,NULL,NULL,NULL,NULL,NULL,NULL,NULL,NULL,NULL,NULL,NULL,NULL,NULL,NULL,NULL,NULL,NULL,NULL,NULL,NULL,NULL,NULL,NULL,NULL,NULL,NULL,NULL,NULL,NULL,NULL,NULL
"1217314","34334fa9cda862c6fbc281c200a7fed8122009f597f814b790c5a444bc34070b403a4d03a688b9c8434ed37512387058997e36448068e8dade1659a6afbe7234",NULL,"10/30/2021 12:30:00 PM","2","DRIVER",NULL,"1155090.0",NULL,"CHRYSLER","TOWN & COUNTRY","IL","2011.0","NONE","PASSENGER","PERSONAL","W","STRAIGHT AHEAD",NULL,NULL,"1.0",NULL,NULL,NULL,NULL,NULL,NULL,NULL,NULL,"Y","Y","Y",NULL,NULL,NULL,NULL,NULL,NULL,"REAR-LEFT",NULL,NULL,NULL,NULL,NULL,NULL,NULL,NULL,NULL,NULL,NULL,NULL,NULL,NULL,NULL,NULL,NULL,NULL,NULL,NULL,NULL,NULL,NULL,NULL,NULL,NULL,NULL,NULL,NULL,NULL,NULL,NULL,NULL
"1217318","7c5b3a478d8b60ba9f277527443d78a7dca7570ed72f9f2faec75bf9e50a879b32ef4bdff3731464b215f7dfa4ff8e74288515e1332ae303f53a4b86e6c1e66f",NULL,"10/31/2021 03:45:00 AM","2","DRIVER","1.0","1155096.0",NULL,"CHRYSLER","TOWN & COUNTRY","IN","2008.0","NONE","VAN/MINI-VAN","PERSONAL","W","STRAIGHT AHEAD","Y",NULL,"2.0",NULL,"CITY OF CHICAGO","103/DOTY",NULL,"Y","Y",NULL,NULL,NULL,NULL,NULL,NULL,NULL,"Y","Y","Y",NULL,"OTHER",NULL,NULL,NULL,NULL,NULL,NULL,NULL,NULL,NULL,NULL,NULL,NULL,NULL,NULL,NULL,NULL,NULL,NULL,NULL,NULL,NULL,NULL,NULL,NULL,NULL,NULL,NULL,NULL,NULL,NULL,NULL,NULL,NULL
"1218027","70c9cb9f7e844d80c34244b039a7d7b2fd3d8e51025f134cdd267c6d7453b56ea5b6fb224e15245599a8875863771f6a78be7321cae8f4879aff4607b4e5f090",NULL,"10/27/2021 10:35:00 AM","2","DRIVER","2.0","1155766.0",NULL,"MITSUBISHI","OUTLANDER","IL","2017.0","NONE","PASSENGER","PERSONAL","N","STRAIGHT AHEAD",NULL,NULL,"3.0",NULL,NULL,NULL,NULL,NULL,NULL,NULL,NULL,NULL,NULL,NULL,"Y","Y",NULL,NULL,NULL,NULL,"FRONT-LEFT",NULL,NULL,NULL,NULL,NULL,NULL,NULL,NULL,NULL,NULL,NULL,NULL,NULL,NULL,NULL,NULL,NULL,NULL,NULL,NULL,NULL,NULL,NULL,NULL,NULL,NULL,NULL,NULL,NULL,NULL,NULL,NULL,NULL
"1218089","da9811ad0c72be72c579f8a090ee8642ed5b79565b9017a3dc3d9e2bd9b8763a9e11d8c4966d02734f0ff66524105967cc28268df496d9464c69c3c74b405f4f",NULL,"10/31/2021 09:30:00 AM","2","PARKED",NULL,"1155834.0",NULL,"TOYOTA","RAV4","IL","2020.0","NONE","SPORT UTILITY VEHICLE (SUV)","PERSONAL","S","PARKED",NULL,NULL,"0.0",NULL,NULL,NULL,NULL,NULL,NULL,NULL,NULL,NULL,"Y",NULL,NULL,NULL,NULL,NULL,NULL,NULL,"REAR-LEFT",NULL,NULL,NULL,NULL,NULL,NULL,NULL,NULL,NULL,NULL,NULL,NULL,NULL,NULL,NULL,NULL,NULL,NULL,NULL,NULL,NULL,NULL,NULL,NULL,NULL,NULL,NULL,NULL,NULL,NULL,NULL,NULL,NULL
"1218142","76ebffbe0e0464daeccbfdda925d420183939fe3de35e6a6e183090e8a2e97eaf52ae4a2bcd8ae8a1c2b357c7c7cb61fe2e4b84b823c2cba6a05040ade896568",NULL,"11/01/2021 11:00:00 AM","2","DRIVER",NULL,"1155887.0",NULL,"TOYOTA","OTHER (EXPLAIN IN NARRATIVE)","IL","2021.0","NONE","PASSENGER","PERSONAL","E","SLOW/STOP IN TRAFFIC",NULL,NULL,"1.0",NULL,NULL,NULL,NULL,NULL,NULL,NULL,NULL,"Y","Y","Y",NULL,NULL,NULL,NULL,NULL,NULL,"REAR-LEFT",NULL,NULL,NULL,NULL,NULL,NULL,NULL,NULL,NULL,NULL,NULL,NULL,NULL,NULL,NULL,NULL,NULL,NULL,NULL,NULL,NULL,NULL,NULL,NULL,NULL,NULL,NULL,NULL,NULL,NULL,NULL,NULL,NULL